ticket_id,customer_id,ticket_date,issue_type
1,46085,2022-03-20,Inquiry
2,21106,2021-06-08,Complaint
3,7929,2022-06-01,Complaint
4,24332,2020-04-16,Inquiry
5,49402,2020-01-12,Inquiry
6,27016,2020-01-27,Inquiry
7,25451,2025-02-11,Inquiry
8,44103,2020-08-28,Inquiry
9,5702,2020-06-18,Inquiry
10,28096,2023-05-25,Inquiry
11,24291,2024-05-26,Inquiry
12,24218,2020-09-05,Complaint
13,25345,2020-09-23,Inquiry
14,6811,2022-02-26,Complaint
15,34463,2021-07-29,Inquiry
16,42359,2022-01-30,Complaint
17,9066,2024-02-15,Complaint
18,11957,2024-06-04,Inquiry
19,43890,2023-11-17,Inquiry
20,30768,2021-03-04,Inquiry
21,6794,2023-07-16,Complaint
22,27804,2021-03-08,Inquiry
23,38156,2022-12-19,Inquiry
24,34882,2024-12-19,Inquiry
25,21842,2023-06-09,Inquiry
26,13429,2020-04-23,Inquiry
27,25981,2021-09-29,Inquiry
28,11454,2020-06-11,Complaint
29,25900,2023-08-16,Complaint
30,45227,2024-07-15,Inquiry
31,10775,2022-03-06,Inquiry
32,17290,2021-06-05,Complaint
33,19345,2023-09-26,Inquiry
34,4017,2023-06-12,Inquiry
35,47290,2023-04-30,Complaint
36,35082,2022-02-02,Inquiry
37,37572,2021-10-05,Inquiry
38,3941,2023-10-17,Inquiry
39,49725,2022-01-16,Inquiry
40,46221,2022-11-22,Inquiry
41,48220,2020-07-20,Complaint
42,14943,2021-05-20,Complaint
43,209,2021-07-25,Complaint
44,44021,2024-04-10,Inquiry
45,40867,2022-05-10,Inquiry
46,35716,2021-03-18,Inquiry
47,32718,2023-11-26,Inquiry
48,19941,2020-11-29,Inquiry
49,39905,2024-08-14,Inquiry
50,22156,2023-10-09,Inquiry
51,25538,2024-05-09,Complaint
52,18758,2023-06-30,Complaint
53,10925,2024-04-26,Complaint
54,11903,2023-10-04,Inquiry
55,29154,2023-10-09,Complaint
56,13426,2023-04-18,Inquiry
57,48808,2025-03-12,Inquiry
58,6859,2024-02-24,Complaint
59,32120,2023-09-04,Inquiry
60,8330,2020-03-12,Complaint
61,27364,2021-08-29,Inquiry
62,16979,2025-05-10,Complaint
63,31032,2020-11-07,Inquiry
64,43330,2020-10-17,Complaint
65,2813,2024-04-10,Inquiry
66,20493,2023-12-17,Complaint
67,47519,2022-06-10,Inquiry
68,6721,2021-03-31,Complaint
69,31053,2020-05-07,Complaint
70,7343,2023-12-12,Complaint
71,46575,2025-05-15,Inquiry
72,41177,2020-06-08,Inquiry
73,36475,2024-07-09,Complaint
74,21094,2020-12-09,Inquiry
75,16391,2024-01-20,Inquiry
76,32478,2020-09-30,Inquiry
77,4113,2024-01-09,Inquiry
78,41432,2024-10-07,Inquiry
79,38400,2023-03-16,Inquiry
80,44134,2024-06-21,Inquiry
81,13201,2021-12-25,Inquiry
82,22993,2025-05-14,Complaint
83,30070,2025-06-17,Complaint
84,41789,2022-06-28,Complaint
85,14058,2022-12-12,Inquiry
86,16713,2022-04-06,Inquiry
87,47491,2023-06-24,Inquiry
88,19629,2024-06-28,Complaint
89,17083,2022-01-22,Complaint
90,16314,2022-10-31,Inquiry
91,40686,2022-11-24,Inquiry
92,44064,2024-06-23,Complaint
93,5443,2021-11-07,Inquiry
94,23297,2023-09-28,Inquiry
95,38686,2024-01-22,Complaint
96,10467,2025-02-11,Complaint
97,8411,2022-01-14,Inquiry
98,7607,2021-07-21,Inquiry
99,34872,2022-02-15,Inquiry
100,21965,2021-05-18,Inquiry
101,18080,2024-07-28,Complaint
102,12099,2023-05-06,Inquiry
103,11844,2024-12-03,Complaint
104,8557,2021-06-06,Inquiry
105,26327,2022-04-24,Complaint
106,37389,2025-03-01,Inquiry
107,9815,2024-09-24,Complaint
108,16195,2023-01-22,Complaint
109,2943,2025-06-10,Complaint
110,26406,2023-09-10,Inquiry
111,32245,2020-05-28,Inquiry
112,37656,2021-12-28,Inquiry
113,34572,2020-04-10,Inquiry
114,48393,2020-02-06,Inquiry
115,23809,2024-11-15,Inquiry
116,29588,2022-09-30,Inquiry
117,36945,2025-01-27,Inquiry
118,41760,2023-03-29,Inquiry
119,48197,2024-04-24,Inquiry
120,42987,2024-06-11,Complaint
121,18418,2023-06-08,Complaint
122,1144,2021-06-02,Complaint
123,36071,2022-04-20,Inquiry
124,10677,2024-06-16,Inquiry
125,46492,2021-01-09,Complaint
126,27399,2025-03-18,Inquiry
127,4488,2021-01-10,Complaint
128,23447,2024-06-09,Complaint
129,44807,2025-02-11,Complaint
130,25451,2024-11-07,Complaint
131,40600,2020-11-13,Complaint
132,14256,2020-10-31,Inquiry
133,24791,2025-06-09,Complaint
134,11085,2023-10-08,Inquiry
135,1288,2021-05-31,Complaint
136,13485,2020-07-19,Inquiry
137,28887,2024-10-19,Inquiry
138,45865,2025-02-09,Inquiry
139,28392,2025-04-15,Inquiry
140,44143,2023-05-26,Complaint
141,13706,2025-01-26,Inquiry
142,12067,2023-01-04,Inquiry
143,1034,2025-06-18,Complaint
144,27116,2020-08-14,Complaint
145,1352,2023-02-02,Inquiry
146,42156,2024-11-02,Complaint
147,35468,2023-02-15,Complaint
148,20154,2022-11-05,Complaint
149,48280,2024-12-19,Inquiry
150,21767,2024-06-04,Complaint
151,39874,2023-08-20,Complaint
152,30180,2023-09-13,Inquiry
153,33264,2021-02-12,Inquiry
154,24335,2020-04-14,Inquiry
155,22795,2023-06-19,Inquiry
156,1538,2023-05-21,Inquiry
157,38825,2022-03-06,Inquiry
158,4806,2022-06-04,Inquiry
159,31536,2020-02-06,Inquiry
160,19753,2025-05-18,Complaint
161,8191,2020-10-09,Inquiry
162,9080,2022-04-02,Complaint
163,24213,2024-01-26,Complaint
164,43329,2022-09-25,Inquiry
165,6287,2021-07-11,Inquiry
166,23477,2020-03-11,Complaint
167,39218,2022-07-24,Complaint
168,25363,2022-07-03,Complaint
169,8934,2022-11-28,Inquiry
170,40682,2023-05-03,Inquiry
171,24849,2021-09-30,Inquiry
172,47506,2021-05-05,Complaint
173,36209,2023-04-15,Inquiry
174,188,2022-07-04,Inquiry
175,27546,2023-04-07,Inquiry
176,13541,2021-11-17,Inquiry
177,19786,2024-01-16,Inquiry
178,22690,2020-12-07,Inquiry
179,850,2022-09-19,Inquiry
180,3645,2022-02-10,Complaint
181,6714,2022-06-18,Inquiry
182,39669,2021-07-26,Inquiry
183,16055,2021-07-03,Inquiry
184,7316,2021-11-28,Complaint
185,11252,2022-04-24,Inquiry
186,29866,2021-12-09,Complaint
187,14897,2023-10-05,Complaint
188,40721,2021-12-21,Inquiry
189,46162,2021-08-17,Complaint
190,1300,2021-05-12,Inquiry
191,48195,2025-04-26,Complaint
192,40824,2020-09-23,Complaint
193,5084,2023-09-26,Complaint
194,33233,2020-03-27,Complaint
195,46039,2021-10-27,Inquiry
196,8995,2021-04-22,Complaint
197,4323,2023-10-21,Complaint
198,11552,2021-01-27,Complaint
199,4825,2021-12-26,Inquiry
200,19572,2022-12-20,Complaint
201,26937,2022-07-05,Inquiry
202,4157,2024-11-22,Inquiry
203,13231,2021-06-04,Complaint
204,7122,2022-05-14,Complaint
205,13675,2022-11-26,Inquiry
206,44298,2020-06-02,Complaint
207,24607,2022-12-17,Inquiry
208,10515,2024-03-10,Inquiry
209,6984,2023-01-07,Complaint
210,10160,2024-06-07,Inquiry
211,328,2023-03-28,Complaint
212,34108,2023-12-16,Inquiry
213,390,2025-01-19,Complaint
214,7032,2020-03-04,Complaint
215,29391,2022-01-01,Inquiry
216,31289,2025-04-30,Complaint
217,4801,2020-09-07,Inquiry
218,42789,2021-11-13,Inquiry
219,8626,2024-03-16,Inquiry
220,3334,2025-02-09,Inquiry
221,29143,2022-08-17,Inquiry
222,49207,2021-07-06,Inquiry
223,22382,2024-05-03,Inquiry
224,31421,2024-02-01,Inquiry
225,20717,2023-05-04,Complaint
226,45281,2022-02-06,Complaint
227,28184,2021-04-30,Inquiry
228,24115,2021-07-23,Inquiry
229,27375,2023-12-19,Inquiry
230,683,2023-05-28,Complaint
231,6387,2021-06-23,Inquiry
232,46209,2023-01-20,Complaint
233,12752,2020-02-25,Inquiry
234,47791,2022-11-08,Complaint
235,12196,2024-12-21,Inquiry
236,32830,2021-07-08,Complaint
237,29916,2021-07-27,Complaint
238,1541,2021-12-03,Complaint
239,3376,2025-06-12,Complaint
240,10651,2020-10-01,Inquiry
241,19026,2025-03-31,Inquiry
242,41292,2020-11-06,Inquiry
243,28486,2025-02-17,Complaint
244,31873,2021-01-14,Inquiry
245,15850,2020-12-11,Inquiry
246,11009,2020-01-15,Inquiry
247,33444,2022-11-08,Inquiry
248,24732,2022-09-22,Complaint
249,12275,2022-02-17,Complaint
250,790,2022-09-25,Complaint
251,35499,2020-01-11,Inquiry
252,13676,2024-10-31,Inquiry
253,8069,2022-08-17,Inquiry
254,36174,2024-11-05,Complaint
255,48592,2023-09-03,Complaint
256,10623,2023-10-07,Inquiry
257,43276,2025-02-06,Complaint
258,39335,2020-06-27,Inquiry
259,14548,2023-06-19,Complaint
260,18741,2023-07-05,Complaint
261,35090,2022-09-23,Inquiry
262,46789,2025-05-20,Complaint
263,26470,2021-07-24,Inquiry
264,9898,2022-04-23,Inquiry
265,40500,2022-08-18,Inquiry
266,30274,2022-05-28,Complaint
267,48897,2020-04-02,Complaint
268,30737,2024-06-02,Complaint
269,49147,2024-05-06,Inquiry
270,30280,2020-10-11,Complaint
271,18073,2021-11-11,Inquiry
272,8634,2022-12-08,Inquiry
273,22348,2021-11-03,Inquiry
274,10578,2021-04-20,Inquiry
275,45024,2024-07-10,Complaint
276,32360,2024-03-29,Inquiry
277,14080,2022-11-22,Complaint
278,6696,2022-11-04,Complaint
279,39003,2022-11-12,Complaint
280,1777,2020-11-11,Inquiry
281,44300,2023-05-19,Inquiry
282,34740,2023-07-09,Complaint
283,49837,2021-05-24,Inquiry
284,27774,2022-03-05,Inquiry
285,18025,2024-08-02,Inquiry
286,20115,2021-08-25,Complaint
287,17007,2020-10-25,Complaint
288,41235,2024-05-09,Complaint
289,16090,2023-07-28,Inquiry
290,36182,2020-10-27,Inquiry
291,19237,2025-02-18,Complaint
292,26727,2020-03-05,Inquiry
293,20436,2024-06-17,Complaint
294,32500,2023-05-10,Inquiry
295,30201,2024-12-04,Complaint
296,43329,2021-10-11,Inquiry
297,42938,2024-11-24,Inquiry
298,23047,2021-03-08,Complaint
299,27327,2022-12-23,Inquiry
300,4835,2023-10-04,Inquiry
301,44650,2021-01-31,Complaint
302,3468,2023-07-12,Inquiry
303,25504,2023-06-14,Complaint
304,23741,2025-02-18,Complaint
305,44441,2021-09-14,Inquiry
306,16584,2020-08-04,Complaint
307,21759,2023-01-13,Inquiry
308,335,2024-06-28,Inquiry
309,27433,2020-07-23,Inquiry
310,28774,2020-10-03,Inquiry
311,26064,2022-06-27,Complaint
312,20871,2023-01-05,Inquiry
313,22383,2020-01-12,Complaint
314,34862,2023-09-05,Inquiry
315,46768,2023-11-24,Inquiry
316,13758,2025-02-13,Complaint
317,35952,2021-05-23,Complaint
318,5281,2022-05-02,Complaint
319,25157,2024-08-27,Inquiry
320,22110,2023-01-27,Complaint
321,29369,2020-09-08,Complaint
322,21740,2023-10-05,Complaint
323,24820,2021-02-23,Inquiry
324,5866,2022-04-28,Complaint
325,8610,2022-01-28,Complaint
326,32202,2022-07-24,Complaint
327,18215,2024-05-17,Complaint
328,24314,2022-12-27,Inquiry
329,17237,2021-01-13,Complaint
330,1464,2020-02-15,Complaint
331,19319,2020-01-28,Inquiry
332,48409,2021-08-09,Inquiry
333,38383,2025-01-25,Complaint
334,13733,2020-08-06,Inquiry
335,16423,2025-03-22,Inquiry
336,49870,2022-08-16,Inquiry
337,45381,2021-04-01,Complaint
338,26841,2024-04-17,Inquiry
339,21826,2021-01-29,Complaint
340,29296,2025-03-31,Inquiry
341,2954,2021-04-28,Inquiry
342,27240,2021-10-25,Inquiry
343,11782,2021-01-06,Inquiry
344,15210,2023-06-17,Complaint
345,45427,2024-09-16,Inquiry
346,7834,2023-10-29,Inquiry
347,21462,2024-08-22,Complaint
348,32334,2024-10-12,Inquiry
349,41278,2020-07-12,Complaint
350,18284,2021-09-07,Inquiry
351,26226,2021-07-28,Inquiry
352,44695,2021-12-25,Inquiry
353,32080,2024-05-29,Inquiry
354,35417,2024-09-04,Inquiry
355,24171,2022-05-08,Inquiry
356,15018,2021-12-24,Inquiry
357,45259,2024-12-11,Complaint
358,38558,2022-08-16,Inquiry
359,18112,2021-07-13,Inquiry
360,3451,2021-01-13,Inquiry
361,16785,2021-01-23,Complaint
362,23642,2024-01-27,Complaint
363,38406,2023-02-19,Complaint
364,1419,2024-05-22,Inquiry
365,9985,2020-08-17,Inquiry
366,35149,2021-06-26,Complaint
367,47435,2020-12-14,Complaint
368,29540,2024-07-15,Inquiry
369,43488,2023-09-04,Complaint
370,36419,2021-02-27,Complaint
371,26011,2021-12-02,Complaint
372,2128,2022-04-15,Inquiry
373,22885,2023-02-02,Inquiry
374,11547,2022-08-22,Inquiry
375,31715,2024-05-06,Complaint
376,37634,2020-04-23,Complaint
377,17200,2020-08-27,Inquiry
378,43545,2023-02-16,Complaint
379,34003,2022-04-15,Inquiry
380,44633,2021-03-30,Inquiry
381,48743,2020-06-01,Inquiry
382,32341,2023-05-14,Inquiry
383,23846,2022-12-19,Inquiry
384,18600,2023-04-06,Complaint
385,19980,2021-11-11,Inquiry
386,2205,2024-04-20,Inquiry
387,15968,2020-07-05,Inquiry
388,36427,2025-05-15,Inquiry
389,17189,2020-08-14,Complaint
390,37103,2024-08-01,Complaint
391,21327,2020-01-28,Inquiry
392,218,2024-03-30,Complaint
393,45634,2020-05-22,Inquiry
394,28445,2021-07-26,Inquiry
395,44740,2025-04-05,Inquiry
396,28258,2020-06-06,Complaint
397,29557,2024-03-07,Complaint
398,44899,2023-07-03,Inquiry
399,20042,2020-07-19,Inquiry
400,23906,2024-08-04,Inquiry
401,11760,2020-09-18,Inquiry
402,26840,2022-01-25,Inquiry
403,38888,2022-07-11,Complaint
404,18309,2020-12-22,Inquiry
405,7669,2021-03-19,Inquiry
406,19892,2023-08-09,Complaint
407,13823,2020-12-22,Complaint
408,19978,2021-08-31,Inquiry
409,47856,2022-04-26,Complaint
410,34367,2021-04-02,Complaint
411,41035,2023-11-12,Inquiry
412,36497,2023-01-21,Complaint
413,41025,2024-03-17,Complaint
414,37176,2024-08-22,Complaint
415,12281,2025-05-19,Inquiry
416,39396,2021-01-24,Inquiry
417,564,2025-03-16,Inquiry
418,49213,2021-12-15,Inquiry
419,11742,2021-06-20,Inquiry
420,13501,2021-07-30,Complaint
421,23331,2020-09-30,Complaint
422,24243,2020-11-18,Inquiry
423,38785,2024-06-13,Complaint
424,31767,2021-05-19,Complaint
425,14925,2024-01-24,Complaint
426,32802,2021-04-03,Inquiry
427,37483,2021-05-31,Complaint
428,26869,2020-01-05,Inquiry
429,11275,2022-06-20,Complaint
430,46427,2023-03-09,Inquiry
431,7005,2025-06-11,Inquiry
432,27201,2020-05-08,Inquiry
433,11261,2023-07-12,Complaint
434,5785,2020-02-28,Inquiry
435,39687,2020-05-11,Inquiry
436,17749,2023-07-13,Complaint
437,666,2023-04-19,Complaint
438,10578,2022-04-24,Complaint
439,31841,2022-06-29,Complaint
440,21043,2025-03-09,Inquiry
441,48152,2022-07-20,Inquiry
442,3594,2022-09-05,Complaint
443,1503,2025-01-28,Complaint
444,23570,2024-06-30,Inquiry
445,3211,2022-03-06,Complaint
446,42493,2021-09-14,Inquiry
447,6048,2022-01-14,Complaint
448,49173,2024-05-08,Inquiry
449,28988,2025-03-24,Complaint
450,46963,2020-02-04,Inquiry
451,46554,2020-09-20,Inquiry
452,31278,2022-05-19,Complaint
453,31121,2024-02-23,Inquiry
454,44118,2022-07-06,Complaint
455,34121,2023-02-07,Inquiry
456,4589,2020-04-26,Inquiry
457,16901,2020-02-02,Complaint
458,11704,2023-12-10,Inquiry
459,8179,2022-01-30,Complaint
460,43903,2023-09-09,Inquiry
461,1678,2023-01-19,Complaint
462,2093,2021-05-06,Complaint
463,31435,2021-01-15,Inquiry
464,13107,2020-12-13,Inquiry
465,7751,2023-02-18,Complaint
466,37483,2023-08-16,Inquiry
467,6101,2024-07-29,Inquiry
468,11449,2021-05-06,Complaint
469,41324,2022-12-16,Complaint
470,14539,2022-02-17,Complaint
471,47477,2023-06-28,Complaint
472,6630,2024-02-02,Inquiry
473,22029,2022-12-08,Inquiry
474,49068,2024-09-21,Complaint
475,8619,2020-05-08,Inquiry
476,15065,2021-10-22,Complaint
477,29553,2023-11-03,Inquiry
478,25138,2020-02-07,Complaint
479,4280,2020-12-04,Complaint
480,25662,2022-07-19,Inquiry
481,7863,2020-02-10,Inquiry
482,48997,2022-04-05,Complaint
483,1950,2020-11-13,Inquiry
484,20676,2024-01-17,Inquiry
485,9129,2024-07-17,Complaint
486,17420,2023-01-07,Complaint
487,26957,2025-04-27,Inquiry
488,18229,2023-10-19,Inquiry
489,30692,2024-11-11,Inquiry
490,43543,2022-11-22,Complaint
491,28458,2021-08-23,Complaint
492,10196,2023-01-02,Inquiry
493,42987,2023-07-16,Inquiry
494,10358,2025-06-06,Complaint
495,11075,2022-05-10,Complaint
496,12043,2021-07-06,Inquiry
497,25950,2023-11-09,Inquiry
498,30858,2020-07-20,Complaint
499,44621,2025-03-04,Inquiry
500,40095,2021-04-28,Inquiry
501,3244,2021-01-12,Inquiry
502,27045,2023-04-07,Inquiry
503,42393,2021-07-02,Complaint
504,4330,2025-06-22,Complaint
505,19831,2024-05-25,Inquiry
506,7051,2022-09-05,Complaint
507,47586,2020-06-26,Complaint
508,15345,2022-07-11,Inquiry
509,44845,2020-07-09,Complaint
510,31337,2020-02-08,Inquiry
511,19610,2023-03-06,Complaint
512,35890,2025-01-19,Inquiry
513,35608,2020-01-04,Complaint
514,16752,2020-01-09,Inquiry
515,17632,2020-11-25,Inquiry
516,6482,2024-01-17,Inquiry
517,28652,2025-01-17,Inquiry
518,11290,2021-04-28,Inquiry
519,47913,2021-07-02,Inquiry
520,656,2025-06-15,Complaint
521,23993,2023-12-18,Inquiry
522,29541,2022-04-12,Inquiry
523,4915,2021-04-27,Inquiry
524,25403,2021-05-23,Complaint
525,37327,2022-02-21,Inquiry
526,30660,2022-09-21,Complaint
527,39670,2021-08-24,Inquiry
528,33064,2022-03-29,Inquiry
529,46028,2021-01-05,Inquiry
530,37027,2022-05-25,Complaint
531,15642,2021-05-29,Inquiry
532,33097,2020-10-30,Complaint
533,22992,2024-04-12,Inquiry
534,7355,2020-03-03,Inquiry
535,40527,2022-03-28,Inquiry
536,20052,2023-01-07,Complaint
537,18819,2021-01-05,Inquiry
538,1448,2024-03-20,Complaint
539,37559,2021-09-25,Inquiry
540,20455,2023-02-16,Complaint
541,28749,2021-08-02,Complaint
542,45488,2023-02-06,Inquiry
543,15325,2024-10-19,Inquiry
544,3822,2021-01-19,Complaint
545,13767,2023-09-28,Inquiry
546,37813,2022-08-18,Complaint
547,44488,2022-04-05,Complaint
548,34552,2024-01-18,Complaint
549,38948,2023-12-28,Complaint
550,19174,2023-07-14,Complaint
551,18471,2023-08-23,Complaint
552,5579,2021-06-18,Complaint
553,42809,2023-11-10,Complaint
554,164,2024-02-01,Inquiry
555,5234,2023-09-17,Complaint
556,22023,2024-05-02,Inquiry
557,18023,2021-09-01,Complaint
558,20629,2020-02-18,Complaint
559,2831,2020-12-28,Complaint
560,36654,2022-02-17,Inquiry
561,31663,2022-12-30,Complaint
562,29883,2021-02-27,Complaint
563,16317,2025-03-03,Complaint
564,25257,2025-05-02,Inquiry
565,30006,2021-05-16,Inquiry
566,5655,2025-04-29,Complaint
567,48908,2024-08-29,Complaint
568,41199,2022-10-01,Complaint
569,36130,2020-09-01,Inquiry
570,340,2021-01-23,Inquiry
571,4971,2024-06-27,Complaint
572,22880,2023-12-27,Inquiry
573,5517,2022-10-19,Inquiry
574,46567,2024-04-06,Complaint
575,36884,2021-05-16,Complaint
576,38280,2020-04-20,Inquiry
577,1862,2020-11-18,Complaint
578,27235,2020-07-12,Complaint
579,9881,2025-01-19,Inquiry
580,40846,2020-03-31,Complaint
581,28641,2022-06-14,Inquiry
582,2491,2021-10-27,Inquiry
583,30515,2024-05-29,Inquiry
584,12432,2024-02-17,Complaint
585,32630,2022-02-26,Inquiry
586,37734,2021-05-12,Inquiry
587,7913,2023-10-10,Complaint
588,42740,2024-10-08,Inquiry
589,44582,2020-08-16,Inquiry
590,28618,2022-10-23,Complaint
591,11489,2023-06-16,Inquiry
592,43152,2025-03-04,Complaint
593,14687,2025-04-12,Inquiry
594,43757,2021-02-26,Inquiry
595,46233,2023-04-14,Inquiry
596,16206,2020-09-04,Inquiry
597,11572,2020-07-18,Inquiry
598,25195,2022-03-03,Inquiry
599,31610,2023-07-29,Complaint
600,10697,2022-08-06,Inquiry
601,20408,2024-11-06,Inquiry
602,32590,2021-07-16,Complaint
603,37135,2021-07-05,Inquiry
604,39221,2024-02-11,Complaint
605,7991,2023-06-14,Inquiry
606,19444,2021-03-18,Complaint
607,10501,2023-02-10,Complaint
608,4606,2025-04-07,Complaint
609,32551,2020-11-01,Inquiry
610,14861,2024-07-07,Inquiry
611,45379,2020-07-11,Complaint
612,40545,2021-12-30,Inquiry
613,10259,2020-12-01,Inquiry
614,34207,2023-06-21,Inquiry
615,29792,2020-11-15,Complaint
616,11061,2020-05-22,Complaint
617,35394,2023-11-12,Complaint
618,5328,2024-12-27,Inquiry
619,5490,2024-06-21,Inquiry
620,21888,2022-07-29,Complaint
621,1285,2024-04-18,Inquiry
622,12337,2021-11-30,Inquiry
623,26002,2020-09-21,Complaint
624,10345,2023-03-19,Complaint
625,46897,2021-03-17,Inquiry
626,42552,2020-01-13,Inquiry
627,30881,2022-03-04,Inquiry
628,25474,2021-09-26,Complaint
629,7682,2023-03-20,Complaint
630,17568,2022-07-07,Complaint
631,8716,2022-01-21,Complaint
632,46631,2020-02-17,Inquiry
633,47667,2024-08-28,Complaint
634,6790,2025-02-24,Complaint
635,48143,2022-04-17,Inquiry
636,3296,2020-06-02,Inquiry
637,34607,2020-01-10,Complaint
638,31533,2020-03-29,Complaint
639,2319,2025-04-30,Inquiry
640,25423,2023-03-06,Inquiry
641,16353,2023-04-06,Inquiry
642,37991,2024-01-31,Inquiry
643,33647,2021-11-17,Complaint
644,8035,2024-08-19,Inquiry
645,16869,2025-02-15,Inquiry
646,31492,2025-04-02,Inquiry
647,46932,2024-02-04,Complaint
648,11423,2024-01-27,Inquiry
649,14751,2020-04-11,Inquiry
650,11668,2025-04-27,Inquiry
651,39280,2022-05-12,Complaint
652,6473,2021-06-23,Complaint
653,3067,2020-12-04,Complaint
654,33229,2023-04-16,Inquiry
655,9125,2023-03-30,Complaint
656,36730,2020-07-12,Inquiry
657,25577,2021-09-28,Inquiry
658,8856,2025-03-20,Inquiry
659,18165,2022-10-10,Complaint
660,40025,2025-05-18,Inquiry
661,18747,2023-06-04,Inquiry
662,6110,2022-02-25,Complaint
663,472,2024-12-09,Complaint
664,27721,2025-02-25,Complaint
665,6301,2023-07-14,Inquiry
666,8522,2023-03-26,Complaint
667,12238,2021-09-09,Inquiry
668,32854,2022-12-15,Inquiry
669,13741,2022-02-11,Inquiry
670,47734,2024-05-22,Complaint
671,21768,2022-05-31,Inquiry
672,27580,2021-10-03,Complaint
673,43971,2023-08-07,Complaint
674,7962,2023-11-15,Inquiry
675,20244,2021-06-21,Inquiry
676,32593,2021-08-06,Complaint
677,39327,2025-01-22,Inquiry
678,18381,2020-10-31,Inquiry
679,28074,2024-10-26,Inquiry
680,36914,2022-08-13,Inquiry
681,23027,2024-03-26,Complaint
682,41120,2021-04-14,Complaint
683,12576,2025-06-20,Complaint
684,36363,2025-03-26,Complaint
685,38421,2021-05-15,Inquiry
686,42261,2023-05-20,Inquiry
687,1161,2021-02-15,Inquiry
688,27020,2021-06-04,Inquiry
689,48928,2022-11-23,Complaint
690,45781,2023-06-30,Inquiry
691,6962,2023-04-17,Complaint
692,27815,2024-01-13,Complaint
693,39365,2021-02-10,Inquiry
694,47493,2024-10-09,Inquiry
695,22456,2025-03-25,Complaint
696,10062,2020-09-27,Inquiry
697,47977,2021-03-17,Inquiry
698,46870,2023-03-09,Inquiry
699,4065,2023-05-04,Inquiry
700,21987,2022-10-13,Inquiry
701,17629,2024-09-30,Complaint
702,39887,2024-06-30,Inquiry
703,31007,2023-04-14,Inquiry
704,48860,2021-03-10,Inquiry
705,43282,2021-01-22,Complaint
706,18440,2021-07-28,Complaint
707,8097,2024-12-24,Inquiry
708,49005,2024-07-06,Complaint
709,44687,2023-01-02,Inquiry
710,39075,2020-11-12,Inquiry
711,8690,2024-05-01,Complaint
712,12072,2022-01-13,Complaint
713,30437,2022-02-23,Inquiry
714,27725,2025-05-16,Inquiry
715,15529,2023-08-23,Complaint
716,1257,2020-01-26,Inquiry
717,15883,2021-07-29,Inquiry
718,8179,2024-06-13,Complaint
719,28028,2022-05-21,Complaint
720,20594,2024-12-03,Inquiry
721,27479,2023-05-30,Complaint
722,14589,2023-07-10,Inquiry
723,27827,2025-03-26,Complaint
724,45207,2023-10-20,Inquiry
725,37038,2022-05-05,Inquiry
726,19200,2022-10-23,Complaint
727,17521,2024-01-23,Complaint
728,27524,2021-08-26,Complaint
729,39020,2020-06-09,Complaint
730,12794,2020-10-29,Complaint
731,33826,2020-05-19,Inquiry
732,36782,2020-05-29,Complaint
733,13959,2023-03-10,Inquiry
734,34085,2022-01-10,Inquiry
735,12052,2022-06-20,Inquiry
736,44515,2020-11-02,Inquiry
737,20125,2021-07-09,Complaint
738,7905,2021-10-03,Complaint
739,27556,2020-06-09,Inquiry
740,7879,2020-07-04,Inquiry
741,32184,2023-03-01,Inquiry
742,43232,2021-03-06,Inquiry
743,16389,2024-09-27,Inquiry
744,11065,2023-06-02,Complaint
745,31759,2021-05-09,Inquiry
746,2678,2022-12-15,Complaint
747,24053,2022-04-14,Complaint
748,23085,2025-02-14,Inquiry
749,35382,2025-05-27,Complaint
750,9144,2023-01-20,Inquiry
751,12516,2021-08-08,Complaint
752,27009,2025-01-17,Complaint
753,29712,2020-04-25,Complaint
754,45318,2020-01-17,Inquiry
755,43848,2024-10-14,Inquiry
756,7376,2023-04-30,Inquiry
757,43368,2024-01-03,Complaint
758,28748,2021-05-18,Inquiry
759,27109,2020-10-01,Inquiry
760,35248,2020-07-29,Complaint
761,39656,2024-10-22,Inquiry
762,34763,2022-05-07,Complaint
763,6589,2025-01-09,Inquiry
764,14475,2020-01-01,Inquiry
765,27018,2021-08-08,Inquiry
766,27746,2020-11-08,Complaint
767,8938,2022-03-01,Inquiry
768,6779,2021-08-13,Complaint
769,40546,2025-05-13,Complaint
770,42112,2025-01-30,Complaint
771,41918,2021-01-06,Complaint
772,3956,2024-07-03,Complaint
773,47754,2021-02-25,Inquiry
774,16480,2023-03-17,Inquiry
775,17911,2023-10-26,Complaint
776,21763,2021-03-10,Inquiry
777,21933,2023-09-25,Complaint
778,4638,2023-03-20,Complaint
779,10927,2020-12-16,Complaint
780,23586,2021-05-11,Complaint
781,31299,2021-08-15,Inquiry
782,9529,2024-10-20,Inquiry
783,26858,2020-04-11,Inquiry
784,23445,2022-03-24,Inquiry
785,15785,2020-09-17,Complaint
786,6859,2023-12-14,Inquiry
787,39896,2021-07-09,Inquiry
788,38709,2024-10-29,Complaint
789,38883,2020-11-02,Inquiry
790,12584,2023-01-15,Complaint
791,29773,2022-06-02,Complaint
792,10488,2021-02-19,Inquiry
793,48373,2020-04-23,Inquiry
794,4194,2021-10-23,Inquiry
795,47193,2024-06-14,Complaint
796,33521,2024-05-05,Complaint
797,38627,2021-12-18,Inquiry
798,406,2022-07-20,Inquiry
799,6167,2023-05-11,Inquiry
800,23960,2022-08-30,Complaint
801,17354,2020-08-28,Complaint
802,39875,2020-03-14,Complaint
803,8715,2022-05-18,Inquiry
804,49980,2021-01-28,Complaint
805,11536,2022-01-15,Inquiry
806,43162,2025-04-07,Complaint
807,29427,2023-01-03,Inquiry
808,21395,2021-08-16,Complaint
809,5020,2020-08-17,Inquiry
810,39270,2024-07-10,Inquiry
811,24448,2022-12-15,Inquiry
812,28245,2020-08-21,Inquiry
813,4847,2021-09-26,Complaint
814,20817,2024-01-29,Complaint
815,20530,2024-06-26,Inquiry
816,26705,2021-05-27,Complaint
817,29238,2020-07-24,Inquiry
818,16712,2022-10-06,Complaint
819,30491,2021-02-17,Complaint
820,15102,2022-01-06,Inquiry
821,44335,2021-12-14,Complaint
822,44314,2020-09-01,Complaint
823,29162,2023-02-03,Complaint
824,20862,2020-06-25,Complaint
825,12175,2023-03-28,Complaint
826,769,2020-02-18,Inquiry
827,33900,2023-04-26,Inquiry
828,39516,2024-12-09,Inquiry
829,4520,2024-05-09,Inquiry
830,31293,2025-04-02,Inquiry
831,47524,2021-12-12,Inquiry
832,34194,2023-01-27,Inquiry
833,34152,2024-08-23,Inquiry
834,34179,2021-04-16,Inquiry
835,19115,2025-04-16,Inquiry
836,8494,2023-01-15,Inquiry
837,1744,2025-04-01,Inquiry
838,20801,2021-02-15,Inquiry
839,15412,2024-10-02,Inquiry
840,14927,2021-12-09,Complaint
841,34828,2022-09-23,Complaint
842,29024,2021-05-02,Complaint
843,47129,2020-02-17,Inquiry
844,22255,2021-05-02,Inquiry
845,41621,2021-12-22,Complaint
846,45311,2020-07-14,Complaint
847,20718,2020-08-27,Complaint
848,10188,2021-05-28,Inquiry
849,46030,2023-07-16,Inquiry
850,27071,2024-02-04,Inquiry
851,26163,2024-04-26,Complaint
852,1307,2022-07-02,Inquiry
853,36277,2022-04-24,Complaint
854,39666,2022-02-20,Complaint
855,2552,2024-10-12,Inquiry
856,4555,2022-03-19,Inquiry
857,40783,2020-01-13,Inquiry
858,49957,2024-10-03,Inquiry
859,31028,2023-02-07,Inquiry
860,26855,2021-03-27,Complaint
861,47330,2020-07-10,Complaint
862,38774,2025-02-27,Complaint
863,40252,2023-05-20,Inquiry
864,34593,2020-10-25,Inquiry
865,22753,2020-10-25,Inquiry
866,31233,2022-08-31,Inquiry
867,43686,2021-01-21,Inquiry
868,42669,2022-10-19,Inquiry
869,25735,2022-11-12,Inquiry
870,9740,2022-12-16,Inquiry
871,26266,2022-05-16,Inquiry
872,37258,2020-11-09,Complaint
873,29896,2020-09-04,Inquiry
874,15922,2021-03-15,Complaint
875,43417,2023-10-02,Inquiry
876,45408,2025-03-26,Inquiry
877,13622,2020-03-05,Inquiry
878,37520,2021-04-03,Inquiry
879,45299,2023-12-31,Inquiry
880,47452,2021-09-11,Inquiry
881,43965,2025-04-13,Complaint
882,1475,2025-01-07,Inquiry
883,25472,2020-12-20,Inquiry
884,10662,2023-01-17,Inquiry
885,46400,2023-01-15,Inquiry
886,811,2022-02-22,Complaint
887,19200,2022-02-10,Inquiry
888,29029,2020-04-22,Inquiry
889,10962,2021-09-10,Inquiry
890,3196,2025-03-08,Inquiry
891,9614,2022-04-25,Complaint
892,36928,2020-02-18,Inquiry
893,43967,2022-05-17,Complaint
894,27612,2021-03-27,Inquiry
895,7621,2021-09-23,Complaint
896,43057,2025-01-22,Inquiry
897,9672,2021-11-09,Inquiry
898,10745,2020-01-31,Complaint
899,11602,2024-12-31,Inquiry
900,35735,2024-02-08,Inquiry
901,25207,2024-09-08,Inquiry
902,1440,2024-10-18,Complaint
903,20272,2025-05-31,Complaint
904,31500,2025-05-01,Inquiry
905,25274,2025-04-21,Complaint
906,38387,2025-02-26,Inquiry
907,7939,2020-12-28,Inquiry
908,29014,2023-03-20,Inquiry
909,13570,2020-11-06,Complaint
910,45272,2022-05-21,Complaint
911,2312,2024-12-28,Inquiry
912,8293,2023-11-10,Inquiry
913,4225,2023-09-04,Inquiry
914,25341,2021-11-04,Complaint
915,24549,2022-06-01,Complaint
916,12590,2025-04-08,Inquiry
917,47364,2022-06-24,Inquiry
918,47688,2020-10-25,Inquiry
919,46809,2022-08-07,Complaint
920,43792,2022-10-07,Complaint
921,31,2023-08-23,Complaint
922,45189,2023-04-04,Inquiry
923,29611,2024-03-31,Complaint
924,14989,2020-05-19,Complaint
925,21187,2022-04-06,Inquiry
926,2547,2021-09-26,Complaint
927,49646,2022-08-18,Inquiry
928,26938,2025-01-10,Inquiry
929,11196,2021-12-22,Inquiry
930,40686,2022-03-29,Inquiry
931,38119,2021-07-04,Inquiry
932,2923,2024-08-07,Inquiry
933,29155,2021-02-26,Inquiry
934,37457,2022-01-24,Inquiry
935,42080,2020-07-07,Inquiry
936,18970,2020-10-11,Complaint
937,5007,2023-01-10,Complaint
938,416,2025-03-29,Complaint
939,48764,2023-12-28,Inquiry
940,29700,2024-07-29,Inquiry
941,1502,2021-09-17,Complaint
942,31722,2020-12-18,Complaint
943,9873,2020-11-10,Complaint
944,12113,2021-08-18,Inquiry
945,7887,2025-04-07,Inquiry
946,4878,2022-06-27,Inquiry
947,29711,2023-10-13,Inquiry
948,37133,2020-04-01,Complaint
949,28962,2024-10-03,Inquiry
950,29957,2023-10-17,Inquiry
951,32116,2021-01-17,Complaint
952,15942,2023-12-02,Inquiry
953,49071,2021-03-24,Inquiry
954,33792,2021-09-20,Complaint
955,41693,2020-08-09,Complaint
956,43,2020-05-07,Inquiry
957,45537,2022-05-21,Complaint
958,16378,2023-05-31,Inquiry
959,23832,2023-05-29,Complaint
960,47921,2025-01-27,Inquiry
961,3037,2024-10-01,Complaint
962,16642,2023-08-01,Complaint
963,24866,2024-08-21,Complaint
964,10206,2025-01-28,Complaint
965,4543,2022-02-06,Complaint
966,3966,2024-03-05,Inquiry
967,45635,2024-12-18,Complaint
968,17616,2021-11-22,Complaint
969,7050,2024-01-28,Complaint
970,4495,2022-06-20,Inquiry
971,13805,2024-01-04,Inquiry
972,11381,2022-06-06,Inquiry
973,47783,2023-09-22,Complaint
974,19507,2024-03-06,Complaint
975,44943,2022-09-11,Complaint
976,42331,2024-07-28,Inquiry
977,5524,2024-06-20,Complaint
978,3655,2023-06-12,Inquiry
979,14170,2020-01-10,Complaint
980,11967,2023-09-24,Complaint
981,5467,2023-04-16,Inquiry
982,34741,2021-12-12,Complaint
983,43150,2022-04-19,Complaint
984,33421,2022-02-16,Complaint
985,47182,2024-06-26,Inquiry
986,36052,2023-04-25,Inquiry
987,22956,2022-10-06,Inquiry
988,18471,2021-07-16,Inquiry
989,48450,2020-04-14,Complaint
990,1872,2023-10-08,Complaint
991,13522,2023-07-22,Complaint
992,28860,2023-06-06,Inquiry
993,34209,2024-06-28,Inquiry
994,25953,2023-08-22,Inquiry
995,15663,2022-12-16,Inquiry
996,16093,2024-03-31,Inquiry
997,8954,2022-06-25,Inquiry
998,40665,2020-04-05,Complaint
999,22432,2024-09-25,Complaint
1000,17930,2020-01-14,Inquiry
1001,17229,2020-08-31,Inquiry
1002,2051,2022-11-27,Complaint
1003,41660,2020-03-08,Complaint
1004,11351,2024-07-17,Complaint
1005,3281,2023-06-17,Inquiry
1006,37085,2023-01-26,Complaint
1007,12448,2023-04-28,Complaint
1008,8064,2024-09-25,Complaint
1009,42274,2025-02-01,Inquiry
1010,17255,2022-03-11,Complaint
1011,991,2020-02-26,Inquiry
1012,2549,2024-06-03,Inquiry
1013,5708,2021-06-04,Complaint
1014,19541,2023-06-09,Inquiry
1015,662,2024-03-25,Inquiry
1016,37334,2023-07-27,Complaint
1017,14837,2025-01-20,Complaint
1018,44930,2023-09-07,Inquiry
1019,17607,2024-02-27,Inquiry
1020,26406,2023-10-12,Complaint
1021,1337,2022-07-25,Inquiry
1022,45857,2021-12-27,Complaint
1023,19377,2025-02-28,Complaint
1024,26588,2025-05-27,Inquiry
1025,3868,2025-05-25,Complaint
1026,45822,2020-07-19,Complaint
1027,26294,2025-05-20,Inquiry
1028,40031,2023-03-18,Inquiry
1029,17956,2023-09-28,Complaint
1030,9334,2020-01-23,Inquiry
1031,27795,2020-01-02,Complaint
1032,21382,2025-01-13,Inquiry
1033,1954,2024-01-19,Inquiry
1034,3080,2022-05-01,Inquiry
1035,21894,2021-10-14,Complaint
1036,9897,2022-09-18,Inquiry
1037,41071,2020-01-29,Complaint
1038,883,2020-01-31,Complaint
1039,19702,2021-08-04,Complaint
1040,23311,2020-01-09,Inquiry
1041,8342,2024-07-26,Inquiry
1042,32644,2024-05-31,Complaint
1043,12886,2023-12-02,Inquiry
1044,17170,2020-09-01,Inquiry
1045,49133,2022-07-07,Complaint
1046,34923,2024-10-10,Complaint
1047,19992,2024-08-14,Inquiry
1048,9443,2024-05-11,Complaint
1049,1369,2023-12-14,Inquiry
1050,9812,2024-06-03,Inquiry
1051,11303,2020-05-02,Inquiry
1052,16473,2021-05-08,Inquiry
1053,18621,2025-01-14,Complaint
1054,40270,2022-01-30,Complaint
1055,18270,2023-08-31,Inquiry
1056,41516,2023-06-13,Inquiry
1057,49384,2021-06-09,Inquiry
1058,4892,2023-12-15,Complaint
1059,35102,2022-09-28,Complaint
1060,11315,2025-02-27,Inquiry
1061,47905,2020-03-02,Complaint
1062,26578,2021-07-08,Complaint
1063,38684,2023-03-11,Inquiry
1064,41445,2022-03-29,Inquiry
1065,7109,2023-06-29,Inquiry
1066,12003,2022-06-28,Complaint
1067,19254,2023-05-01,Inquiry
1068,177,2020-01-27,Complaint
1069,19440,2025-05-23,Complaint
1070,23559,2021-03-15,Inquiry
1071,13936,2021-10-07,Inquiry
1072,21486,2024-10-18,Complaint
1073,37804,2021-10-05,Complaint
1074,828,2021-02-03,Complaint
1075,16947,2022-11-09,Complaint
1076,30701,2020-04-08,Complaint
1077,6115,2023-09-15,Inquiry
1078,45862,2023-05-07,Inquiry
1079,25154,2023-09-16,Complaint
1080,37233,2024-12-29,Complaint
1081,27588,2023-02-10,Inquiry
1082,23626,2020-03-02,Inquiry
1083,42083,2022-04-21,Complaint
1084,22715,2023-01-23,Inquiry
1085,23778,2022-08-13,Complaint
1086,16128,2021-12-23,Inquiry
1087,25278,2022-12-23,Inquiry
1088,26279,2020-04-22,Inquiry
1089,19179,2020-09-20,Complaint
1090,6207,2024-05-06,Inquiry
1091,48800,2024-01-30,Complaint
1092,44437,2021-11-19,Inquiry
1093,9813,2022-01-20,Complaint
1094,33658,2023-09-08,Inquiry
1095,32996,2022-06-17,Complaint
1096,49167,2021-09-17,Inquiry
1097,24705,2023-06-02,Complaint
1098,42653,2020-07-31,Complaint
1099,1118,2021-08-31,Complaint
1100,45812,2023-05-03,Inquiry
1101,40339,2023-07-31,Inquiry
1102,5921,2020-03-25,Inquiry
1103,42363,2025-05-06,Inquiry
1104,11078,2020-02-09,Inquiry
1105,41647,2020-04-20,Inquiry
1106,41911,2020-10-14,Complaint
1107,530,2020-10-27,Complaint
1108,3527,2020-07-11,Complaint
1109,31242,2023-03-27,Complaint
1110,8167,2020-07-26,Complaint
1111,11554,2023-05-13,Complaint
1112,32354,2023-11-05,Inquiry
1113,26203,2025-01-29,Inquiry
1114,42435,2023-08-29,Complaint
1115,20871,2024-07-20,Complaint
1116,38898,2020-02-06,Complaint
1117,31503,2022-08-30,Inquiry
1118,3047,2024-07-23,Complaint
1119,5027,2021-06-27,Inquiry
1120,37685,2025-01-07,Complaint
1121,35841,2023-06-17,Complaint
1122,34190,2024-01-20,Complaint
1123,17139,2024-07-02,Inquiry
1124,44137,2022-06-20,Complaint
1125,7412,2025-03-21,Inquiry
1126,19674,2025-02-17,Complaint
1127,8598,2021-10-18,Inquiry
1128,23508,2021-12-23,Complaint
1129,24254,2021-07-06,Inquiry
1130,26916,2021-03-29,Complaint
1131,48483,2023-08-23,Complaint
1132,11502,2020-07-08,Complaint
1133,35216,2024-04-17,Complaint
1134,11526,2024-03-16,Inquiry
1135,30870,2022-08-07,Inquiry
1136,13447,2021-12-02,Inquiry
1137,47071,2022-09-14,Complaint
1138,16273,2020-06-07,Inquiry
1139,13136,2020-06-03,Inquiry
1140,46770,2021-07-07,Inquiry
1141,23483,2022-12-15,Inquiry
1142,38826,2020-07-06,Inquiry
1143,41640,2020-06-02,Inquiry
1144,38542,2024-08-12,Inquiry
1145,46537,2023-12-11,Inquiry
1146,36340,2021-04-26,Inquiry
1147,24016,2020-04-05,Complaint
1148,27957,2023-12-12,Complaint
1149,40584,2021-02-26,Inquiry
1150,2395,2024-11-22,Complaint
1151,36980,2023-03-08,Inquiry
1152,2042,2024-05-13,Inquiry
1153,44859,2021-03-29,Inquiry
1154,11848,2022-03-14,Inquiry
1155,28103,2024-06-05,Inquiry
1156,6335,2020-03-14,Inquiry
1157,37199,2025-05-07,Complaint
1158,30423,2021-07-19,Complaint
1159,14685,2024-08-12,Inquiry
1160,47579,2024-04-07,Complaint
1161,42939,2024-07-07,Complaint
1162,32139,2021-04-24,Inquiry
1163,17993,2022-02-17,Complaint
1164,34466,2025-03-27,Complaint
1165,40097,2023-11-11,Inquiry
1166,6250,2020-10-25,Inquiry
1167,20893,2022-02-01,Inquiry
1168,2638,2021-11-11,Inquiry
1169,16762,2021-08-09,Inquiry
1170,13364,2024-04-06,Inquiry
1171,2299,2024-08-13,Inquiry
1172,20966,2020-03-29,Complaint
1173,21031,2022-12-09,Complaint
1174,20077,2023-08-14,Inquiry
1175,7231,2023-06-25,Complaint
1176,37881,2023-02-12,Inquiry
1177,29440,2024-01-29,Inquiry
1178,41051,2021-09-27,Inquiry
1179,8146,2024-06-17,Inquiry
1180,37411,2023-03-21,Complaint
1181,29714,2023-07-04,Complaint
1182,2323,2023-06-01,Complaint
1183,40187,2021-01-30,Inquiry
1184,31580,2022-09-20,Complaint
1185,48258,2020-01-20,Inquiry
1186,37294,2020-04-13,Inquiry
1187,11808,2020-04-10,Inquiry
1188,10134,2020-02-02,Complaint
1189,27870,2022-07-12,Inquiry
1190,28622,2020-06-18,Inquiry
1191,18249,2024-01-23,Inquiry
1192,10036,2020-08-04,Inquiry
1193,39695,2021-05-16,Inquiry
1194,47302,2021-02-02,Inquiry
1195,19948,2023-04-16,Complaint
1196,11993,2021-02-10,Inquiry
1197,32432,2020-05-07,Complaint
1198,44456,2023-04-30,Complaint
1199,1514,2023-03-30,Complaint
1200,29333,2020-04-19,Inquiry
1201,13891,2020-02-02,Inquiry
1202,1468,2021-07-22,Inquiry
1203,1731,2024-11-29,Complaint
1204,38951,2022-11-29,Inquiry
1205,29952,2023-03-18,Inquiry
1206,18398,2021-07-31,Inquiry
1207,45635,2024-09-09,Complaint
1208,458,2023-01-04,Complaint
1209,15685,2024-08-08,Inquiry
1210,28986,2020-04-08,Complaint
1211,41742,2022-08-27,Complaint
1212,19593,2020-11-08,Inquiry
1213,16102,2023-01-14,Inquiry
1214,46723,2020-12-15,Inquiry
1215,13763,2023-01-07,Complaint
1216,43110,2023-03-29,Inquiry
1217,34598,2024-05-02,Complaint
1218,45481,2024-07-01,Inquiry
1219,34669,2025-03-11,Complaint
1220,34766,2021-02-26,Inquiry
1221,16174,2024-08-19,Inquiry
1222,19434,2023-08-05,Inquiry
1223,4112,2021-10-29,Complaint
1224,47769,2021-12-06,Complaint
1225,48428,2020-02-10,Complaint
1226,15482,2024-07-02,Inquiry
1227,44416,2021-05-09,Complaint
1228,37915,2024-07-17,Complaint
1229,47062,2020-01-14,Complaint
1230,1080,2023-02-12,Complaint
1231,31691,2022-05-27,Inquiry
1232,24677,2020-02-25,Inquiry
1233,8891,2025-04-26,Inquiry
1234,26835,2020-01-11,Inquiry
1235,12243,2025-02-04,Inquiry
1236,12112,2021-09-25,Inquiry
1237,23902,2025-03-10,Inquiry
1238,48712,2022-08-25,Inquiry
1239,3166,2022-04-05,Complaint
1240,36280,2022-01-29,Complaint
1241,27400,2024-07-20,Inquiry
1242,18355,2022-08-02,Inquiry
1243,24165,2024-10-06,Complaint
1244,35613,2021-07-04,Inquiry
1245,17294,2022-04-06,Inquiry
1246,27378,2022-01-13,Inquiry
1247,740,2022-05-27,Complaint
1248,868,2022-11-07,Complaint
1249,13452,2020-06-28,Inquiry
1250,42765,2024-02-08,Complaint
1251,44172,2020-12-29,Complaint
1252,33964,2020-08-01,Complaint
1253,42683,2022-10-24,Complaint
1254,18824,2022-09-29,Complaint
1255,48792,2023-08-06,Complaint
1256,13989,2024-05-31,Inquiry
1257,33451,2024-03-17,Complaint
1258,857,2020-09-14,Inquiry
1259,5384,2022-01-21,Complaint
1260,29888,2024-04-02,Complaint
1261,42563,2025-04-10,Complaint
1262,33192,2023-09-30,Inquiry
1263,3146,2024-07-19,Complaint
1264,47599,2021-03-01,Complaint
1265,41774,2021-01-30,Inquiry
1266,3539,2021-06-20,Complaint
1267,10332,2022-09-24,Complaint
1268,7570,2023-06-11,Inquiry
1269,23250,2020-07-13,Complaint
1270,11336,2022-08-12,Inquiry
1271,39657,2021-11-29,Inquiry
1272,232,2021-06-23,Complaint
1273,2184,2025-05-20,Inquiry
1274,16571,2023-01-03,Complaint
1275,10276,2025-03-10,Inquiry
1276,20320,2023-02-21,Inquiry
1277,14357,2020-09-21,Complaint
1278,47363,2021-12-18,Complaint
1279,12888,2025-04-23,Inquiry
1280,24592,2022-02-03,Complaint
1281,39635,2024-02-17,Inquiry
1282,37431,2022-11-22,Complaint
1283,14614,2021-06-16,Complaint
1284,44657,2024-01-10,Inquiry
1285,44543,2025-04-13,Inquiry
1286,16205,2020-04-28,Inquiry
1287,41356,2022-12-02,Complaint
1288,18888,2023-12-06,Inquiry
1289,17929,2023-03-15,Inquiry
1290,45652,2023-02-20,Inquiry
1291,15300,2020-03-09,Inquiry
1292,17944,2020-02-10,Complaint
1293,40320,2020-10-26,Complaint
1294,40365,2023-12-29,Complaint
1295,34054,2020-12-19,Complaint
1296,34752,2024-04-21,Complaint
1297,25960,2020-02-28,Inquiry
1298,24975,2023-08-13,Inquiry
1299,31700,2020-06-02,Inquiry
1300,15771,2023-10-27,Complaint
1301,12514,2023-08-05,Inquiry
1302,25717,2020-04-11,Inquiry
1303,48826,2021-11-27,Complaint
1304,1802,2021-02-23,Complaint
1305,41417,2024-12-09,Complaint
1306,14920,2024-04-25,Complaint
1307,31223,2025-05-04,Complaint
1308,28289,2020-04-16,Inquiry
1309,14011,2022-11-12,Inquiry
1310,5074,2023-02-26,Inquiry
1311,41001,2020-02-23,Inquiry
1312,11354,2022-01-07,Complaint
1313,41899,2023-02-01,Inquiry
1314,6542,2020-09-03,Inquiry
1315,4509,2025-03-09,Inquiry
1316,22771,2020-08-08,Inquiry
1317,17917,2021-08-18,Complaint
1318,11465,2024-12-13,Inquiry
1319,16892,2021-02-01,Complaint
1320,40050,2021-02-10,Complaint
1321,2042,2021-03-23,Complaint
1322,34966,2024-02-01,Inquiry
1323,34392,2025-01-06,Complaint
1324,22755,2021-04-27,Inquiry
1325,38009,2022-04-16,Inquiry
1326,34015,2020-10-24,Inquiry
1327,15503,2025-04-30,Inquiry
1328,43197,2022-02-24,Inquiry
1329,25827,2024-11-21,Complaint
1330,1132,2021-06-16,Inquiry
1331,10410,2025-05-10,Complaint
1332,43746,2022-01-07,Complaint
1333,48153,2020-02-26,Complaint
1334,44921,2022-03-13,Complaint
1335,44036,2024-05-30,Inquiry
1336,29762,2020-11-12,Inquiry
1337,10623,2022-05-14,Inquiry
1338,16615,2025-06-17,Inquiry
1339,1550,2021-03-27,Inquiry
1340,16163,2021-09-03,Inquiry
1341,5453,2024-02-01,Inquiry
1342,36090,2020-05-10,Complaint
1343,31453,2025-04-27,Complaint
1344,11890,2021-09-22,Complaint
1345,44194,2021-03-24,Inquiry
1346,49306,2022-02-07,Inquiry
1347,12011,2020-07-02,Inquiry
1348,44007,2024-08-27,Inquiry
1349,8504,2021-05-12,Complaint
1350,30042,2020-08-23,Complaint
1351,39364,2024-03-07,Inquiry
1352,10108,2024-12-04,Inquiry
1353,47352,2021-02-10,Inquiry
1354,26479,2024-08-29,Complaint
1355,1411,2025-05-21,Complaint
1356,25978,2024-03-25,Inquiry
1357,26071,2023-10-25,Inquiry
1358,40072,2021-10-27,Inquiry
1359,5036,2022-01-25,Inquiry
1360,19290,2023-08-13,Complaint
1361,28110,2020-03-15,Inquiry
1362,44286,2025-06-17,Inquiry
1363,41605,2021-09-08,Complaint
1364,6330,2023-03-31,Inquiry
1365,7423,2020-12-11,Inquiry
1366,22723,2024-08-08,Inquiry
1367,40685,2023-06-15,Complaint
1368,34910,2024-12-30,Inquiry
1369,32788,2022-12-23,Inquiry
1370,1313,2020-05-12,Inquiry
1371,40397,2022-08-31,Inquiry
1372,29678,2020-08-24,Complaint
1373,8779,2020-10-06,Inquiry
1374,42394,2024-06-06,Complaint
1375,37978,2025-04-12,Complaint
1376,35587,2023-10-24,Complaint
1377,4993,2023-05-05,Inquiry
1378,17141,2020-09-04,Inquiry
1379,35345,2024-10-23,Inquiry
1380,30092,2023-03-15,Complaint
1381,26993,2023-02-15,Inquiry
1382,26193,2024-12-15,Complaint
1383,30591,2024-07-30,Complaint
1384,9831,2023-04-05,Complaint
1385,20946,2022-12-18,Complaint
1386,45306,2023-12-03,Inquiry
1387,15992,2024-06-09,Complaint
1388,23451,2025-05-02,Complaint
1389,47721,2022-09-27,Complaint
1390,41086,2025-02-16,Inquiry
1391,12599,2024-06-18,Inquiry
1392,7794,2022-08-31,Inquiry
1393,19983,2020-06-18,Inquiry
1394,40690,2024-11-12,Complaint
1395,21292,2023-11-28,Inquiry
1396,43237,2021-04-29,Complaint
1397,41157,2023-06-11,Inquiry
1398,11103,2022-06-13,Complaint
1399,42857,2025-01-06,Complaint
1400,42303,2022-01-07,Inquiry
1401,19685,2022-10-28,Inquiry
1402,33059,2023-06-22,Inquiry
1403,47123,2020-09-28,Inquiry
1404,1717,2020-07-19,Complaint
1405,43228,2025-03-07,Inquiry
1406,20482,2022-05-26,Inquiry
1407,11748,2024-04-12,Complaint
1408,20660,2022-01-23,Inquiry
1409,9074,2024-01-19,Inquiry
1410,19443,2024-07-06,Inquiry
1411,9603,2022-08-20,Inquiry
1412,264,2024-10-13,Complaint
1413,11304,2020-08-25,Inquiry
1414,40990,2024-01-21,Complaint
1415,14860,2020-09-19,Inquiry
1416,42161,2023-10-19,Inquiry
1417,41588,2023-06-04,Complaint
1418,43281,2024-09-05,Inquiry
1419,23362,2020-01-17,Complaint
1420,25573,2024-05-06,Inquiry
1421,41596,2024-11-18,Inquiry
1422,44055,2022-01-02,Complaint
1423,16039,2021-02-18,Complaint
1424,12415,2024-03-01,Complaint
1425,2331,2023-06-16,Inquiry
1426,40979,2020-12-08,Inquiry
1427,13484,2023-06-03,Inquiry
1428,2170,2022-09-19,Inquiry
1429,48450,2023-10-06,Inquiry
1430,39200,2021-06-09,Inquiry
1431,37665,2020-07-03,Complaint
1432,15531,2021-12-14,Complaint
1433,37117,2022-09-05,Inquiry
1434,36584,2020-09-08,Inquiry
1435,6670,2024-09-13,Complaint
1436,26832,2025-06-08,Inquiry
1437,38841,2022-09-27,Inquiry
1438,29538,2021-09-01,Complaint
1439,33726,2023-04-19,Inquiry
1440,19752,2020-05-23,Complaint
1441,48943,2022-03-31,Inquiry
1442,14164,2022-01-31,Complaint
1443,39788,2023-10-29,Complaint
1444,19502,2020-04-19,Complaint
1445,23658,2021-05-06,Inquiry
1446,33908,2024-03-04,Inquiry
1447,39453,2023-05-08,Complaint
1448,25851,2024-12-11,Inquiry
1449,35249,2024-12-07,Inquiry
1450,8245,2024-06-14,Complaint
1451,4745,2020-11-08,Complaint
1452,33609,2025-02-23,Complaint
1453,22575,2021-02-26,Complaint
1454,26034,2022-12-25,Inquiry
1455,20807,2024-12-09,Complaint
1456,24869,2020-06-27,Complaint
1457,6522,2021-12-25,Inquiry
1458,46866,2023-09-23,Inquiry
1459,10663,2020-07-08,Inquiry
1460,22478,2021-02-16,Complaint
1461,26296,2020-01-08,Complaint
1462,29266,2023-03-17,Complaint
1463,32392,2021-09-22,Inquiry
1464,34417,2023-02-25,Inquiry
1465,4665,2024-06-24,Inquiry
1466,4953,2024-10-25,Inquiry
1467,27156,2020-07-19,Inquiry
1468,34677,2023-08-02,Inquiry
1469,45953,2024-01-05,Inquiry
1470,16494,2022-03-29,Inquiry
1471,47741,2020-05-27,Inquiry
1472,39384,2022-03-16,Complaint
1473,2635,2020-09-07,Inquiry
1474,21044,2020-08-02,Inquiry
1475,37222,2024-03-23,Inquiry
1476,10849,2023-02-17,Inquiry
1477,22046,2022-08-18,Inquiry
1478,15610,2021-10-07,Inquiry
1479,17233,2020-06-20,Complaint
1480,24046,2020-05-08,Inquiry
1481,32133,2022-08-18,Complaint
1482,42087,2024-04-29,Complaint
1483,11646,2025-04-15,Inquiry
1484,45775,2020-03-18,Inquiry
1485,15946,2021-01-22,Complaint
1486,3942,2023-08-15,Complaint
1487,3151,2021-04-23,Inquiry
1488,40234,2020-01-25,Inquiry
1489,45610,2023-10-01,Complaint
1490,1885,2021-01-18,Complaint
1491,38208,2020-09-24,Complaint
1492,19535,2023-05-18,Inquiry
1493,3555,2024-02-16,Complaint
1494,48069,2022-03-16,Complaint
1495,14867,2023-02-04,Inquiry
1496,17935,2022-04-03,Inquiry
1497,24755,2020-09-14,Inquiry
1498,723,2021-06-07,Inquiry
1499,47835,2021-12-05,Inquiry
1500,15888,2022-04-30,Inquiry
1501,26933,2022-07-31,Inquiry
1502,39735,2024-11-11,Inquiry
1503,47871,2023-06-27,Complaint
1504,2071,2021-09-10,Inquiry
1505,11940,2025-03-23,Complaint
1506,1837,2025-05-15,Inquiry
1507,14168,2025-04-02,Complaint
1508,29127,2022-04-04,Complaint
1509,18521,2020-06-15,Complaint
1510,7408,2024-09-28,Inquiry
1511,9452,2020-04-25,Inquiry
1512,26797,2022-07-31,Complaint
1513,1031,2020-11-20,Complaint
1514,35525,2022-05-02,Complaint
1515,37225,2023-06-22,Inquiry
1516,9944,2021-12-06,Inquiry
1517,17492,2020-06-15,Inquiry
1518,2261,2021-11-26,Complaint
1519,11978,2024-09-02,Inquiry
1520,17879,2020-01-31,Complaint
1521,6901,2023-11-13,Inquiry
1522,31265,2020-09-14,Inquiry
1523,32630,2021-07-21,Inquiry
1524,46114,2022-12-07,Inquiry
1525,33359,2024-12-03,Inquiry
1526,32645,2023-12-30,Complaint
1527,34569,2020-02-09,Complaint
1528,3419,2021-06-26,Inquiry
1529,10560,2022-08-08,Inquiry
1530,6409,2024-07-15,Inquiry
1531,34610,2024-05-25,Inquiry
1532,24228,2020-02-28,Inquiry
1533,20745,2024-01-16,Inquiry
1534,40699,2020-06-08,Inquiry
1535,30239,2020-01-29,Inquiry
1536,24299,2024-09-21,Inquiry
1537,14637,2024-12-19,Complaint
1538,40719,2021-09-05,Inquiry
1539,25333,2024-10-01,Inquiry
1540,498,2023-05-17,Inquiry
1541,46505,2021-04-24,Complaint
1542,38466,2024-06-28,Inquiry
1543,17015,2023-11-02,Inquiry
1544,11258,2024-03-12,Complaint
1545,24174,2020-08-18,Complaint
1546,42603,2023-05-28,Inquiry
1547,34784,2021-08-18,Complaint
1548,14964,2023-05-18,Inquiry
1549,40475,2021-10-16,Inquiry
1550,3264,2020-10-21,Complaint
1551,4601,2021-07-05,Inquiry
1552,12600,2023-11-14,Inquiry
1553,21390,2021-11-07,Complaint
1554,23773,2021-04-27,Complaint
1555,45992,2024-12-13,Complaint
1556,46868,2021-03-10,Inquiry
1557,32615,2022-06-28,Inquiry
1558,12165,2024-10-29,Complaint
1559,34258,2025-04-11,Inquiry
1560,4786,2020-12-28,Complaint
1561,1223,2021-08-06,Complaint
1562,43096,2024-10-18,Complaint
1563,6588,2024-09-09,Inquiry
1564,1366,2021-11-03,Inquiry
1565,49051,2021-03-06,Inquiry
1566,8320,2024-11-21,Complaint
1567,41096,2022-03-07,Inquiry
1568,4352,2024-12-16,Complaint
1569,27257,2025-05-21,Complaint
1570,40143,2021-10-17,Complaint
1571,31766,2021-03-14,Inquiry
1572,6179,2020-08-24,Complaint
1573,39629,2025-04-19,Complaint
1574,20188,2020-09-15,Inquiry
1575,11357,2024-04-09,Complaint
1576,37763,2021-02-24,Complaint
1577,16512,2020-05-09,Complaint
1578,40475,2024-11-29,Inquiry
1579,24901,2020-12-29,Complaint
1580,6653,2020-11-21,Inquiry
1581,47480,2025-02-14,Complaint
1582,23996,2023-04-29,Complaint
1583,32532,2020-12-17,Complaint
1584,31255,2023-08-31,Complaint
1585,48864,2022-12-18,Inquiry
1586,28172,2024-01-02,Inquiry
1587,17649,2023-08-02,Complaint
1588,49969,2024-06-19,Inquiry
1589,23392,2024-08-22,Inquiry
1590,3570,2020-08-05,Complaint
1591,26832,2025-03-11,Inquiry
1592,7835,2021-02-03,Complaint
1593,31809,2022-01-10,Complaint
1594,31027,2024-02-01,Inquiry
1595,16844,2021-04-14,Inquiry
1596,29517,2025-05-10,Inquiry
1597,19448,2023-09-18,Inquiry
1598,47020,2021-06-04,Complaint
1599,45287,2025-01-22,Inquiry
1600,29597,2023-09-10,Inquiry
1601,34599,2023-04-30,Inquiry
1602,29200,2024-02-08,Inquiry
1603,18437,2022-12-08,Inquiry
1604,34426,2023-12-01,Complaint
1605,12459,2025-06-05,Complaint
1606,27117,2023-10-02,Inquiry
1607,17465,2020-06-17,Inquiry
1608,35937,2022-03-24,Inquiry
1609,41748,2023-05-04,Inquiry
1610,25318,2023-04-15,Inquiry
1611,22368,2021-06-12,Complaint
1612,34480,2020-04-29,Complaint
1613,14002,2024-01-30,Inquiry
1614,41474,2023-07-05,Inquiry
1615,15730,2022-08-23,Complaint
1616,423,2022-12-25,Complaint
1617,40383,2023-01-12,Inquiry
1618,28265,2021-10-11,Complaint
1619,30476,2023-01-04,Inquiry
1620,38903,2022-05-14,Inquiry
1621,32785,2020-11-23,Inquiry
1622,6918,2020-05-15,Inquiry
1623,29782,2023-08-13,Inquiry
1624,13733,2021-12-31,Inquiry
1625,10448,2023-09-25,Inquiry
1626,46827,2023-10-08,Complaint
1627,2330,2021-07-03,Complaint
1628,44464,2023-10-01,Inquiry
1629,42607,2023-10-27,Inquiry
1630,36136,2022-09-03,Complaint
1631,18079,2024-11-15,Complaint
1632,37826,2025-06-16,Inquiry
1633,13891,2022-12-27,Complaint
1634,16216,2022-03-11,Complaint
1635,7771,2024-08-13,Inquiry
1636,5756,2021-11-28,Inquiry
1637,42917,2023-09-23,Inquiry
1638,42742,2020-12-07,Complaint
1639,49508,2020-04-23,Inquiry
1640,35729,2023-06-22,Complaint
1641,46060,2025-03-20,Inquiry
1642,28648,2021-04-17,Inquiry
1643,12011,2023-02-10,Inquiry
1644,2685,2022-09-04,Inquiry
1645,36318,2025-01-29,Complaint
1646,35908,2021-07-05,Complaint
1647,40553,2020-08-10,Inquiry
1648,15419,2023-04-11,Complaint
1649,4306,2025-03-11,Inquiry
1650,14120,2023-11-09,Inquiry
1651,20959,2024-10-09,Inquiry
1652,41977,2021-03-17,Inquiry
1653,32486,2023-04-10,Inquiry
1654,29160,2021-05-22,Inquiry
1655,34956,2021-02-22,Inquiry
1656,47263,2020-07-10,Inquiry
1657,44132,2022-09-18,Inquiry
1658,24858,2023-10-27,Complaint
1659,45297,2024-05-07,Inquiry
1660,33293,2024-08-07,Complaint
1661,42475,2023-06-14,Inquiry
1662,7057,2022-08-28,Complaint
1663,28969,2023-11-21,Complaint
1664,44320,2024-05-23,Complaint
1665,9701,2023-01-03,Inquiry
1666,40726,2022-05-04,Inquiry
1667,4728,2024-12-13,Complaint
1668,37486,2021-09-02,Complaint
1669,32121,2022-07-24,Inquiry
1670,44387,2023-09-21,Complaint
1671,47410,2024-01-31,Inquiry
1672,25086,2024-12-30,Inquiry
1673,38126,2022-12-10,Complaint
1674,7574,2021-09-10,Inquiry
1675,21435,2025-05-28,Inquiry
1676,2655,2020-09-11,Inquiry
1677,29968,2024-10-16,Complaint
1678,33090,2023-08-12,Complaint
1679,32552,2021-01-25,Complaint
1680,6584,2024-10-12,Inquiry
1681,18518,2024-12-30,Complaint
1682,24248,2020-08-23,Complaint
1683,30222,2021-09-23,Complaint
1684,48958,2023-12-14,Inquiry
1685,31343,2024-04-24,Inquiry
1686,37957,2023-03-15,Inquiry
1687,17563,2022-01-17,Inquiry
1688,33232,2024-10-01,Inquiry
1689,29783,2022-03-02,Complaint
1690,36846,2024-07-04,Inquiry
1691,19530,2020-08-21,Inquiry
1692,47761,2022-01-11,Complaint
1693,47723,2020-06-07,Inquiry
1694,32487,2021-05-01,Inquiry
1695,29723,2022-08-08,Inquiry
1696,28776,2021-12-21,Inquiry
1697,20275,2024-06-11,Inquiry
1698,955,2022-06-27,Inquiry
1699,24635,2024-06-25,Inquiry
1700,45135,2022-08-14,Inquiry
1701,13411,2022-01-11,Inquiry
1702,24717,2025-04-26,Complaint
1703,29582,2021-06-22,Inquiry
1704,44614,2020-03-30,Inquiry
1705,33734,2022-03-19,Complaint
1706,31796,2022-03-21,Inquiry
1707,8288,2023-03-20,Complaint
1708,41173,2022-06-25,Inquiry
1709,44821,2022-02-01,Inquiry
1710,5278,2024-01-24,Inquiry
1711,29398,2020-01-19,Inquiry
1712,39827,2022-09-16,Inquiry
1713,6523,2021-01-10,Inquiry
1714,40239,2023-11-15,Inquiry
1715,29378,2023-05-21,Complaint
1716,2817,2023-10-22,Complaint
1717,42164,2020-04-01,Inquiry
1718,1212,2023-10-23,Complaint
1719,10876,2025-03-29,Inquiry
1720,31920,2024-09-22,Inquiry
1721,32842,2024-07-03,Inquiry
1722,8663,2020-08-18,Inquiry
1723,10356,2025-01-12,Complaint
1724,4048,2020-06-01,Inquiry
1725,33207,2020-08-02,Inquiry
1726,14595,2022-09-18,Complaint
1727,48502,2021-06-08,Inquiry
1728,27202,2023-06-27,Inquiry
1729,27270,2025-06-18,Complaint
1730,17814,2024-09-18,Inquiry
1731,30531,2023-12-31,Complaint
1732,39189,2025-05-31,Complaint
1733,38309,2020-05-07,Inquiry
1734,161,2024-04-22,Complaint
1735,32372,2023-03-12,Inquiry
1736,44801,2023-09-21,Inquiry
1737,17018,2023-08-15,Complaint
1738,15725,2022-02-04,Complaint
1739,10567,2023-10-30,Complaint
1740,20389,2025-01-10,Inquiry
1741,23592,2023-02-12,Inquiry
1742,27967,2020-02-01,Inquiry
1743,28212,2025-01-02,Inquiry
1744,24475,2024-05-27,Complaint
1745,24302,2022-03-11,Inquiry
1746,49588,2024-05-08,Inquiry
1747,18973,2020-10-06,Inquiry
1748,4910,2022-06-18,Inquiry
1749,31810,2021-05-27,Complaint
1750,22318,2021-07-28,Inquiry
1751,42451,2023-08-04,Complaint
1752,19393,2022-08-18,Inquiry
1753,20409,2024-09-10,Inquiry
1754,45596,2023-03-07,Complaint
1755,24978,2023-10-21,Inquiry
1756,27886,2024-04-05,Complaint
1757,14226,2022-11-04,Inquiry
1758,7448,2025-02-14,Inquiry
1759,48051,2023-12-23,Inquiry
1760,29213,2024-05-06,Complaint
1761,38675,2022-02-15,Inquiry
1762,30707,2024-03-19,Inquiry
1763,33439,2024-10-12,Complaint
1764,17247,2020-01-28,Inquiry
1765,18518,2023-05-26,Inquiry
1766,46237,2024-07-13,Inquiry
1767,47380,2025-05-18,Inquiry
1768,22596,2024-11-23,Complaint
1769,37550,2023-04-14,Inquiry
1770,24851,2020-12-30,Complaint
1771,10887,2022-01-17,Complaint
1772,19856,2024-11-23,Inquiry
1773,40628,2024-07-03,Inquiry
1774,32551,2022-07-25,Complaint
1775,24875,2024-04-11,Inquiry
1776,20587,2024-06-26,Inquiry
1777,1236,2024-04-04,Inquiry
1778,17796,2020-06-07,Complaint
1779,18703,2021-01-30,Inquiry
1780,8747,2021-12-29,Complaint
1781,44318,2022-05-15,Inquiry
1782,41767,2025-01-19,Inquiry
1783,8299,2021-04-18,Inquiry
1784,4110,2022-05-24,Inquiry
1785,3782,2021-09-30,Inquiry
1786,43606,2022-12-08,Inquiry
1787,32620,2021-09-02,Inquiry
1788,45842,2024-07-12,Inquiry
1789,21503,2025-04-03,Inquiry
1790,19758,2021-02-27,Inquiry
1791,46415,2020-04-12,Complaint
1792,29717,2020-10-30,Complaint
1793,9548,2021-01-12,Complaint
1794,39387,2025-05-18,Inquiry
1795,45245,2021-08-26,Complaint
1796,5323,2022-07-21,Complaint
1797,11103,2023-01-18,Inquiry
1798,26689,2025-04-30,Complaint
1799,18841,2022-09-20,Inquiry
1800,10739,2023-03-18,Inquiry
1801,30425,2024-07-28,Inquiry
1802,39377,2023-08-04,Complaint
1803,6727,2021-08-04,Inquiry
1804,10016,2025-01-14,Inquiry
1805,18864,2024-09-16,Complaint
1806,6251,2023-07-25,Inquiry
1807,8227,2021-02-22,Inquiry
1808,31948,2023-02-28,Inquiry
1809,498,2025-03-18,Complaint
1810,35815,2020-05-29,Complaint
1811,9038,2020-03-20,Inquiry
1812,46344,2025-01-04,Inquiry
1813,4886,2024-08-10,Complaint
1814,20172,2020-05-20,Complaint
1815,23968,2022-11-28,Inquiry
1816,21550,2021-03-26,Inquiry
1817,12577,2022-12-10,Inquiry
1818,41717,2023-04-30,Inquiry
1819,43612,2025-01-10,Inquiry
1820,41027,2022-07-04,Complaint
1821,18289,2022-01-23,Inquiry
1822,11344,2021-06-02,Inquiry
1823,17842,2020-11-20,Inquiry
1824,49278,2020-08-20,Inquiry
1825,6636,2023-04-23,Complaint
1826,13322,2020-10-31,Complaint
1827,2433,2025-03-31,Inquiry
1828,28103,2023-02-09,Inquiry
1829,20399,2020-06-21,Complaint
1830,14599,2023-04-10,Complaint
1831,48494,2023-11-18,Inquiry
1832,958,2021-12-22,Inquiry
1833,1716,2024-07-09,Complaint
1834,12089,2023-01-29,Complaint
1835,38233,2021-10-08,Inquiry
1836,18949,2022-06-03,Inquiry
1837,7879,2022-09-15,Inquiry
1838,20791,2023-12-11,Complaint
1839,25017,2022-06-14,Inquiry
1840,21347,2024-01-31,Complaint
1841,5195,2020-01-21,Complaint
1842,29772,2020-02-16,Inquiry
1843,24823,2022-06-26,Complaint
1844,37415,2022-07-18,Inquiry
1845,80,2023-12-27,Inquiry
1846,8553,2023-08-18,Complaint
1847,27563,2022-12-21,Inquiry
1848,36551,2022-01-23,Complaint
1849,30677,2020-04-21,Inquiry
1850,4618,2024-07-09,Complaint
1851,891,2021-06-11,Inquiry
1852,4434,2023-04-24,Inquiry
1853,27904,2022-09-21,Inquiry
1854,29439,2025-01-11,Complaint
1855,39454,2021-04-20,Inquiry
1856,17005,2023-02-01,Complaint
1857,41455,2024-06-19,Inquiry
1858,11791,2021-09-03,Inquiry
1859,40793,2024-06-08,Inquiry
1860,43036,2021-01-19,Complaint
1861,36193,2023-10-05,Inquiry
1862,38649,2021-05-27,Inquiry
1863,9999,2023-11-24,Complaint
1864,7801,2023-06-14,Complaint
1865,20518,2023-08-30,Inquiry
1866,7523,2024-04-30,Complaint
1867,10528,2020-06-07,Inquiry
1868,2766,2021-04-13,Complaint
1869,8013,2021-08-20,Complaint
1870,47503,2024-02-27,Complaint
1871,37592,2022-04-14,Inquiry
1872,26324,2022-07-20,Inquiry
1873,37695,2020-03-19,Inquiry
1874,31745,2020-08-19,Complaint
1875,12686,2023-01-29,Inquiry
1876,43138,2024-11-19,Inquiry
1877,48136,2021-12-22,Inquiry
1878,40980,2022-04-01,Complaint
1879,44588,2020-07-08,Inquiry
1880,7483,2021-03-16,Complaint
1881,10485,2021-05-08,Complaint
1882,22412,2025-05-26,Complaint
1883,38612,2020-11-28,Complaint
1884,31562,2021-08-19,Complaint
1885,6933,2020-08-24,Inquiry
1886,28867,2022-05-24,Complaint
1887,19588,2021-04-13,Inquiry
1888,30936,2023-05-30,Inquiry
1889,21174,2024-12-23,Inquiry
1890,43237,2025-06-05,Complaint
1891,33435,2020-11-21,Inquiry
1892,19056,2025-06-06,Inquiry
1893,37599,2022-11-19,Inquiry
1894,253,2020-02-01,Inquiry
1895,25290,2025-02-06,Inquiry
1896,34116,2024-05-02,Inquiry
1897,33740,2024-11-02,Inquiry
1898,14415,2025-06-07,Inquiry
1899,10714,2025-04-23,Complaint
1900,27298,2020-12-26,Complaint
1901,37761,2022-11-03,Complaint
1902,17709,2024-04-28,Inquiry
1903,15634,2022-01-27,Inquiry
1904,20335,2024-09-28,Complaint
1905,29951,2024-02-01,Complaint
1906,1330,2023-08-18,Inquiry
1907,11554,2025-04-17,Complaint
1908,12342,2023-05-20,Inquiry
1909,1206,2024-09-28,Inquiry
1910,22836,2023-04-28,Inquiry
1911,3486,2023-06-19,Complaint
1912,33845,2024-10-02,Complaint
1913,3224,2021-04-11,Complaint
1914,19762,2024-02-10,Inquiry
1915,24302,2022-07-17,Complaint
1916,38717,2021-06-24,Complaint
1917,6234,2022-10-17,Inquiry
1918,34806,2025-05-07,Inquiry
1919,30446,2023-12-31,Complaint
1920,1523,2023-10-19,Inquiry
1921,25645,2023-01-02,Inquiry
1922,15957,2024-06-08,Complaint
1923,23277,2023-08-31,Inquiry
1924,17394,2022-11-08,Complaint
1925,13299,2023-10-29,Complaint
1926,9250,2024-10-13,Inquiry
1927,18571,2021-12-06,Inquiry
1928,12205,2023-04-02,Inquiry
1929,20529,2023-07-24,Inquiry
1930,6568,2022-01-11,Inquiry
1931,35763,2022-11-06,Inquiry
1932,27975,2020-09-09,Complaint
1933,42083,2020-03-27,Complaint
1934,14455,2022-04-10,Inquiry
1935,31388,2024-01-12,Inquiry
1936,4030,2024-08-20,Inquiry
1937,7823,2024-10-13,Complaint
1938,44070,2021-09-28,Inquiry
1939,4969,2020-11-25,Inquiry
1940,27441,2023-04-02,Inquiry
1941,42802,2025-04-04,Inquiry
1942,14990,2020-03-20,Complaint
1943,9327,2024-01-04,Inquiry
1944,41588,2022-06-07,Complaint
1945,45078,2024-11-13,Inquiry
1946,41785,2025-01-24,Complaint
1947,29013,2023-04-13,Inquiry
1948,45865,2025-04-07,Complaint
1949,48037,2024-07-22,Inquiry
1950,1897,2023-01-11,Complaint
1951,37065,2021-02-08,Inquiry
1952,40679,2024-10-07,Inquiry
1953,5604,2025-02-07,Inquiry
1954,48671,2020-11-30,Inquiry
1955,42809,2021-06-08,Inquiry
1956,15247,2021-06-04,Inquiry
1957,10330,2023-05-18,Complaint
1958,32029,2022-10-01,Complaint
1959,30171,2022-08-15,Inquiry
1960,17109,2023-09-16,Inquiry
1961,13516,2023-02-19,Inquiry
1962,23587,2020-06-13,Inquiry
1963,11703,2022-06-08,Complaint
1964,44258,2021-01-17,Complaint
1965,29217,2020-05-26,Inquiry
1966,16682,2024-05-24,Complaint
1967,16727,2024-06-22,Complaint
1968,18312,2021-06-11,Complaint
1969,15462,2025-03-20,Complaint
1970,44627,2022-12-01,Complaint
1971,28026,2023-04-01,Inquiry
1972,40947,2023-09-07,Inquiry
1973,47075,2020-06-09,Inquiry
1974,31451,2020-10-30,Complaint
1975,11765,2025-05-21,Inquiry
1976,25471,2023-08-02,Inquiry
1977,4254,2024-01-02,Inquiry
1978,3693,2020-12-07,Complaint
1979,3924,2025-01-01,Inquiry
1980,11338,2020-03-17,Complaint
1981,14617,2022-01-24,Inquiry
1982,34113,2022-04-17,Inquiry
1983,30110,2025-02-14,Complaint
1984,525,2022-05-17,Inquiry
1985,23052,2022-07-16,Inquiry
1986,31046,2024-02-18,Complaint
1987,2633,2023-07-28,Complaint
1988,16934,2021-03-30,Inquiry
1989,12084,2023-03-16,Inquiry
1990,27974,2020-09-08,Inquiry
1991,19455,2021-07-17,Inquiry
1992,1059,2023-11-01,Inquiry
1993,14364,2022-01-03,Complaint
1994,5765,2025-05-19,Inquiry
1995,41684,2020-12-30,Inquiry
1996,46358,2020-06-30,Complaint
1997,32947,2022-11-07,Inquiry
1998,7511,2024-07-15,Inquiry
1999,29305,2020-03-28,Inquiry
2000,4300,2021-12-02,Inquiry
2001,23471,2023-10-26,Complaint
2002,10081,2020-11-18,Inquiry
2003,41590,2021-03-28,Inquiry
2004,24953,2022-09-11,Inquiry
2005,35268,2024-05-28,Inquiry
2006,2479,2021-12-11,Complaint
2007,18288,2021-03-06,Inquiry
2008,14567,2023-07-27,Inquiry
2009,48380,2023-03-20,Inquiry
2010,7240,2022-10-19,Inquiry
2011,6390,2020-05-31,Complaint
2012,41264,2021-06-26,Complaint
2013,6578,2024-05-10,Inquiry
2014,15153,2023-03-15,Inquiry
2015,43468,2025-04-17,Inquiry
2016,33982,2021-02-05,Complaint
2017,32035,2020-11-24,Inquiry
2018,38472,2022-11-25,Inquiry
2019,23813,2024-08-12,Inquiry
2020,28748,2020-03-19,Inquiry
2021,22746,2023-01-15,Inquiry
2022,47013,2022-01-06,Inquiry
2023,38377,2020-07-25,Inquiry
2024,11593,2023-08-28,Complaint
2025,38057,2020-08-22,Inquiry
2026,30556,2022-01-06,Complaint
2027,40573,2021-07-23,Complaint
2028,8232,2021-02-11,Complaint
2029,48186,2021-12-18,Inquiry
2030,20168,2020-05-22,Complaint
2031,11522,2024-05-03,Inquiry
2032,28850,2020-03-06,Inquiry
2033,30453,2025-04-21,Complaint
2034,895,2023-10-27,Complaint
2035,8303,2023-09-23,Complaint
2036,42101,2022-10-17,Inquiry
2037,21912,2020-05-29,Inquiry
2038,603,2023-11-21,Complaint
2039,43297,2021-12-11,Inquiry
2040,16326,2021-10-02,Complaint
2041,13790,2023-02-27,Inquiry
2042,11162,2023-01-15,Complaint
2043,35278,2023-12-29,Inquiry
2044,47327,2020-08-08,Inquiry
2045,45584,2022-01-21,Inquiry
2046,4117,2024-02-17,Complaint
2047,22914,2020-08-13,Inquiry
2048,17339,2023-02-06,Inquiry
2049,35975,2024-04-12,Inquiry
2050,27610,2024-04-03,Inquiry
2051,1746,2025-06-17,Complaint
2052,16897,2020-09-06,Inquiry
2053,4315,2025-04-25,Inquiry
2054,36616,2025-01-12,Complaint
2055,35686,2021-07-11,Inquiry
2056,13186,2020-04-28,Inquiry
2057,36116,2024-03-19,Inquiry
2058,17102,2021-05-20,Complaint
2059,27555,2023-12-23,Inquiry
2060,40892,2022-09-26,Complaint
2061,47647,2023-07-18,Inquiry
2062,27305,2022-06-16,Complaint
2063,6595,2022-03-30,Inquiry
2064,40776,2020-08-08,Inquiry
2065,45018,2022-07-05,Inquiry
2066,31759,2025-02-01,Inquiry
2067,16229,2020-03-08,Complaint
2068,43215,2020-03-09,Inquiry
2069,33013,2020-08-16,Complaint
2070,11756,2020-07-23,Complaint
2071,44899,2023-01-04,Inquiry
2072,37880,2021-11-25,Inquiry
2073,32294,2025-01-28,Inquiry
2074,25297,2023-01-24,Inquiry
2075,29560,2024-04-16,Inquiry
2076,12404,2020-03-06,Inquiry
2077,9183,2022-04-27,Complaint
2078,38917,2024-03-04,Complaint
2079,13058,2022-06-17,Complaint
2080,31706,2021-06-20,Complaint
2081,12198,2024-01-31,Inquiry
2082,35877,2021-12-07,Inquiry
2083,48266,2022-08-28,Inquiry
2084,33499,2024-05-24,Complaint
2085,30536,2021-07-11,Inquiry
2086,23626,2023-09-30,Complaint
2087,36347,2020-04-01,Inquiry
2088,6243,2020-09-16,Complaint
2089,39064,2020-08-09,Inquiry
2090,33816,2022-06-16,Complaint
2091,39263,2021-11-17,Inquiry
2092,5380,2020-07-18,Inquiry
2093,43048,2025-03-14,Inquiry
2094,21902,2020-07-09,Inquiry
2095,1892,2023-08-18,Inquiry
2096,30490,2025-03-29,Complaint
2097,26508,2023-10-25,Inquiry
2098,3956,2025-06-03,Inquiry
2099,4742,2022-06-28,Inquiry
2100,1563,2023-11-12,Inquiry
2101,25870,2025-01-15,Inquiry
2102,37654,2022-12-16,Inquiry
2103,33201,2023-04-11,Inquiry
2104,44564,2023-06-18,Inquiry
2105,2435,2022-05-14,Inquiry
2106,16512,2024-12-12,Inquiry
2107,6089,2022-11-28,Complaint
2108,20816,2022-09-09,Complaint
2109,49130,2023-03-05,Complaint
2110,33737,2021-04-11,Inquiry
2111,47897,2024-04-30,Complaint
2112,12059,2023-09-05,Complaint
2113,41691,2023-08-24,Complaint
2114,41494,2022-02-01,Complaint
2115,12866,2025-04-22,Inquiry
2116,304,2021-04-18,Complaint
2117,34997,2024-10-11,Inquiry
2118,39031,2023-10-29,Complaint
2119,22401,2020-01-29,Inquiry
2120,39862,2020-02-20,Complaint
2121,45032,2022-11-03,Inquiry
2122,21002,2022-07-20,Inquiry
2123,31500,2020-08-28,Inquiry
2124,933,2024-03-26,Complaint
2125,46382,2023-04-22,Complaint
2126,21265,2020-02-19,Complaint
2127,21232,2025-01-10,Complaint
2128,31387,2021-12-13,Inquiry
2129,7695,2023-12-17,Inquiry
2130,18149,2020-08-18,Inquiry
2131,12717,2024-05-19,Inquiry
2132,49705,2022-11-23,Complaint
2133,4803,2024-04-14,Inquiry
2134,20869,2023-07-24,Inquiry
2135,28066,2024-10-04,Complaint
2136,49599,2024-03-18,Inquiry
2137,47970,2024-11-02,Inquiry
2138,47957,2022-01-16,Inquiry
2139,16525,2021-06-27,Complaint
2140,19033,2024-11-26,Inquiry
2141,31502,2023-04-23,Inquiry
2142,25042,2021-12-08,Inquiry
2143,33597,2022-09-08,Complaint
2144,46840,2022-04-04,Inquiry
2145,33667,2022-10-09,Inquiry
2146,39811,2021-02-10,Complaint
2147,48685,2020-02-19,Complaint
2148,7662,2024-02-16,Inquiry
2149,9696,2024-03-08,Inquiry
2150,22116,2024-03-09,Complaint
2151,6956,2021-10-16,Inquiry
2152,13671,2021-03-09,Inquiry
2153,18725,2022-04-10,Complaint
2154,2147,2024-12-16,Complaint
2155,6427,2020-12-26,Inquiry
2156,17048,2023-04-07,Complaint
2157,2488,2024-05-01,Complaint
2158,38820,2021-02-25,Inquiry
2159,35811,2024-03-21,Complaint
2160,47238,2024-05-20,Complaint
2161,22983,2023-01-22,Inquiry
2162,45262,2023-12-22,Inquiry
2163,31761,2024-04-03,Complaint
2164,35773,2023-08-02,Complaint
2165,20123,2023-02-10,Inquiry
2166,39658,2024-10-18,Inquiry
2167,32766,2020-04-21,Complaint
2168,41004,2020-04-18,Inquiry
2169,17022,2024-12-30,Inquiry
2170,19843,2021-03-13,Complaint
2171,48423,2020-10-11,Complaint
2172,9635,2022-04-15,Inquiry
2173,17602,2020-01-10,Inquiry
2174,46419,2021-08-17,Inquiry
2175,7402,2020-12-17,Inquiry
2176,25559,2025-05-01,Inquiry
2177,11409,2020-02-27,Complaint
2178,33929,2024-05-12,Inquiry
2179,42531,2023-03-11,Complaint
2180,15113,2020-08-16,Inquiry
2181,2883,2025-03-29,Complaint
2182,23040,2021-01-29,Inquiry
2183,26213,2023-01-04,Inquiry
2184,14037,2025-05-14,Complaint
2185,5561,2021-03-28,Inquiry
2186,32988,2023-09-20,Inquiry
2187,24290,2022-11-11,Inquiry
2188,40875,2020-07-15,Inquiry
2189,23446,2022-05-22,Inquiry
2190,49381,2022-10-20,Inquiry
2191,28092,2021-04-07,Inquiry
2192,30878,2023-10-30,Inquiry
2193,28191,2025-06-11,Inquiry
2194,16720,2023-06-26,Inquiry
2195,49652,2025-02-10,Complaint
2196,739,2021-07-20,Inquiry
2197,47169,2024-12-14,Complaint
2198,5825,2024-06-26,Complaint
2199,33495,2020-11-01,Complaint
2200,20178,2021-03-26,Complaint
2201,260,2021-10-30,Complaint
2202,16650,2021-02-11,Inquiry
2203,795,2023-02-06,Inquiry
2204,16495,2020-10-03,Inquiry
2205,10498,2020-08-29,Complaint
2206,18999,2020-12-27,Inquiry
2207,43588,2023-08-11,Inquiry
2208,33192,2024-10-11,Complaint
2209,36705,2020-06-27,Complaint
2210,19945,2023-10-08,Complaint
2211,2696,2020-11-24,Complaint
2212,2319,2023-07-28,Complaint
2213,3133,2023-09-21,Complaint
2214,38023,2020-04-22,Inquiry
2215,12669,2025-02-24,Inquiry
2216,29422,2020-09-30,Inquiry
2217,43486,2021-05-03,Inquiry
2218,2712,2022-01-19,Inquiry
2219,16404,2025-01-21,Inquiry
2220,27191,2024-02-29,Inquiry
2221,20485,2024-05-15,Complaint
2222,29191,2022-10-15,Complaint
2223,30208,2020-08-21,Complaint
2224,21242,2025-04-13,Complaint
2225,33869,2022-02-28,Complaint
2226,34837,2022-12-12,Inquiry
2227,693,2022-03-04,Inquiry
2228,28558,2020-06-27,Inquiry
2229,49789,2023-08-01,Inquiry
2230,18997,2023-01-12,Inquiry
2231,35254,2024-06-18,Inquiry
2232,29976,2023-10-17,Inquiry
2233,13262,2022-09-11,Inquiry
2234,30642,2023-03-22,Inquiry
2235,21382,2024-04-06,Inquiry
2236,7128,2021-08-11,Complaint
2237,12253,2024-01-04,Inquiry
2238,17178,2023-01-04,Inquiry
2239,33186,2020-11-27,Complaint
2240,30764,2023-11-06,Complaint
2241,5573,2025-01-25,Inquiry
2242,1762,2022-11-13,Complaint
2243,39629,2020-12-25,Inquiry
2244,40965,2021-10-05,Inquiry
2245,3541,2020-01-21,Inquiry
2246,12763,2021-11-26,Complaint
2247,2855,2020-03-07,Inquiry
2248,14704,2025-06-04,Inquiry
2249,40501,2024-05-10,Complaint
2250,36104,2024-10-08,Complaint
2251,23748,2024-12-09,Inquiry
2252,37958,2024-08-29,Inquiry
2253,44639,2020-02-09,Inquiry
2254,15173,2024-01-29,Complaint
2255,44908,2025-04-04,Inquiry
2256,23686,2024-05-30,Inquiry
2257,14466,2024-03-25,Inquiry
2258,12545,2024-06-01,Inquiry
2259,30014,2023-06-19,Inquiry
2260,41047,2024-04-27,Inquiry
2261,16110,2020-08-11,Inquiry
2262,4843,2023-09-10,Complaint
2263,42898,2024-08-31,Complaint
2264,44921,2022-12-15,Complaint
2265,20176,2024-03-06,Inquiry
2266,33764,2023-06-21,Complaint
2267,28447,2021-08-10,Inquiry
2268,21526,2024-02-28,Complaint
2269,28027,2025-06-17,Complaint
2270,34824,2023-10-10,Complaint
2271,30694,2025-02-18,Inquiry
2272,13085,2020-06-23,Inquiry
2273,20560,2020-02-09,Complaint
2274,36490,2024-09-15,Inquiry
2275,32696,2022-02-12,Inquiry
2276,32187,2020-03-16,Complaint
2277,31310,2022-01-25,Inquiry
2278,7152,2025-05-08,Inquiry
2279,26336,2020-03-12,Inquiry
2280,31639,2020-07-28,Complaint
2281,45455,2023-08-12,Inquiry
2282,36732,2021-01-07,Complaint
2283,2681,2022-05-22,Complaint
2284,5658,2020-03-20,Inquiry
2285,13452,2025-04-13,Inquiry
2286,29376,2023-01-07,Inquiry
2287,45075,2022-02-14,Inquiry
2288,49,2023-01-07,Complaint
2289,46319,2024-03-11,Complaint
2290,42728,2022-12-21,Complaint
2291,16787,2022-06-01,Complaint
2292,6136,2021-08-02,Inquiry
2293,29024,2022-09-30,Inquiry
2294,21962,2024-06-18,Complaint
2295,49883,2022-08-13,Inquiry
2296,44311,2021-04-01,Complaint
2297,37432,2020-05-06,Complaint
2298,15039,2023-08-10,Complaint
2299,44789,2020-07-03,Inquiry
2300,14272,2024-01-26,Inquiry
2301,18322,2023-12-29,Complaint
2302,17251,2022-08-09,Inquiry
2303,49074,2023-09-04,Complaint
2304,9869,2021-10-26,Inquiry
2305,11074,2021-11-30,Inquiry
2306,47012,2021-12-05,Inquiry
2307,35222,2022-05-08,Inquiry
2308,3711,2020-10-23,Inquiry
2309,23892,2024-01-11,Complaint
2310,10375,2022-09-12,Complaint
2311,30799,2022-06-25,Complaint
2312,24925,2024-04-28,Complaint
2313,4848,2024-05-04,Complaint
2314,25736,2023-04-10,Inquiry
2315,21911,2022-09-07,Complaint
2316,48756,2023-08-20,Inquiry
2317,35469,2022-10-02,Inquiry
2318,11141,2023-12-09,Complaint
2319,48211,2021-04-27,Complaint
2320,40711,2021-02-20,Inquiry
2321,18298,2020-01-21,Complaint
2322,7013,2024-02-08,Inquiry
2323,49545,2024-03-14,Inquiry
2324,21011,2021-07-26,Inquiry
2325,3265,2022-10-27,Inquiry
2326,28907,2020-10-10,Inquiry
2327,41796,2021-10-30,Inquiry
2328,33234,2022-12-09,Inquiry
2329,13767,2025-04-05,Complaint
2330,1747,2023-03-08,Inquiry
2331,47284,2021-10-04,Complaint
2332,37847,2024-12-06,Complaint
2333,2076,2023-06-14,Complaint
2334,2013,2023-12-02,Inquiry
2335,23852,2020-03-26,Inquiry
2336,18800,2021-01-05,Inquiry
2337,44036,2021-05-13,Complaint
2338,3486,2023-09-15,Inquiry
2339,26669,2024-04-07,Complaint
2340,23037,2024-04-29,Inquiry
2341,43834,2023-05-03,Inquiry
2342,35390,2024-09-25,Complaint
2343,8758,2024-04-05,Inquiry
2344,3864,2023-09-13,Inquiry
2345,21984,2020-02-17,Inquiry
2346,19531,2020-01-17,Complaint
2347,1438,2022-02-23,Inquiry
2348,5755,2021-09-16,Inquiry
2349,36570,2020-03-24,Inquiry
2350,44368,2024-09-15,Inquiry
2351,24299,2020-04-13,Complaint
2352,2489,2022-08-23,Inquiry
2353,12926,2020-03-27,Inquiry
2354,32089,2024-01-05,Inquiry
2355,39124,2022-08-25,Inquiry
2356,22666,2020-04-07,Inquiry
2357,46823,2023-10-04,Complaint
2358,4206,2022-04-01,Complaint
2359,23611,2023-04-18,Complaint
2360,47764,2022-09-03,Complaint
2361,19276,2023-06-28,Inquiry
2362,19132,2022-12-03,Complaint
2363,7040,2020-10-08,Inquiry
2364,22160,2022-12-24,Complaint
2365,9039,2020-11-20,Complaint
2366,27838,2023-11-27,Inquiry
2367,31194,2023-11-21,Inquiry
2368,37048,2020-12-15,Complaint
2369,971,2025-01-22,Inquiry
2370,36483,2020-04-25,Complaint
2371,9602,2023-03-30,Inquiry
2372,20652,2024-09-14,Complaint
2373,24189,2024-02-22,Inquiry
2374,25171,2024-08-12,Inquiry
2375,2912,2024-05-22,Inquiry
2376,19543,2023-07-29,Complaint
2377,42997,2023-01-15,Inquiry
2378,23064,2021-05-05,Inquiry
2379,33805,2020-12-05,Complaint
2380,46081,2024-04-22,Inquiry
2381,25639,2022-10-23,Complaint
2382,37253,2020-04-10,Inquiry
2383,32757,2022-12-03,Inquiry
2384,14443,2024-09-24,Inquiry
2385,6285,2023-03-25,Complaint
2386,8165,2024-10-06,Inquiry
2387,11016,2024-02-23,Complaint
2388,46385,2023-03-11,Inquiry
2389,37552,2024-03-09,Complaint
2390,10024,2023-02-24,Complaint
2391,32286,2023-04-12,Inquiry
2392,18092,2020-04-27,Inquiry
2393,32732,2020-01-25,Inquiry
2394,28125,2020-09-26,Inquiry
2395,33845,2025-01-27,Inquiry
2396,22180,2020-08-14,Inquiry
2397,19540,2023-04-12,Inquiry
2398,18501,2020-08-12,Inquiry
2399,21670,2022-02-15,Complaint
2400,32903,2021-09-21,Complaint
2401,14411,2022-01-14,Inquiry
2402,18171,2023-04-17,Inquiry
2403,8395,2024-12-02,Inquiry
2404,5844,2024-07-24,Inquiry
2405,4385,2023-10-15,Inquiry
2406,47951,2021-11-08,Inquiry
2407,33604,2020-02-10,Inquiry
2408,4403,2022-06-17,Inquiry
2409,23946,2025-06-21,Complaint
2410,31654,2024-04-29,Complaint
2411,23464,2023-07-31,Inquiry
2412,11779,2021-07-22,Inquiry
2413,20632,2025-01-21,Complaint
2414,21634,2022-03-14,Complaint
2415,18455,2023-02-08,Complaint
2416,28211,2025-01-30,Complaint
2417,27451,2023-10-06,Inquiry
2418,24618,2025-03-07,Inquiry
2419,48531,2021-12-18,Complaint
2420,49434,2024-02-11,Inquiry
2421,8530,2020-12-27,Inquiry
2422,18560,2025-01-24,Inquiry
2423,33708,2022-01-23,Inquiry
2424,816,2023-09-26,Inquiry
2425,31817,2024-06-18,Complaint
2426,38248,2023-11-09,Complaint
2427,40356,2022-09-12,Inquiry
2428,35593,2024-05-18,Inquiry
2429,22625,2020-03-19,Inquiry
2430,2443,2022-08-20,Inquiry
2431,25066,2022-06-28,Complaint
2432,38057,2024-07-12,Inquiry
2433,16472,2022-11-17,Inquiry
2434,9248,2024-02-24,Complaint
2435,37549,2021-06-02,Inquiry
2436,12193,2022-03-30,Inquiry
2437,10434,2021-03-05,Inquiry
2438,39630,2020-02-20,Complaint
2439,29015,2024-10-24,Inquiry
2440,30820,2021-09-03,Inquiry
2441,2881,2022-08-05,Inquiry
2442,41248,2022-10-01,Complaint
2443,15941,2020-05-06,Inquiry
2444,24484,2022-12-05,Inquiry
2445,27158,2020-01-08,Complaint
2446,20549,2020-02-19,Inquiry
2447,3837,2024-10-30,Complaint
2448,35252,2021-11-23,Inquiry
2449,13379,2021-11-13,Inquiry
2450,26904,2024-07-10,Inquiry
2451,4601,2025-03-26,Complaint
2452,4065,2021-08-07,Inquiry
2453,10588,2022-03-11,Inquiry
2454,36181,2025-05-04,Inquiry
2455,29648,2024-04-22,Complaint
2456,29363,2022-07-14,Complaint
2457,26579,2023-12-18,Inquiry
2458,6758,2020-09-12,Complaint
2459,44536,2025-01-30,Complaint
2460,33362,2024-11-26,Complaint
2461,34988,2021-11-06,Complaint
2462,46090,2023-02-22,Inquiry
2463,2807,2020-07-08,Inquiry
2464,24817,2025-01-10,Inquiry
2465,1569,2024-10-05,Inquiry
2466,783,2023-03-21,Inquiry
2467,10237,2023-03-21,Complaint
2468,25548,2023-05-30,Inquiry
2469,33970,2022-10-20,Inquiry
2470,34425,2022-12-12,Inquiry
2471,30593,2022-11-25,Complaint
2472,21286,2021-06-26,Complaint
2473,19042,2020-02-16,Inquiry
2474,29196,2020-08-06,Inquiry
2475,16670,2020-12-27,Inquiry
2476,9995,2023-11-15,Complaint
2477,45129,2020-11-02,Inquiry
2478,11308,2024-06-18,Complaint
2479,45230,2023-03-25,Inquiry
2480,26183,2022-12-24,Inquiry
2481,46801,2022-03-03,Complaint
2482,43034,2025-04-12,Inquiry
2483,1307,2024-03-12,Complaint
2484,31713,2025-01-02,Inquiry
2485,18727,2021-09-08,Complaint
2486,49541,2020-09-05,Complaint
2487,17893,2022-02-01,Inquiry
2488,20169,2021-08-13,Complaint
2489,40151,2023-01-28,Complaint
2490,38652,2024-08-27,Inquiry
2491,18142,2023-09-29,Inquiry
2492,49665,2025-04-21,Complaint
2493,37640,2022-12-19,Complaint
2494,28417,2022-05-22,Inquiry
2495,32007,2025-05-04,Inquiry
2496,9126,2024-08-17,Complaint
2497,33083,2023-07-21,Complaint
2498,26947,2024-06-03,Inquiry
2499,490,2020-11-22,Inquiry
2500,48509,2023-04-02,Inquiry
2501,6408,2023-03-15,Complaint
2502,49186,2022-04-18,Complaint
2503,24232,2024-04-22,Complaint
2504,19242,2023-08-19,Inquiry
2505,45792,2024-01-12,Inquiry
2506,26016,2023-08-08,Complaint
2507,12229,2022-12-05,Inquiry
2508,47707,2023-05-23,Inquiry
2509,4458,2023-12-23,Inquiry
2510,23925,2020-09-19,Inquiry
2511,40631,2024-03-02,Inquiry
2512,42636,2021-10-06,Complaint
2513,38858,2024-02-06,Inquiry
2514,47873,2022-08-29,Inquiry
2515,36437,2023-09-09,Inquiry
2516,39035,2022-02-27,Complaint
2517,16263,2022-03-27,Inquiry
2518,31626,2025-05-13,Inquiry
2519,21969,2023-06-28,Complaint
2520,5374,2021-12-16,Inquiry
2521,26032,2021-03-01,Complaint
2522,47041,2023-10-23,Inquiry
2523,26538,2025-06-14,Inquiry
2524,39693,2025-05-04,Inquiry
2525,20631,2021-02-11,Inquiry
2526,20977,2021-10-26,Complaint
2527,47417,2024-07-20,Inquiry
2528,42204,2024-09-11,Inquiry
2529,2282,2022-10-03,Complaint
2530,1811,2021-06-30,Inquiry
2531,49802,2020-03-08,Inquiry
2532,27474,2021-08-03,Inquiry
2533,24456,2023-09-10,Inquiry
2534,32144,2023-03-13,Complaint
2535,48500,2024-02-11,Complaint
2536,13475,2023-02-23,Inquiry
2537,45804,2024-01-27,Complaint
2538,10042,2021-03-01,Inquiry
2539,26865,2021-04-29,Inquiry
2540,19888,2022-12-12,Inquiry
2541,432,2020-12-30,Inquiry
2542,29559,2020-10-28,Complaint
2543,8727,2020-10-24,Inquiry
2544,25448,2021-02-05,Inquiry
2545,14647,2020-01-17,Complaint
2546,41973,2021-05-30,Complaint
2547,33530,2025-03-28,Inquiry
2548,2994,2024-04-17,Inquiry
2549,41142,2021-12-11,Inquiry
2550,4423,2020-06-03,Complaint
2551,33527,2023-12-06,Inquiry
2552,18070,2020-11-26,Inquiry
2553,26513,2023-06-12,Inquiry
2554,10317,2022-05-31,Inquiry
2555,16742,2025-05-23,Inquiry
2556,16560,2020-08-20,Complaint
2557,25806,2020-02-19,Inquiry
2558,21191,2024-11-19,Complaint
2559,29234,2024-10-09,Complaint
2560,24576,2023-09-23,Inquiry
2561,24147,2024-10-12,Inquiry
2562,33979,2023-07-17,Complaint
2563,39868,2023-09-17,Inquiry
2564,19931,2022-01-17,Complaint
2565,35601,2023-10-17,Inquiry
2566,17774,2024-10-22,Complaint
2567,13095,2023-08-01,Inquiry
2568,3395,2025-01-16,Complaint
2569,44920,2020-07-12,Complaint
2570,7848,2021-09-05,Complaint
2571,32242,2022-11-11,Inquiry
2572,40889,2022-06-29,Inquiry
2573,26221,2024-05-05,Inquiry
2574,34448,2023-03-17,Complaint
2575,41085,2023-10-18,Inquiry
2576,12347,2022-12-14,Inquiry
2577,16597,2022-03-22,Inquiry
2578,20761,2023-09-07,Complaint
2579,1413,2020-09-07,Inquiry
2580,23937,2025-02-17,Complaint
2581,9982,2024-08-27,Inquiry
2582,24302,2022-07-13,Complaint
2583,27365,2021-04-11,Complaint
2584,40942,2023-05-19,Inquiry
2585,47243,2021-10-30,Inquiry
2586,34916,2025-05-14,Inquiry
2587,29472,2021-01-30,Complaint
2588,13523,2021-08-24,Complaint
2589,13735,2020-06-21,Complaint
2590,42348,2020-08-21,Inquiry
2591,9389,2020-06-27,Complaint
2592,37714,2021-04-18,Complaint
2593,14116,2024-08-01,Complaint
2594,49066,2025-02-17,Complaint
2595,40792,2024-01-14,Inquiry
2596,35456,2022-08-10,Inquiry
2597,31328,2023-12-15,Inquiry
2598,36617,2022-05-25,Inquiry
2599,6773,2022-12-01,Inquiry
2600,45903,2020-08-15,Complaint
2601,24813,2023-11-08,Complaint
2602,40406,2021-02-10,Complaint
2603,38626,2024-09-21,Inquiry
2604,17211,2023-04-11,Inquiry
2605,10506,2021-05-15,Complaint
2606,6018,2020-08-01,Complaint
2607,45354,2022-06-05,Inquiry
2608,40327,2021-04-10,Inquiry
2609,22913,2025-05-06,Inquiry
2610,43145,2022-09-14,Inquiry
2611,12458,2023-11-17,Complaint
2612,4378,2022-07-19,Complaint
2613,31951,2021-05-09,Complaint
2614,39548,2021-02-22,Inquiry
2615,22329,2023-02-04,Inquiry
2616,25366,2023-01-13,Inquiry
2617,48215,2021-05-03,Inquiry
2618,33027,2025-01-12,Complaint
2619,11147,2020-03-04,Complaint
2620,9016,2020-06-29,Inquiry
2621,24307,2020-09-12,Complaint
2622,21628,2021-06-20,Inquiry
2623,13910,2023-04-05,Complaint
2624,17598,2020-01-08,Complaint
2625,16552,2021-05-04,Inquiry
2626,8654,2022-12-13,Inquiry
2627,16877,2020-05-04,Inquiry
2628,35728,2022-01-28,Inquiry
2629,1378,2024-03-26,Inquiry
2630,31237,2023-12-17,Complaint
2631,34869,2022-07-27,Complaint
2632,46664,2021-05-15,Inquiry
2633,1858,2022-08-07,Inquiry
2634,39563,2020-03-24,Inquiry
2635,24691,2021-06-02,Inquiry
2636,32873,2023-12-28,Inquiry
2637,44540,2020-07-21,Complaint
2638,22718,2021-08-21,Inquiry
2639,42857,2024-09-17,Inquiry
2640,21481,2021-07-09,Inquiry
2641,49137,2020-10-11,Inquiry
2642,3440,2023-09-28,Complaint
2643,18007,2024-01-11,Complaint
2644,14922,2023-08-14,Complaint
2645,23619,2024-07-22,Inquiry
2646,43987,2024-07-20,Inquiry
2647,4893,2023-08-21,Inquiry
2648,14159,2021-11-30,Inquiry
2649,39420,2020-02-16,Complaint
2650,3671,2021-06-11,Inquiry
2651,30513,2022-01-19,Inquiry
2652,18952,2025-03-03,Complaint
2653,31734,2022-08-01,Inquiry
2654,49112,2021-12-07,Inquiry
2655,7014,2023-03-30,Inquiry
2656,21556,2024-04-27,Complaint
2657,7294,2022-10-23,Inquiry
2658,8972,2022-05-29,Inquiry
2659,46721,2021-12-31,Complaint
2660,19972,2024-03-18,Inquiry
2661,29543,2024-01-12,Complaint
2662,13534,2020-01-08,Complaint
2663,43234,2022-02-02,Inquiry
2664,31864,2025-05-05,Inquiry
2665,19644,2021-08-17,Complaint
2666,29867,2024-09-19,Complaint
2667,4193,2024-04-04,Inquiry
2668,16044,2024-05-31,Inquiry
2669,24845,2020-04-17,Inquiry
2670,27038,2020-03-02,Inquiry
2671,11028,2024-01-21,Inquiry
2672,45247,2022-07-03,Complaint
2673,373,2020-07-06,Inquiry
2674,24388,2024-02-01,Complaint
2675,5238,2025-04-02,Inquiry
2676,22551,2020-04-18,Complaint
2677,24959,2023-09-12,Inquiry
2678,10271,2023-02-08,Complaint
2679,11212,2020-04-20,Inquiry
2680,21033,2020-03-30,Inquiry
2681,39138,2023-06-22,Complaint
2682,23097,2021-03-10,Complaint
2683,26142,2022-10-25,Complaint
2684,11372,2024-05-12,Complaint
2685,9424,2022-03-29,Inquiry
2686,9568,2021-07-22,Inquiry
2687,11620,2021-11-21,Complaint
2688,16978,2025-04-23,Complaint
2689,24200,2022-05-06,Inquiry
2690,5028,2020-08-10,Inquiry
2691,35021,2023-12-08,Inquiry
2692,30162,2022-12-19,Inquiry
2693,29246,2020-03-24,Inquiry
2694,11171,2025-04-19,Inquiry
2695,23929,2023-12-22,Complaint
2696,41115,2024-12-22,Complaint
2697,8070,2024-03-17,Inquiry
2698,3834,2022-05-08,Inquiry
2699,39488,2024-05-12,Complaint
2700,42493,2022-09-24,Inquiry
2701,23343,2022-11-26,Complaint
2702,40108,2024-12-01,Complaint
2703,12359,2020-11-13,Inquiry
2704,37968,2020-10-10,Inquiry
2705,17451,2021-11-24,Inquiry
2706,19001,2021-04-03,Inquiry
2707,21935,2024-09-05,Inquiry
2708,38489,2024-12-18,Inquiry
2709,27482,2024-12-09,Complaint
2710,15962,2020-09-05,Inquiry
2711,46968,2025-03-28,Inquiry
2712,31250,2022-03-22,Complaint
2713,1510,2023-09-07,Inquiry
2714,8596,2021-02-06,Complaint
2715,44252,2021-03-27,Inquiry
2716,14531,2025-03-22,Inquiry
2717,17278,2020-07-12,Inquiry
2718,41529,2022-11-17,Complaint
2719,20328,2021-12-08,Inquiry
2720,1375,2022-03-19,Complaint
2721,23508,2020-04-13,Complaint
2722,17416,2020-09-24,Inquiry
2723,816,2021-04-18,Inquiry
2724,26810,2020-03-11,Inquiry
2725,33472,2022-11-20,Complaint
2726,43961,2022-07-14,Inquiry
2727,44467,2023-08-16,Complaint
2728,21731,2021-03-10,Complaint
2729,491,2022-09-30,Inquiry
2730,25128,2024-01-23,Inquiry
2731,48212,2021-07-01,Inquiry
2732,23299,2024-04-01,Complaint
2733,10943,2020-07-05,Inquiry
2734,35898,2023-08-26,Complaint
2735,1401,2023-04-16,Inquiry
2736,41676,2023-02-15,Inquiry
2737,45162,2020-07-25,Inquiry
2738,34410,2022-12-27,Complaint
2739,5640,2024-03-05,Inquiry
2740,45782,2024-09-17,Inquiry
2741,32980,2024-06-03,Complaint
2742,28559,2023-09-13,Inquiry
2743,15153,2021-11-27,Inquiry
2744,22175,2025-04-19,Inquiry
2745,5422,2022-07-20,Complaint
2746,14558,2023-11-09,Complaint
2747,48424,2021-07-22,Complaint
2748,12930,2025-05-20,Inquiry
2749,28032,2020-07-08,Complaint
2750,29774,2020-07-24,Complaint
2751,47514,2022-05-19,Complaint
2752,26593,2025-06-19,Inquiry
2753,27993,2021-08-19,Inquiry
2754,33829,2022-05-02,Complaint
2755,46300,2021-07-08,Complaint
2756,29155,2021-09-16,Complaint
2757,4730,2025-06-06,Inquiry
2758,18631,2025-04-03,Complaint
2759,1851,2024-04-26,Complaint
2760,23872,2021-07-02,Inquiry
2761,46865,2024-04-07,Inquiry
2762,23515,2025-06-22,Complaint
2763,4223,2021-03-10,Complaint
2764,30384,2021-12-16,Complaint
2765,14146,2021-03-23,Complaint
2766,24564,2024-12-25,Inquiry
2767,43020,2024-01-15,Inquiry
2768,26320,2024-07-17,Complaint
2769,12960,2021-01-16,Complaint
2770,36926,2020-12-29,Complaint
2771,8208,2020-11-04,Inquiry
2772,40837,2020-07-03,Complaint
2773,47896,2020-06-27,Complaint
2774,39157,2023-12-13,Complaint
2775,9137,2022-05-21,Inquiry
2776,2752,2022-09-27,Complaint
2777,13870,2021-07-02,Inquiry
2778,45354,2021-01-11,Inquiry
2779,37879,2023-01-06,Inquiry
2780,45144,2020-10-02,Complaint
2781,8270,2023-12-25,Complaint
2782,49388,2025-01-27,Complaint
2783,20068,2024-12-28,Complaint
2784,23169,2024-02-04,Complaint
2785,16986,2024-08-14,Complaint
2786,11290,2023-09-01,Inquiry
2787,22340,2024-04-07,Inquiry
2788,31876,2021-02-26,Inquiry
2789,3424,2020-03-09,Inquiry
2790,48336,2021-04-23,Inquiry
2791,1704,2022-03-27,Inquiry
2792,33876,2021-10-16,Complaint
2793,29777,2024-10-10,Inquiry
2794,48817,2025-04-18,Inquiry
2795,23136,2022-03-03,Inquiry
2796,34160,2022-08-12,Complaint
2797,32011,2021-12-21,Complaint
2798,8766,2022-11-22,Complaint
2799,33117,2022-11-02,Inquiry
2800,34743,2020-07-29,Inquiry
2801,1051,2024-01-12,Inquiry
2802,19029,2021-01-17,Complaint
2803,4583,2022-09-04,Complaint
2804,30749,2023-04-19,Complaint
2805,29818,2023-01-25,Inquiry
2806,17893,2020-05-21,Inquiry
2807,36128,2020-04-26,Inquiry
2808,12669,2021-08-13,Inquiry
2809,22835,2020-08-23,Inquiry
2810,26394,2024-02-28,Complaint
2811,26293,2023-02-18,Inquiry
2812,48661,2021-01-27,Complaint
2813,14879,2020-11-16,Inquiry
2814,5639,2021-05-05,Complaint
2815,23277,2023-09-05,Complaint
2816,42593,2021-07-18,Complaint
2817,46481,2023-08-03,Inquiry
2818,443,2021-06-25,Complaint
2819,22824,2023-06-26,Complaint
2820,22418,2023-02-26,Inquiry
2821,44085,2020-08-24,Inquiry
2822,40825,2021-03-02,Complaint
2823,13121,2022-06-24,Complaint
2824,16980,2023-07-11,Complaint
2825,725,2023-08-12,Complaint
2826,37103,2022-02-02,Inquiry
2827,35437,2021-11-16,Complaint
2828,26538,2022-04-03,Inquiry
2829,7550,2024-03-20,Complaint
2830,19750,2022-11-26,Inquiry
2831,6520,2021-06-21,Inquiry
2832,15616,2024-09-08,Inquiry
2833,21014,2024-03-07,Inquiry
2834,25852,2020-03-22,Inquiry
2835,46496,2021-05-24,Complaint
2836,22074,2024-08-21,Inquiry
2837,40525,2021-01-27,Inquiry
2838,47952,2021-10-10,Complaint
2839,21816,2020-02-10,Inquiry
2840,32119,2025-03-17,Inquiry
2841,31571,2021-03-02,Complaint
2842,12015,2021-11-10,Inquiry
2843,8953,2024-02-19,Complaint
2844,14479,2021-01-01,Inquiry
2845,22257,2022-04-11,Complaint
2846,45025,2024-01-05,Inquiry
2847,28475,2023-02-28,Inquiry
2848,30643,2020-01-11,Inquiry
2849,37773,2021-01-28,Complaint
2850,29430,2023-12-26,Inquiry
2851,37469,2024-05-20,Complaint
2852,21136,2022-02-15,Complaint
2853,22193,2020-01-13,Complaint
2854,2848,2022-01-18,Inquiry
2855,49772,2020-05-07,Inquiry
2856,26853,2025-03-24,Complaint
2857,41232,2024-10-13,Complaint
2858,9771,2021-09-25,Inquiry
2859,47463,2022-02-28,Inquiry
2860,30062,2023-09-03,Inquiry
2861,30296,2023-02-07,Complaint
2862,21301,2022-02-06,Inquiry
2863,38654,2022-11-10,Complaint
2864,40469,2020-03-08,Inquiry
2865,17825,2020-02-14,Inquiry
2866,14779,2024-05-18,Inquiry
2867,21564,2023-01-27,Inquiry
2868,16027,2020-07-17,Complaint
2869,18037,2025-06-05,Complaint
2870,49185,2025-04-04,Inquiry
2871,22884,2021-04-24,Inquiry
2872,9906,2020-11-21,Complaint
2873,416,2020-05-16,Inquiry
2874,20782,2021-09-21,Inquiry
2875,42140,2020-08-25,Inquiry
2876,4337,2024-01-25,Inquiry
2877,8934,2023-06-04,Complaint
2878,36122,2023-09-25,Complaint
2879,14512,2024-02-22,Complaint
2880,39087,2025-05-19,Inquiry
2881,43583,2020-03-14,Inquiry
2882,7750,2021-06-06,Inquiry
2883,30483,2021-10-15,Inquiry
2884,31953,2020-01-30,Inquiry
2885,19042,2020-12-10,Inquiry
2886,33171,2022-04-08,Inquiry
2887,30659,2025-03-10,Complaint
2888,19281,2022-11-01,Inquiry
2889,43128,2020-12-05,Complaint
2890,49070,2021-11-25,Complaint
2891,12235,2020-12-15,Inquiry
2892,8912,2025-03-15,Inquiry
2893,34870,2023-01-22,Complaint
2894,44894,2024-10-19,Inquiry
2895,13688,2020-03-16,Inquiry
2896,20657,2021-02-04,Inquiry
2897,18488,2024-11-21,Complaint
2898,17836,2022-01-18,Inquiry
2899,34796,2022-03-20,Complaint
2900,24267,2024-04-22,Inquiry
2901,44365,2021-06-03,Complaint
2902,24108,2020-03-18,Inquiry
2903,9239,2024-07-18,Complaint
2904,4394,2023-12-23,Complaint
2905,8098,2024-06-08,Complaint
2906,7907,2021-11-19,Inquiry
2907,1014,2025-06-13,Complaint
2908,18347,2022-04-29,Complaint
2909,8038,2023-07-03,Inquiry
2910,20180,2021-05-05,Inquiry
2911,27224,2022-09-03,Complaint
2912,19738,2022-11-01,Inquiry
2913,36866,2023-06-30,Complaint
2914,7693,2020-08-15,Inquiry
2915,387,2023-12-02,Complaint
2916,13415,2023-05-21,Complaint
2917,11236,2020-06-21,Inquiry
2918,46476,2025-03-28,Inquiry
2919,20379,2022-04-09,Inquiry
2920,31946,2021-02-14,Inquiry
2921,26089,2023-09-22,Complaint
2922,19830,2020-01-01,Inquiry
2923,37542,2023-09-05,Inquiry
2924,39372,2023-03-08,Complaint
2925,49202,2025-06-21,Complaint
2926,5826,2025-05-18,Inquiry
2927,24254,2024-12-08,Inquiry
2928,6154,2023-01-31,Inquiry
2929,42861,2023-09-11,Complaint
2930,36151,2023-02-03,Inquiry
2931,10154,2020-01-01,Inquiry
2932,22077,2022-02-15,Complaint
2933,29846,2020-10-03,Inquiry
2934,23983,2025-05-17,Inquiry
2935,26515,2025-04-04,Complaint
2936,18991,2023-07-26,Inquiry
2937,14555,2024-08-09,Inquiry
2938,48860,2021-02-21,Complaint
2939,26358,2020-11-27,Inquiry
2940,15242,2024-11-16,Complaint
2941,23283,2022-08-27,Inquiry
2942,32017,2020-03-22,Inquiry
2943,12879,2024-01-11,Inquiry
2944,9771,2025-02-20,Inquiry
2945,1292,2024-12-04,Inquiry
2946,37844,2022-05-19,Complaint
2947,10368,2022-04-21,Inquiry
2948,9280,2023-04-09,Complaint
2949,36222,2023-11-22,Complaint
2950,47824,2020-12-04,Inquiry
2951,3284,2022-02-14,Complaint
2952,1714,2025-02-01,Complaint
2953,31899,2021-01-20,Complaint
2954,8470,2023-09-24,Inquiry
2955,9947,2020-09-17,Inquiry
2956,26509,2025-03-26,Inquiry
2957,8891,2020-03-14,Complaint
2958,32965,2020-04-02,Complaint
2959,36066,2021-02-20,Complaint
2960,44694,2023-04-14,Inquiry
2961,26334,2023-11-23,Inquiry
2962,9667,2023-11-14,Complaint
2963,11975,2022-02-18,Complaint
2964,17905,2023-05-09,Complaint
2965,38159,2022-01-29,Complaint
2966,1095,2020-08-29,Complaint
2967,49283,2025-03-26,Inquiry
2968,29853,2023-09-11,Complaint
2969,6534,2023-01-13,Complaint
2970,47025,2021-03-20,Inquiry
2971,45505,2021-02-17,Inquiry
2972,17137,2020-12-03,Inquiry
2973,17078,2024-12-30,Inquiry
2974,24738,2022-11-05,Inquiry
2975,24250,2020-06-23,Inquiry
2976,9817,2023-07-14,Complaint
2977,40591,2022-11-11,Inquiry
2978,26662,2020-01-02,Complaint
2979,23307,2020-05-08,Complaint
2980,11337,2020-10-19,Complaint
2981,26829,2022-05-20,Inquiry
2982,20044,2022-11-20,Inquiry
2983,31755,2020-05-12,Inquiry
2984,6135,2023-10-10,Complaint
2985,20899,2021-12-06,Inquiry
2986,34348,2024-09-19,Inquiry
2987,42681,2021-07-16,Inquiry
2988,44949,2025-04-02,Inquiry
2989,27261,2020-01-22,Inquiry
2990,2972,2023-08-28,Inquiry
2991,47879,2020-03-26,Complaint
2992,30413,2020-06-06,Inquiry
2993,44881,2022-10-13,Complaint
2994,10227,2025-06-04,Inquiry
2995,9816,2023-05-25,Inquiry
2996,13812,2025-03-05,Inquiry
2997,37334,2024-06-26,Complaint
2998,36048,2024-10-17,Complaint
2999,36453,2021-04-27,Complaint
3000,9094,2023-12-24,Inquiry
3001,15884,2022-10-03,Complaint
3002,47632,2022-05-02,Complaint
3003,9721,2022-11-24,Inquiry
3004,27507,2024-03-06,Inquiry
3005,38242,2022-10-09,Complaint
3006,38501,2023-08-05,Complaint
3007,42682,2023-12-11,Inquiry
3008,45531,2025-06-15,Complaint
3009,36741,2021-09-04,Inquiry
3010,33270,2024-05-13,Complaint
3011,26763,2020-01-26,Complaint
3012,14245,2022-02-08,Complaint
3013,24255,2023-11-08,Inquiry
3014,35051,2020-02-13,Inquiry
3015,12235,2022-07-04,Inquiry
3016,47880,2021-05-08,Inquiry
3017,20789,2023-11-13,Inquiry
3018,41227,2020-08-22,Inquiry
3019,40769,2024-12-21,Inquiry
3020,38481,2020-09-30,Inquiry
3021,40816,2024-02-16,Inquiry
3022,39985,2024-09-15,Inquiry
3023,14489,2023-01-08,Inquiry
3024,41015,2022-02-09,Complaint
3025,30063,2024-05-04,Inquiry
3026,49523,2024-08-09,Inquiry
3027,45722,2021-09-15,Complaint
3028,49826,2020-12-24,Complaint
3029,25360,2023-12-08,Complaint
3030,48918,2020-03-13,Complaint
3031,86,2025-06-06,Complaint
3032,35616,2021-11-23,Inquiry
3033,4294,2023-02-19,Inquiry
3034,9858,2022-06-16,Inquiry
3035,33607,2021-05-05,Inquiry
3036,907,2021-11-16,Complaint
3037,15888,2023-11-03,Complaint
3038,41011,2021-12-27,Complaint
3039,12455,2023-01-27,Inquiry
3040,1211,2023-07-10,Complaint
3041,35555,2023-09-11,Complaint
3042,49997,2021-03-24,Complaint
3043,6890,2025-05-19,Inquiry
3044,15436,2021-07-07,Inquiry
3045,7672,2020-01-29,Inquiry
3046,9597,2021-08-03,Inquiry
3047,40998,2020-11-28,Inquiry
3048,36974,2020-09-07,Complaint
3049,9675,2023-05-15,Inquiry
3050,31842,2023-11-09,Complaint
3051,23961,2025-03-13,Inquiry
3052,1495,2024-03-05,Inquiry
3053,21320,2025-02-11,Inquiry
3054,11627,2024-06-28,Inquiry
3055,5868,2021-04-03,Inquiry
3056,30514,2021-08-10,Inquiry
3057,8442,2023-12-09,Inquiry
3058,21508,2022-02-26,Complaint
3059,30142,2022-04-20,Complaint
3060,18904,2021-12-25,Complaint
3061,25919,2023-09-18,Inquiry
3062,30733,2020-09-17,Complaint
3063,27645,2024-06-24,Complaint
3064,7145,2023-10-04,Inquiry
3065,33600,2022-09-16,Inquiry
3066,20878,2024-09-01,Complaint
3067,15845,2020-04-10,Inquiry
3068,18774,2025-02-09,Inquiry
3069,15820,2022-04-02,Inquiry
3070,38723,2024-12-28,Inquiry
3071,21216,2022-08-02,Inquiry
3072,30597,2023-10-05,Inquiry
3073,41312,2022-05-07,Inquiry
3074,31564,2024-03-06,Complaint
3075,37463,2021-11-09,Complaint
3076,49092,2020-09-17,Inquiry
3077,20549,2020-12-24,Complaint
3078,32102,2024-07-20,Complaint
3079,9005,2023-03-02,Complaint
3080,28681,2023-11-12,Inquiry
3081,19209,2022-03-19,Complaint
3082,32605,2024-09-11,Inquiry
3083,34361,2022-02-11,Inquiry
3084,593,2024-10-05,Complaint
3085,23123,2020-01-06,Complaint
3086,28482,2020-08-09,Inquiry
3087,49120,2024-11-05,Inquiry
3088,22582,2021-02-25,Complaint
3089,18319,2024-11-12,Complaint
3090,42217,2020-12-28,Complaint
3091,22914,2021-07-16,Complaint
3092,46926,2022-10-28,Inquiry
3093,22768,2023-05-09,Complaint
3094,38752,2023-11-14,Inquiry
3095,22375,2023-01-09,Inquiry
3096,24881,2023-02-05,Complaint
3097,6234,2021-11-15,Complaint
3098,27276,2023-01-20,Inquiry
3099,6362,2020-04-07,Complaint
3100,32548,2020-06-05,Inquiry
3101,19404,2020-12-04,Complaint
3102,6129,2024-08-17,Complaint
3103,43866,2021-04-10,Inquiry
3104,36749,2022-08-22,Complaint
3105,22568,2020-05-01,Inquiry
3106,30940,2024-12-02,Inquiry
3107,32546,2020-07-30,Complaint
3108,14646,2020-12-11,Inquiry
3109,34665,2022-10-18,Inquiry
3110,5587,2021-09-16,Inquiry
3111,49782,2020-06-02,Inquiry
3112,39150,2024-09-07,Complaint
3113,4313,2024-01-18,Inquiry
3114,10723,2025-03-31,Complaint
3115,16384,2021-11-10,Complaint
3116,39637,2020-09-16,Inquiry
3117,8134,2021-04-01,Inquiry
3118,5912,2022-08-15,Complaint
3119,28595,2025-05-21,Inquiry
3120,30302,2020-11-02,Inquiry
3121,35996,2021-02-01,Inquiry
3122,41674,2025-05-22,Inquiry
3123,34772,2023-11-26,Complaint
3124,46000,2021-10-15,Inquiry
3125,48740,2023-06-29,Complaint
3126,28568,2022-10-22,Inquiry
3127,30672,2020-09-14,Inquiry
3128,36884,2024-01-19,Complaint
3129,3444,2021-07-28,Complaint
3130,15415,2023-05-28,Complaint
3131,37402,2024-07-23,Complaint
3132,29,2021-10-02,Inquiry
3133,8824,2020-04-01,Inquiry
3134,24560,2021-10-22,Inquiry
3135,7702,2025-04-25,Complaint
3136,45460,2023-01-02,Complaint
3137,7648,2024-01-27,Complaint
3138,37405,2022-08-12,Inquiry
3139,49277,2024-07-19,Inquiry
3140,24688,2022-05-25,Inquiry
3141,35641,2023-03-16,Complaint
3142,610,2020-01-22,Inquiry
3143,9932,2022-08-22,Complaint
3144,19283,2020-01-22,Inquiry
3145,18560,2020-01-13,Complaint
3146,18688,2022-09-05,Inquiry
3147,45671,2024-06-07,Complaint
3148,12799,2024-07-24,Inquiry
3149,45654,2021-03-16,Inquiry
3150,44298,2021-04-10,Complaint
3151,33656,2023-05-14,Complaint
3152,6597,2021-04-29,Inquiry
3153,42497,2023-07-18,Inquiry
3154,35546,2024-04-05,Complaint
3155,12121,2022-03-15,Inquiry
3156,34509,2024-04-01,Complaint
3157,42215,2022-05-20,Inquiry
3158,19751,2022-10-13,Complaint
3159,28846,2024-12-21,Complaint
3160,30348,2025-02-09,Inquiry
3161,3476,2020-06-19,Inquiry
3162,11654,2024-05-04,Inquiry
3163,43922,2020-09-27,Complaint
3164,27266,2022-04-14,Inquiry
3165,26185,2022-03-08,Inquiry
3166,8573,2024-01-24,Inquiry
3167,20769,2024-01-04,Inquiry
3168,40374,2020-09-19,Complaint
3169,41089,2021-08-12,Complaint
3170,27595,2022-05-18,Inquiry
3171,36091,2021-09-16,Inquiry
3172,43286,2025-01-16,Inquiry
3173,27204,2020-09-30,Inquiry
3174,33557,2024-10-13,Inquiry
3175,38676,2024-06-03,Inquiry
3176,19525,2022-08-26,Complaint
3177,9267,2020-11-05,Complaint
3178,5147,2024-09-07,Inquiry
3179,19947,2023-10-06,Complaint
3180,33270,2021-10-26,Inquiry
3181,42593,2021-08-11,Inquiry
3182,29586,2020-07-28,Inquiry
3183,11798,2024-01-13,Complaint
3184,5740,2023-11-26,Inquiry
3185,10537,2020-10-13,Inquiry
3186,39717,2020-10-02,Inquiry
3187,30866,2023-10-04,Complaint
3188,13062,2024-01-05,Complaint
3189,49666,2022-03-09,Complaint
3190,49615,2020-05-20,Inquiry
3191,30574,2024-01-30,Inquiry
3192,45323,2024-05-28,Complaint
3193,15642,2021-03-13,Inquiry
3194,28379,2020-09-11,Complaint
3195,22827,2023-06-13,Complaint
3196,17751,2025-02-22,Complaint
3197,22591,2022-07-04,Complaint
3198,38843,2025-04-25,Complaint
3199,10196,2023-10-02,Inquiry
3200,9698,2023-06-17,Complaint
3201,23322,2025-03-25,Complaint
3202,36184,2021-01-05,Complaint
3203,16309,2024-07-17,Inquiry
3204,38185,2022-05-22,Complaint
3205,14941,2023-09-01,Inquiry
3206,33310,2021-01-15,Inquiry
3207,48463,2020-10-12,Inquiry
3208,7506,2022-05-17,Complaint
3209,7321,2022-05-25,Inquiry
3210,43503,2024-02-04,Complaint
3211,33468,2022-01-08,Complaint
3212,8587,2022-10-23,Inquiry
3213,20084,2023-09-29,Complaint
3214,22448,2023-10-23,Inquiry
3215,49843,2024-06-12,Inquiry
3216,40942,2020-09-15,Inquiry
3217,20297,2024-12-16,Complaint
3218,24460,2024-12-21,Inquiry
3219,16630,2020-10-19,Complaint
3220,19567,2020-09-29,Complaint
3221,34904,2021-03-07,Complaint
3222,40659,2022-03-05,Inquiry
3223,31178,2025-04-28,Complaint
3224,30207,2022-11-21,Inquiry
3225,29071,2022-12-27,Complaint
3226,26462,2024-05-19,Inquiry
3227,41135,2021-03-23,Complaint
3228,7794,2024-04-09,Complaint
3229,30634,2024-08-08,Complaint
3230,46631,2023-08-13,Inquiry
3231,48512,2020-06-17,Inquiry
3232,1706,2020-12-25,Inquiry
3233,10029,2023-05-13,Inquiry
3234,4886,2024-07-23,Inquiry
3235,36028,2024-12-01,Complaint
3236,11803,2022-03-04,Inquiry
3237,13364,2022-11-19,Complaint
3238,19141,2021-06-20,Complaint
3239,38795,2025-01-25,Complaint
3240,36486,2022-12-12,Inquiry
3241,30787,2023-06-20,Inquiry
3242,31818,2021-08-22,Inquiry
3243,1960,2024-08-20,Inquiry
3244,45431,2022-12-10,Inquiry
3245,8466,2021-07-31,Complaint
3246,19426,2024-11-12,Inquiry
3247,17666,2023-08-31,Inquiry
3248,16397,2023-04-14,Inquiry
3249,25656,2025-01-09,Inquiry
3250,26286,2023-08-21,Complaint
3251,8956,2024-02-19,Complaint
3252,24949,2025-05-04,Inquiry
3253,12222,2020-05-13,Complaint
3254,48077,2024-04-13,Inquiry
3255,47919,2023-11-12,Inquiry
3256,32187,2022-11-03,Complaint
3257,8666,2021-05-15,Inquiry
3258,35136,2024-12-12,Inquiry
3259,1932,2025-04-25,Inquiry
3260,24972,2023-07-16,Complaint
3261,33164,2021-04-25,Complaint
3262,17004,2020-01-01,Complaint
3263,15767,2024-09-12,Inquiry
3264,30738,2025-04-26,Complaint
3265,49560,2024-09-24,Complaint
3266,16943,2025-05-06,Inquiry
3267,8744,2024-04-28,Inquiry
3268,22189,2021-06-16,Complaint
3269,19011,2024-08-14,Inquiry
3270,29299,2020-06-03,Inquiry
3271,32570,2022-01-05,Complaint
3272,17523,2021-04-12,Inquiry
3273,6254,2022-10-05,Complaint
3274,8313,2023-01-11,Complaint
3275,42848,2023-03-17,Inquiry
3276,27228,2021-03-11,Complaint
3277,26633,2021-03-13,Complaint
3278,39484,2023-07-12,Inquiry
3279,44476,2021-03-22,Inquiry
3280,36090,2024-12-25,Inquiry
3281,6762,2025-02-16,Inquiry
3282,28755,2023-01-07,Inquiry
3283,20474,2023-12-20,Inquiry
3284,29134,2023-08-31,Inquiry
3285,9000,2022-11-23,Complaint
3286,27987,2020-10-13,Inquiry
3287,588,2020-08-27,Complaint
3288,48607,2020-12-01,Inquiry
3289,46884,2022-04-25,Inquiry
3290,12441,2021-09-04,Inquiry
3291,7610,2023-10-23,Inquiry
3292,20660,2022-05-29,Inquiry
3293,18046,2025-05-24,Inquiry
3294,37902,2021-01-11,Complaint
3295,13831,2021-09-05,Inquiry
3296,31450,2024-04-09,Complaint
3297,674,2022-09-29,Inquiry
3298,47079,2021-02-10,Complaint
3299,31795,2025-04-05,Complaint
3300,18507,2021-01-12,Inquiry
3301,45004,2025-04-19,Inquiry
3302,15486,2023-11-19,Complaint
3303,14674,2020-01-15,Complaint
3304,4021,2024-04-12,Inquiry
3305,5309,2021-01-01,Complaint
3306,1367,2020-05-18,Complaint
3307,9138,2023-01-09,Inquiry
3308,23048,2020-02-09,Complaint
3309,48075,2024-02-06,Complaint
3310,19347,2024-06-19,Inquiry
3311,21014,2024-09-11,Complaint
3312,36009,2023-12-01,Inquiry
3313,9401,2023-03-17,Inquiry
3314,24667,2022-03-06,Inquiry
3315,5407,2021-01-18,Inquiry
3316,19729,2023-01-31,Complaint
3317,25708,2025-04-10,Inquiry
3318,34146,2024-12-24,Complaint
3319,10507,2021-12-23,Inquiry
3320,5332,2021-04-11,Complaint
3321,17466,2023-10-20,Inquiry
3322,11592,2020-08-24,Complaint
3323,11508,2023-10-02,Complaint
3324,4601,2024-01-27,Complaint
3325,26111,2022-09-11,Inquiry
3326,36708,2023-10-10,Complaint
3327,45604,2021-01-31,Complaint
3328,46379,2020-06-06,Complaint
3329,30803,2025-04-02,Inquiry
3330,37374,2024-09-27,Inquiry
3331,5908,2020-08-13,Inquiry
3332,25605,2023-02-16,Inquiry
3333,26074,2022-04-02,Inquiry
3334,23894,2023-08-05,Inquiry
3335,18871,2025-03-21,Inquiry
3336,10266,2024-04-25,Inquiry
3337,16050,2024-04-28,Inquiry
3338,3658,2023-01-09,Complaint
3339,7768,2020-04-28,Complaint
3340,2100,2020-04-14,Inquiry
3341,47332,2021-10-09,Inquiry
3342,19424,2022-03-26,Inquiry
3343,23671,2020-02-18,Complaint
3344,8793,2023-08-25,Inquiry
3345,5135,2024-11-29,Inquiry
3346,45927,2021-02-21,Complaint
3347,19125,2024-08-14,Inquiry
3348,9634,2022-02-22,Inquiry
3349,12524,2023-06-30,Inquiry
3350,31376,2022-01-10,Inquiry
3351,23532,2020-07-01,Inquiry
3352,4990,2022-06-22,Complaint
3353,49650,2022-05-16,Complaint
3354,9087,2025-05-31,Inquiry
3355,28870,2024-01-12,Inquiry
3356,17646,2024-03-25,Complaint
3357,1644,2025-03-26,Inquiry
3358,33018,2022-07-03,Inquiry
3359,48239,2021-08-06,Inquiry
3360,17321,2021-06-20,Inquiry
3361,24021,2021-03-30,Complaint
3362,46125,2020-11-20,Complaint
3363,42370,2023-01-04,Complaint
3364,48177,2024-02-12,Inquiry
3365,15974,2021-09-15,Complaint
3366,37353,2025-01-18,Complaint
3367,15270,2022-05-23,Complaint
3368,48727,2020-09-12,Inquiry
3369,1131,2021-08-16,Inquiry
3370,17517,2024-09-20,Complaint
3371,24977,2022-02-14,Complaint
3372,34438,2021-12-24,Complaint
3373,25392,2021-06-11,Inquiry
3374,428,2022-12-25,Inquiry
3375,2107,2022-09-07,Inquiry
3376,4593,2020-07-12,Inquiry
3377,22927,2020-05-31,Complaint
3378,41819,2020-01-24,Inquiry
3379,29347,2021-07-26,Complaint
3380,49363,2024-11-08,Inquiry
3381,40194,2024-11-08,Inquiry
3382,1044,2022-07-26,Complaint
3383,41133,2021-05-22,Inquiry
3384,39102,2024-10-03,Inquiry
3385,12989,2024-04-27,Inquiry
3386,41569,2025-05-17,Complaint
3387,24145,2024-05-28,Complaint
3388,20200,2024-04-08,Inquiry
3389,29112,2020-10-29,Inquiry
3390,49257,2023-08-30,Inquiry
3391,45624,2021-09-06,Inquiry
3392,3596,2020-02-12,Inquiry
3393,29298,2023-10-27,Complaint
3394,42643,2023-06-24,Inquiry
3395,35894,2024-02-26,Complaint
3396,28997,2021-06-06,Inquiry
3397,1006,2023-09-19,Complaint
3398,45776,2021-03-20,Inquiry
3399,31878,2024-11-05,Complaint
3400,13627,2024-10-22,Inquiry
3401,47979,2020-01-07,Complaint
3402,9306,2023-07-15,Inquiry
3403,3043,2021-04-09,Inquiry
3404,16663,2021-02-26,Inquiry
3405,38501,2022-11-02,Inquiry
3406,31286,2024-07-15,Inquiry
3407,8305,2021-07-15,Complaint
3408,26240,2025-06-04,Complaint
3409,6162,2024-08-17,Complaint
3410,11562,2024-10-16,Inquiry
3411,18133,2024-08-17,Inquiry
3412,36986,2022-10-14,Inquiry
3413,43184,2022-10-29,Complaint
3414,26765,2024-05-17,Complaint
3415,27932,2021-12-08,Inquiry
3416,29966,2020-01-08,Complaint
3417,21993,2024-10-31,Inquiry
3418,2782,2024-01-30,Inquiry
3419,33507,2024-03-06,Inquiry
3420,17717,2024-04-28,Complaint
3421,21673,2024-12-18,Inquiry
3422,48680,2024-11-07,Inquiry
3423,5142,2025-03-27,Complaint
3424,32998,2023-05-19,Complaint
3425,16973,2024-07-23,Complaint
3426,41296,2022-08-23,Inquiry
3427,38477,2022-08-26,Inquiry
3428,29842,2020-10-26,Complaint
3429,6729,2020-09-27,Inquiry
3430,31880,2023-04-03,Inquiry
3431,49555,2021-07-03,Inquiry
3432,47602,2021-05-12,Inquiry
3433,12240,2021-03-01,Inquiry
3434,19787,2022-02-27,Inquiry
3435,35115,2021-06-15,Inquiry
3436,47232,2022-08-28,Complaint
3437,47196,2020-12-26,Inquiry
3438,38048,2022-12-31,Complaint
3439,10515,2025-01-08,Inquiry
3440,5383,2021-07-21,Inquiry
3441,26776,2020-11-24,Inquiry
3442,11399,2021-02-21,Inquiry
3443,25704,2023-11-17,Inquiry
3444,11432,2021-10-29,Inquiry
3445,30053,2021-07-03,Inquiry
3446,335,2023-10-14,Complaint
3447,43927,2023-11-12,Complaint
3448,23119,2024-06-06,Complaint
3449,40953,2022-09-24,Complaint
3450,15560,2021-04-25,Inquiry
3451,3785,2024-05-10,Complaint
3452,44645,2024-04-28,Inquiry
3453,35572,2024-02-05,Inquiry
3454,35606,2020-12-13,Inquiry
3455,22934,2020-11-02,Inquiry
3456,6548,2023-05-18,Inquiry
3457,41109,2022-04-15,Inquiry
3458,40462,2025-01-20,Inquiry
3459,36309,2020-11-02,Complaint
3460,10774,2022-01-09,Complaint
3461,161,2023-09-13,Complaint
3462,24654,2020-11-29,Inquiry
3463,19853,2024-09-24,Inquiry
3464,31346,2022-04-13,Inquiry
3465,17147,2022-10-30,Inquiry
3466,48854,2021-10-14,Inquiry
3467,39115,2024-09-30,Inquiry
3468,33661,2023-01-31,Inquiry
3469,1292,2024-06-08,Inquiry
3470,36896,2025-03-03,Complaint
3471,1271,2021-06-10,Inquiry
3472,15505,2022-12-08,Inquiry
3473,28647,2022-05-03,Complaint
3474,11517,2020-07-02,Complaint
3475,2146,2025-01-21,Complaint
3476,2136,2022-05-30,Inquiry
3477,32892,2021-05-15,Inquiry
3478,48447,2025-02-26,Complaint
3479,10710,2023-01-12,Inquiry
3480,18711,2025-03-04,Inquiry
3481,26198,2024-10-02,Inquiry
3482,38868,2020-03-29,Complaint
3483,22189,2022-03-22,Complaint
3484,42060,2023-07-22,Inquiry
3485,43345,2024-09-04,Complaint
3486,10877,2022-01-24,Complaint
3487,13851,2025-06-16,Inquiry
3488,36328,2020-05-14,Inquiry
3489,19245,2025-06-18,Complaint
3490,27576,2025-06-02,Inquiry
3491,13313,2020-02-11,Complaint
3492,18981,2024-12-30,Inquiry
3493,26062,2022-12-24,Complaint
3494,29940,2020-02-16,Inquiry
3495,35958,2024-03-18,Inquiry
3496,40875,2021-05-16,Inquiry
3497,9519,2023-12-12,Inquiry
3498,28438,2021-07-11,Inquiry
3499,21776,2024-02-13,Complaint
3500,41739,2024-02-14,Complaint
3501,21145,2023-02-21,Complaint
3502,49074,2021-12-18,Complaint
3503,14169,2025-04-22,Complaint
3504,596,2022-04-04,Inquiry
3505,30479,2022-09-22,Complaint
3506,48647,2020-01-11,Complaint
3507,49046,2020-01-27,Complaint
3508,48985,2020-03-09,Inquiry
3509,36367,2025-05-14,Inquiry
3510,18552,2024-01-03,Complaint
3511,7434,2022-05-23,Inquiry
3512,27269,2022-06-29,Inquiry
3513,25222,2021-06-04,Inquiry
3514,32899,2020-05-13,Complaint
3515,26143,2023-02-24,Complaint
3516,7979,2020-12-04,Inquiry
3517,21832,2021-04-23,Inquiry
3518,44193,2024-02-14,Inquiry
3519,19836,2021-09-05,Complaint
3520,48919,2023-07-31,Complaint
3521,29964,2022-03-13,Inquiry
3522,7946,2020-11-03,Inquiry
3523,18849,2024-01-10,Complaint
3524,9459,2021-06-03,Complaint
3525,22448,2025-05-02,Inquiry
3526,16245,2022-02-07,Complaint
3527,31512,2021-11-12,Inquiry
3528,35611,2021-10-20,Complaint
3529,40924,2020-05-12,Complaint
3530,10520,2021-07-24,Complaint
3531,20279,2020-02-26,Complaint
3532,1034,2024-08-29,Inquiry
3533,37940,2021-05-29,Complaint
3534,10515,2024-05-26,Inquiry
3535,11634,2022-03-19,Inquiry
3536,36938,2024-10-11,Inquiry
3537,4656,2025-06-13,Inquiry
3538,16454,2022-02-05,Inquiry
3539,16110,2021-08-19,Inquiry
3540,11951,2022-11-27,Inquiry
3541,33288,2023-10-12,Complaint
3542,6104,2021-10-27,Complaint
3543,28505,2020-02-03,Complaint
3544,38618,2023-05-23,Inquiry
3545,27151,2023-03-18,Complaint
3546,12915,2024-08-23,Complaint
3547,18294,2020-01-20,Inquiry
3548,27723,2023-11-30,Inquiry
3549,9640,2021-09-29,Complaint
3550,27460,2023-09-29,Complaint
3551,23875,2023-01-29,Inquiry
3552,885,2020-01-03,Complaint
3553,20704,2025-06-08,Inquiry
3554,31011,2022-12-18,Inquiry
3555,16513,2021-02-17,Complaint
3556,23161,2022-05-15,Complaint
3557,24082,2024-05-05,Complaint
3558,7675,2022-10-14,Complaint
3559,39686,2024-03-18,Inquiry
3560,35999,2024-01-14,Complaint
3561,9008,2024-12-15,Complaint
3562,11320,2023-07-16,Inquiry
3563,18097,2024-05-26,Complaint
3564,39304,2024-12-21,Complaint
3565,30790,2023-11-30,Inquiry
3566,45927,2025-02-18,Complaint
3567,10199,2021-06-22,Complaint
3568,29380,2025-02-01,Inquiry
3569,48749,2024-09-08,Complaint
3570,22668,2024-08-03,Inquiry
3571,20111,2024-09-02,Inquiry
3572,32708,2022-06-14,Complaint
3573,19850,2022-04-12,Inquiry
3574,43550,2020-03-05,Complaint
3575,4199,2023-06-23,Inquiry
3576,25774,2023-11-05,Complaint
3577,42794,2025-03-20,Inquiry
3578,23719,2023-05-27,Complaint
3579,27069,2021-07-15,Inquiry
3580,45950,2022-07-06,Complaint
3581,40529,2020-02-26,Complaint
3582,11991,2022-11-14,Complaint
3583,44338,2020-10-24,Inquiry
3584,49031,2023-03-19,Complaint
3585,7009,2020-05-17,Complaint
3586,135,2020-05-27,Inquiry
3587,33120,2023-02-18,Inquiry
3588,15604,2022-10-31,Complaint
3589,6493,2023-09-18,Complaint
3590,5534,2022-03-12,Complaint
3591,44152,2024-01-04,Complaint
3592,9293,2022-08-05,Complaint
3593,13878,2022-03-05,Inquiry
3594,49446,2021-03-30,Inquiry
3595,11503,2020-11-05,Inquiry
3596,46843,2021-12-30,Complaint
3597,24021,2020-05-24,Complaint
3598,5350,2024-07-02,Inquiry
3599,18206,2025-05-22,Inquiry
3600,9490,2022-11-10,Inquiry
3601,41790,2024-02-17,Inquiry
3602,30306,2022-11-05,Complaint
3603,47389,2025-01-17,Complaint
3604,38449,2023-03-22,Inquiry
3605,48557,2024-08-15,Inquiry
3606,33715,2024-08-20,Inquiry
3607,43156,2021-09-27,Inquiry
3608,8239,2024-01-02,Complaint
3609,44115,2024-04-26,Complaint
3610,34886,2023-12-26,Inquiry
3611,11577,2024-04-22,Complaint
3612,34263,2021-03-05,Inquiry
3613,14236,2023-03-13,Inquiry
3614,4865,2025-06-22,Complaint
3615,16759,2023-05-28,Complaint
3616,40247,2020-12-12,Inquiry
3617,13042,2025-02-01,Complaint
3618,17343,2021-03-27,Complaint
3619,26599,2023-10-07,Complaint
3620,47978,2022-06-29,Complaint
3621,21304,2023-11-07,Complaint
3622,27371,2023-11-04,Inquiry
3623,48056,2020-05-12,Inquiry
3624,4072,2020-10-29,Inquiry
3625,39521,2024-11-04,Inquiry
3626,32944,2022-05-31,Complaint
3627,1941,2022-04-30,Complaint
3628,41040,2024-04-04,Inquiry
3629,34224,2021-06-14,Inquiry
3630,26600,2025-05-20,Inquiry
3631,18221,2021-08-10,Complaint
3632,22929,2020-01-23,Complaint
3633,47304,2021-07-20,Inquiry
3634,7978,2023-08-27,Inquiry
3635,46553,2020-02-26,Inquiry
3636,35264,2025-06-11,Inquiry
3637,41439,2021-12-04,Inquiry
3638,35959,2022-05-12,Inquiry
3639,28380,2021-08-09,Inquiry
3640,4276,2020-08-15,Inquiry
3641,26944,2020-08-01,Complaint
3642,4454,2020-06-17,Inquiry
3643,24688,2025-05-20,Complaint
3644,1395,2020-01-14,Inquiry
3645,6579,2020-09-27,Complaint
3646,21065,2022-06-20,Complaint
3647,19762,2024-10-07,Complaint
3648,25620,2024-07-10,Complaint
3649,30788,2022-01-28,Complaint
3650,39267,2020-07-07,Complaint
3651,47932,2022-11-21,Complaint
3652,35126,2022-12-04,Inquiry
3653,25024,2022-11-24,Complaint
3654,31531,2022-02-12,Inquiry
3655,25082,2021-01-24,Inquiry
3656,41097,2020-08-17,Inquiry
3657,10871,2021-07-02,Complaint
3658,7807,2021-09-15,Inquiry
3659,37662,2020-09-18,Inquiry
3660,18225,2025-04-20,Complaint
3661,30977,2020-09-13,Inquiry
3662,1073,2023-09-20,Inquiry
3663,26533,2023-02-23,Inquiry
3664,62,2021-05-01,Inquiry
3665,37650,2024-04-19,Complaint
3666,1638,2023-08-28,Complaint
3667,42966,2020-05-26,Complaint
3668,4663,2023-12-13,Inquiry
3669,40787,2021-03-16,Inquiry
3670,42384,2021-02-13,Complaint
3671,12266,2024-09-12,Complaint
3672,21109,2023-08-23,Complaint
3673,36785,2022-07-21,Inquiry
3674,638,2022-08-08,Complaint
3675,3520,2021-09-23,Complaint
3676,12985,2021-11-28,Inquiry
3677,42052,2024-09-19,Complaint
3678,19087,2024-07-08,Complaint
3679,19724,2022-04-12,Inquiry
3680,48208,2025-05-26,Inquiry
3681,11328,2021-03-19,Inquiry
3682,35805,2021-06-21,Complaint
3683,985,2020-02-09,Inquiry
3684,15053,2023-08-06,Inquiry
3685,18836,2022-07-22,Inquiry
3686,21538,2020-02-10,Complaint
3687,29843,2023-02-18,Inquiry
3688,7031,2025-04-16,Inquiry
3689,49244,2024-03-22,Complaint
3690,2451,2021-01-19,Complaint
3691,41170,2023-01-25,Inquiry
3692,2225,2020-12-19,Complaint
3693,1821,2023-09-20,Inquiry
3694,5404,2022-06-07,Inquiry
3695,47240,2023-11-10,Inquiry
3696,11619,2022-04-18,Inquiry
3697,7849,2022-03-29,Inquiry
3698,17113,2021-11-16,Inquiry
3699,7636,2021-02-13,Complaint
3700,30919,2023-12-17,Inquiry
3701,18460,2025-04-28,Inquiry
3702,40217,2022-02-16,Inquiry
3703,10680,2020-03-14,Complaint
3704,5946,2021-08-08,Inquiry
3705,220,2021-07-03,Complaint
3706,7030,2022-01-01,Inquiry
3707,46054,2021-08-28,Complaint
3708,17485,2023-08-07,Inquiry
3709,18654,2023-08-24,Inquiry
3710,20583,2022-07-11,Inquiry
3711,45640,2022-12-31,Inquiry
3712,46403,2025-05-25,Inquiry
3713,36234,2025-02-07,Inquiry
3714,44294,2023-06-24,Inquiry
3715,46419,2021-08-08,Complaint
3716,39974,2022-12-19,Inquiry
3717,4570,2022-10-06,Complaint
3718,24978,2022-11-10,Complaint
3719,7771,2023-01-17,Complaint
3720,15508,2025-01-13,Inquiry
3721,46062,2020-08-10,Inquiry
3722,40326,2021-03-25,Inquiry
3723,37457,2021-11-26,Inquiry
3724,18547,2024-01-05,Inquiry
3725,11417,2020-01-19,Inquiry
3726,6579,2020-01-30,Inquiry
3727,25872,2024-06-04,Complaint
3728,7238,2022-07-13,Inquiry
3729,32677,2023-11-12,Inquiry
3730,26567,2023-09-14,Inquiry
3731,32188,2022-11-08,Inquiry
3732,30953,2023-02-27,Complaint
3733,39863,2024-08-08,Inquiry
3734,8465,2024-09-25,Complaint
3735,35331,2021-05-12,Inquiry
3736,30556,2023-07-30,Complaint
3737,31479,2021-05-25,Inquiry
3738,5474,2023-06-04,Inquiry
3739,11677,2020-02-21,Complaint
3740,1016,2021-06-10,Inquiry
3741,3332,2023-08-24,Complaint
3742,10068,2022-04-11,Complaint
3743,10316,2021-05-23,Complaint
3744,10595,2025-01-12,Inquiry
3745,29694,2023-01-06,Inquiry
3746,46922,2023-11-09,Inquiry
3747,23566,2020-09-17,Inquiry
3748,23608,2021-11-05,Inquiry
3749,18454,2020-07-03,Complaint
3750,47593,2024-07-03,Complaint
3751,19992,2023-10-07,Inquiry
3752,28378,2023-09-17,Inquiry
3753,13835,2025-03-31,Inquiry
3754,10196,2023-12-16,Complaint
3755,26184,2023-05-29,Inquiry
3756,23453,2024-12-16,Inquiry
3757,34505,2023-10-25,Inquiry
3758,4134,2024-06-28,Inquiry
3759,28102,2023-08-20,Complaint
3760,15324,2024-09-26,Complaint
3761,22618,2020-10-27,Inquiry
3762,32521,2020-08-22,Inquiry
3763,49753,2025-01-15,Complaint
3764,21120,2022-05-06,Complaint
3765,31998,2022-01-15,Inquiry
3766,39814,2025-02-09,Inquiry
3767,6716,2020-04-03,Complaint
3768,13115,2023-06-01,Complaint
3769,44949,2023-12-07,Inquiry
3770,37103,2025-06-14,Inquiry
3771,46825,2021-12-14,Inquiry
3772,14859,2023-01-08,Inquiry
3773,48017,2024-02-24,Inquiry
3774,18483,2024-05-12,Complaint
3775,40640,2021-08-26,Inquiry
3776,25399,2023-05-11,Complaint
3777,14806,2023-06-29,Complaint
3778,30352,2020-02-11,Inquiry
3779,37589,2020-02-29,Complaint
3780,9421,2022-01-28,Inquiry
3781,7990,2020-07-22,Complaint
3782,27318,2020-03-04,Inquiry
3783,20986,2021-07-08,Inquiry
3784,28344,2023-04-07,Inquiry
3785,23032,2022-06-06,Complaint
3786,30701,2020-11-13,Inquiry
3787,2823,2020-06-14,Inquiry
3788,27775,2023-01-09,Inquiry
3789,3552,2020-08-19,Complaint
3790,48653,2025-02-25,Inquiry
3791,8800,2025-03-21,Complaint
3792,17785,2024-09-29,Complaint
3793,31315,2021-03-09,Complaint
3794,27948,2021-01-02,Complaint
3795,33320,2025-03-26,Complaint
3796,24773,2023-12-14,Inquiry
3797,19996,2023-03-26,Complaint
3798,35921,2025-04-11,Inquiry
3799,2856,2025-01-04,Inquiry
3800,22622,2020-11-23,Inquiry
3801,33595,2020-03-22,Inquiry
3802,33074,2023-03-13,Inquiry
3803,29805,2021-05-21,Complaint
3804,42639,2020-03-27,Inquiry
3805,3940,2022-07-24,Inquiry
3806,394,2021-10-15,Inquiry
3807,6292,2023-07-22,Inquiry
3808,22942,2021-12-11,Complaint
3809,42339,2020-12-24,Complaint
3810,49888,2022-07-19,Inquiry
3811,39483,2024-10-06,Inquiry
3812,30394,2023-01-29,Complaint
3813,1535,2023-08-20,Inquiry
3814,45836,2024-09-16,Inquiry
3815,38958,2025-02-24,Complaint
3816,6023,2020-03-10,Complaint
3817,40466,2021-11-13,Complaint
3818,15516,2021-03-12,Inquiry
3819,12653,2021-03-03,Inquiry
3820,29067,2021-12-08,Inquiry
3821,39522,2021-01-29,Inquiry
3822,5708,2022-11-13,Inquiry
3823,42828,2020-04-03,Inquiry
3824,1039,2021-01-27,Inquiry
3825,47030,2020-11-13,Inquiry
3826,45992,2022-12-29,Inquiry
3827,5139,2021-09-20,Inquiry
3828,34472,2025-06-19,Inquiry
3829,14773,2025-03-06,Complaint
3830,650,2021-03-31,Inquiry
3831,38600,2024-07-21,Inquiry
3832,41878,2020-11-24,Inquiry
3833,11797,2025-05-05,Complaint
3834,18068,2024-10-24,Complaint
3835,7877,2020-10-24,Inquiry
3836,38913,2020-07-02,Complaint
3837,5241,2022-11-24,Inquiry
3838,44153,2024-01-30,Complaint
3839,13467,2022-07-05,Complaint
3840,44324,2024-11-01,Inquiry
3841,10785,2022-08-19,Complaint
3842,19546,2020-03-28,Complaint
3843,43199,2021-09-21,Complaint
3844,45198,2020-04-01,Inquiry
3845,14806,2023-03-14,Complaint
3846,40812,2022-05-09,Complaint
3847,6816,2024-01-05,Complaint
3848,39947,2021-10-11,Inquiry
3849,16870,2022-04-24,Inquiry
3850,36189,2025-01-23,Inquiry
3851,26570,2024-06-19,Complaint
3852,3966,2020-08-12,Inquiry
3853,7027,2022-08-05,Inquiry
3854,39028,2020-03-27,Inquiry
3855,12865,2020-01-26,Inquiry
3856,13489,2022-09-22,Inquiry
3857,49895,2024-08-27,Inquiry
3858,46164,2022-07-22,Inquiry
3859,606,2020-05-21,Complaint
3860,11170,2021-12-17,Complaint
3861,11837,2020-06-29,Complaint
3862,40120,2022-01-21,Inquiry
3863,423,2023-07-31,Complaint
3864,29290,2021-09-05,Complaint
3865,18354,2021-12-29,Complaint
3866,41452,2022-07-03,Complaint
3867,26091,2021-03-14,Complaint
3868,45687,2020-11-28,Inquiry
3869,14110,2021-11-18,Complaint
3870,32880,2025-05-13,Inquiry
3871,31975,2023-10-18,Complaint
3872,30350,2024-05-01,Complaint
3873,32803,2021-07-22,Inquiry
3874,14645,2024-01-02,Inquiry
3875,5432,2023-12-13,Inquiry
3876,13341,2022-01-31,Complaint
3877,22440,2020-03-07,Complaint
3878,3393,2021-03-27,Inquiry
3879,29365,2022-12-03,Inquiry
3880,373,2021-08-10,Inquiry
3881,26467,2022-12-27,Complaint
3882,40896,2024-05-23,Inquiry
3883,30801,2023-08-06,Inquiry
3884,30972,2023-01-08,Complaint
3885,18954,2025-04-25,Inquiry
3886,24906,2022-09-11,Complaint
3887,49921,2025-03-20,Complaint
3888,25612,2020-05-31,Complaint
3889,49551,2025-05-16,Complaint
3890,14250,2024-12-03,Inquiry
3891,43361,2023-03-08,Inquiry
3892,2886,2022-02-04,Complaint
3893,17646,2025-03-22,Inquiry
3894,12318,2025-05-09,Complaint
3895,9334,2020-08-31,Complaint
3896,17948,2024-08-22,Inquiry
3897,18538,2021-05-30,Complaint
3898,36127,2021-12-24,Inquiry
3899,22801,2025-04-28,Complaint
3900,35041,2021-04-13,Complaint
3901,34773,2024-11-14,Inquiry
3902,42802,2021-02-25,Inquiry
3903,26035,2024-12-18,Inquiry
3904,15447,2024-02-09,Complaint
3905,26307,2022-05-16,Inquiry
3906,27057,2024-11-22,Complaint
3907,36188,2021-05-06,Complaint
3908,31388,2020-02-15,Complaint
3909,2769,2020-12-12,Inquiry
3910,18446,2021-10-02,Complaint
3911,38352,2025-03-11,Inquiry
3912,29273,2024-08-18,Complaint
3913,3843,2021-02-08,Inquiry
3914,33989,2021-08-08,Complaint
3915,8031,2020-06-14,Complaint
3916,35319,2021-06-24,Inquiry
3917,35140,2023-07-23,Inquiry
3918,39543,2022-05-19,Inquiry
3919,47043,2023-09-12,Complaint
3920,10556,2022-07-17,Complaint
3921,10983,2021-12-17,Inquiry
3922,12387,2023-03-14,Inquiry
3923,11703,2025-06-15,Inquiry
3924,47813,2021-10-17,Inquiry
3925,45646,2023-11-15,Inquiry
3926,30498,2023-12-18,Complaint
3927,48759,2024-03-05,Complaint
3928,39938,2022-05-22,Complaint
3929,23038,2024-05-15,Complaint
3930,32847,2023-04-27,Inquiry
3931,32034,2021-03-28,Inquiry
3932,1156,2025-01-17,Inquiry
3933,22122,2020-01-12,Complaint
3934,29837,2020-11-01,Inquiry
3935,41545,2021-02-01,Complaint
3936,3204,2022-06-09,Inquiry
3937,35359,2020-06-20,Complaint
3938,15788,2023-03-24,Inquiry
3939,16696,2023-11-08,Inquiry
3940,16134,2024-11-16,Complaint
3941,24007,2024-03-13,Complaint
3942,41022,2023-04-15,Complaint
3943,32870,2023-08-26,Complaint
3944,26355,2020-03-14,Inquiry
3945,27670,2020-11-21,Complaint
3946,23908,2020-07-30,Complaint
3947,268,2023-10-22,Inquiry
3948,6576,2020-02-18,Inquiry
3949,19758,2020-10-06,Inquiry
3950,27080,2022-09-13,Complaint
3951,42393,2024-11-13,Inquiry
3952,30843,2021-03-28,Inquiry
3953,43050,2025-01-09,Inquiry
3954,21118,2022-03-29,Complaint
3955,47415,2022-03-30,Complaint
3956,1561,2024-01-20,Complaint
3957,26960,2022-12-30,Complaint
3958,29265,2023-11-02,Complaint
3959,32694,2020-01-08,Inquiry
3960,48490,2020-10-26,Inquiry
3961,38084,2023-06-19,Inquiry
3962,25712,2025-06-16,Complaint
3963,10238,2023-07-28,Inquiry
3964,44258,2022-06-10,Complaint
3965,33690,2025-01-04,Inquiry
3966,4210,2023-02-19,Complaint
3967,42581,2023-08-05,Complaint
3968,44992,2022-04-20,Inquiry
3969,22586,2021-03-02,Inquiry
3970,33209,2021-11-11,Inquiry
3971,16072,2022-10-05,Inquiry
3972,47044,2022-05-12,Inquiry
3973,16130,2023-06-06,Inquiry
3974,45395,2020-04-22,Complaint
3975,42791,2020-11-06,Complaint
3976,26435,2024-02-08,Inquiry
3977,36809,2020-07-20,Inquiry
3978,41712,2021-01-26,Complaint
3979,37735,2024-01-10,Inquiry
3980,25198,2020-02-24,Complaint
3981,34380,2024-10-27,Complaint
3982,16652,2023-04-18,Complaint
3983,19196,2021-08-05,Inquiry
3984,5113,2025-05-07,Complaint
3985,1191,2024-03-04,Inquiry
3986,11720,2024-02-23,Inquiry
3987,49770,2023-01-22,Complaint
3988,14323,2021-10-27,Inquiry
3989,12566,2022-09-28,Complaint
3990,2520,2023-08-31,Inquiry
3991,32947,2024-02-28,Complaint
3992,4187,2021-06-27,Complaint
3993,36018,2021-06-26,Complaint
3994,27025,2020-12-28,Inquiry
3995,38317,2020-10-06,Inquiry
3996,27323,2024-12-18,Inquiry
3997,27052,2022-04-28,Complaint
3998,11882,2024-10-24,Complaint
3999,9334,2021-04-12,Inquiry
4000,31536,2020-08-22,Inquiry
4001,43038,2025-04-08,Inquiry
4002,32868,2024-11-02,Inquiry
4003,6930,2020-12-20,Complaint
4004,44908,2023-01-09,Inquiry
4005,9108,2020-10-30,Inquiry
4006,37308,2021-01-26,Inquiry
4007,37608,2023-12-29,Inquiry
4008,28527,2021-07-04,Inquiry
4009,2036,2023-12-11,Complaint
4010,23601,2022-09-24,Inquiry
4011,1655,2020-06-07,Complaint
4012,35955,2021-02-04,Inquiry
4013,3846,2023-03-11,Complaint
4014,234,2020-06-01,Complaint
4015,41400,2022-02-06,Inquiry
4016,42776,2022-09-06,Inquiry
4017,13628,2020-07-20,Inquiry
4018,1864,2021-11-18,Inquiry
4019,17530,2020-01-17,Complaint
4020,49655,2023-01-20,Complaint
4021,7157,2022-09-13,Inquiry
4022,4726,2022-09-01,Complaint
4023,37969,2021-08-16,Complaint
4024,9666,2024-06-03,Inquiry
4025,15766,2022-01-05,Inquiry
4026,2355,2020-08-12,Inquiry
4027,14899,2021-08-05,Complaint
4028,24976,2022-05-14,Inquiry
4029,6440,2023-08-21,Inquiry
4030,41864,2024-03-17,Complaint
4031,32704,2020-08-28,Inquiry
4032,2887,2020-01-27,Inquiry
4033,30212,2022-06-08,Inquiry
4034,8251,2024-02-10,Inquiry
4035,32326,2020-01-24,Inquiry
4036,21248,2024-10-14,Complaint
4037,11983,2020-12-21,Inquiry
4038,3413,2021-12-18,Inquiry
4039,18303,2024-07-24,Inquiry
4040,5687,2024-06-20,Complaint
4041,20094,2021-10-05,Inquiry
4042,41799,2024-12-25,Complaint
4043,9859,2025-04-03,Inquiry
4044,41701,2021-08-02,Inquiry
4045,47743,2022-06-11,Inquiry
4046,22038,2023-11-27,Inquiry
4047,17946,2022-01-16,Complaint
4048,9724,2021-07-03,Inquiry
4049,772,2024-02-16,Inquiry
4050,39798,2021-07-21,Complaint
4051,32016,2024-11-04,Inquiry
4052,3775,2025-05-06,Inquiry
4053,47742,2023-10-23,Complaint
4054,17147,2021-04-20,Complaint
4055,17809,2024-01-09,Complaint
4056,35347,2021-12-30,Complaint
4057,36596,2022-01-20,Inquiry
4058,38991,2025-06-02,Inquiry
4059,44807,2024-02-08,Inquiry
4060,36418,2025-03-04,Inquiry
4061,21815,2021-09-12,Inquiry
4062,36475,2021-09-15,Complaint
4063,11624,2024-01-20,Inquiry
4064,39149,2022-09-07,Inquiry
4065,38392,2024-01-09,Inquiry
4066,16599,2022-01-07,Complaint
4067,11720,2022-06-24,Complaint
4068,36881,2025-06-03,Complaint
4069,28839,2025-01-07,Inquiry
4070,22024,2025-06-13,Inquiry
4071,2105,2020-07-11,Inquiry
4072,36842,2024-01-15,Inquiry
4073,5431,2021-04-17,Inquiry
4074,14324,2020-04-27,Inquiry
4075,6682,2020-01-18,Inquiry
4076,10207,2020-03-12,Complaint
4077,26293,2020-04-23,Inquiry
4078,49953,2021-11-10,Complaint
4079,42142,2024-07-07,Inquiry
4080,4702,2022-04-19,Complaint
4081,30741,2020-01-27,Inquiry
4082,29093,2023-12-28,Inquiry
4083,9877,2023-02-28,Inquiry
4084,36253,2024-07-25,Inquiry
4085,44040,2022-12-07,Inquiry
4086,13492,2024-10-23,Complaint
4087,22183,2020-12-16,Inquiry
4088,44869,2022-06-17,Complaint
4089,43790,2020-03-27,Complaint
4090,8277,2022-04-21,Inquiry
4091,14976,2025-02-21,Inquiry
4092,39823,2023-05-10,Inquiry
4093,49054,2024-10-02,Inquiry
4094,43299,2022-05-18,Inquiry
4095,21417,2020-02-10,Complaint
4096,11189,2020-06-17,Complaint
4097,43069,2022-09-07,Inquiry
4098,31486,2023-12-10,Complaint
4099,49197,2020-01-08,Complaint
4100,25691,2021-02-21,Complaint
4101,33409,2025-01-03,Inquiry
4102,39841,2022-11-07,Inquiry
4103,36731,2024-02-11,Inquiry
4104,11627,2022-10-21,Complaint
4105,33982,2025-01-22,Complaint
4106,12694,2024-10-13,Inquiry
4107,45875,2020-05-23,Complaint
4108,19269,2021-05-28,Inquiry
4109,48183,2023-08-30,Inquiry
4110,11803,2023-07-28,Complaint
4111,40876,2022-05-23,Inquiry
4112,8527,2025-02-18,Inquiry
4113,41559,2021-09-24,Complaint
4114,11836,2020-04-09,Complaint
4115,6453,2021-05-06,Complaint
4116,38289,2022-06-29,Inquiry
4117,23262,2022-06-26,Inquiry
4118,24356,2021-10-17,Inquiry
4119,19202,2020-09-07,Inquiry
4120,353,2020-11-18,Inquiry
4121,44657,2024-02-19,Complaint
4122,25876,2023-04-22,Complaint
4123,25610,2022-12-19,Inquiry
4124,21445,2021-01-23,Complaint
4125,570,2022-01-15,Complaint
4126,14801,2022-06-03,Inquiry
4127,25903,2022-07-01,Inquiry
4128,33983,2023-04-24,Complaint
4129,13043,2024-06-08,Inquiry
4130,34471,2024-07-26,Inquiry
4131,45118,2023-07-02,Complaint
4132,7378,2022-11-06,Complaint
4133,3132,2021-12-16,Complaint
4134,24565,2021-08-13,Inquiry
4135,8521,2023-01-17,Complaint
4136,31744,2023-04-02,Complaint
4137,46880,2025-01-31,Inquiry
4138,34239,2020-03-28,Complaint
4139,41472,2022-03-27,Inquiry
4140,37415,2022-09-04,Inquiry
4141,13458,2020-10-01,Complaint
4142,38402,2023-03-28,Complaint
4143,1680,2020-06-11,Complaint
4144,28111,2023-12-15,Inquiry
4145,47539,2021-06-09,Complaint
4146,30548,2022-08-17,Inquiry
4147,47670,2020-12-04,Inquiry
4148,3768,2021-05-13,Complaint
4149,35688,2023-11-09,Inquiry
4150,5615,2023-12-02,Inquiry
4151,32318,2020-06-13,Complaint
4152,12776,2023-03-21,Complaint
4153,16711,2023-05-17,Inquiry
4154,38226,2022-04-04,Inquiry
4155,11225,2023-01-09,Complaint
4156,44877,2024-03-02,Complaint
4157,41660,2020-04-18,Inquiry
4158,29640,2020-06-20,Inquiry
4159,48475,2022-04-03,Inquiry
4160,10260,2023-09-21,Inquiry
4161,41024,2020-01-01,Inquiry
4162,41058,2025-03-25,Complaint
4163,39236,2023-03-02,Inquiry
4164,41167,2021-05-08,Inquiry
4165,20941,2024-09-04,Complaint
4166,12209,2022-06-17,Inquiry
4167,7766,2021-11-29,Complaint
4168,28954,2022-08-09,Complaint
4169,4850,2020-01-28,Inquiry
4170,17844,2020-08-02,Inquiry
4171,1597,2024-01-13,Inquiry
4172,28415,2022-03-07,Inquiry
4173,46076,2022-06-10,Inquiry
4174,32265,2023-07-15,Inquiry
4175,11269,2022-06-23,Complaint
4176,31902,2023-04-04,Complaint
4177,17668,2023-01-24,Inquiry
4178,5791,2023-01-02,Complaint
4179,49934,2021-01-18,Complaint
4180,24345,2021-07-15,Inquiry
4181,4721,2020-07-26,Complaint
4182,19056,2021-09-12,Inquiry
4183,18883,2023-09-23,Inquiry
4184,2626,2020-05-21,Inquiry
4185,29207,2023-03-14,Inquiry
4186,5424,2023-05-28,Complaint
4187,32929,2023-12-23,Inquiry
4188,16796,2022-05-01,Inquiry
4189,25919,2024-11-22,Complaint
4190,37256,2023-01-13,Inquiry
4191,41380,2025-01-27,Inquiry
4192,33154,2022-01-14,Inquiry
4193,5912,2024-12-05,Inquiry
4194,26006,2025-03-16,Inquiry
4195,30744,2020-04-07,Inquiry
4196,29950,2020-09-19,Inquiry
4197,24005,2025-06-12,Inquiry
4198,44891,2020-05-12,Inquiry
4199,49121,2024-06-01,Inquiry
4200,37813,2025-04-02,Complaint
4201,17493,2022-03-07,Inquiry
4202,19153,2024-07-25,Complaint
4203,41146,2022-06-26,Inquiry
4204,16419,2021-09-14,Inquiry
4205,33015,2023-02-15,Inquiry
4206,14775,2024-07-31,Inquiry
4207,6446,2023-08-22,Inquiry
4208,45209,2024-11-30,Complaint
4209,47317,2021-01-19,Complaint
4210,25336,2024-02-28,Complaint
4211,46731,2025-01-13,Inquiry
4212,43800,2023-12-16,Complaint
4213,29262,2024-05-27,Inquiry
4214,26953,2023-03-18,Inquiry
4215,36870,2022-07-09,Inquiry
4216,34585,2022-05-21,Inquiry
4217,39328,2023-03-10,Inquiry
4218,5424,2025-05-29,Inquiry
4219,11831,2020-03-26,Inquiry
4220,17117,2021-09-10,Inquiry
4221,8612,2021-10-25,Inquiry
4222,12068,2020-10-18,Inquiry
4223,17277,2022-08-03,Complaint
4224,26743,2022-09-25,Inquiry
4225,28285,2023-01-19,Inquiry
4226,21432,2022-03-14,Inquiry
4227,892,2023-06-11,Inquiry
4228,28579,2021-06-06,Inquiry
4229,29837,2023-03-26,Complaint
4230,26993,2023-07-13,Inquiry
4231,19772,2021-02-25,Inquiry
4232,29979,2024-06-04,Inquiry
4233,18507,2025-03-15,Inquiry
4234,20230,2020-06-12,Inquiry
4235,49208,2022-04-23,Inquiry
4236,17066,2022-02-26,Inquiry
4237,8158,2021-06-29,Complaint
4238,3809,2025-01-25,Inquiry
4239,14374,2021-05-18,Inquiry
4240,31159,2025-05-09,Complaint
4241,17427,2023-05-26,Inquiry
4242,1013,2021-07-09,Inquiry
4243,39789,2020-02-28,Inquiry
4244,29910,2021-07-12,Inquiry
4245,12135,2023-11-28,Inquiry
4246,16525,2022-09-17,Inquiry
4247,5700,2022-07-22,Inquiry
4248,29597,2020-09-23,Inquiry
4249,44638,2025-02-02,Complaint
4250,20185,2020-04-19,Inquiry
4251,6159,2020-07-13,Complaint
4252,4236,2020-10-22,Complaint
4253,2581,2024-08-24,Inquiry
4254,24402,2022-07-08,Inquiry
4255,10491,2021-01-02,Inquiry
4256,24268,2023-09-20,Inquiry
4257,37937,2021-04-30,Inquiry
4258,16413,2023-02-22,Inquiry
4259,11198,2022-08-10,Inquiry
4260,15018,2025-06-08,Inquiry
4261,48406,2020-06-06,Complaint
4262,39163,2021-01-03,Inquiry
4263,1512,2024-11-22,Complaint
4264,15967,2025-02-16,Inquiry
4265,46319,2021-11-23,Complaint
4266,34967,2020-02-08,Inquiry
4267,21045,2023-12-17,Inquiry
4268,1006,2021-08-07,Inquiry
4269,48511,2021-03-12,Inquiry
4270,43391,2020-11-24,Inquiry
4271,20008,2023-08-28,Inquiry
4272,45175,2023-07-27,Inquiry
4273,49220,2021-07-13,Inquiry
4274,42758,2024-05-07,Complaint
4275,25903,2023-12-15,Complaint
4276,14090,2023-06-19,Inquiry
4277,33055,2025-02-18,Inquiry
4278,26439,2020-02-13,Inquiry
4279,49550,2022-07-21,Inquiry
4280,10870,2022-03-30,Complaint
4281,10630,2021-05-24,Complaint
4282,39397,2024-02-03,Inquiry
4283,29498,2024-02-07,Complaint
4284,1652,2024-03-26,Complaint
4285,18287,2022-12-13,Inquiry
4286,28178,2025-02-27,Inquiry
4287,35292,2024-06-16,Inquiry
4288,17259,2022-12-14,Complaint
4289,9217,2020-11-26,Complaint
4290,29369,2023-04-09,Inquiry
4291,11601,2023-05-11,Inquiry
4292,36027,2024-02-12,Inquiry
4293,8090,2023-02-01,Complaint
4294,18613,2024-05-02,Inquiry
4295,32914,2021-03-07,Inquiry
4296,40550,2022-03-28,Complaint
4297,3096,2024-06-12,Inquiry
4298,21778,2021-01-04,Complaint
4299,39663,2022-03-03,Complaint
4300,15567,2022-12-19,Inquiry
4301,31652,2023-09-24,Inquiry
4302,18522,2024-12-15,Inquiry
4303,18132,2020-12-29,Complaint
4304,10310,2023-05-25,Inquiry
4305,19547,2020-11-22,Complaint
4306,15487,2023-03-13,Inquiry
4307,23624,2021-02-14,Complaint
4308,47190,2021-06-28,Inquiry
4309,14373,2020-04-15,Inquiry
4310,24226,2022-02-19,Inquiry
4311,36080,2020-07-25,Inquiry
4312,27106,2021-10-19,Complaint
4313,9628,2023-07-08,Inquiry
4314,11711,2023-12-29,Inquiry
4315,44489,2020-11-22,Inquiry
4316,1566,2021-11-20,Complaint
4317,30950,2022-10-20,Inquiry
4318,48169,2022-03-12,Inquiry
4319,15624,2020-05-21,Inquiry
4320,25851,2024-12-28,Inquiry
4321,15624,2022-02-26,Inquiry
4322,5129,2024-06-09,Inquiry
4323,15595,2020-10-14,Inquiry
4324,31586,2025-01-05,Inquiry
4325,49305,2024-11-07,Inquiry
4326,27529,2021-11-10,Inquiry
4327,9280,2024-12-17,Complaint
4328,12035,2021-02-22,Inquiry
4329,5625,2020-09-24,Inquiry
4330,39392,2020-02-05,Complaint
4331,45595,2022-02-19,Inquiry
4332,46206,2020-04-17,Complaint
4333,2547,2025-05-22,Complaint
4334,44098,2021-07-16,Complaint
4335,35445,2025-03-18,Complaint
4336,39762,2024-01-27,Inquiry
4337,2107,2024-04-10,Inquiry
4338,27304,2024-11-17,Complaint
4339,14104,2024-02-09,Inquiry
4340,45207,2024-02-24,Inquiry
4341,21417,2025-04-15,Complaint
4342,30973,2023-10-07,Inquiry
4343,14129,2021-08-10,Inquiry
4344,42178,2022-07-31,Inquiry
4345,7741,2020-10-25,Complaint
4346,3049,2022-10-14,Complaint
4347,7232,2024-09-19,Inquiry
4348,47010,2022-09-01,Inquiry
4349,26907,2023-10-25,Inquiry
4350,30784,2024-08-24,Complaint
4351,2415,2023-01-07,Complaint
4352,13116,2021-02-18,Complaint
4353,42787,2024-02-15,Inquiry
4354,15413,2023-12-01,Complaint
4355,42362,2022-01-25,Complaint
4356,39680,2021-06-23,Inquiry
4357,42108,2021-07-07,Inquiry
4358,49223,2024-09-22,Inquiry
4359,10381,2024-01-07,Complaint
4360,26060,2020-11-05,Inquiry
4361,43635,2023-03-24,Complaint
4362,6733,2024-07-09,Complaint
4363,15669,2023-06-13,Inquiry
4364,11281,2022-03-26,Complaint
4365,1209,2020-07-14,Inquiry
4366,30012,2024-09-02,Complaint
4367,2126,2021-10-03,Complaint
4368,44919,2021-04-06,Inquiry
4369,16787,2020-07-20,Complaint
4370,34979,2021-02-07,Inquiry
4371,37010,2023-04-20,Complaint
4372,25105,2021-04-15,Inquiry
4373,46932,2025-04-06,Inquiry
4374,1829,2024-04-04,Complaint
4375,15767,2020-12-25,Inquiry
4376,459,2025-04-26,Complaint
4377,18990,2023-04-25,Complaint
4378,2183,2023-05-03,Inquiry
4379,33175,2024-07-23,Inquiry
4380,45659,2021-05-08,Inquiry
4381,30933,2023-08-05,Complaint
4382,34965,2020-06-25,Inquiry
4383,10554,2023-10-20,Inquiry
4384,8160,2024-11-10,Complaint
4385,946,2020-05-28,Complaint
4386,2716,2022-04-09,Inquiry
4387,7269,2023-07-28,Inquiry
4388,40002,2025-05-31,Inquiry
4389,14706,2023-03-13,Inquiry
4390,6665,2024-08-19,Complaint
4391,29731,2021-01-16,Inquiry
4392,33511,2022-03-01,Inquiry
4393,42863,2022-09-19,Complaint
4394,34877,2025-02-21,Complaint
4395,12868,2023-02-22,Complaint
4396,470,2024-01-27,Complaint
4397,4486,2025-06-19,Inquiry
4398,49252,2023-09-06,Complaint
4399,49620,2022-11-04,Inquiry
4400,36851,2022-12-20,Complaint
4401,6028,2021-06-29,Complaint
4402,35131,2021-09-21,Complaint
4403,3905,2024-12-29,Inquiry
4404,44841,2021-12-30,Inquiry
4405,11779,2022-11-10,Complaint
4406,8318,2020-05-23,Inquiry
4407,29355,2023-03-15,Inquiry
4408,12920,2024-03-26,Inquiry
4409,25813,2023-07-16,Inquiry
4410,24258,2020-09-24,Complaint
4411,14432,2023-06-01,Inquiry
4412,24861,2024-04-15,Inquiry
4413,5295,2020-01-15,Complaint
4414,44508,2023-04-14,Complaint
4415,41185,2021-01-13,Inquiry
4416,43930,2022-09-19,Inquiry
4417,4349,2023-08-23,Complaint
4418,16015,2024-08-05,Inquiry
4419,45357,2022-05-21,Complaint
4420,29658,2021-06-01,Complaint
4421,42185,2022-11-06,Inquiry
4422,15829,2020-10-10,Inquiry
4423,41364,2024-06-06,Complaint
4424,43291,2022-01-10,Inquiry
4425,4801,2022-08-13,Inquiry
4426,43785,2021-12-28,Complaint
4427,25980,2022-08-28,Inquiry
4428,4026,2023-05-18,Inquiry
4429,8499,2023-05-30,Inquiry
4430,36774,2021-05-09,Inquiry
4431,42580,2021-05-28,Complaint
4432,7545,2024-08-06,Complaint
4433,2707,2021-03-31,Complaint
4434,27915,2023-07-20,Inquiry
4435,1406,2024-01-23,Inquiry
4436,25422,2022-10-20,Complaint
4437,44249,2020-08-29,Inquiry
4438,22604,2024-01-26,Complaint
4439,24493,2023-11-03,Inquiry
4440,46211,2022-01-18,Inquiry
4441,46439,2024-03-08,Inquiry
4442,18686,2024-07-19,Complaint
4443,49616,2020-09-07,Inquiry
4444,3390,2025-04-11,Inquiry
4445,1281,2024-08-07,Complaint
4446,33291,2025-02-21,Inquiry
4447,6017,2025-02-13,Complaint
4448,42093,2023-02-15,Inquiry
4449,28978,2023-02-11,Complaint
4450,3918,2021-08-18,Inquiry
4451,23551,2020-04-10,Complaint
4452,39150,2024-01-21,Complaint
4453,37600,2024-05-25,Inquiry
4454,47482,2022-02-10,Inquiry
4455,389,2020-05-20,Inquiry
4456,21923,2023-09-29,Complaint
4457,14987,2023-11-04,Inquiry
4458,32001,2025-05-05,Complaint
4459,49927,2022-12-25,Complaint
4460,43478,2024-08-11,Complaint
4461,31,2024-10-28,Inquiry
4462,9489,2021-05-18,Inquiry
4463,3602,2020-05-15,Inquiry
4464,20559,2024-08-14,Inquiry
4465,9469,2020-06-14,Complaint
4466,28535,2020-04-11,Inquiry
4467,11893,2023-11-02,Inquiry
4468,29158,2020-07-19,Complaint
4469,25955,2023-06-22,Complaint
4470,34640,2021-04-08,Complaint
4471,24681,2023-10-19,Inquiry
4472,21086,2024-08-06,Inquiry
4473,24675,2023-10-17,Inquiry
4474,44689,2020-07-14,Complaint
4475,26447,2025-03-21,Inquiry
4476,41130,2020-06-20,Inquiry
4477,7410,2024-10-22,Inquiry
4478,29467,2021-11-17,Inquiry
4479,44993,2022-04-05,Inquiry
4480,19230,2024-01-04,Inquiry
4481,46332,2021-12-29,Inquiry
4482,22597,2020-11-23,Inquiry
4483,17601,2023-01-23,Inquiry
4484,4612,2020-07-10,Complaint
4485,49291,2020-04-01,Inquiry
4486,2189,2022-10-24,Complaint
4487,778,2020-07-08,Complaint
4488,39788,2024-09-21,Inquiry
4489,23541,2020-06-18,Inquiry
4490,39640,2025-03-22,Complaint
4491,29140,2020-11-19,Inquiry
4492,22103,2025-01-29,Complaint
4493,45673,2020-08-25,Inquiry
4494,47786,2022-06-04,Complaint
4495,24675,2023-06-05,Complaint
4496,25772,2025-04-16,Inquiry
4497,15195,2024-08-31,Inquiry
4498,13135,2020-06-05,Inquiry
4499,42648,2025-03-08,Inquiry
4500,23838,2022-12-17,Inquiry
4501,22977,2025-05-16,Complaint
4502,33533,2020-12-18,Inquiry
4503,7235,2021-01-02,Complaint
4504,13799,2025-01-31,Inquiry
4505,32280,2022-06-02,Complaint
4506,11552,2024-09-26,Complaint
4507,28607,2023-06-09,Inquiry
4508,35460,2021-08-17,Inquiry
4509,40961,2024-06-30,Inquiry
4510,47496,2023-07-01,Inquiry
4511,38190,2020-03-17,Inquiry
4512,32908,2022-12-07,Inquiry
4513,11393,2021-10-15,Complaint
4514,4302,2023-03-31,Inquiry
4515,7641,2023-09-02,Inquiry
4516,668,2021-12-09,Complaint
4517,24776,2024-01-26,Inquiry
4518,35904,2025-06-20,Inquiry
4519,38312,2021-03-16,Inquiry
4520,21209,2024-09-04,Inquiry
4521,35895,2021-05-30,Inquiry
4522,2391,2025-05-08,Inquiry
4523,38716,2021-11-18,Complaint
4524,48748,2023-06-11,Complaint
4525,49381,2022-08-14,Complaint
4526,30761,2020-04-15,Complaint
4527,13008,2020-07-18,Inquiry
4528,39995,2023-03-06,Complaint
4529,38340,2023-10-29,Complaint
4530,12196,2023-08-23,Inquiry
4531,6945,2020-05-06,Complaint
4532,31085,2020-04-30,Inquiry
4533,18925,2023-12-15,Complaint
4534,1521,2022-11-15,Inquiry
4535,43230,2021-03-16,Complaint
4536,37933,2021-10-08,Inquiry
4537,22393,2021-06-30,Inquiry
4538,23602,2021-02-08,Inquiry
4539,45687,2024-05-31,Complaint
4540,34476,2020-10-17,Inquiry
4541,4036,2022-11-22,Complaint
4542,37720,2020-05-25,Complaint
4543,31713,2021-12-20,Inquiry
4544,17685,2020-12-28,Inquiry
4545,3041,2020-03-19,Inquiry
4546,17582,2022-12-16,Inquiry
4547,48353,2022-06-22,Complaint
4548,45769,2020-06-04,Inquiry
4549,48543,2022-09-19,Inquiry
4550,4830,2023-09-22,Inquiry
4551,38160,2023-07-31,Inquiry
4552,16438,2020-02-20,Inquiry
4553,3363,2022-11-05,Inquiry
4554,16857,2024-10-12,Inquiry
4555,49464,2021-04-09,Complaint
4556,48576,2020-08-23,Complaint
4557,18588,2021-05-04,Inquiry
4558,33495,2024-09-21,Complaint
4559,27421,2022-08-27,Inquiry
4560,47546,2021-03-04,Complaint
4561,48280,2021-07-27,Complaint
4562,16020,2024-04-03,Inquiry
4563,45723,2022-12-24,Inquiry
4564,30433,2020-02-26,Complaint
4565,18778,2021-03-03,Inquiry
4566,22076,2022-01-09,Inquiry
4567,23447,2024-07-05,Inquiry
4568,18541,2023-07-17,Inquiry
4569,29499,2020-11-20,Inquiry
4570,32475,2021-12-16,Inquiry
4571,5211,2025-03-20,Complaint
4572,42264,2020-05-30,Inquiry
4573,8632,2025-05-25,Complaint
4574,11956,2020-11-15,Complaint
4575,33321,2024-08-26,Complaint
4576,46274,2022-04-19,Complaint
4577,31074,2024-08-13,Inquiry
4578,9110,2021-07-06,Inquiry
4579,29810,2022-12-11,Inquiry
4580,39874,2022-06-07,Inquiry
4581,10984,2025-04-18,Complaint
4582,8298,2020-07-04,Inquiry
4583,25304,2022-05-10,Inquiry
4584,47910,2020-07-31,Inquiry
4585,49512,2021-02-24,Complaint
4586,37078,2022-06-22,Complaint
4587,9027,2024-08-28,Complaint
4588,1770,2020-03-28,Complaint
4589,12453,2025-03-01,Inquiry
4590,35202,2024-04-06,Inquiry
4591,42425,2025-05-01,Inquiry
4592,32335,2023-02-08,Complaint
4593,24877,2022-07-11,Inquiry
4594,2101,2023-12-13,Inquiry
4595,35917,2022-08-12,Inquiry
4596,2516,2022-07-30,Inquiry
4597,35192,2022-06-14,Complaint
4598,1855,2022-06-17,Complaint
4599,13998,2022-07-28,Complaint
4600,49371,2024-12-06,Inquiry
4601,40160,2021-09-17,Complaint
4602,45570,2020-06-16,Complaint
4603,48271,2022-09-07,Inquiry
4604,40453,2021-11-25,Complaint
4605,259,2024-06-15,Inquiry
4606,18266,2023-11-14,Inquiry
4607,45859,2022-03-07,Complaint
4608,4052,2025-04-08,Inquiry
4609,45632,2025-04-29,Inquiry
4610,27093,2023-12-16,Inquiry
4611,26528,2020-11-14,Complaint
4612,24321,2022-03-05,Inquiry
4613,18045,2023-05-17,Complaint
4614,21552,2020-08-15,Inquiry
4615,48402,2023-05-27,Complaint
4616,10385,2023-10-12,Complaint
4617,43551,2022-03-19,Inquiry
4618,11229,2022-05-08,Inquiry
4619,14262,2020-03-22,Inquiry
4620,7117,2024-07-29,Inquiry
4621,49468,2024-07-17,Inquiry
4622,3839,2020-05-29,Inquiry
4623,8265,2024-02-14,Complaint
4624,2134,2023-04-11,Complaint
4625,35178,2022-11-12,Complaint
4626,3090,2021-05-07,Complaint
4627,30587,2022-07-19,Complaint
4628,3346,2020-07-24,Complaint
4629,31827,2020-04-18,Complaint
4630,3437,2024-06-03,Inquiry
4631,20582,2022-09-11,Inquiry
4632,40127,2022-05-03,Complaint
4633,6429,2024-04-17,Inquiry
4634,5843,2025-06-03,Inquiry
4635,33023,2021-05-13,Inquiry
4636,18000,2022-02-23,Inquiry
4637,17587,2023-04-30,Inquiry
4638,1568,2024-03-30,Inquiry
4639,27413,2021-03-22,Inquiry
4640,16286,2023-06-13,Inquiry
4641,31526,2024-01-09,Complaint
4642,33420,2025-03-05,Inquiry
4643,26299,2025-01-24,Complaint
4644,35164,2024-11-11,Inquiry
4645,23566,2021-06-24,Complaint
4646,48455,2024-06-13,Inquiry
4647,41489,2020-01-23,Inquiry
4648,28237,2022-07-28,Inquiry
4649,2554,2022-09-04,Inquiry
4650,16635,2023-08-26,Inquiry
4651,32389,2021-08-30,Inquiry
4652,31722,2021-09-13,Inquiry
4653,38531,2020-04-16,Inquiry
4654,6325,2021-11-27,Inquiry
4655,15491,2023-03-02,Inquiry
4656,36232,2024-05-05,Complaint
4657,15410,2024-11-13,Complaint
4658,18542,2024-10-09,Complaint
4659,30279,2025-02-02,Inquiry
4660,40011,2021-11-07,Inquiry
4661,11224,2022-06-12,Complaint
4662,23483,2024-02-04,Inquiry
4663,10261,2023-08-24,Inquiry
4664,30100,2020-05-21,Complaint
4665,46685,2020-11-23,Inquiry
4666,34634,2020-07-14,Complaint
4667,15824,2020-02-18,Inquiry
4668,48586,2023-02-22,Inquiry
4669,28966,2022-07-19,Inquiry
4670,22817,2021-07-05,Inquiry
4671,9850,2022-09-21,Complaint
4672,8133,2021-02-08,Inquiry
4673,44603,2020-09-20,Inquiry
4674,34135,2025-03-20,Inquiry
4675,11952,2023-01-05,Inquiry
4676,25194,2023-11-05,Complaint
4677,15043,2020-02-13,Inquiry
4678,28665,2022-06-02,Complaint
4679,42534,2023-09-29,Inquiry
4680,35874,2021-09-03,Inquiry
4681,22660,2021-10-20,Inquiry
4682,22407,2023-12-11,Inquiry
4683,22357,2021-09-06,Inquiry
4684,18796,2022-06-24,Complaint
4685,30538,2021-01-30,Inquiry
4686,33760,2021-03-06,Inquiry
4687,45389,2021-05-01,Inquiry
4688,39893,2023-10-31,Inquiry
4689,83,2020-05-25,Complaint
4690,14651,2020-10-30,Inquiry
4691,29054,2024-04-02,Complaint
4692,2493,2020-06-01,Inquiry
4693,7474,2020-03-29,Complaint
4694,18299,2020-01-27,Inquiry
4695,1108,2020-07-16,Complaint
4696,20272,2020-12-06,Inquiry
4697,38300,2022-12-05,Inquiry
4698,37578,2020-04-22,Inquiry
4699,49773,2020-06-08,Inquiry
4700,6165,2023-03-27,Complaint
4701,8822,2024-10-13,Inquiry
4702,39525,2024-05-07,Inquiry
4703,7468,2025-01-07,Inquiry
4704,6991,2020-05-06,Inquiry
4705,40774,2021-08-01,Complaint
4706,18723,2025-06-11,Inquiry
4707,21560,2023-08-04,Complaint
4708,6263,2022-11-04,Inquiry
4709,17877,2020-03-27,Inquiry
4710,13713,2024-02-20,Inquiry
4711,5914,2023-05-25,Complaint
4712,2367,2023-03-15,Inquiry
4713,46114,2023-01-07,Inquiry
4714,43463,2020-12-09,Inquiry
4715,20228,2022-09-10,Inquiry
4716,7421,2021-07-10,Inquiry
4717,23050,2021-02-11,Inquiry
4718,23527,2020-06-17,Inquiry
4719,45903,2024-06-21,Inquiry
4720,17848,2020-10-15,Inquiry
4721,20976,2021-06-21,Inquiry
4722,15395,2023-07-15,Inquiry
4723,27169,2021-07-20,Inquiry
4724,14361,2022-01-01,Inquiry
4725,45231,2023-05-27,Inquiry
4726,19439,2023-05-18,Inquiry
4727,23051,2023-09-12,Complaint
4728,20002,2021-05-21,Inquiry
4729,38052,2021-04-01,Inquiry
4730,29073,2022-03-02,Complaint
4731,48652,2025-03-01,Complaint
4732,18640,2024-12-07,Complaint
4733,33377,2022-09-25,Inquiry
4734,34762,2020-03-12,Complaint
4735,30989,2022-12-28,Inquiry
4736,23250,2024-02-12,Inquiry
4737,39637,2021-02-03,Inquiry
4738,30319,2022-06-15,Complaint
4739,37719,2022-07-11,Inquiry
4740,9711,2020-03-20,Inquiry
4741,9431,2023-03-21,Complaint
4742,4772,2023-09-21,Complaint
4743,1733,2023-09-10,Inquiry
4744,39271,2022-12-08,Complaint
4745,19928,2022-07-26,Complaint
4746,3852,2025-06-17,Inquiry
4747,42579,2022-08-26,Inquiry
4748,7674,2022-05-24,Complaint
4749,32089,2024-09-09,Inquiry
4750,49266,2021-08-16,Inquiry
4751,9126,2020-05-08,Complaint
4752,461,2022-04-15,Inquiry
4753,9944,2023-12-08,Inquiry
4754,41982,2023-06-07,Complaint
4755,34371,2022-06-28,Inquiry
4756,14325,2020-01-22,Inquiry
4757,49740,2023-09-07,Inquiry
4758,17893,2024-11-03,Complaint
4759,28226,2021-08-02,Inquiry
4760,6804,2021-10-07,Inquiry
4761,14376,2023-05-26,Complaint
4762,25634,2020-01-13,Complaint
4763,5263,2024-12-08,Inquiry
4764,41569,2025-02-03,Inquiry
4765,7874,2020-12-20,Complaint
4766,26787,2020-11-02,Complaint
4767,15458,2024-02-20,Inquiry
4768,7259,2020-06-29,Complaint
4769,35487,2020-05-03,Complaint
4770,13493,2023-08-11,Inquiry
4771,13278,2025-04-04,Inquiry
4772,23552,2020-01-28,Inquiry
4773,34522,2023-05-22,Inquiry
4774,43352,2020-11-28,Inquiry
4775,6841,2023-09-05,Inquiry
4776,17473,2023-10-20,Inquiry
4777,35059,2023-05-07,Inquiry
4778,31654,2020-01-28,Inquiry
4779,22887,2022-02-06,Complaint
4780,31446,2023-01-07,Inquiry
4781,31370,2024-03-15,Inquiry
4782,33326,2022-03-04,Complaint
4783,16667,2021-12-16,Inquiry
4784,29821,2025-03-25,Complaint
4785,47658,2024-07-02,Complaint
4786,38402,2021-07-03,Complaint
4787,26298,2020-05-31,Complaint
4788,42259,2023-05-04,Complaint
4789,1906,2021-05-10,Complaint
4790,27582,2023-08-26,Inquiry
4791,13963,2023-03-29,Complaint
4792,16879,2025-03-15,Complaint
4793,24974,2025-04-09,Complaint
4794,26095,2021-03-23,Complaint
4795,7969,2021-10-03,Inquiry
4796,37932,2020-08-16,Complaint
4797,24809,2022-08-14,Inquiry
4798,22034,2023-03-29,Complaint
4799,45937,2023-09-27,Complaint
4800,46110,2020-10-19,Inquiry
4801,27139,2021-01-02,Inquiry
4802,49696,2023-10-22,Complaint
4803,14223,2024-09-30,Inquiry
4804,22231,2024-01-03,Inquiry
4805,34108,2022-09-25,Inquiry
4806,16482,2020-10-16,Inquiry
4807,33198,2021-03-31,Inquiry
4808,15849,2020-12-14,Inquiry
4809,22918,2021-04-30,Complaint
4810,27216,2024-01-08,Complaint
4811,29678,2020-03-25,Inquiry
4812,9574,2023-02-23,Complaint
4813,25649,2020-07-05,Complaint
4814,37018,2020-03-14,Inquiry
4815,40888,2023-02-15,Complaint
4816,17664,2023-05-08,Complaint
4817,24423,2025-06-04,Complaint
4818,44208,2020-02-16,Complaint
4819,36486,2022-12-13,Inquiry
4820,15925,2021-01-09,Inquiry
4821,4077,2024-11-21,Complaint
4822,2491,2020-05-29,Inquiry
4823,9984,2024-06-02,Complaint
4824,28193,2024-08-29,Inquiry
4825,31756,2023-01-07,Complaint
4826,29134,2024-02-21,Complaint
4827,35060,2024-12-28,Complaint
4828,9216,2022-09-13,Inquiry
4829,27778,2022-06-08,Complaint
4830,43341,2025-05-30,Inquiry
4831,20652,2023-12-09,Complaint
4832,2658,2021-12-20,Inquiry
4833,6479,2022-04-11,Complaint
4834,16516,2020-10-08,Complaint
4835,33519,2020-07-17,Complaint
4836,39598,2022-05-31,Inquiry
4837,14496,2023-07-15,Inquiry
4838,37201,2022-10-27,Complaint
4839,36229,2024-05-16,Complaint
4840,26093,2020-12-27,Inquiry
4841,27047,2021-05-26,Inquiry
4842,43740,2024-03-28,Inquiry
4843,43277,2022-02-22,Inquiry
4844,2972,2024-01-10,Complaint
4845,1933,2022-08-20,Complaint
4846,14300,2021-10-16,Complaint
4847,23803,2024-03-18,Complaint
4848,9529,2022-03-14,Inquiry
4849,2408,2025-01-25,Inquiry
4850,12568,2024-11-23,Inquiry
4851,32775,2022-11-10,Inquiry
4852,35941,2020-08-30,Inquiry
4853,25466,2020-12-04,Inquiry
4854,6500,2023-01-04,Inquiry
4855,13078,2024-08-16,Inquiry
4856,22659,2025-01-31,Inquiry
4857,19016,2025-01-21,Inquiry
4858,2052,2020-07-03,Inquiry
4859,5099,2023-05-20,Complaint
4860,21634,2020-06-05,Inquiry
4861,11054,2020-12-13,Inquiry
4862,616,2020-06-10,Inquiry
4863,27193,2022-12-17,Inquiry
4864,22147,2025-04-01,Complaint
4865,47633,2020-10-21,Complaint
4866,37194,2020-05-10,Inquiry
4867,2136,2025-05-15,Inquiry
4868,20719,2022-07-20,Complaint
4869,6972,2023-06-24,Complaint
4870,26984,2020-10-17,Inquiry
4871,47143,2022-12-31,Complaint
4872,25086,2020-12-09,Complaint
4873,19175,2021-06-25,Inquiry
4874,37759,2020-03-20,Inquiry
4875,25389,2023-12-21,Inquiry
4876,29790,2021-05-08,Inquiry
4877,40540,2021-03-10,Complaint
4878,34180,2025-04-25,Inquiry
4879,2002,2025-02-06,Inquiry
4880,30083,2022-07-25,Complaint
4881,10049,2020-10-19,Inquiry
4882,14433,2021-08-13,Inquiry
4883,24592,2022-10-29,Inquiry
4884,11822,2023-04-04,Inquiry
4885,19194,2023-03-26,Inquiry
4886,49335,2025-01-05,Complaint
4887,676,2021-02-01,Complaint
4888,27231,2023-04-12,Complaint
4889,23716,2024-10-22,Inquiry
4890,16559,2023-04-12,Inquiry
4891,27440,2020-04-01,Inquiry
4892,31114,2021-08-12,Inquiry
4893,26390,2021-01-07,Inquiry
4894,11292,2022-12-27,Inquiry
4895,11940,2023-04-05,Complaint
4896,38176,2021-05-21,Complaint
4897,6669,2023-04-18,Inquiry
4898,25250,2021-11-04,Inquiry
4899,43455,2022-09-17,Complaint
4900,44097,2022-11-06,Inquiry
4901,26075,2023-02-13,Complaint
4902,48790,2024-10-06,Inquiry
4903,37535,2024-09-21,Inquiry
4904,4528,2023-09-19,Inquiry
4905,13462,2024-10-13,Inquiry
4906,1863,2023-07-26,Inquiry
4907,31031,2022-12-27,Complaint
4908,29352,2021-01-13,Inquiry
4909,3204,2022-04-03,Inquiry
4910,36686,2023-09-03,Complaint
4911,47915,2024-03-14,Complaint
4912,27513,2024-12-13,Inquiry
4913,9025,2023-03-24,Complaint
4914,41090,2025-04-04,Inquiry
4915,27602,2021-02-04,Inquiry
4916,18307,2024-05-07,Complaint
4917,14264,2021-07-27,Inquiry
4918,16461,2025-04-22,Complaint
4919,7217,2025-01-01,Inquiry
4920,36591,2022-03-04,Complaint
4921,11675,2024-12-14,Complaint
4922,35962,2024-10-07,Inquiry
4923,46652,2022-12-28,Inquiry
4924,16835,2020-02-06,Inquiry
4925,37829,2021-04-29,Complaint
4926,17662,2021-03-07,Inquiry
4927,11769,2020-07-31,Inquiry
4928,11941,2023-12-21,Inquiry
4929,36736,2022-11-22,Complaint
4930,12541,2021-03-19,Inquiry
4931,19046,2022-11-09,Complaint
4932,17346,2021-04-08,Complaint
4933,25310,2021-05-21,Inquiry
4934,42267,2021-12-10,Inquiry
4935,19533,2022-01-17,Inquiry
4936,38917,2024-02-04,Inquiry
4937,9524,2022-09-28,Complaint
4938,10938,2020-04-29,Complaint
4939,32281,2021-09-27,Inquiry
4940,12379,2021-02-09,Inquiry
4941,33598,2023-04-30,Inquiry
4942,12720,2020-10-30,Inquiry
4943,37447,2023-09-28,Inquiry
4944,14260,2025-05-06,Complaint
4945,8171,2020-12-15,Complaint
4946,33347,2024-06-26,Complaint
4947,10383,2021-02-07,Inquiry
4948,42449,2022-08-16,Complaint
4949,6083,2021-02-20,Inquiry
4950,28354,2024-06-03,Complaint
4951,19566,2022-08-30,Inquiry
4952,3269,2021-12-31,Inquiry
4953,31455,2021-07-07,Inquiry
4954,43308,2022-04-25,Inquiry
4955,39367,2025-06-06,Complaint
4956,43135,2022-06-21,Inquiry
4957,42649,2021-05-22,Inquiry
4958,45844,2023-05-10,Inquiry
4959,19573,2024-11-25,Inquiry
4960,12505,2024-05-30,Inquiry
4961,27202,2023-10-15,Inquiry
4962,7234,2025-06-19,Inquiry
4963,37514,2023-09-06,Inquiry
4964,9010,2020-01-14,Inquiry
4965,23793,2022-06-06,Complaint
4966,42822,2021-12-15,Inquiry
4967,8587,2023-01-19,Inquiry
4968,35697,2023-07-13,Inquiry
4969,14173,2021-12-05,Complaint
4970,29854,2022-02-01,Complaint
4971,12955,2024-06-02,Inquiry
4972,30703,2021-09-09,Inquiry
4973,29738,2023-01-01,Complaint
4974,2084,2024-07-02,Inquiry
4975,38189,2022-03-01,Complaint
4976,13537,2022-02-19,Complaint
4977,28927,2021-12-12,Inquiry
4978,35128,2021-10-11,Inquiry
4979,40869,2021-02-01,Complaint
4980,11462,2021-02-24,Complaint
4981,45095,2020-03-10,Inquiry
4982,9096,2022-06-18,Inquiry
4983,38220,2021-10-13,Inquiry
4984,14255,2021-10-10,Complaint
4985,39619,2020-09-25,Complaint
4986,8758,2025-05-16,Complaint
4987,11947,2020-03-03,Complaint
4988,48372,2021-09-23,Complaint
4989,32908,2023-08-06,Inquiry
4990,25128,2021-10-28,Inquiry
4991,17774,2024-04-07,Inquiry
4992,23792,2021-05-22,Complaint
4993,20833,2024-12-09,Inquiry
4994,42738,2023-12-01,Complaint
4995,43788,2025-03-02,Inquiry
4996,5285,2022-04-14,Inquiry
4997,44679,2023-02-11,Inquiry
4998,10310,2021-11-03,Inquiry
4999,42665,2020-02-09,Inquiry
5000,25988,2024-07-22,Inquiry
5001,4567,2024-12-30,Complaint
5002,11459,2024-01-26,Inquiry
5003,12966,2025-03-08,Complaint
5004,34141,2022-07-28,Inquiry
5005,27741,2022-10-02,Inquiry
5006,11429,2021-09-22,Inquiry
5007,27259,2023-03-20,Inquiry
5008,40939,2023-10-17,Complaint
5009,22432,2024-06-21,Inquiry
5010,43386,2021-07-10,Inquiry
5011,12110,2023-12-02,Inquiry
5012,14194,2024-10-28,Inquiry
5013,40532,2024-07-23,Complaint
5014,12248,2022-04-25,Complaint
5015,19933,2022-05-15,Complaint
5016,48316,2025-04-04,Inquiry
5017,49345,2021-06-06,Complaint
5018,3338,2020-10-15,Inquiry
5019,1299,2020-04-17,Complaint
5020,5805,2022-08-08,Complaint
5021,46256,2025-03-11,Inquiry
5022,24806,2023-07-17,Complaint
5023,27463,2020-04-27,Inquiry
5024,12248,2025-01-12,Inquiry
5025,42070,2024-12-04,Inquiry
5026,11024,2022-06-10,Inquiry
5027,26987,2023-03-11,Inquiry
5028,46535,2021-10-13,Complaint
5029,42194,2021-12-23,Complaint
5030,1201,2024-02-24,Inquiry
5031,20094,2023-12-12,Complaint
5032,39504,2023-02-11,Inquiry
5033,24979,2020-12-18,Complaint
5034,28651,2020-04-12,Inquiry
5035,29821,2023-06-26,Inquiry
5036,37526,2020-01-03,Complaint
5037,13854,2021-09-19,Complaint
5038,672,2022-11-07,Complaint
5039,27691,2020-10-06,Complaint
5040,15092,2021-10-10,Inquiry
5041,5137,2023-07-24,Inquiry
5042,11228,2021-11-16,Complaint
5043,46865,2022-11-24,Inquiry
5044,18109,2023-03-25,Complaint
5045,10118,2025-01-24,Inquiry
5046,14685,2023-06-01,Complaint
5047,3081,2023-10-22,Complaint
5048,46139,2020-02-29,Inquiry
5049,33609,2025-06-02,Complaint
5050,22506,2024-11-05,Inquiry
5051,28042,2023-06-18,Complaint
5052,13670,2020-07-09,Inquiry
5053,21921,2023-10-08,Inquiry
5054,29699,2024-01-31,Inquiry
5055,18653,2022-05-12,Inquiry
5056,38119,2020-03-04,Complaint
5057,47925,2023-10-25,Inquiry
5058,4988,2022-06-02,Complaint
5059,47401,2021-07-10,Inquiry
5060,26318,2022-03-19,Complaint
5061,16655,2024-10-12,Complaint
5062,20727,2023-01-04,Complaint
5063,12240,2021-12-21,Inquiry
5064,17377,2023-07-20,Inquiry
5065,15271,2022-02-10,Inquiry
5066,49131,2024-02-05,Inquiry
5067,35597,2022-02-25,Inquiry
5068,33491,2022-10-08,Inquiry
5069,28939,2023-05-04,Complaint
5070,30861,2024-12-26,Inquiry
5071,9640,2025-04-23,Inquiry
5072,15035,2021-07-12,Complaint
5073,4320,2024-02-09,Complaint
5074,28342,2022-12-04,Inquiry
5075,24637,2020-10-02,Inquiry
5076,22874,2021-10-12,Inquiry
5077,45755,2023-04-30,Complaint
5078,2922,2021-05-05,Complaint
5079,27216,2020-08-31,Inquiry
5080,28049,2021-06-15,Inquiry
5081,2545,2021-06-26,Inquiry
5082,35981,2024-12-17,Inquiry
5083,26765,2021-09-06,Inquiry
5084,12012,2024-03-01,Complaint
5085,48779,2023-04-13,Inquiry
5086,41729,2025-01-17,Inquiry
5087,49699,2021-04-03,Inquiry
5088,3794,2020-07-17,Complaint
5089,45436,2021-07-09,Complaint
5090,4268,2024-02-17,Complaint
5091,43066,2023-01-13,Inquiry
5092,11137,2023-07-11,Inquiry
5093,20950,2024-12-06,Inquiry
5094,47284,2020-02-24,Inquiry
5095,40130,2023-10-10,Complaint
5096,18014,2022-05-09,Complaint
5097,6837,2021-05-28,Inquiry
5098,21330,2022-03-16,Inquiry
5099,41153,2024-04-27,Inquiry
5100,24192,2022-09-16,Inquiry
5101,46851,2022-09-07,Inquiry
5102,10874,2021-08-14,Inquiry
5103,13770,2020-04-14,Inquiry
5104,38320,2020-04-17,Complaint
5105,47759,2022-03-18,Inquiry
5106,31811,2020-06-03,Inquiry
5107,16333,2020-04-08,Complaint
5108,23614,2021-11-14,Complaint
5109,21464,2023-10-20,Inquiry
5110,38247,2021-01-25,Inquiry
5111,42526,2020-12-27,Inquiry
5112,44030,2020-10-10,Complaint
5113,11552,2021-12-15,Complaint
5114,16163,2020-10-12,Inquiry
5115,9527,2023-03-10,Inquiry
5116,4770,2022-12-09,Inquiry
5117,9191,2020-05-07,Inquiry
5118,46162,2024-04-13,Complaint
5119,32867,2020-12-31,Inquiry
5120,13079,2022-05-03,Inquiry
5121,8882,2023-02-24,Complaint
5122,11058,2023-11-22,Complaint
5123,9565,2021-03-23,Complaint
5124,16808,2024-02-29,Complaint
5125,36210,2022-05-28,Complaint
5126,16172,2022-09-27,Complaint
5127,39436,2022-12-23,Complaint
5128,33348,2020-08-13,Inquiry
5129,15382,2022-04-02,Complaint
5130,42349,2020-11-30,Inquiry
5131,36010,2023-10-11,Complaint
5132,17789,2021-03-12,Complaint
5133,27882,2023-08-19,Inquiry
5134,3400,2021-01-21,Inquiry
5135,26575,2020-08-29,Inquiry
5136,47475,2022-05-29,Inquiry
5137,38532,2025-03-13,Inquiry
5138,7321,2022-12-24,Complaint
5139,6835,2021-04-15,Complaint
5140,43324,2020-07-22,Complaint
5141,47269,2020-01-16,Complaint
5142,27674,2025-04-13,Complaint
5143,24887,2022-08-28,Inquiry
5144,13490,2025-01-22,Inquiry
5145,11551,2024-10-03,Inquiry
5146,30406,2020-02-28,Complaint
5147,21374,2023-04-30,Inquiry
5148,7577,2024-04-28,Inquiry
5149,41343,2024-06-29,Complaint
5150,43068,2020-06-09,Inquiry
5151,7302,2023-10-01,Inquiry
5152,38291,2020-05-17,Inquiry
5153,13829,2024-09-11,Inquiry
5154,48049,2024-06-25,Complaint
5155,26900,2022-10-30,Inquiry
5156,2670,2023-05-16,Complaint
5157,34032,2022-07-01,Complaint
5158,18381,2024-10-19,Inquiry
5159,4430,2022-12-12,Inquiry
5160,45167,2022-11-11,Inquiry
5161,34519,2023-09-13,Inquiry
5162,43998,2024-12-07,Inquiry
5163,1727,2020-11-18,Inquiry
5164,31826,2020-09-11,Inquiry
5165,7250,2020-01-13,Complaint
5166,14052,2021-11-28,Inquiry
5167,13006,2022-12-04,Inquiry
5168,36748,2022-07-29,Complaint
5169,47911,2022-09-24,Inquiry
5170,36699,2021-11-13,Inquiry
5171,43321,2022-08-17,Inquiry
5172,11741,2024-11-21,Inquiry
5173,49351,2023-08-11,Inquiry
5174,48591,2021-10-09,Inquiry
5175,12041,2022-08-27,Inquiry
5176,43732,2023-04-06,Inquiry
5177,26992,2024-02-26,Complaint
5178,20716,2022-08-04,Inquiry
5179,37668,2022-09-15,Complaint
5180,29920,2023-10-05,Inquiry
5181,33923,2025-03-19,Inquiry
5182,24402,2022-07-04,Complaint
5183,18192,2020-07-12,Complaint
5184,8140,2023-08-30,Inquiry
5185,23768,2024-06-22,Complaint
5186,31435,2021-05-20,Inquiry
5187,1175,2021-05-01,Inquiry
5188,41464,2022-12-24,Inquiry
5189,23841,2025-05-18,Complaint
5190,22084,2021-09-04,Complaint
5191,15677,2021-04-02,Complaint
5192,35494,2020-08-06,Complaint
5193,9161,2024-10-07,Inquiry
5194,38126,2021-04-02,Inquiry
5195,49768,2021-11-04,Inquiry
5196,23477,2024-03-27,Inquiry
5197,14141,2021-06-18,Inquiry
5198,29857,2025-03-17,Complaint
5199,17765,2024-09-27,Inquiry
5200,33987,2020-03-18,Inquiry
5201,44733,2023-04-19,Inquiry
5202,32101,2020-12-12,Complaint
5203,20209,2025-01-18,Inquiry
5204,25128,2025-01-05,Complaint
5205,22278,2024-01-29,Inquiry
5206,12000,2023-01-06,Inquiry
5207,16246,2025-05-26,Complaint
5208,42800,2021-07-01,Complaint
5209,2834,2024-09-24,Inquiry
5210,33060,2020-05-21,Inquiry
5211,40271,2020-08-28,Inquiry
5212,13463,2024-11-18,Complaint
5213,23539,2023-02-09,Complaint
5214,15189,2022-03-12,Complaint
5215,12931,2021-09-25,Inquiry
5216,30983,2024-08-16,Complaint
5217,45508,2025-01-20,Inquiry
5218,34106,2021-07-28,Inquiry
5219,41837,2024-07-02,Inquiry
5220,14947,2020-11-21,Inquiry
5221,42310,2025-01-11,Complaint
5222,45536,2021-07-02,Inquiry
5223,1763,2022-03-01,Inquiry
5224,3118,2022-05-26,Complaint
5225,33979,2024-12-12,Complaint
5226,44822,2020-10-14,Complaint
5227,24520,2024-03-22,Complaint
5228,5020,2023-12-22,Inquiry
5229,49282,2023-12-25,Inquiry
5230,36406,2024-06-04,Complaint
5231,36930,2021-10-06,Inquiry
5232,11199,2024-09-22,Complaint
5233,21403,2021-10-13,Complaint
5234,31884,2024-06-13,Inquiry
5235,264,2021-08-06,Inquiry
5236,6793,2022-10-29,Complaint
5237,17622,2024-10-25,Inquiry
5238,41618,2023-08-16,Inquiry
5239,2791,2024-12-18,Inquiry
5240,4060,2023-12-24,Complaint
5241,5926,2021-06-03,Inquiry
5242,23422,2022-12-15,Inquiry
5243,48930,2022-03-06,Inquiry
5244,8646,2021-09-19,Complaint
5245,14559,2021-12-13,Inquiry
5246,19963,2024-05-01,Inquiry
5247,22799,2022-07-19,Complaint
5248,23741,2022-11-10,Inquiry
5249,49397,2020-02-02,Complaint
5250,1657,2025-06-12,Complaint
5251,31473,2023-08-20,Inquiry
5252,44740,2020-03-14,Inquiry
5253,46935,2022-01-30,Inquiry
5254,30413,2025-05-27,Inquiry
5255,26429,2021-12-18,Inquiry
5256,15098,2025-03-10,Complaint
5257,40557,2021-01-20,Inquiry
5258,23323,2022-07-17,Complaint
5259,27181,2020-08-18,Inquiry
5260,25018,2023-07-19,Inquiry
5261,26104,2025-01-15,Inquiry
5262,9235,2020-01-20,Inquiry
5263,38046,2023-09-08,Inquiry
5264,48103,2024-11-16,Complaint
5265,42943,2024-04-29,Inquiry
5266,2878,2020-10-17,Inquiry
5267,15691,2020-08-12,Inquiry
5268,42874,2024-07-13,Inquiry
5269,39721,2023-08-01,Complaint
5270,22006,2021-05-21,Complaint
5271,41665,2024-04-29,Inquiry
5272,29685,2020-09-08,Inquiry
5273,26191,2020-05-22,Inquiry
5274,3669,2023-07-06,Inquiry
5275,29782,2021-08-27,Inquiry
5276,4576,2025-02-03,Inquiry
5277,37018,2023-02-06,Inquiry
5278,40525,2023-01-26,Inquiry
5279,4549,2024-04-18,Inquiry
5280,22990,2022-05-23,Complaint
5281,8772,2020-03-24,Complaint
5282,13289,2023-05-07,Inquiry
5283,17545,2022-02-10,Inquiry
5284,47711,2021-08-09,Complaint
5285,6531,2022-01-07,Inquiry
5286,18971,2023-11-27,Complaint
5287,24201,2023-11-29,Inquiry
5288,27613,2024-03-30,Complaint
5289,6626,2023-07-20,Inquiry
5290,25245,2021-07-19,Inquiry
5291,34927,2020-02-06,Inquiry
5292,37706,2021-07-19,Inquiry
5293,1869,2023-07-25,Inquiry
5294,21569,2021-06-03,Complaint
5295,47182,2022-10-31,Inquiry
5296,17120,2024-05-27,Inquiry
5297,21968,2022-04-17,Inquiry
5298,3896,2024-07-01,Inquiry
5299,24602,2020-01-09,Complaint
5300,27255,2022-01-19,Complaint
5301,40993,2022-09-01,Complaint
5302,10079,2020-09-01,Complaint
5303,30408,2024-11-21,Inquiry
5304,21372,2022-04-26,Inquiry
5305,28313,2023-07-05,Complaint
5306,38241,2020-10-14,Inquiry
5307,26334,2020-02-20,Inquiry
5308,24449,2020-06-13,Complaint
5309,40960,2024-03-21,Inquiry
5310,34561,2021-12-29,Complaint
5311,3908,2022-02-18,Inquiry
5312,43813,2024-05-08,Complaint
5313,26904,2022-03-24,Inquiry
5314,6444,2023-12-11,Inquiry
5315,43608,2022-02-04,Inquiry
5316,29446,2021-10-19,Complaint
5317,32295,2022-07-22,Inquiry
5318,7105,2021-07-24,Complaint
5319,605,2021-10-08,Complaint
5320,1997,2022-09-27,Inquiry
5321,15040,2020-07-29,Inquiry
5322,27935,2020-03-28,Inquiry
5323,32726,2023-01-22,Inquiry
5324,1681,2022-01-20,Inquiry
5325,48666,2024-08-05,Complaint
5326,3405,2023-02-22,Inquiry
5327,5417,2022-06-15,Inquiry
5328,7085,2024-04-30,Complaint
5329,30289,2020-06-08,Inquiry
5330,35994,2024-09-08,Complaint
5331,47411,2021-08-28,Complaint
5332,5468,2022-05-12,Inquiry
5333,48166,2024-03-25,Complaint
5334,23986,2024-08-07,Inquiry
5335,24490,2020-05-27,Inquiry
5336,45610,2025-01-16,Inquiry
5337,26528,2023-06-22,Inquiry
5338,19413,2023-11-30,Complaint
5339,22895,2024-04-04,Inquiry
5340,18441,2025-06-07,Complaint
5341,17011,2020-01-04,Inquiry
5342,21125,2023-02-16,Complaint
5343,43430,2023-05-29,Complaint
5344,49033,2020-06-30,Complaint
5345,34383,2024-02-24,Inquiry
5346,21202,2020-04-01,Inquiry
5347,4165,2022-04-12,Inquiry
5348,15356,2022-08-04,Inquiry
5349,21929,2024-03-26,Inquiry
5350,18506,2024-06-29,Complaint
5351,34411,2021-06-22,Complaint
5352,9680,2022-01-13,Complaint
5353,15085,2022-02-02,Inquiry
5354,36379,2022-07-10,Inquiry
5355,33649,2023-02-25,Inquiry
5356,21160,2020-12-03,Inquiry
5357,39755,2022-02-23,Inquiry
5358,21759,2022-07-26,Inquiry
5359,9860,2025-05-21,Complaint
5360,1092,2022-03-11,Inquiry
5361,35920,2024-02-19,Inquiry
5362,7672,2022-06-05,Complaint
5363,8477,2022-12-20,Complaint
5364,41977,2024-06-29,Inquiry
5365,27885,2024-02-29,Inquiry
5366,4410,2021-06-24,Inquiry
5367,9361,2022-12-22,Inquiry
5368,25798,2021-07-02,Complaint
5369,749,2024-01-03,Complaint
5370,24338,2021-05-03,Complaint
5371,20478,2024-03-31,Complaint
5372,20202,2020-11-07,Complaint
5373,17085,2020-06-18,Inquiry
5374,43939,2023-07-27,Inquiry
5375,37081,2022-08-22,Complaint
5376,4919,2020-10-13,Inquiry
5377,24995,2023-01-27,Complaint
5378,31530,2023-11-19,Complaint
5379,14197,2020-05-09,Inquiry
5380,48054,2023-09-26,Inquiry
5381,40014,2022-08-24,Complaint
5382,27504,2022-08-31,Complaint
5383,20860,2023-09-22,Inquiry
5384,40418,2022-09-20,Inquiry
5385,38119,2024-04-19,Complaint
5386,4411,2020-07-08,Complaint
5387,13156,2021-11-24,Inquiry
5388,28870,2021-12-09,Inquiry
5389,1465,2021-07-16,Complaint
5390,44329,2023-02-21,Complaint
5391,17028,2023-02-21,Complaint
5392,34951,2023-05-16,Inquiry
5393,39907,2021-12-21,Inquiry
5394,22803,2023-02-10,Inquiry
5395,18324,2023-11-17,Complaint
5396,9365,2024-12-10,Inquiry
5397,44797,2022-09-17,Inquiry
5398,45849,2024-05-10,Inquiry
5399,40849,2023-02-14,Inquiry
5400,38507,2024-07-16,Inquiry
5401,30176,2021-11-04,Inquiry
5402,11265,2025-02-18,Inquiry
5403,3535,2022-06-15,Complaint
5404,13505,2020-06-14,Inquiry
5405,49087,2022-11-06,Inquiry
5406,15522,2022-06-06,Inquiry
5407,17708,2023-11-24,Inquiry
5408,22982,2020-12-19,Inquiry
5409,19300,2021-07-13,Complaint
5410,13569,2023-08-22,Inquiry
5411,39119,2025-03-19,Complaint
5412,3861,2020-03-11,Complaint
5413,24653,2021-05-20,Complaint
5414,33448,2023-04-07,Complaint
5415,38801,2021-01-16,Inquiry
5416,23697,2022-03-22,Inquiry
5417,14668,2020-12-12,Inquiry
5418,8866,2021-02-02,Inquiry
5419,13607,2020-04-13,Complaint
5420,19560,2020-11-12,Complaint
5421,49739,2024-09-09,Complaint
5422,15886,2023-05-22,Inquiry
5423,25679,2021-03-11,Inquiry
5424,33879,2025-02-28,Inquiry
5425,44449,2021-03-11,Complaint
5426,14889,2022-06-08,Inquiry
5427,26326,2020-06-12,Complaint
5428,28064,2023-08-05,Inquiry
5429,47872,2022-12-04,Inquiry
5430,3841,2024-05-27,Complaint
5431,48447,2020-01-02,Inquiry
5432,29995,2024-03-16,Complaint
5433,34169,2024-03-15,Inquiry
5434,23238,2023-11-02,Complaint
5435,2210,2023-09-11,Inquiry
5436,14067,2023-09-27,Inquiry
5437,29384,2021-09-30,Complaint
5438,12067,2023-12-25,Complaint
5439,29388,2025-01-29,Inquiry
5440,2094,2022-07-02,Complaint
5441,49432,2020-12-29,Complaint
5442,37709,2020-12-19,Complaint
5443,19173,2025-01-19,Inquiry
5444,4815,2020-10-17,Complaint
5445,10658,2025-01-24,Inquiry
5446,23845,2023-08-08,Inquiry
5447,44813,2022-07-10,Complaint
5448,15998,2024-03-06,Complaint
5449,9360,2021-07-10,Inquiry
5450,31012,2022-08-22,Complaint
5451,35526,2023-12-08,Complaint
5452,5362,2023-01-05,Complaint
5453,41698,2024-04-17,Inquiry
5454,12364,2024-12-19,Inquiry
5455,16172,2023-03-18,Inquiry
5456,36518,2025-02-16,Complaint
5457,6065,2021-07-28,Complaint
5458,6308,2024-01-17,Complaint
5459,36672,2024-01-15,Inquiry
5460,34751,2024-04-20,Complaint
5461,22379,2021-11-07,Inquiry
5462,20504,2023-11-08,Complaint
5463,19012,2022-02-07,Complaint
5464,10585,2020-10-08,Inquiry
5465,37875,2021-11-12,Inquiry
5466,49454,2022-07-24,Inquiry
5467,42499,2025-05-26,Complaint
5468,39303,2025-03-19,Inquiry
5469,16182,2020-08-19,Inquiry
5470,5240,2021-08-12,Inquiry
5471,23563,2023-06-27,Complaint
5472,25153,2025-03-27,Complaint
5473,36649,2020-07-08,Inquiry
5474,4023,2022-09-07,Inquiry
5475,2665,2024-11-22,Inquiry
5476,4283,2024-02-28,Inquiry
5477,47345,2025-01-09,Complaint
5478,24346,2024-03-14,Inquiry
5479,4150,2024-01-20,Inquiry
5480,29326,2020-06-12,Inquiry
5481,16012,2023-07-07,Complaint
5482,36596,2024-08-11,Inquiry
5483,40507,2024-07-07,Inquiry
5484,3744,2021-06-12,Inquiry
5485,45533,2023-07-19,Inquiry
5486,26470,2020-02-10,Inquiry
5487,48211,2024-03-09,Inquiry
5488,44855,2023-10-23,Inquiry
5489,47945,2020-11-06,Complaint
5490,18931,2023-10-03,Inquiry
5491,24153,2020-11-08,Complaint
5492,34323,2024-09-25,Inquiry
5493,45095,2021-07-03,Inquiry
5494,9353,2025-05-29,Inquiry
5495,16785,2023-01-10,Inquiry
5496,26459,2023-04-03,Complaint
5497,10482,2022-12-09,Complaint
5498,18312,2024-02-17,Inquiry
5499,33207,2025-05-28,Complaint
5500,5111,2023-05-27,Inquiry
5501,10573,2021-10-02,Inquiry
5502,33705,2020-09-08,Inquiry
5503,11400,2024-09-24,Inquiry
5504,42125,2024-05-19,Complaint
5505,37069,2021-07-09,Complaint
5506,10551,2024-08-02,Complaint
5507,25492,2020-04-10,Complaint
5508,22341,2022-04-23,Complaint
5509,31129,2020-11-04,Inquiry
5510,35371,2021-12-01,Complaint
5511,9724,2021-06-08,Inquiry
5512,7506,2023-08-14,Complaint
5513,43683,2020-06-22,Inquiry
5514,3978,2020-07-27,Complaint
5515,42981,2024-03-08,Inquiry
5516,1141,2022-03-20,Complaint
5517,29156,2020-05-23,Inquiry
5518,17989,2022-05-21,Complaint
5519,13905,2022-02-04,Complaint
5520,13227,2023-04-10,Inquiry
5521,38398,2020-04-18,Inquiry
5522,42307,2025-02-04,Complaint
5523,28832,2025-04-19,Complaint
5524,1914,2022-04-29,Inquiry
5525,41214,2021-06-17,Complaint
5526,20807,2022-09-10,Inquiry
5527,8845,2021-04-13,Inquiry
5528,34214,2024-12-31,Inquiry
5529,37757,2020-04-14,Inquiry
5530,44047,2023-01-01,Complaint
5531,13064,2020-10-31,Inquiry
5532,32508,2020-07-17,Complaint
5533,2097,2023-06-22,Complaint
5534,37336,2020-03-16,Inquiry
5535,36930,2020-03-04,Complaint
5536,11878,2024-12-27,Complaint
5537,5022,2023-02-26,Inquiry
5538,20406,2023-12-03,Complaint
5539,46945,2020-08-18,Complaint
5540,39763,2023-01-29,Inquiry
5541,6559,2021-10-21,Inquiry
5542,3926,2023-10-08,Inquiry
5543,26535,2023-09-26,Complaint
5544,37469,2023-09-29,Inquiry
5545,46626,2020-07-19,Inquiry
5546,12349,2022-01-21,Inquiry
5547,12548,2021-01-26,Complaint
5548,3506,2022-04-11,Inquiry
5549,2926,2021-09-01,Inquiry
5550,19893,2023-07-19,Inquiry
5551,30364,2020-09-03,Inquiry
5552,5030,2023-10-31,Complaint
5553,41604,2021-11-25,Inquiry
5554,19088,2022-11-15,Inquiry
5555,18346,2024-09-24,Inquiry
5556,48299,2023-01-13,Inquiry
5557,22252,2024-06-24,Inquiry
5558,6464,2022-04-24,Complaint
5559,740,2023-12-06,Inquiry
5560,1904,2025-03-05,Complaint
5561,24655,2021-03-05,Inquiry
5562,36873,2023-08-26,Inquiry
5563,21988,2020-09-09,Inquiry
5564,36819,2022-04-01,Inquiry
5565,18210,2021-12-12,Inquiry
5566,13272,2021-12-25,Inquiry
5567,7563,2024-09-08,Inquiry
5568,26780,2024-02-09,Inquiry
5569,35676,2023-01-11,Inquiry
5570,36134,2020-11-29,Complaint
5571,46434,2023-05-09,Inquiry
5572,17807,2025-03-09,Complaint
5573,32701,2024-07-10,Complaint
5574,1928,2024-09-05,Complaint
5575,36073,2023-10-02,Inquiry
5576,26601,2020-05-08,Inquiry
5577,40129,2022-12-03,Inquiry
5578,3992,2024-07-25,Inquiry
5579,21170,2021-06-26,Complaint
5580,1162,2022-06-06,Inquiry
5581,29672,2022-02-21,Complaint
5582,12305,2024-03-16,Inquiry
5583,30030,2024-10-01,Inquiry
5584,13569,2025-04-09,Complaint
5585,20491,2022-02-01,Complaint
5586,32490,2020-10-09,Inquiry
5587,5440,2022-07-10,Complaint
5588,45400,2023-09-07,Inquiry
5589,29284,2022-11-02,Inquiry
5590,8736,2022-09-16,Inquiry
5591,6041,2021-12-11,Complaint
5592,13659,2024-08-24,Inquiry
5593,34991,2024-08-23,Inquiry
5594,30033,2023-10-02,Inquiry
5595,30847,2021-08-21,Inquiry
5596,27588,2022-07-24,Complaint
5597,47954,2023-05-16,Inquiry
5598,43595,2020-06-19,Inquiry
5599,6185,2021-08-21,Complaint
5600,14248,2020-03-29,Complaint
5601,29163,2023-03-04,Inquiry
5602,31909,2022-03-17,Complaint
5603,32330,2023-10-27,Inquiry
5604,6159,2020-07-12,Complaint
5605,49338,2021-12-29,Inquiry
5606,49890,2020-08-24,Inquiry
5607,31210,2021-07-01,Complaint
5608,39267,2021-12-04,Complaint
5609,38024,2024-10-07,Complaint
5610,24607,2022-01-14,Inquiry
5611,31596,2024-10-11,Complaint
5612,37629,2023-03-01,Inquiry
5613,26383,2021-04-06,Inquiry
5614,7517,2021-01-07,Inquiry
5615,49743,2020-08-10,Inquiry
5616,24568,2024-04-06,Inquiry
5617,20736,2022-12-30,Complaint
5618,37593,2023-09-27,Inquiry
5619,42701,2021-10-05,Complaint
5620,49482,2022-04-11,Inquiry
5621,22035,2021-06-17,Complaint
5622,4273,2024-09-21,Complaint
5623,27651,2023-01-27,Complaint
5624,12946,2020-10-22,Inquiry
5625,4576,2022-11-09,Inquiry
5626,7754,2025-04-12,Inquiry
5627,12283,2021-07-30,Inquiry
5628,24365,2021-01-17,Inquiry
5629,49557,2020-08-28,Inquiry
5630,14242,2023-03-20,Inquiry
5631,45149,2022-11-24,Inquiry
5632,30282,2024-02-26,Complaint
5633,5276,2021-08-26,Complaint
5634,7094,2021-11-29,Complaint
5635,37770,2020-01-14,Inquiry
5636,33568,2024-11-20,Inquiry
5637,39758,2023-08-16,Complaint
5638,49184,2023-03-19,Inquiry
5639,49653,2022-11-17,Complaint
5640,34040,2024-05-13,Complaint
5641,14622,2023-04-13,Complaint
5642,37816,2020-03-08,Inquiry
5643,37110,2020-12-20,Inquiry
5644,24086,2025-03-10,Inquiry
5645,115,2021-08-04,Inquiry
5646,2648,2025-04-20,Complaint
5647,12572,2024-07-05,Inquiry
5648,36265,2024-02-14,Inquiry
5649,36037,2022-05-22,Complaint
5650,33353,2020-12-17,Inquiry
5651,20027,2020-01-31,Inquiry
5652,29624,2022-11-03,Complaint
5653,11115,2020-04-18,Complaint
5654,36946,2024-01-24,Complaint
5655,4520,2025-01-14,Inquiry
5656,47733,2024-06-26,Complaint
5657,40720,2022-08-20,Complaint
5658,11026,2021-06-16,Complaint
5659,42410,2020-09-25,Inquiry
5660,2686,2023-05-11,Inquiry
5661,31313,2022-10-16,Inquiry
5662,2050,2023-06-04,Complaint
5663,466,2021-03-09,Complaint
5664,33856,2023-02-24,Complaint
5665,7435,2022-12-27,Complaint
5666,31287,2020-01-12,Inquiry
5667,24194,2022-12-07,Complaint
5668,8505,2024-06-27,Complaint
5669,361,2022-12-23,Complaint
5670,7766,2020-05-22,Complaint
5671,14363,2022-02-22,Complaint
5672,24849,2022-05-29,Complaint
5673,43242,2023-01-31,Inquiry
5674,44177,2025-03-16,Inquiry
5675,25339,2020-11-23,Complaint
5676,17158,2020-06-26,Complaint
5677,18273,2025-01-06,Inquiry
5678,1933,2020-01-04,Complaint
5679,30854,2025-04-23,Inquiry
5680,36698,2022-02-14,Inquiry
5681,13030,2020-03-29,Complaint
5682,2284,2020-08-29,Complaint
5683,10173,2023-09-09,Complaint
5684,43610,2025-01-12,Complaint
5685,26326,2022-11-22,Inquiry
5686,39307,2021-04-18,Complaint
5687,46560,2022-10-25,Inquiry
5688,37638,2022-09-14,Complaint
5689,43663,2024-01-15,Inquiry
5690,49446,2020-12-18,Inquiry
5691,4521,2025-05-14,Complaint
5692,47095,2022-12-20,Complaint
5693,33554,2020-05-31,Inquiry
5694,41442,2022-01-06,Complaint
5695,33069,2022-10-01,Inquiry
5696,43392,2023-06-15,Inquiry
5697,1181,2021-06-22,Inquiry
5698,36331,2021-10-30,Complaint
5699,325,2021-08-01,Complaint
5700,40190,2021-08-28,Inquiry
5701,6688,2021-07-02,Inquiry
5702,35422,2025-06-17,Complaint
5703,31493,2024-10-21,Complaint
5704,18018,2020-09-03,Complaint
5705,3634,2022-08-06,Complaint
5706,16210,2020-04-29,Complaint
5707,37886,2023-02-27,Inquiry
5708,5604,2023-09-28,Complaint
5709,27898,2020-02-06,Complaint
5710,45077,2020-03-13,Complaint
5711,47510,2021-05-18,Inquiry
5712,44989,2020-12-16,Inquiry
5713,5799,2021-12-16,Complaint
5714,35683,2021-12-12,Inquiry
5715,23301,2021-04-04,Inquiry
5716,9377,2023-05-01,Inquiry
5717,32455,2023-04-14,Inquiry
5718,36632,2023-08-21,Inquiry
5719,12406,2024-09-06,Complaint
5720,6128,2022-08-28,Inquiry
5721,19062,2022-06-18,Inquiry
5722,5113,2024-10-07,Inquiry
5723,33319,2022-01-04,Inquiry
5724,42568,2024-03-18,Complaint
5725,47887,2020-06-12,Complaint
5726,17222,2023-11-14,Complaint
5727,14853,2023-12-12,Inquiry
5728,23767,2022-03-30,Inquiry
5729,7600,2020-03-24,Inquiry
5730,49428,2024-02-19,Inquiry
5731,10316,2020-01-31,Inquiry
5732,48618,2023-12-12,Complaint
5733,22252,2023-01-15,Inquiry
5734,3861,2021-03-01,Complaint
5735,35798,2023-12-26,Inquiry
5736,35468,2024-05-10,Inquiry
5737,28610,2020-09-30,Inquiry
5738,40222,2023-11-22,Inquiry
5739,23815,2023-10-15,Complaint
5740,11365,2021-09-25,Complaint
5741,28690,2022-09-07,Complaint
5742,35260,2023-05-29,Inquiry
5743,27922,2021-05-14,Complaint
5744,3548,2020-07-15,Inquiry
5745,14199,2021-11-28,Complaint
5746,20342,2024-01-29,Complaint
5747,15917,2024-05-24,Complaint
5748,48839,2020-07-31,Complaint
5749,43928,2021-04-29,Complaint
5750,17116,2022-08-09,Complaint
5751,49605,2024-09-12,Complaint
5752,30459,2025-06-11,Complaint
5753,34276,2023-05-09,Complaint
5754,37665,2025-03-25,Complaint
5755,39294,2023-06-26,Inquiry
5756,8382,2025-01-25,Inquiry
5757,31238,2024-07-13,Complaint
5758,29030,2022-11-21,Inquiry
5759,33027,2024-02-17,Complaint
5760,1994,2025-01-12,Inquiry
5761,44470,2024-10-18,Complaint
5762,24843,2022-07-06,Complaint
5763,11396,2024-07-14,Inquiry
5764,30343,2023-11-12,Complaint
5765,7962,2024-06-26,Complaint
5766,20065,2024-08-15,Inquiry
5767,35050,2023-07-03,Complaint
5768,21539,2020-03-01,Inquiry
5769,34460,2023-03-09,Complaint
5770,35574,2021-02-18,Inquiry
5771,9513,2023-02-21,Complaint
5772,9394,2024-07-01,Complaint
5773,26851,2023-02-11,Inquiry
5774,32807,2021-01-19,Inquiry
5775,33104,2024-02-02,Inquiry
5776,13895,2022-01-09,Complaint
5777,12551,2022-09-28,Inquiry
5778,36058,2021-12-27,Complaint
5779,13214,2024-10-27,Complaint
5780,11787,2024-11-06,Complaint
5781,20167,2020-12-05,Inquiry
5782,11162,2025-06-03,Complaint
5783,12217,2022-01-05,Inquiry
5784,996,2024-12-02,Inquiry
5785,2454,2021-06-17,Complaint
5786,35904,2025-04-15,Inquiry
5787,11606,2024-08-13,Inquiry
5788,18242,2021-09-23,Inquiry
5789,37308,2024-08-25,Inquiry
5790,23742,2020-04-22,Inquiry
5791,5940,2020-05-21,Inquiry
5792,37608,2024-01-23,Inquiry
5793,35390,2021-05-10,Inquiry
5794,716,2024-12-26,Complaint
5795,9103,2020-05-29,Complaint
5796,14120,2020-09-28,Inquiry
5797,35847,2020-08-08,Complaint
5798,30007,2024-07-03,Complaint
5799,15078,2023-02-03,Inquiry
5800,14629,2024-01-18,Complaint
5801,12270,2024-11-26,Inquiry
5802,34774,2023-11-23,Complaint
5803,36769,2023-02-27,Inquiry
5804,797,2022-07-06,Complaint
5805,10603,2023-04-29,Inquiry
5806,31891,2023-07-18,Complaint
5807,11077,2022-11-08,Inquiry
5808,25230,2024-11-22,Inquiry
5809,1775,2022-05-08,Inquiry
5810,21129,2020-12-08,Inquiry
5811,5253,2024-06-17,Complaint
5812,11939,2023-10-28,Inquiry
5813,2941,2025-02-23,Complaint
5814,42606,2024-06-27,Inquiry
5815,30955,2020-01-21,Inquiry
5816,46492,2020-10-09,Inquiry
5817,18989,2021-06-14,Complaint
5818,11522,2021-06-21,Complaint
5819,7280,2020-09-09,Inquiry
5820,17158,2023-04-15,Complaint
5821,31775,2020-09-10,Inquiry
5822,32843,2022-04-05,Complaint
5823,36426,2021-04-25,Inquiry
5824,10471,2024-02-16,Complaint
5825,30139,2025-02-01,Complaint
5826,11137,2022-05-20,Complaint
5827,8503,2020-06-01,Inquiry
5828,19003,2024-05-31,Inquiry
5829,11016,2020-11-29,Complaint
5830,16322,2025-03-10,Inquiry
5831,14435,2021-12-14,Complaint
5832,25055,2021-05-17,Inquiry
5833,49932,2021-08-22,Complaint
5834,46495,2024-07-13,Complaint
5835,21984,2021-09-10,Complaint
5836,8273,2022-05-31,Inquiry
5837,40574,2024-02-16,Inquiry
5838,43449,2022-07-06,Inquiry
5839,45704,2020-04-07,Inquiry
5840,2195,2021-10-15,Inquiry
5841,46389,2021-01-27,Inquiry
5842,34443,2021-09-25,Complaint
5843,36460,2021-09-17,Inquiry
5844,4293,2020-07-22,Inquiry
5845,32412,2022-02-28,Inquiry
5846,35586,2023-06-02,Complaint
5847,30334,2021-12-22,Complaint
5848,26251,2020-04-29,Inquiry
5849,8000,2023-10-06,Complaint
5850,43154,2024-10-05,Complaint
5851,18223,2020-04-07,Inquiry
5852,3697,2023-07-18,Inquiry
5853,24629,2021-07-05,Complaint
5854,10629,2020-07-11,Inquiry
5855,14611,2021-11-23,Complaint
5856,25043,2021-02-18,Inquiry
5857,9548,2020-09-22,Complaint
5858,13276,2025-05-07,Inquiry
5859,40558,2024-11-10,Inquiry
5860,15792,2020-10-19,Complaint
5861,22295,2022-06-27,Inquiry
5862,36407,2022-03-16,Complaint
5863,40098,2024-04-29,Inquiry
5864,8663,2020-05-17,Inquiry
5865,20705,2024-02-27,Complaint
5866,8250,2020-10-04,Complaint
5867,1229,2023-09-02,Inquiry
5868,31074,2022-07-22,Inquiry
5869,11259,2025-01-23,Inquiry
5870,26845,2023-12-04,Complaint
5871,2559,2023-01-03,Inquiry
5872,26270,2020-10-31,Inquiry
5873,21565,2024-06-20,Inquiry
5874,36152,2021-04-02,Inquiry
5875,3939,2020-12-16,Complaint
5876,39044,2021-09-13,Inquiry
5877,41669,2021-09-01,Complaint
5878,30759,2022-05-06,Complaint
5879,3791,2021-07-27,Complaint
5880,26606,2020-05-16,Inquiry
5881,15945,2025-01-25,Complaint
5882,46830,2021-12-22,Inquiry
5883,34354,2020-10-12,Complaint
5884,17480,2022-02-27,Inquiry
5885,26860,2023-12-28,Inquiry
5886,24342,2021-06-24,Inquiry
5887,10840,2024-08-30,Complaint
5888,17481,2021-05-23,Inquiry
5889,34454,2023-03-14,Inquiry
5890,12279,2020-07-14,Inquiry
5891,39458,2021-08-31,Complaint
5892,8624,2020-03-04,Inquiry
5893,14289,2023-07-26,Inquiry
5894,30340,2022-06-21,Complaint
5895,41585,2021-02-21,Complaint
5896,41279,2024-08-14,Inquiry
5897,35837,2020-05-14,Complaint
5898,15262,2023-07-11,Inquiry
5899,28865,2024-11-29,Inquiry
5900,12641,2022-05-21,Inquiry
5901,19803,2022-01-24,Complaint
5902,18692,2025-03-15,Complaint
5903,1059,2022-10-05,Inquiry
5904,43955,2020-08-06,Inquiry
5905,39544,2020-05-11,Complaint
5906,3698,2024-05-17,Complaint
5907,28662,2020-07-12,Inquiry
5908,47556,2024-05-23,Inquiry
5909,17762,2023-11-18,Inquiry
5910,17998,2025-01-28,Complaint
5911,6491,2025-05-10,Inquiry
5912,36216,2021-04-01,Complaint
5913,27626,2025-06-14,Inquiry
5914,36063,2023-02-28,Complaint
5915,1441,2023-03-26,Inquiry
5916,14299,2025-03-15,Complaint
5917,3768,2025-06-21,Inquiry
5918,31132,2020-07-08,Inquiry
5919,29538,2020-10-15,Inquiry
5920,8478,2024-01-07,Inquiry
5921,12261,2023-04-08,Inquiry
5922,6818,2025-06-22,Inquiry
5923,22401,2024-11-21,Inquiry
5924,8316,2022-04-09,Inquiry
5925,3380,2021-05-26,Inquiry
5926,28813,2020-08-21,Inquiry
5927,28370,2020-11-26,Inquiry
5928,37129,2020-05-13,Inquiry
5929,32838,2021-09-15,Inquiry
5930,39795,2021-05-22,Inquiry
5931,31816,2021-11-19,Complaint
5932,21320,2021-08-06,Inquiry
5933,1011,2023-10-28,Inquiry
5934,20824,2022-07-27,Inquiry
5935,27441,2023-07-12,Inquiry
5936,45437,2022-06-09,Inquiry
5937,39539,2025-01-16,Complaint
5938,7706,2020-09-09,Inquiry
5939,5018,2022-02-20,Inquiry
5940,25191,2023-03-21,Inquiry
5941,31656,2020-03-12,Inquiry
5942,36979,2020-06-09,Inquiry
5943,16162,2024-11-20,Complaint
5944,2805,2022-11-18,Inquiry
5945,37000,2022-10-22,Inquiry
5946,24430,2024-01-29,Inquiry
5947,7682,2021-12-27,Inquiry
5948,11602,2024-11-08,Inquiry
5949,28944,2024-03-04,Inquiry
5950,9692,2023-01-23,Inquiry
5951,17343,2023-05-22,Inquiry
5952,6418,2020-06-28,Inquiry
5953,31914,2023-10-19,Inquiry
5954,11731,2021-03-04,Inquiry
5955,5408,2022-05-01,Inquiry
5956,23998,2023-04-04,Complaint
5957,3455,2022-12-04,Inquiry
5958,46880,2020-05-23,Inquiry
5959,32874,2022-10-07,Inquiry
5960,43248,2022-10-10,Inquiry
5961,33109,2020-12-08,Inquiry
5962,29149,2023-06-24,Inquiry
5963,46533,2022-03-25,Inquiry
5964,8404,2021-02-12,Inquiry
5965,21526,2022-01-10,Complaint
5966,21745,2020-11-08,Inquiry
5967,28024,2023-11-27,Inquiry
5968,5121,2023-09-24,Inquiry
5969,41357,2020-06-14,Complaint
5970,49377,2020-05-07,Complaint
5971,13031,2020-08-15,Complaint
5972,14726,2020-03-06,Complaint
5973,35469,2024-12-03,Inquiry
5974,40270,2024-12-16,Complaint
5975,15560,2021-01-22,Complaint
5976,24771,2021-04-18,Inquiry
5977,11685,2023-01-03,Complaint
5978,17648,2020-08-31,Complaint
5979,43724,2025-02-15,Complaint
5980,36061,2021-05-26,Complaint
5981,36884,2023-01-29,Inquiry
5982,20798,2022-05-24,Inquiry
5983,36247,2023-07-18,Complaint
5984,36036,2021-12-16,Inquiry
5985,24089,2020-07-10,Inquiry
5986,39551,2020-07-03,Inquiry
5987,30583,2020-06-26,Inquiry
5988,18362,2020-01-17,Complaint
5989,33177,2020-04-14,Inquiry
5990,34117,2023-11-24,Complaint
5991,26944,2023-02-09,Complaint
5992,33156,2022-09-02,Inquiry
5993,39353,2023-01-27,Inquiry
5994,12487,2020-09-15,Complaint
5995,49442,2021-05-18,Inquiry
5996,38037,2023-04-11,Complaint
5997,17543,2020-10-26,Complaint
5998,11234,2022-04-09,Inquiry
5999,16505,2020-12-13,Complaint
6000,31227,2021-01-10,Inquiry
6001,40106,2021-01-27,Inquiry
6002,29237,2021-01-17,Inquiry
6003,377,2020-11-11,Inquiry
6004,10674,2020-03-15,Inquiry
6005,13393,2024-11-14,Inquiry
6006,30718,2024-05-28,Complaint
6007,49233,2022-08-29,Inquiry
6008,8975,2022-04-04,Complaint
6009,4744,2022-05-16,Complaint
6010,3633,2024-11-07,Complaint
6011,7221,2021-05-25,Complaint
6012,34419,2024-06-22,Inquiry
6013,41509,2023-01-23,Complaint
6014,27357,2021-03-20,Complaint
6015,37729,2024-09-23,Complaint
6016,29084,2022-01-17,Inquiry
6017,44416,2025-03-27,Inquiry
6018,44551,2023-07-20,Complaint
6019,3811,2021-09-16,Complaint
6020,36808,2022-12-17,Inquiry
6021,44295,2022-03-25,Inquiry
6022,29677,2024-05-06,Complaint
6023,31125,2022-02-24,Inquiry
6024,19953,2022-11-26,Inquiry
6025,49305,2021-12-10,Inquiry
6026,5827,2024-11-12,Inquiry
6027,18976,2021-02-04,Inquiry
6028,39637,2022-02-09,Inquiry
6029,27232,2020-08-17,Inquiry
6030,31042,2022-03-11,Inquiry
6031,35735,2024-02-26,Complaint
6032,46765,2021-12-24,Complaint
6033,40014,2025-03-26,Inquiry
6034,7223,2024-11-03,Complaint
6035,2748,2022-10-13,Inquiry
6036,30473,2023-01-31,Inquiry
6037,20563,2022-10-11,Inquiry
6038,24067,2024-06-03,Inquiry
6039,32544,2024-10-29,Inquiry
6040,32983,2022-06-21,Complaint
6041,16083,2024-11-28,Inquiry
6042,26188,2025-03-10,Inquiry
6043,48919,2021-11-04,Inquiry
6044,21774,2021-10-05,Complaint
6045,5796,2024-05-03,Inquiry
6046,48874,2025-04-20,Inquiry
6047,40586,2023-09-12,Complaint
6048,30788,2024-08-02,Inquiry
6049,591,2020-07-22,Inquiry
6050,13049,2020-03-14,Complaint
6051,41059,2023-04-10,Complaint
6052,43057,2025-02-23,Inquiry
6053,39468,2021-03-08,Complaint
6054,29178,2020-05-03,Inquiry
6055,4485,2020-03-09,Inquiry
6056,43868,2022-11-06,Complaint
6057,20465,2021-05-17,Complaint
6058,22504,2020-06-14,Inquiry
6059,12782,2022-01-23,Inquiry
6060,25487,2023-08-28,Inquiry
6061,5854,2021-05-15,Inquiry
6062,42376,2022-08-14,Complaint
6063,2231,2023-05-11,Complaint
6064,45945,2023-10-20,Inquiry
6065,44308,2023-01-14,Inquiry
6066,44678,2020-03-24,Complaint
6067,18945,2023-06-20,Inquiry
6068,22958,2023-08-04,Inquiry
6069,11131,2024-05-10,Inquiry
6070,23978,2022-09-09,Complaint
6071,12530,2021-10-24,Complaint
6072,26322,2025-01-31,Inquiry
6073,42673,2024-07-02,Inquiry
6074,6756,2022-04-14,Inquiry
6075,39130,2021-04-25,Inquiry
6076,42018,2023-03-02,Inquiry
6077,23268,2025-04-26,Inquiry
6078,3001,2022-06-13,Inquiry
6079,40977,2024-05-05,Inquiry
6080,48985,2021-10-26,Complaint
6081,8895,2020-01-24,Complaint
6082,23800,2024-12-26,Inquiry
6083,12093,2023-08-23,Complaint
6084,21307,2022-11-19,Inquiry
6085,43599,2020-03-12,Inquiry
6086,15748,2021-03-05,Inquiry
6087,20699,2024-07-06,Complaint
6088,13985,2022-01-09,Complaint
6089,12180,2024-09-16,Inquiry
6090,42389,2023-12-07,Inquiry
6091,4328,2020-07-31,Inquiry
6092,38185,2025-06-22,Inquiry
6093,22090,2022-01-27,Inquiry
6094,7468,2020-03-02,Inquiry
6095,2240,2024-06-10,Inquiry
6096,39333,2022-11-18,Inquiry
6097,38653,2021-11-07,Inquiry
6098,12570,2020-12-11,Inquiry
6099,1430,2024-02-25,Complaint
6100,22824,2021-08-22,Complaint
6101,21307,2020-05-04,Inquiry
6102,34866,2021-07-05,Inquiry
6103,44237,2023-04-21,Inquiry
6104,45024,2024-07-16,Inquiry
6105,5705,2024-04-10,Inquiry
6106,21477,2021-05-20,Complaint
6107,28138,2021-10-28,Inquiry
6108,9728,2021-04-03,Inquiry
6109,7335,2022-10-13,Inquiry
6110,47888,2022-12-10,Complaint
6111,24394,2024-10-20,Complaint
6112,394,2023-10-21,Inquiry
6113,27821,2023-02-16,Complaint
6114,858,2023-07-25,Inquiry
6115,16869,2025-01-30,Inquiry
6116,26180,2024-08-28,Inquiry
6117,46429,2021-12-31,Inquiry
6118,5849,2021-05-27,Complaint
6119,25335,2024-03-30,Inquiry
6120,25684,2020-09-23,Complaint
6121,10991,2022-08-09,Inquiry
6122,6239,2021-11-08,Inquiry
6123,16025,2023-10-04,Inquiry
6124,44959,2021-11-24,Inquiry
6125,28345,2023-05-30,Complaint
6126,15959,2021-06-18,Inquiry
6127,2741,2023-02-03,Complaint
6128,37841,2024-06-13,Inquiry
6129,19650,2023-12-15,Inquiry
6130,30520,2022-08-04,Inquiry
6131,9282,2020-11-12,Inquiry
6132,22235,2024-06-05,Inquiry
6133,8726,2021-08-13,Inquiry
6134,6609,2023-10-15,Complaint
6135,12725,2022-07-06,Inquiry
6136,19641,2025-01-31,Complaint
6137,14586,2025-03-23,Inquiry
6138,14717,2023-07-03,Inquiry
6139,19973,2024-05-09,Inquiry
6140,23441,2022-04-14,Inquiry
6141,1835,2023-07-29,Inquiry
6142,37332,2023-01-21,Complaint
6143,21980,2025-03-26,Complaint
6144,27002,2020-05-01,Inquiry
6145,1676,2022-09-15,Inquiry
6146,30407,2025-01-03,Inquiry
6147,33145,2020-02-19,Complaint
6148,46904,2023-03-20,Inquiry
6149,8901,2021-07-18,Inquiry
6150,49437,2024-04-23,Inquiry
6151,40985,2023-12-01,Inquiry
6152,21259,2022-05-09,Complaint
6153,16779,2021-09-15,Inquiry
6154,7264,2024-06-22,Complaint
6155,46374,2024-09-25,Complaint
6156,46197,2021-05-05,Inquiry
6157,18002,2020-06-04,Inquiry
6158,190,2025-01-25,Inquiry
6159,25721,2021-04-16,Complaint
6160,37882,2021-03-26,Complaint
6161,7759,2021-01-28,Inquiry
6162,37907,2021-05-24,Complaint
6163,16165,2022-03-12,Complaint
6164,2181,2024-10-12,Complaint
6165,48871,2021-05-27,Complaint
6166,25092,2023-06-07,Complaint
6167,35841,2022-07-21,Inquiry
6168,11230,2022-01-31,Complaint
6169,22142,2025-06-10,Complaint
6170,38571,2020-03-11,Inquiry
6171,18532,2022-08-20,Complaint
6172,39838,2020-07-24,Inquiry
6173,10731,2020-02-27,Complaint
6174,23410,2021-06-11,Complaint
6175,8146,2023-01-20,Inquiry
6176,3620,2024-05-18,Inquiry
6177,8193,2021-02-15,Inquiry
6178,6264,2020-03-10,Inquiry
6179,33490,2023-07-31,Inquiry
6180,48413,2025-04-21,Complaint
6181,25297,2021-08-16,Complaint
6182,33090,2023-04-09,Inquiry
6183,19492,2023-05-15,Complaint
6184,44606,2022-06-28,Inquiry
6185,28820,2023-07-25,Inquiry
6186,18003,2021-10-15,Complaint
6187,18230,2022-11-08,Inquiry
6188,46674,2022-05-11,Inquiry
6189,47979,2020-10-01,Complaint
6190,42381,2022-06-14,Inquiry
6191,40495,2023-04-05,Inquiry
6192,19531,2022-07-17,Complaint
6193,36577,2020-06-14,Inquiry
6194,34161,2020-02-01,Inquiry
6195,23168,2022-11-03,Complaint
6196,8759,2025-03-04,Inquiry
6197,41450,2021-10-24,Inquiry
6198,3884,2020-04-07,Complaint
6199,2581,2025-02-17,Inquiry
6200,48862,2021-08-23,Complaint
6201,36661,2024-12-22,Inquiry
6202,16559,2022-09-08,Inquiry
6203,8316,2025-06-17,Complaint
6204,37344,2025-01-15,Complaint
6205,10873,2023-10-06,Inquiry
6206,43351,2025-04-02,Inquiry
6207,42649,2022-05-22,Complaint
6208,18528,2024-09-28,Inquiry
6209,29353,2023-10-29,Complaint
6210,5279,2020-12-29,Complaint
6211,12301,2021-04-23,Inquiry
6212,34310,2023-08-27,Inquiry
6213,26881,2022-08-20,Inquiry
6214,8760,2025-04-23,Complaint
6215,24766,2024-01-03,Inquiry
6216,26991,2020-05-22,Inquiry
6217,1989,2022-08-12,Complaint
6218,4061,2023-08-29,Inquiry
6219,13206,2021-11-01,Inquiry
6220,26309,2021-08-03,Inquiry
6221,44946,2020-01-14,Inquiry
6222,46390,2020-10-04,Inquiry
6223,13633,2022-02-03,Inquiry
6224,43992,2023-08-19,Inquiry
6225,45750,2022-04-30,Complaint
6226,18160,2020-04-15,Inquiry
6227,22688,2020-08-21,Complaint
6228,10010,2020-05-07,Inquiry
6229,27189,2023-08-14,Inquiry
6230,5493,2021-03-30,Inquiry
6231,34809,2023-06-25,Inquiry
6232,30891,2021-05-16,Inquiry
6233,40105,2025-01-26,Complaint
6234,36908,2021-10-06,Inquiry
6235,40655,2022-11-13,Inquiry
6236,37655,2023-11-22,Inquiry
6237,43134,2022-12-07,Complaint
6238,12717,2022-02-21,Inquiry
6239,4062,2022-03-06,Complaint
6240,37687,2021-01-15,Inquiry
6241,17734,2023-06-27,Inquiry
6242,28157,2023-03-30,Complaint
6243,45934,2023-01-28,Inquiry
6244,40051,2025-01-12,Inquiry
6245,19184,2023-12-29,Inquiry
6246,11501,2022-05-02,Complaint
6247,3648,2024-01-03,Complaint
6248,49294,2024-01-28,Inquiry
6249,19486,2021-12-06,Inquiry
6250,44550,2022-12-13,Complaint
6251,8231,2020-05-08,Inquiry
6252,30866,2024-03-28,Inquiry
6253,25907,2022-04-27,Complaint
6254,42087,2025-05-28,Inquiry
6255,27242,2021-09-04,Inquiry
6256,5623,2020-07-25,Complaint
6257,27576,2022-01-12,Inquiry
6258,42969,2025-01-09,Complaint
6259,8761,2022-05-01,Inquiry
6260,46267,2020-05-06,Complaint
6261,5265,2021-05-24,Inquiry
6262,28897,2023-08-26,Complaint
6263,36902,2021-05-12,Complaint
6264,40025,2022-04-25,Inquiry
6265,18289,2021-12-07,Complaint
6266,44581,2022-04-26,Complaint
6267,31889,2020-12-29,Complaint
6268,17499,2022-02-06,Inquiry
6269,47135,2021-11-19,Inquiry
6270,44814,2024-05-24,Inquiry
6271,16632,2023-03-06,Inquiry
6272,31609,2020-06-19,Inquiry
6273,26117,2023-06-14,Inquiry
6274,1832,2025-06-07,Complaint
6275,9926,2025-03-08,Complaint
6276,8168,2023-04-30,Inquiry
6277,24005,2024-11-07,Inquiry
6278,20886,2022-07-23,Inquiry
6279,2830,2024-06-18,Inquiry
6280,212,2024-02-16,Inquiry
6281,12481,2024-11-23,Inquiry
6282,33201,2023-08-09,Inquiry
6283,11811,2020-10-08,Inquiry
6284,28645,2022-07-18,Complaint
6285,33460,2020-03-26,Inquiry
6286,38108,2020-02-05,Complaint
6287,10909,2024-04-30,Complaint
6288,23738,2025-01-29,Complaint
6289,22266,2021-04-09,Complaint
6290,13672,2021-12-14,Inquiry
6291,11080,2024-11-26,Inquiry
6292,47570,2024-07-06,Inquiry
6293,34847,2025-04-29,Inquiry
6294,14101,2024-03-25,Complaint
6295,42374,2022-01-30,Inquiry
6296,46601,2024-01-22,Inquiry
6297,6942,2020-01-31,Inquiry
6298,8556,2024-06-05,Inquiry
6299,22558,2023-08-30,Complaint
6300,23033,2023-07-31,Complaint
6301,46164,2021-02-22,Complaint
6302,44860,2023-07-03,Complaint
6303,45239,2025-03-19,Inquiry
6304,32379,2021-12-23,Inquiry
6305,6666,2024-03-05,Inquiry
6306,28408,2024-09-16,Complaint
6307,41869,2021-08-11,Complaint
6308,32297,2022-07-04,Inquiry
6309,6914,2024-04-20,Inquiry
6310,42245,2020-03-03,Inquiry
6311,18849,2022-12-29,Complaint
6312,3009,2025-05-17,Inquiry
6313,36645,2021-10-14,Inquiry
6314,46397,2021-02-20,Complaint
6315,36108,2024-07-08,Complaint
6316,15401,2021-03-09,Inquiry
6317,44572,2025-05-18,Inquiry
6318,2340,2020-07-01,Inquiry
6319,23594,2024-05-04,Inquiry
6320,44982,2022-05-01,Inquiry
6321,15189,2021-07-17,Complaint
6322,25703,2025-01-12,Inquiry
6323,11591,2023-12-21,Inquiry
6324,24645,2020-12-08,Complaint
6325,1210,2021-01-28,Complaint
6326,15331,2020-04-15,Inquiry
6327,11343,2023-01-06,Inquiry
6328,6025,2021-01-04,Inquiry
6329,23600,2025-01-13,Complaint
6330,10487,2023-05-04,Inquiry
6331,4723,2022-04-25,Inquiry
6332,47116,2021-01-15,Inquiry
6333,42779,2020-04-14,Inquiry
6334,38606,2021-01-07,Inquiry
6335,34937,2023-06-29,Inquiry
6336,1918,2024-01-02,Inquiry
6337,27300,2022-12-01,Inquiry
6338,8309,2022-10-17,Complaint
6339,6004,2024-02-11,Inquiry
6340,15337,2020-08-07,Complaint
6341,31820,2020-01-31,Complaint
6342,29106,2023-12-08,Complaint
6343,10585,2023-09-11,Inquiry
6344,43058,2024-02-20,Inquiry
6345,19990,2023-06-14,Inquiry
6346,38149,2020-01-07,Complaint
6347,27151,2023-12-10,Inquiry
6348,41323,2022-03-20,Complaint
6349,45039,2023-12-04,Complaint
6350,15250,2024-08-02,Inquiry
6351,44919,2024-08-04,Inquiry
6352,14925,2022-03-19,Inquiry
6353,7394,2020-02-12,Complaint
6354,39874,2023-08-02,Inquiry
6355,10583,2020-01-09,Complaint
6356,27345,2023-09-19,Complaint
6357,28009,2023-11-28,Complaint
6358,7984,2024-01-15,Complaint
6359,5505,2022-11-14,Inquiry
6360,29703,2021-05-16,Inquiry
6361,48061,2020-05-10,Inquiry
6362,32949,2022-11-26,Complaint
6363,13407,2021-02-15,Inquiry
6364,291,2024-05-28,Inquiry
6365,17429,2021-03-19,Complaint
6366,5196,2020-11-25,Complaint
6367,36101,2020-07-06,Complaint
6368,27011,2020-08-23,Inquiry
6369,12876,2023-03-17,Inquiry
6370,37497,2024-11-24,Inquiry
6371,43530,2023-05-16,Complaint
6372,26158,2021-08-03,Inquiry
6373,17086,2022-06-06,Inquiry
6374,33979,2021-01-26,Inquiry
6375,5854,2024-10-06,Complaint
6376,21905,2021-08-06,Inquiry
6377,46520,2023-01-21,Complaint
6378,46124,2024-12-28,Complaint
6379,32619,2020-04-17,Inquiry
6380,13971,2021-10-25,Complaint
6381,19602,2024-02-02,Inquiry
6382,27901,2021-12-23,Inquiry
6383,17948,2020-01-25,Inquiry
6384,41777,2024-01-22,Inquiry
6385,25632,2023-10-23,Inquiry
6386,247,2023-05-24,Inquiry
6387,31764,2020-09-12,Complaint
6388,45141,2021-06-15,Inquiry
6389,44846,2023-08-25,Inquiry
6390,25068,2021-05-14,Inquiry
6391,58,2023-02-10,Complaint
6392,5904,2022-02-06,Complaint
6393,8878,2023-01-31,Complaint
6394,36768,2021-05-07,Inquiry
6395,14094,2022-11-10,Inquiry
6396,2702,2020-10-11,Inquiry
6397,11347,2023-05-09,Inquiry
6398,14273,2025-01-27,Inquiry
6399,19737,2020-03-12,Inquiry
6400,26154,2024-08-24,Inquiry
6401,45937,2025-01-12,Inquiry
6402,33005,2024-04-26,Inquiry
6403,7031,2021-09-01,Complaint
6404,25613,2020-01-09,Inquiry
6405,11452,2020-11-30,Complaint
6406,7892,2024-10-09,Complaint
6407,34372,2025-02-28,Inquiry
6408,4649,2022-01-10,Complaint
6409,40060,2023-12-14,Inquiry
6410,14704,2022-10-27,Complaint
6411,10459,2021-05-19,Inquiry
6412,3606,2021-12-07,Inquiry
6413,41629,2024-10-25,Complaint
6414,20711,2020-08-29,Complaint
6415,17218,2022-10-05,Inquiry
6416,22308,2023-12-12,Complaint
6417,14453,2023-06-14,Complaint
6418,47319,2020-04-13,Inquiry
6419,19219,2020-09-02,Inquiry
6420,8592,2020-12-20,Inquiry
6421,20056,2023-06-27,Inquiry
6422,9919,2024-09-15,Inquiry
6423,32971,2022-11-26,Complaint
6424,29692,2024-05-24,Complaint
6425,41102,2020-07-01,Complaint
6426,19477,2023-12-14,Complaint
6427,22490,2021-09-22,Complaint
6428,21292,2021-10-11,Inquiry
6429,45236,2021-04-05,Complaint
6430,49254,2024-11-01,Inquiry
6431,19919,2025-01-06,Inquiry
6432,2005,2023-04-17,Inquiry
6433,1744,2024-03-20,Inquiry
6434,18045,2023-04-03,Complaint
6435,14196,2020-02-26,Inquiry
6436,27902,2023-06-25,Inquiry
6437,2005,2024-10-31,Inquiry
6438,898,2022-11-18,Inquiry
6439,29482,2024-05-10,Inquiry
6440,3778,2024-10-03,Inquiry
6441,26268,2022-05-14,Inquiry
6442,38905,2023-08-03,Inquiry
6443,19077,2022-01-20,Complaint
6444,16776,2023-01-24,Complaint
6445,35401,2022-01-27,Inquiry
6446,9425,2020-06-28,Inquiry
6447,47059,2023-07-16,Inquiry
6448,12400,2022-01-09,Inquiry
6449,22570,2020-01-29,Complaint
6450,6298,2021-09-12,Inquiry
6451,18399,2024-06-10,Inquiry
6452,44642,2020-07-04,Inquiry
6453,44362,2020-06-04,Complaint
6454,25704,2023-02-02,Complaint
6455,29242,2024-08-21,Complaint
6456,18059,2024-09-06,Complaint
6457,32865,2024-09-24,Complaint
6458,34454,2022-08-13,Inquiry
6459,40502,2021-06-25,Inquiry
6460,14429,2024-01-15,Complaint
6461,24489,2020-04-11,Inquiry
6462,25301,2021-05-16,Complaint
6463,32680,2021-03-31,Inquiry
6464,35468,2020-11-05,Complaint
6465,21264,2021-08-20,Inquiry
6466,26650,2025-01-29,Inquiry
6467,36215,2023-11-20,Inquiry
6468,27102,2022-10-08,Inquiry
6469,32865,2020-01-12,Complaint
6470,5080,2022-08-09,Complaint
6471,35846,2024-08-09,Inquiry
6472,37742,2022-03-14,Complaint
6473,33299,2024-07-08,Inquiry
6474,6423,2025-06-19,Inquiry
6475,27006,2020-05-21,Complaint
6476,9241,2023-03-01,Inquiry
6477,31093,2021-10-06,Complaint
6478,6402,2023-08-14,Inquiry
6479,1117,2022-05-24,Inquiry
6480,3642,2022-04-07,Inquiry
6481,22162,2024-04-21,Inquiry
6482,25782,2024-04-15,Inquiry
6483,18441,2023-11-04,Inquiry
6484,10242,2020-11-08,Complaint
6485,8325,2025-05-25,Inquiry
6486,12029,2023-06-19,Complaint
6487,21494,2021-07-08,Inquiry
6488,4372,2021-12-14,Inquiry
6489,17541,2020-11-06,Inquiry
6490,12305,2021-08-23,Inquiry
6491,40453,2022-09-06,Inquiry
6492,6194,2025-02-18,Inquiry
6493,5832,2023-07-12,Complaint
6494,47328,2025-02-10,Complaint
6495,24345,2024-05-06,Complaint
6496,48768,2021-09-11,Complaint
6497,3062,2020-11-28,Inquiry
6498,20441,2023-04-19,Inquiry
6499,47018,2020-12-28,Complaint
6500,10655,2020-10-15,Complaint
6501,24059,2020-01-02,Inquiry
6502,18935,2021-06-18,Complaint
6503,10219,2022-02-22,Complaint
6504,44851,2023-04-14,Inquiry
6505,7735,2020-09-04,Inquiry
6506,34343,2020-12-26,Complaint
6507,397,2020-08-01,Complaint
6508,41952,2024-07-25,Inquiry
6509,15340,2024-03-03,Complaint
6510,7856,2021-02-12,Inquiry
6511,15340,2021-08-02,Complaint
6512,24974,2021-12-07,Inquiry
6513,13548,2021-05-12,Complaint
6514,28964,2020-04-17,Inquiry
6515,47232,2020-02-08,Complaint
6516,645,2023-02-06,Inquiry
6517,23407,2022-10-02,Inquiry
6518,5704,2021-01-06,Inquiry
6519,48642,2022-11-11,Inquiry
6520,3167,2020-07-06,Complaint
6521,29685,2020-06-12,Inquiry
6522,21884,2021-11-19,Inquiry
6523,43161,2021-08-23,Inquiry
6524,25784,2025-06-21,Inquiry
6525,31978,2020-10-15,Inquiry
6526,5969,2023-01-05,Inquiry
6527,29206,2020-07-29,Complaint
6528,18465,2021-10-20,Inquiry
6529,32698,2022-04-18,Inquiry
6530,6866,2023-10-24,Complaint
6531,17471,2021-06-01,Complaint
6532,27075,2024-12-24,Complaint
6533,17662,2025-03-01,Inquiry
6534,47116,2023-05-01,Inquiry
6535,33674,2022-08-29,Inquiry
6536,35646,2023-05-13,Complaint
6537,15098,2020-07-24,Inquiry
6538,40895,2024-12-10,Complaint
6539,30848,2025-03-14,Inquiry
6540,38840,2024-08-02,Complaint
6541,19103,2025-03-01,Inquiry
6542,3428,2025-01-24,Inquiry
6543,22945,2024-01-18,Inquiry
6544,41802,2023-10-11,Complaint
6545,46271,2024-06-04,Inquiry
6546,23718,2020-01-08,Inquiry
6547,12826,2021-08-12,Complaint
6548,30224,2023-07-13,Complaint
6549,44952,2023-09-27,Inquiry
6550,36888,2020-12-22,Complaint
6551,43593,2021-08-14,Complaint
6552,16793,2024-09-29,Inquiry
6553,44470,2022-03-26,Inquiry
6554,4640,2021-08-22,Inquiry
6555,5679,2022-08-07,Inquiry
6556,34979,2020-09-10,Complaint
6557,45270,2024-05-04,Inquiry
6558,23950,2024-05-01,Inquiry
6559,16409,2024-08-19,Complaint
6560,19131,2020-12-23,Inquiry
6561,10678,2022-10-29,Complaint
6562,19208,2024-11-11,Complaint
6563,21896,2022-10-04,Complaint
6564,42463,2024-05-20,Inquiry
6565,12645,2022-01-08,Inquiry
6566,4351,2022-04-16,Complaint
6567,24293,2022-12-13,Inquiry
6568,4961,2023-11-24,Inquiry
6569,44960,2021-05-13,Inquiry
6570,17504,2022-06-22,Inquiry
6571,27029,2024-04-06,Inquiry
6572,235,2023-03-12,Inquiry
6573,2685,2021-09-24,Inquiry
6574,21246,2023-03-25,Inquiry
6575,18762,2021-02-16,Inquiry
6576,11628,2020-02-01,Inquiry
6577,19497,2021-05-07,Inquiry
6578,35242,2024-12-12,Inquiry
6579,2361,2022-11-22,Inquiry
6580,9421,2022-09-05,Inquiry
6581,36542,2025-05-09,Inquiry
6582,41801,2023-04-05,Complaint
6583,40673,2021-03-09,Inquiry
6584,30047,2025-06-10,Complaint
6585,14476,2022-05-16,Complaint
6586,14904,2024-03-29,Inquiry
6587,48826,2022-03-17,Complaint
6588,15511,2022-09-11,Inquiry
6589,1697,2023-05-07,Inquiry
6590,45458,2021-06-15,Inquiry
6591,2601,2024-05-04,Inquiry
6592,45292,2021-11-09,Complaint
6593,44672,2022-02-14,Inquiry
6594,45452,2022-06-09,Inquiry
6595,44664,2022-11-19,Complaint
6596,17214,2022-01-28,Complaint
6597,7226,2022-05-01,Inquiry
6598,1540,2020-08-18,Complaint
6599,11021,2021-10-21,Complaint
6600,2591,2021-06-23,Inquiry
6601,41238,2022-04-17,Complaint
6602,47717,2022-08-07,Complaint
6603,20728,2021-04-01,Complaint
6604,36263,2022-07-04,Complaint
6605,46266,2021-10-24,Inquiry
6606,8990,2024-02-03,Complaint
6607,19704,2024-05-27,Complaint
6608,28450,2021-07-04,Inquiry
6609,19295,2020-10-16,Complaint
6610,35462,2020-05-29,Inquiry
6611,33399,2024-06-11,Complaint
6612,28593,2025-01-22,Inquiry
6613,11341,2023-04-13,Complaint
6614,20061,2021-06-13,Inquiry
6615,12338,2023-07-11,Complaint
6616,14592,2020-11-12,Inquiry
6617,16538,2021-04-13,Complaint
6618,17959,2021-02-17,Inquiry
6619,44758,2020-05-01,Complaint
6620,19252,2022-10-10,Complaint
6621,25092,2023-12-27,Inquiry
6622,1699,2023-05-08,Inquiry
6623,44188,2024-01-10,Complaint
6624,8572,2022-08-02,Inquiry
6625,5141,2024-04-27,Complaint
6626,16969,2020-04-02,Complaint
6627,30858,2020-05-24,Inquiry
6628,183,2022-04-19,Complaint
6629,42913,2021-03-02,Complaint
6630,33320,2022-08-08,Inquiry
6631,29317,2024-01-09,Inquiry
6632,45385,2022-01-26,Complaint
6633,36129,2020-10-04,Inquiry
6634,20561,2020-09-29,Inquiry
6635,43974,2020-09-06,Inquiry
6636,21979,2022-12-27,Inquiry
6637,48366,2023-03-17,Inquiry
6638,34181,2022-07-13,Complaint
6639,3153,2024-09-05,Inquiry
6640,47465,2023-11-22,Complaint
6641,37575,2023-12-09,Inquiry
6642,36901,2022-11-20,Inquiry
6643,25422,2024-11-29,Inquiry
6644,15476,2022-09-17,Inquiry
6645,28030,2024-04-06,Inquiry
6646,8093,2020-05-05,Inquiry
6647,38257,2023-04-19,Complaint
6648,40183,2021-07-19,Complaint
6649,28514,2020-01-27,Complaint
6650,11303,2022-07-16,Complaint
6651,43952,2024-02-04,Complaint
6652,45475,2023-08-03,Inquiry
6653,660,2022-09-18,Inquiry
6654,37215,2022-06-02,Complaint
6655,40174,2024-08-29,Complaint
6656,42028,2025-06-04,Inquiry
6657,39031,2022-10-04,Inquiry
6658,16570,2021-07-22,Complaint
6659,13277,2023-09-08,Inquiry
6660,12206,2020-04-12,Inquiry
6661,49034,2022-04-09,Inquiry
6662,40211,2023-10-02,Inquiry
6663,12411,2020-10-15,Complaint
6664,33895,2020-02-29,Inquiry
6665,15784,2023-12-08,Complaint
6666,10280,2023-11-21,Inquiry
6667,7204,2020-05-27,Complaint
6668,6327,2024-01-19,Inquiry
6669,34348,2024-07-29,Inquiry
6670,17638,2024-02-15,Complaint
6671,39897,2020-03-16,Complaint
6672,26993,2023-11-29,Complaint
6673,21165,2020-05-20,Inquiry
6674,21461,2024-11-16,Complaint
6675,10982,2022-11-19,Complaint
6676,510,2021-04-22,Inquiry
6677,37567,2024-05-03,Inquiry
6678,45787,2023-04-24,Inquiry
6679,21250,2025-01-11,Complaint
6680,36998,2020-01-02,Inquiry
6681,4835,2022-07-03,Inquiry
6682,45385,2024-12-23,Complaint
6683,39188,2023-03-04,Complaint
6684,32244,2021-11-20,Inquiry
6685,28513,2023-05-27,Inquiry
6686,28335,2023-08-25,Inquiry
6687,26461,2023-01-02,Inquiry
6688,47105,2025-01-06,Inquiry
6689,43971,2023-03-09,Inquiry
6690,24641,2021-02-04,Inquiry
6691,41658,2025-06-14,Inquiry
6692,10458,2025-01-21,Complaint
6693,12236,2024-05-31,Inquiry
6694,14022,2020-04-29,Inquiry
6695,48050,2021-06-16,Inquiry
6696,34424,2024-03-11,Complaint
6697,9399,2022-04-20,Inquiry
6698,676,2024-10-30,Inquiry
6699,7572,2020-09-26,Inquiry
6700,19338,2023-10-19,Complaint
6701,26250,2020-01-22,Inquiry
6702,28831,2025-04-12,Complaint
6703,12372,2022-10-26,Inquiry
6704,25561,2025-05-02,Complaint
6705,5037,2020-05-01,Complaint
6706,19743,2024-09-03,Inquiry
6707,10991,2022-11-05,Inquiry
6708,1001,2024-10-27,Complaint
6709,44297,2020-10-26,Inquiry
6710,38517,2022-03-07,Complaint
6711,20465,2021-06-16,Complaint
6712,28632,2024-05-20,Inquiry
6713,34789,2024-05-26,Complaint
6714,27309,2020-10-18,Inquiry
6715,33688,2020-05-10,Inquiry
6716,9678,2022-08-10,Complaint
6717,33224,2024-11-11,Complaint
6718,10865,2025-01-14,Inquiry
6719,36699,2020-02-10,Inquiry
6720,49021,2022-01-10,Inquiry
6721,30954,2021-08-26,Inquiry
6722,14814,2021-03-09,Inquiry
6723,3442,2022-11-03,Inquiry
6724,44008,2022-07-07,Inquiry
6725,27304,2024-07-05,Inquiry
6726,42810,2022-04-13,Inquiry
6727,42194,2024-08-30,Inquiry
6728,20429,2024-08-11,Inquiry
6729,45852,2022-01-02,Inquiry
6730,32432,2023-06-02,Complaint
6731,3636,2022-03-21,Inquiry
6732,49394,2025-05-19,Inquiry
6733,3396,2021-03-07,Inquiry
6734,24868,2022-09-11,Inquiry
6735,30360,2023-05-05,Inquiry
6736,28282,2020-10-12,Inquiry
6737,24831,2025-05-13,Inquiry
6738,42041,2020-10-24,Complaint
6739,44803,2024-02-29,Inquiry
6740,47405,2021-05-13,Complaint
6741,787,2022-11-13,Inquiry
6742,27111,2020-07-27,Inquiry
6743,15281,2020-11-10,Complaint
6744,649,2020-07-11,Complaint
6745,13782,2021-07-19,Inquiry
6746,40186,2025-01-24,Complaint
6747,28822,2020-08-21,Inquiry
6748,1719,2022-06-12,Complaint
6749,16784,2020-11-30,Inquiry
6750,20088,2023-09-01,Inquiry
6751,42440,2022-10-04,Complaint
6752,46545,2024-04-22,Complaint
6753,2032,2025-04-05,Inquiry
6754,40101,2024-09-24,Complaint
6755,16923,2025-04-11,Inquiry
6756,33955,2021-06-06,Complaint
6757,18595,2022-07-26,Inquiry
6758,41524,2020-08-31,Complaint
6759,38251,2021-11-25,Complaint
6760,13462,2021-02-28,Inquiry
6761,16203,2024-02-24,Inquiry
6762,21088,2024-02-26,Inquiry
6763,41236,2020-08-16,Inquiry
6764,32256,2021-10-04,Inquiry
6765,44718,2024-08-01,Complaint
6766,11347,2020-11-11,Complaint
6767,12094,2024-07-31,Inquiry
6768,24330,2020-05-19,Complaint
6769,37773,2025-06-10,Inquiry
6770,40307,2025-04-04,Complaint
6771,34292,2025-01-05,Complaint
6772,5724,2020-02-08,Inquiry
6773,38408,2021-05-26,Inquiry
6774,33269,2020-01-16,Inquiry
6775,35286,2022-06-02,Complaint
6776,15616,2023-10-10,Inquiry
6777,20572,2023-12-03,Inquiry
6778,25488,2022-07-12,Inquiry
6779,2321,2020-09-08,Inquiry
6780,6184,2025-05-16,Complaint
6781,36145,2024-12-03,Inquiry
6782,488,2025-02-14,Inquiry
6783,6718,2022-04-28,Complaint
6784,6931,2023-10-28,Complaint
6785,4657,2020-09-08,Inquiry
6786,31094,2021-10-30,Complaint
6787,22610,2023-05-11,Complaint
6788,26405,2020-03-22,Complaint
6789,43357,2024-07-15,Complaint
6790,25615,2023-09-17,Complaint
6791,1927,2021-12-03,Inquiry
6792,25715,2023-03-08,Complaint
6793,40868,2022-06-15,Complaint
6794,10992,2024-07-20,Inquiry
6795,19447,2022-03-06,Inquiry
6796,22437,2023-02-16,Inquiry
6797,23110,2020-02-15,Inquiry
6798,9768,2023-09-23,Complaint
6799,33358,2021-05-29,Complaint
6800,47404,2020-05-21,Inquiry
6801,39106,2021-11-09,Complaint
6802,20266,2021-06-20,Inquiry
6803,31277,2023-04-01,Complaint
6804,10670,2023-08-02,Complaint
6805,29553,2025-05-13,Complaint
6806,45668,2022-09-06,Inquiry
6807,22583,2024-06-18,Inquiry
6808,18930,2020-05-01,Complaint
6809,36629,2022-01-12,Inquiry
6810,23941,2022-06-25,Inquiry
6811,31700,2021-07-31,Complaint
6812,7930,2020-02-08,Inquiry
6813,30038,2023-07-31,Inquiry
6814,9896,2023-04-30,Inquiry
6815,23895,2020-08-18,Complaint
6816,37370,2024-07-24,Inquiry
6817,32249,2021-01-11,Inquiry
6818,20749,2023-01-12,Complaint
6819,22616,2021-08-08,Inquiry
6820,1387,2023-05-28,Inquiry
6821,45532,2021-01-09,Inquiry
6822,18500,2025-03-19,Inquiry
6823,45809,2024-12-02,Inquiry
6824,27396,2021-05-07,Inquiry
6825,49832,2022-10-01,Inquiry
6826,5437,2020-06-12,Inquiry
6827,28514,2025-04-06,Inquiry
6828,47956,2024-06-10,Complaint
6829,38929,2021-06-15,Complaint
6830,29056,2024-01-17,Inquiry
6831,15512,2023-06-21,Inquiry
6832,9712,2020-04-30,Complaint
6833,7903,2024-01-04,Inquiry
6834,20448,2024-05-06,Complaint
6835,10939,2024-12-05,Inquiry
6836,1599,2021-09-08,Complaint
6837,46557,2020-03-15,Inquiry
6838,7751,2024-02-23,Complaint
6839,5556,2020-11-19,Inquiry
6840,49462,2024-01-17,Inquiry
6841,20367,2020-11-01,Inquiry
6842,17645,2024-07-27,Inquiry
6843,17094,2024-04-27,Inquiry
6844,10038,2022-04-03,Complaint
6845,46336,2022-11-06,Inquiry
6846,31953,2022-03-10,Complaint
6847,40289,2022-09-10,Inquiry
6848,13245,2020-09-23,Inquiry
6849,34604,2023-06-12,Complaint
6850,43521,2023-03-23,Inquiry
6851,20031,2020-05-25,Complaint
6852,19387,2021-06-25,Inquiry
6853,16515,2024-09-23,Inquiry
6854,34445,2020-12-28,Inquiry
6855,49291,2024-08-22,Complaint
6856,15933,2024-05-11,Inquiry
6857,780,2020-03-02,Inquiry
6858,8144,2021-01-25,Inquiry
6859,22945,2022-06-19,Inquiry
6860,49193,2024-11-20,Inquiry
6861,17156,2022-04-17,Inquiry
6862,28376,2020-05-21,Inquiry
6863,32996,2022-04-30,Inquiry
6864,26031,2020-04-12,Inquiry
6865,47212,2025-01-11,Complaint
6866,45511,2022-11-01,Inquiry
6867,13139,2021-01-17,Complaint
6868,2169,2023-01-11,Inquiry
6869,25466,2022-10-05,Inquiry
6870,42310,2022-10-12,Inquiry
6871,2980,2024-02-19,Inquiry
6872,42554,2022-12-09,Complaint
6873,27478,2022-05-25,Inquiry
6874,27331,2022-04-26,Inquiry
6875,2766,2023-01-01,Complaint
6876,48133,2023-12-19,Inquiry
6877,23570,2024-01-28,Inquiry
6878,29084,2021-06-03,Inquiry
6879,15134,2024-11-29,Complaint
6880,32100,2025-01-17,Inquiry
6881,26079,2025-02-12,Complaint
6882,27767,2023-03-08,Complaint
6883,47762,2024-05-02,Inquiry
6884,16793,2023-03-09,Inquiry
6885,29218,2023-06-22,Complaint
6886,23797,2025-01-16,Inquiry
6887,12156,2024-03-19,Inquiry
6888,27336,2021-09-17,Complaint
6889,39772,2021-10-18,Complaint
6890,29255,2025-03-21,Inquiry
6891,33599,2022-03-07,Inquiry
6892,5730,2024-07-03,Complaint
6893,17049,2021-02-10,Complaint
6894,27894,2022-12-21,Complaint
6895,45249,2024-03-07,Complaint
6896,47211,2021-10-01,Complaint
6897,37435,2020-03-19,Inquiry
6898,38722,2020-05-19,Inquiry
6899,22242,2021-07-13,Inquiry
6900,5823,2021-02-20,Inquiry
6901,44812,2023-11-21,Inquiry
6902,34476,2023-10-06,Complaint
6903,43318,2025-06-16,Complaint
6904,28826,2021-04-27,Inquiry
6905,39734,2023-04-04,Complaint
6906,34390,2023-02-18,Inquiry
6907,46495,2024-11-14,Inquiry
6908,21473,2020-08-02,Inquiry
6909,22408,2022-10-03,Inquiry
6910,18256,2021-12-17,Inquiry
6911,43086,2020-04-23,Inquiry
6912,25028,2024-02-11,Inquiry
6913,19480,2020-06-26,Complaint
6914,19411,2022-06-11,Inquiry
6915,21883,2024-02-19,Complaint
6916,38006,2020-09-24,Inquiry
6917,39193,2024-10-16,Inquiry
6918,25647,2022-03-04,Complaint
6919,41840,2020-12-16,Inquiry
6920,3601,2024-10-20,Inquiry
6921,10596,2020-04-22,Complaint
6922,36418,2024-01-24,Inquiry
6923,10349,2023-10-05,Inquiry
6924,13034,2021-07-30,Inquiry
6925,49800,2021-05-29,Complaint
6926,13054,2023-03-05,Complaint
6927,6949,2022-06-09,Inquiry
6928,11013,2022-02-04,Inquiry
6929,4270,2023-01-18,Complaint
6930,46596,2022-08-26,Complaint
6931,34619,2023-03-27,Complaint
6932,34096,2025-01-08,Complaint
6933,38973,2023-11-22,Inquiry
6934,7477,2020-01-17,Inquiry
6935,41966,2023-10-28,Inquiry
6936,12432,2021-12-11,Inquiry
6937,38604,2025-05-13,Inquiry
6938,10521,2024-09-25,Complaint
6939,45519,2024-02-01,Complaint
6940,19904,2022-06-22,Inquiry
6941,34254,2024-02-18,Inquiry
6942,19132,2023-06-25,Complaint
6943,43078,2023-03-03,Complaint
6944,26724,2022-07-02,Inquiry
6945,34115,2023-06-08,Complaint
6946,493,2020-11-17,Inquiry
6947,25883,2020-05-09,Complaint
6948,12817,2021-03-19,Complaint
6949,1524,2021-09-27,Inquiry
6950,15488,2021-01-21,Inquiry
6951,10992,2020-08-08,Complaint
6952,12707,2020-04-22,Complaint
6953,11589,2023-07-10,Complaint
6954,33470,2024-09-06,Complaint
6955,29566,2022-11-19,Inquiry
6956,17874,2024-04-19,Inquiry
6957,14804,2023-08-31,Complaint
6958,11803,2021-04-09,Inquiry
6959,46252,2021-03-21,Inquiry
6960,42065,2022-07-31,Complaint
6961,41400,2025-03-25,Inquiry
6962,17612,2022-09-03,Inquiry
6963,26557,2022-02-23,Complaint
6964,21251,2025-01-18,Complaint
6965,30862,2025-05-06,Complaint
6966,40621,2022-04-10,Inquiry
6967,3535,2021-09-28,Complaint
6968,18343,2022-07-26,Inquiry
6969,2456,2020-06-24,Inquiry
6970,21950,2021-07-27,Inquiry
6971,18178,2023-01-27,Complaint
6972,31940,2024-12-03,Complaint
6973,46948,2020-04-24,Inquiry
6974,33154,2022-01-12,Inquiry
6975,1547,2021-11-25,Inquiry
6976,29585,2020-08-16,Complaint
6977,19212,2024-01-31,Complaint
6978,21493,2020-06-14,Complaint
6979,34643,2025-02-24,Inquiry
6980,30285,2020-11-20,Inquiry
6981,38228,2024-03-13,Complaint
6982,35640,2024-11-15,Inquiry
6983,19999,2022-11-28,Complaint
6984,6303,2021-02-16,Inquiry
6985,8005,2021-05-26,Inquiry
6986,19112,2022-04-25,Inquiry
6987,45323,2021-10-30,Inquiry
6988,42676,2020-04-18,Inquiry
6989,13848,2022-05-20,Inquiry
6990,22846,2024-10-31,Inquiry
6991,36191,2024-01-02,Complaint
6992,20994,2023-05-15,Complaint
6993,31962,2022-12-19,Complaint
6994,35601,2021-05-04,Complaint
6995,12092,2020-09-08,Inquiry
6996,11447,2020-07-12,Inquiry
6997,13259,2020-01-04,Complaint
6998,23416,2021-06-15,Complaint
6999,29111,2025-03-08,Inquiry
7000,16756,2025-05-24,Complaint
7001,1519,2021-12-22,Inquiry
7002,41690,2023-06-11,Inquiry
7003,28126,2023-05-06,Complaint
7004,2624,2021-07-20,Inquiry
7005,363,2024-04-30,Complaint
7006,14676,2022-12-06,Complaint
7007,11083,2021-08-20,Inquiry
7008,16969,2023-01-04,Complaint
7009,3364,2020-11-21,Complaint
7010,36763,2022-06-28,Inquiry
7011,36998,2023-05-18,Complaint
7012,43036,2024-01-31,Inquiry
7013,20749,2024-01-30,Inquiry
7014,42861,2023-11-13,Complaint
7015,22923,2022-03-10,Inquiry
7016,20693,2021-01-12,Complaint
7017,35224,2025-02-24,Inquiry
7018,12619,2023-06-18,Inquiry
7019,19501,2021-11-12,Inquiry
7020,35376,2022-07-24,Inquiry
7021,3540,2025-03-01,Inquiry
7022,7166,2021-02-07,Inquiry
7023,22813,2022-03-23,Complaint
7024,46334,2024-08-02,Inquiry
7025,32242,2025-05-14,Complaint
7026,594,2020-08-29,Complaint
7027,17787,2023-06-15,Complaint
7028,26426,2023-03-07,Inquiry
7029,13436,2022-06-03,Inquiry
7030,44684,2021-05-04,Inquiry
7031,49312,2021-01-20,Complaint
7032,26364,2022-08-09,Inquiry
7033,26975,2021-10-17,Complaint
7034,32008,2022-12-04,Inquiry
7035,23935,2025-05-20,Inquiry
7036,47883,2020-06-17,Inquiry
7037,40730,2020-10-26,Inquiry
7038,44585,2025-04-01,Inquiry
7039,38588,2025-03-20,Inquiry
7040,6547,2025-02-05,Complaint
7041,38576,2024-09-17,Inquiry
7042,2239,2023-04-21,Complaint
7043,15882,2024-01-30,Complaint
7044,14975,2020-07-31,Inquiry
7045,48563,2020-10-07,Inquiry
7046,32028,2022-10-07,Complaint
7047,16402,2024-03-02,Complaint
7048,9312,2023-07-15,Complaint
7049,46500,2025-04-21,Inquiry
7050,38021,2021-03-24,Complaint
7051,16978,2022-04-26,Complaint
7052,2942,2024-01-01,Inquiry
7053,31568,2023-09-05,Inquiry
7054,14339,2020-07-09,Complaint
7055,23942,2024-03-30,Complaint
7056,47312,2023-10-31,Inquiry
7057,45868,2024-05-23,Inquiry
7058,19959,2024-10-10,Inquiry
7059,16325,2020-12-20,Inquiry
7060,43868,2022-06-20,Inquiry
7061,3380,2020-06-05,Inquiry
7062,9857,2022-07-10,Inquiry
7063,39932,2024-11-18,Complaint
7064,3205,2024-05-29,Inquiry
7065,49220,2020-12-28,Inquiry
7066,41693,2024-07-22,Complaint
7067,17730,2021-04-08,Inquiry
7068,30972,2021-02-16,Inquiry
7069,19899,2023-05-12,Inquiry
7070,27615,2025-04-18,Inquiry
7071,12927,2022-03-24,Inquiry
7072,42650,2020-07-10,Inquiry
7073,36238,2023-12-15,Complaint
7074,47657,2021-03-14,Inquiry
7075,25065,2025-01-21,Complaint
7076,7243,2023-01-02,Inquiry
7077,20947,2021-10-18,Inquiry
7078,35274,2024-10-08,Inquiry
7079,26548,2024-11-25,Inquiry
7080,26154,2024-07-07,Inquiry
7081,722,2024-02-05,Inquiry
7082,22460,2021-12-12,Inquiry
7083,44540,2025-05-30,Inquiry
7084,45046,2024-12-18,Inquiry
7085,4480,2020-05-14,Inquiry
7086,26969,2021-08-07,Complaint
7087,23951,2022-02-09,Inquiry
7088,4079,2021-03-13,Inquiry
7089,19309,2024-09-15,Complaint
7090,36001,2023-04-30,Inquiry
7091,30885,2022-02-15,Inquiry
7092,15791,2024-05-29,Inquiry
7093,49828,2022-12-09,Complaint
7094,32942,2020-03-11,Inquiry
7095,19508,2023-08-29,Inquiry
7096,6256,2022-10-28,Complaint
7097,40264,2023-10-30,Complaint
7098,17528,2023-08-25,Inquiry
7099,21367,2020-03-15,Inquiry
7100,11930,2023-12-13,Inquiry
7101,2077,2023-02-10,Inquiry
7102,34050,2020-06-25,Inquiry
7103,6680,2022-10-10,Inquiry
7104,34578,2023-03-21,Inquiry
7105,46881,2020-03-18,Inquiry
7106,23278,2024-12-03,Inquiry
7107,23253,2022-03-18,Inquiry
7108,38742,2024-09-10,Inquiry
7109,20897,2021-02-23,Inquiry
7110,12705,2020-06-10,Complaint
7111,41640,2020-11-25,Inquiry
7112,22718,2023-10-12,Inquiry
7113,7950,2024-09-12,Complaint
7114,5402,2022-06-11,Complaint
7115,39579,2020-03-07,Complaint
7116,7178,2024-08-23,Inquiry
7117,35685,2025-03-08,Inquiry
7118,30279,2022-04-27,Complaint
7119,721,2023-06-23,Inquiry
7120,43051,2020-08-29,Inquiry
7121,45537,2022-05-21,Inquiry
7122,22782,2020-11-17,Inquiry
7123,49040,2021-09-09,Inquiry
7124,17007,2020-11-05,Inquiry
7125,24157,2022-02-03,Complaint
7126,46386,2025-01-30,Complaint
7127,19279,2023-05-05,Inquiry
7128,14270,2024-03-09,Inquiry
7129,16128,2023-08-12,Complaint
7130,5212,2022-04-27,Inquiry
7131,1204,2025-06-06,Inquiry
7132,27538,2023-02-07,Complaint
7133,16264,2021-10-11,Inquiry
7134,35465,2022-09-04,Inquiry
7135,24763,2020-01-14,Complaint
7136,21702,2023-02-22,Inquiry
7137,4194,2025-06-17,Inquiry
7138,35090,2020-02-20,Inquiry
7139,14323,2024-10-20,Complaint
7140,15817,2022-06-15,Complaint
7141,20621,2024-12-21,Inquiry
7142,31784,2023-02-19,Inquiry
7143,25669,2021-04-26,Complaint
7144,14951,2021-06-17,Inquiry
7145,5988,2021-07-01,Complaint
7146,1816,2024-12-23,Inquiry
7147,27813,2020-08-25,Inquiry
7148,22828,2024-04-05,Complaint
7149,29230,2023-12-09,Inquiry
7150,13356,2021-04-21,Complaint
7151,36156,2024-07-27,Complaint
7152,43626,2025-01-17,Inquiry
7153,35694,2025-02-25,Inquiry
7154,6218,2023-09-21,Complaint
7155,38275,2023-03-05,Inquiry
7156,48145,2020-03-02,Complaint
7157,26995,2022-01-04,Inquiry
7158,41463,2022-06-24,Inquiry
7159,7016,2025-06-13,Inquiry
7160,21586,2023-02-12,Complaint
7161,38107,2025-05-13,Inquiry
7162,48730,2020-07-26,Complaint
7163,41913,2020-02-04,Inquiry
7164,32845,2024-03-12,Inquiry
7165,20924,2022-09-08,Inquiry
7166,7888,2021-04-13,Inquiry
7167,5938,2022-03-04,Inquiry
7168,1430,2022-10-04,Inquiry
7169,46800,2021-08-08,Inquiry
7170,24392,2022-04-19,Inquiry
7171,42386,2020-11-15,Complaint
7172,33697,2025-03-15,Inquiry
7173,5952,2022-02-04,Complaint
7174,49518,2023-05-24,Inquiry
7175,365,2024-11-30,Inquiry
7176,39070,2024-05-25,Inquiry
7177,14847,2024-07-25,Inquiry
7178,47040,2023-02-02,Inquiry
7179,373,2024-03-31,Inquiry
7180,24362,2022-05-25,Complaint
7181,25613,2020-09-25,Complaint
7182,42189,2023-06-04,Complaint
7183,16232,2021-11-20,Inquiry
7184,44714,2020-11-18,Inquiry
7185,12014,2023-12-10,Inquiry
7186,46949,2021-05-29,Inquiry
7187,20943,2023-10-07,Inquiry
7188,159,2023-01-23,Complaint
7189,6744,2024-11-02,Complaint
7190,6082,2021-07-03,Inquiry
7191,10951,2020-07-13,Complaint
7192,33649,2021-05-08,Inquiry
7193,36213,2023-08-11,Inquiry
7194,19558,2023-04-23,Complaint
7195,5128,2021-07-20,Inquiry
7196,30645,2022-07-11,Inquiry
7197,15390,2021-06-11,Complaint
7198,6521,2021-01-22,Inquiry
7199,10195,2025-01-15,Complaint
7200,11813,2023-06-08,Inquiry
7201,22100,2020-10-28,Inquiry
7202,21549,2024-07-16,Inquiry
7203,8812,2023-12-20,Inquiry
7204,36621,2022-03-27,Complaint
7205,14198,2025-02-20,Inquiry
7206,23998,2023-12-22,Complaint
7207,5747,2025-05-05,Inquiry
7208,30344,2020-03-12,Complaint
7209,26336,2023-08-18,Complaint
7210,34096,2022-05-07,Inquiry
7211,37646,2020-09-08,Complaint
7212,22229,2022-01-30,Inquiry
7213,10276,2020-07-22,Complaint
7214,3797,2022-08-24,Inquiry
7215,27451,2025-01-02,Inquiry
7216,25798,2024-02-03,Inquiry
7217,15536,2022-10-22,Complaint
7218,49438,2025-06-09,Complaint
7219,9628,2024-09-28,Inquiry
7220,7781,2023-09-22,Complaint
7221,42409,2023-04-29,Inquiry
7222,11084,2024-08-01,Inquiry
7223,27706,2023-06-29,Inquiry
7224,47145,2024-08-08,Complaint
7225,6667,2020-06-25,Inquiry
7226,44294,2021-12-28,Inquiry
7227,26203,2021-12-24,Complaint
7228,12617,2020-05-21,Complaint
7229,6912,2025-04-25,Complaint
7230,27880,2025-04-25,Inquiry
7231,4423,2022-09-12,Inquiry
7232,24786,2024-07-10,Inquiry
7233,48510,2024-06-04,Inquiry
7234,44546,2022-11-14,Inquiry
7235,3186,2021-02-03,Inquiry
7236,35275,2020-10-21,Inquiry
7237,36607,2022-09-16,Inquiry
7238,20663,2024-02-01,Complaint
7239,46022,2020-01-30,Complaint
7240,24461,2022-01-08,Inquiry
7241,20652,2020-10-03,Inquiry
7242,10938,2020-03-12,Complaint
7243,11921,2021-11-13,Inquiry
7244,7849,2020-08-08,Complaint
7245,4121,2023-05-31,Inquiry
7246,23877,2020-07-07,Inquiry
7247,4750,2023-06-10,Inquiry
7248,28957,2024-06-27,Complaint
7249,30900,2023-11-27,Complaint
7250,9502,2021-06-15,Complaint
7251,30732,2023-12-25,Complaint
7252,41691,2020-10-06,Inquiry
7253,28895,2021-07-29,Inquiry
7254,49775,2025-04-23,Complaint
7255,12765,2025-02-16,Inquiry
7256,15835,2022-10-13,Complaint
7257,34429,2023-10-15,Inquiry
7258,20933,2020-03-05,Inquiry
7259,29449,2023-09-12,Complaint
7260,39962,2023-07-28,Inquiry
7261,25462,2022-05-07,Inquiry
7262,17947,2022-05-23,Complaint
7263,44495,2024-09-16,Inquiry
7264,5602,2022-04-22,Inquiry
7265,14082,2022-07-17,Complaint
7266,13102,2023-06-10,Complaint
7267,33135,2023-01-01,Inquiry
7268,49651,2025-06-03,Inquiry
7269,21628,2022-07-28,Inquiry
7270,4432,2023-11-07,Complaint
7271,2121,2024-01-08,Inquiry
7272,7283,2021-04-30,Complaint
7273,19280,2021-04-27,Inquiry
7274,6572,2024-09-06,Inquiry
7275,31446,2024-01-25,Inquiry
7276,531,2024-06-02,Inquiry
7277,2120,2022-03-10,Complaint
7278,27692,2024-10-14,Complaint
7279,894,2024-11-06,Complaint
7280,17109,2023-10-16,Inquiry
7281,19011,2023-11-12,Complaint
7282,34511,2021-05-09,Complaint
7283,9794,2023-09-06,Inquiry
7284,5654,2021-05-23,Inquiry
7285,12433,2021-12-19,Inquiry
7286,36026,2021-02-17,Inquiry
7287,21328,2022-05-31,Complaint
7288,47485,2021-04-27,Inquiry
7289,41329,2022-05-07,Complaint
7290,42025,2022-10-22,Inquiry
7291,42437,2022-03-26,Inquiry
7292,23863,2023-07-09,Complaint
7293,10389,2021-08-01,Inquiry
7294,32720,2024-02-04,Inquiry
7295,48927,2021-08-04,Inquiry
7296,19920,2022-03-12,Inquiry
7297,41592,2024-07-24,Inquiry
7298,30448,2022-06-05,Inquiry
7299,12553,2023-08-09,Complaint
7300,49976,2020-06-30,Complaint
7301,49928,2020-12-07,Complaint
7302,9496,2024-10-31,Complaint
7303,8272,2022-02-28,Inquiry
7304,30815,2023-10-23,Inquiry
7305,44436,2021-05-23,Complaint
7306,8453,2023-11-10,Complaint
7307,43954,2024-07-27,Inquiry
7308,39277,2024-08-28,Inquiry
7309,11138,2022-04-15,Inquiry
7310,12739,2025-05-30,Complaint
7311,23098,2024-07-27,Complaint
7312,25952,2021-06-29,Inquiry
7313,30937,2022-05-12,Complaint
7314,8862,2023-06-10,Inquiry
7315,3087,2022-03-30,Inquiry
7316,47965,2024-02-16,Inquiry
7317,47076,2022-10-13,Inquiry
7318,40058,2020-05-13,Complaint
7319,15638,2025-01-29,Inquiry
7320,26310,2024-07-21,Inquiry
7321,31837,2020-11-10,Complaint
7322,46910,2022-11-29,Inquiry
7323,28753,2021-06-11,Complaint
7324,26777,2021-07-31,Inquiry
7325,45802,2024-03-25,Inquiry
7326,31406,2023-09-23,Inquiry
7327,35269,2020-06-06,Inquiry
7328,21311,2024-08-23,Inquiry
7329,46262,2020-03-08,Inquiry
7330,19325,2024-04-23,Complaint
7331,13851,2021-05-30,Complaint
7332,1324,2020-11-15,Inquiry
7333,45758,2020-04-09,Inquiry
7334,11758,2022-11-14,Inquiry
7335,27078,2024-03-30,Inquiry
7336,34024,2024-01-21,Inquiry
7337,28701,2021-10-07,Inquiry
7338,25824,2021-08-03,Complaint
7339,32254,2023-01-04,Complaint
7340,5445,2020-06-19,Inquiry
7341,29500,2022-09-13,Inquiry
7342,48121,2023-12-29,Inquiry
7343,48382,2022-06-29,Complaint
7344,5143,2021-04-06,Complaint
7345,8171,2023-04-21,Inquiry
7346,28990,2023-11-11,Complaint
7347,49036,2023-03-07,Complaint
7348,26837,2020-01-24,Complaint
7349,3094,2021-01-09,Complaint
7350,20320,2025-01-07,Complaint
7351,13370,2024-06-07,Inquiry
7352,49244,2020-09-05,Inquiry
7353,1213,2022-12-25,Complaint
7354,42642,2024-10-07,Inquiry
7355,37571,2024-07-31,Complaint
7356,35149,2021-05-12,Inquiry
7357,32547,2021-02-28,Inquiry
7358,17575,2024-08-11,Complaint
7359,4250,2021-11-23,Inquiry
7360,47121,2020-07-15,Complaint
7361,49970,2024-05-11,Complaint
7362,6304,2025-04-23,Inquiry
7363,10352,2025-03-18,Complaint
7364,1113,2024-12-18,Inquiry
7365,21744,2022-12-09,Complaint
7366,7072,2023-05-08,Inquiry
7367,17624,2020-05-15,Inquiry
7368,35704,2024-10-09,Inquiry
7369,42540,2021-01-30,Complaint
7370,4853,2021-12-31,Complaint
7371,1403,2022-03-07,Inquiry
7372,36085,2021-04-23,Complaint
7373,27385,2021-09-29,Inquiry
7374,8128,2024-08-28,Complaint
7375,32229,2024-06-28,Complaint
7376,44109,2023-01-02,Complaint
7377,18462,2022-09-17,Inquiry
7378,17990,2020-06-02,Inquiry
7379,15710,2023-11-18,Inquiry
7380,31330,2022-05-28,Inquiry
7381,38639,2021-11-27,Inquiry
7382,21393,2025-01-16,Complaint
7383,4568,2022-03-03,Inquiry
7384,5577,2022-12-08,Inquiry
7385,22710,2022-01-30,Inquiry
7386,43411,2021-08-08,Inquiry
7387,10783,2021-04-28,Inquiry
7388,49003,2021-02-02,Complaint
7389,8345,2020-02-11,Complaint
7390,7521,2023-06-23,Inquiry
7391,27942,2020-10-03,Complaint
7392,30459,2020-01-27,Inquiry
7393,2487,2023-01-08,Inquiry
7394,35634,2022-12-22,Complaint
7395,5925,2020-06-27,Inquiry
7396,19705,2021-11-02,Inquiry
7397,19310,2021-06-07,Inquiry
7398,10403,2024-11-02,Complaint
7399,12384,2021-02-11,Inquiry
7400,13440,2024-05-27,Inquiry
7401,29628,2020-06-19,Inquiry
7402,44502,2024-06-16,Inquiry
7403,31683,2025-01-07,Inquiry
7404,34008,2020-03-15,Inquiry
7405,6498,2022-09-16,Complaint
7406,19599,2025-06-12,Complaint
7407,17995,2023-10-15,Inquiry
7408,35032,2020-10-09,Inquiry
7409,22951,2024-05-16,Complaint
7410,27131,2023-10-26,Complaint
7411,1379,2024-10-03,Complaint
7412,27434,2024-03-29,Inquiry
7413,2587,2022-09-09,Inquiry
7414,40908,2021-05-19,Inquiry
7415,1406,2020-11-07,Inquiry
7416,75,2022-10-22,Inquiry
7417,43454,2020-11-20,Inquiry
7418,12123,2024-04-02,Complaint
7419,31915,2020-12-26,Inquiry
7420,21200,2020-12-25,Inquiry
7421,16207,2020-11-16,Inquiry
7422,34701,2022-06-18,Inquiry
7423,40673,2025-05-20,Complaint
7424,17285,2025-05-18,Complaint
7425,44402,2022-08-23,Complaint
7426,16730,2021-03-24,Complaint
7427,46149,2021-03-29,Inquiry
7428,41571,2024-01-06,Complaint
7429,25191,2021-11-02,Complaint
7430,40119,2020-02-12,Complaint
7431,33083,2025-05-11,Inquiry
7432,19841,2023-06-16,Complaint
7433,3943,2022-08-31,Complaint
7434,41667,2024-08-19,Inquiry
7435,3977,2021-08-03,Complaint
7436,25882,2022-07-30,Complaint
7437,14428,2021-01-19,Inquiry
7438,49300,2023-01-23,Inquiry
7439,30042,2023-11-08,Inquiry
7440,16142,2025-04-09,Complaint
7441,6018,2021-09-28,Inquiry
7442,19834,2020-10-18,Inquiry
7443,44053,2022-10-16,Inquiry
7444,22459,2020-03-04,Inquiry
7445,3603,2020-08-12,Complaint
7446,12206,2025-02-25,Complaint
7447,9208,2020-11-25,Inquiry
7448,22031,2023-03-24,Inquiry
7449,42272,2023-02-26,Inquiry
7450,34980,2020-01-29,Inquiry
7451,12750,2021-08-16,Complaint
7452,32610,2025-06-20,Inquiry
7453,24037,2024-10-18,Inquiry
7454,20959,2021-03-29,Complaint
7455,41625,2023-08-04,Complaint
7456,21292,2021-10-03,Inquiry
7457,20170,2021-02-11,Inquiry
7458,26082,2025-03-01,Complaint
7459,21553,2024-10-29,Inquiry
7460,2231,2023-03-13,Complaint
7461,27503,2024-10-10,Complaint
7462,32450,2021-07-17,Inquiry
7463,1766,2023-07-29,Complaint
7464,6846,2021-05-27,Complaint
7465,29722,2021-10-25,Inquiry
7466,9130,2021-06-23,Inquiry
7467,9507,2020-02-02,Inquiry
7468,18464,2020-08-17,Inquiry
7469,28350,2025-01-07,Complaint
7470,11060,2021-03-09,Inquiry
7471,49760,2023-03-08,Inquiry
7472,25204,2021-07-27,Inquiry
7473,25515,2020-09-12,Complaint
7474,20572,2020-04-09,Complaint
7475,19255,2020-11-30,Complaint
7476,12410,2022-03-25,Inquiry
7477,16859,2021-10-07,Complaint
7478,10063,2020-01-10,Inquiry
7479,38715,2023-09-15,Complaint
7480,48566,2020-02-18,Inquiry
7481,26328,2022-06-22,Complaint
7482,33365,2021-02-16,Inquiry
7483,36737,2025-01-10,Complaint
7484,46421,2024-12-08,Complaint
7485,37270,2020-04-24,Inquiry
7486,14514,2021-11-08,Complaint
7487,43642,2020-11-06,Inquiry
7488,41906,2023-01-05,Inquiry
7489,1949,2024-01-24,Complaint
7490,36519,2022-03-30,Inquiry
7491,7279,2022-10-03,Complaint
7492,39489,2024-06-03,Inquiry
7493,4402,2021-08-18,Complaint
7494,5906,2020-05-25,Inquiry
7495,28649,2023-05-02,Inquiry
7496,37169,2020-03-21,Inquiry
7497,40779,2023-09-05,Inquiry
7498,26863,2021-05-01,Inquiry
7499,30325,2020-07-25,Inquiry
7500,28709,2023-02-26,Inquiry
7501,21108,2021-09-04,Inquiry
7502,23116,2024-01-16,Inquiry
7503,17129,2022-08-16,Inquiry
7504,7112,2022-08-29,Inquiry
7505,31659,2024-08-02,Inquiry
7506,24257,2023-11-17,Inquiry
7507,42667,2023-03-13,Complaint
7508,47938,2021-07-06,Complaint
7509,37795,2024-02-29,Inquiry
7510,20002,2024-08-12,Inquiry
7511,464,2021-02-01,Inquiry
7512,6250,2024-11-13,Inquiry
7513,19368,2023-10-06,Inquiry
7514,21828,2021-07-14,Inquiry
7515,447,2020-11-07,Complaint
7516,32345,2022-04-05,Complaint
7517,5562,2023-06-23,Inquiry
7518,41892,2023-10-28,Complaint
7519,46242,2022-02-12,Inquiry
7520,29158,2020-04-21,Inquiry
7521,25420,2021-01-21,Inquiry
7522,48405,2023-09-21,Inquiry
7523,41389,2022-05-07,Inquiry
7524,6458,2022-03-16,Complaint
7525,2191,2024-08-22,Inquiry
7526,38417,2022-03-03,Inquiry
7527,44120,2025-04-09,Inquiry
7528,26551,2023-02-12,Inquiry
7529,26076,2022-01-20,Inquiry
7530,3487,2025-06-18,Inquiry
7531,44268,2024-12-30,Inquiry
7532,16927,2022-10-08,Complaint
7533,32085,2021-08-31,Inquiry
7534,24417,2020-02-06,Inquiry
7535,3594,2025-06-02,Inquiry
7536,31029,2024-01-24,Complaint
7537,34571,2021-10-08,Inquiry
7538,15544,2022-01-09,Complaint
7539,26191,2024-06-14,Inquiry
7540,4977,2020-02-27,Complaint
7541,9378,2024-06-19,Inquiry
7542,11991,2023-03-17,Complaint
7543,11947,2020-02-04,Inquiry
7544,49116,2024-05-31,Complaint
7545,35780,2023-05-18,Inquiry
7546,10371,2020-10-01,Inquiry
7547,28430,2025-02-07,Inquiry
7548,285,2024-08-01,Complaint
7549,36596,2021-07-17,Inquiry
7550,46202,2020-07-03,Inquiry
7551,38869,2023-08-24,Inquiry
7552,29713,2024-08-03,Inquiry
7553,27058,2024-05-30,Inquiry
7554,44357,2022-07-10,Inquiry
7555,24650,2024-09-13,Complaint
7556,44933,2023-10-04,Inquiry
7557,5916,2024-12-13,Complaint
7558,24135,2020-01-07,Complaint
7559,30524,2020-05-26,Inquiry
7560,24540,2023-03-03,Inquiry
7561,46582,2023-09-16,Inquiry
7562,33249,2021-11-12,Complaint
7563,23399,2021-01-26,Complaint
7564,46690,2021-05-02,Inquiry
7565,9116,2021-09-07,Inquiry
7566,947,2020-12-25,Complaint
7567,15094,2021-04-08,Inquiry
7568,36770,2022-08-31,Complaint
7569,16752,2020-06-06,Inquiry
7570,11381,2020-08-14,Inquiry
7571,5131,2021-11-10,Inquiry
7572,44148,2022-06-16,Complaint
7573,48038,2022-09-24,Complaint
7574,41188,2021-01-14,Complaint
7575,6191,2021-08-02,Complaint
7576,1386,2025-01-13,Inquiry
7577,18897,2023-12-05,Inquiry
7578,16223,2023-02-04,Complaint
7579,33029,2021-02-01,Inquiry
7580,16832,2020-11-01,Inquiry
7581,31062,2020-09-17,Inquiry
7582,12469,2021-04-11,Inquiry
7583,46721,2023-07-24,Complaint
7584,7326,2021-09-08,Inquiry
7585,28570,2025-01-13,Inquiry
7586,46422,2022-09-21,Inquiry
7587,36106,2025-05-05,Inquiry
7588,2445,2023-02-26,Inquiry
7589,23321,2022-06-01,Inquiry
7590,1017,2022-09-27,Inquiry
7591,39425,2020-03-03,Complaint
7592,2635,2024-05-10,Complaint
7593,5233,2024-11-11,Complaint
7594,22051,2020-09-23,Complaint
7595,49299,2024-03-25,Complaint
7596,25484,2021-12-21,Inquiry
7597,14537,2023-01-31,Inquiry
7598,16724,2025-03-08,Complaint
7599,2898,2024-12-31,Complaint
7600,22656,2021-06-26,Inquiry
7601,28532,2022-06-18,Inquiry
7602,18112,2023-02-13,Inquiry
7603,17158,2024-01-20,Complaint
7604,4613,2024-08-18,Complaint
7605,37999,2020-08-05,Inquiry
7606,11660,2021-02-13,Complaint
7607,13239,2025-05-27,Inquiry
7608,18174,2022-11-01,Complaint
7609,30362,2024-04-20,Complaint
7610,48691,2024-02-07,Inquiry
7611,49567,2023-06-19,Complaint
7612,16518,2024-11-05,Complaint
7613,23582,2025-04-19,Complaint
7614,13280,2021-12-30,Inquiry
7615,25298,2022-12-28,Inquiry
7616,36391,2020-11-01,Inquiry
7617,7433,2022-09-19,Inquiry
7618,6499,2020-07-27,Inquiry
7619,16703,2021-03-13,Complaint
7620,19820,2020-05-16,Complaint
7621,3142,2021-08-14,Complaint
7622,32227,2021-07-09,Complaint
7623,21636,2022-11-03,Complaint
7624,24990,2021-12-15,Complaint
7625,24749,2022-12-12,Complaint
7626,21786,2023-10-16,Inquiry
7627,40266,2024-06-23,Inquiry
7628,33606,2024-09-07,Inquiry
7629,28186,2020-09-12,Inquiry
7630,12871,2024-09-13,Inquiry
7631,8072,2024-03-18,Inquiry
7632,45629,2023-02-16,Inquiry
7633,45815,2023-11-28,Inquiry
7634,5158,2020-09-02,Complaint
7635,784,2024-02-11,Complaint
7636,48387,2024-05-08,Inquiry
7637,43582,2022-10-03,Complaint
7638,47427,2024-03-19,Complaint
7639,24419,2021-10-01,Complaint
7640,39383,2024-06-18,Inquiry
7641,30988,2023-10-18,Inquiry
7642,30949,2024-04-27,Complaint
7643,44413,2021-02-05,Complaint
7644,34743,2024-09-25,Inquiry
7645,46477,2022-05-29,Complaint
7646,26895,2020-03-18,Inquiry
7647,35719,2022-01-11,Complaint
7648,24984,2022-05-06,Inquiry
7649,27637,2020-11-29,Inquiry
7650,4163,2020-07-16,Inquiry
7651,22194,2021-12-29,Inquiry
7652,6117,2020-10-22,Complaint
7653,21227,2020-06-06,Inquiry
7654,19316,2022-03-01,Complaint
7655,10176,2021-06-30,Inquiry
7656,6320,2022-07-28,Inquiry
7657,2424,2025-05-23,Complaint
7658,36017,2021-02-11,Complaint
7659,26836,2022-07-17,Inquiry
7660,8912,2023-01-01,Inquiry
7661,9535,2021-09-25,Inquiry
7662,45420,2025-01-13,Inquiry
7663,43632,2022-05-05,Inquiry
7664,33058,2025-04-21,Inquiry
7665,45391,2020-12-30,Inquiry
7666,42937,2021-05-01,Complaint
7667,4554,2022-05-10,Complaint
7668,39594,2025-01-20,Inquiry
7669,11861,2024-03-25,Inquiry
7670,46125,2022-10-16,Complaint
7671,34503,2020-04-18,Inquiry
7672,48552,2025-01-16,Complaint
7673,24435,2021-09-13,Inquiry
7674,32009,2024-02-07,Inquiry
7675,39488,2021-01-14,Inquiry
7676,6903,2023-03-10,Complaint
7677,12651,2024-03-29,Inquiry
7678,7996,2023-02-07,Complaint
7679,16020,2022-05-19,Complaint
7680,6463,2022-05-28,Complaint
7681,34070,2023-06-01,Complaint
7682,48455,2022-09-17,Complaint
7683,30637,2022-11-21,Complaint
7684,44151,2020-01-26,Complaint
7685,38044,2022-12-10,Complaint
7686,36602,2022-03-14,Inquiry
7687,14982,2022-12-18,Inquiry
7688,15608,2023-11-02,Complaint
7689,22082,2024-11-02,Complaint
7690,20965,2021-09-07,Inquiry
7691,136,2025-04-24,Inquiry
7692,21383,2020-05-20,Inquiry
7693,19664,2021-10-17,Inquiry
7694,29890,2023-08-19,Inquiry
7695,5654,2021-07-18,Inquiry
7696,3761,2024-08-20,Complaint
7697,36167,2023-09-21,Inquiry
7698,23094,2022-12-23,Inquiry
7699,14331,2022-07-10,Inquiry
7700,48679,2021-11-01,Inquiry
7701,7052,2023-02-04,Inquiry
7702,12969,2020-01-22,Complaint
7703,17891,2023-10-18,Inquiry
7704,7938,2020-12-17,Complaint
7705,27613,2020-06-20,Inquiry
7706,39508,2023-10-07,Inquiry
7707,30517,2023-01-10,Inquiry
7708,28087,2023-06-05,Complaint
7709,38931,2024-04-10,Inquiry
7710,11757,2022-01-13,Inquiry
7711,12698,2024-11-19,Inquiry
7712,49317,2023-05-01,Complaint
7713,5005,2020-05-16,Complaint
7714,12730,2023-06-03,Complaint
7715,43515,2023-05-13,Inquiry
7716,34991,2021-03-09,Complaint
7717,13207,2020-06-25,Inquiry
7718,18819,2022-06-22,Complaint
7719,43955,2021-08-13,Inquiry
7720,9806,2021-08-10,Complaint
7721,23503,2023-12-24,Complaint
7722,14414,2023-04-26,Inquiry
7723,26348,2023-03-16,Inquiry
7724,30353,2023-10-23,Complaint
7725,1274,2022-06-08,Complaint
7726,6662,2020-09-27,Inquiry
7727,20308,2021-04-17,Inquiry
7728,31626,2024-12-23,Complaint
7729,2318,2020-12-03,Inquiry
7730,12187,2025-06-11,Inquiry
7731,49363,2022-01-18,Inquiry
7732,25140,2021-03-22,Inquiry
7733,48752,2022-03-22,Inquiry
7734,48429,2023-02-16,Inquiry
7735,11970,2024-01-05,Inquiry
7736,29753,2020-06-15,Complaint
7737,23599,2021-12-08,Inquiry
7738,18136,2023-02-03,Inquiry
7739,45482,2020-09-30,Inquiry
7740,7999,2024-11-16,Complaint
7741,5946,2023-08-26,Inquiry
7742,15298,2021-05-23,Complaint
7743,21231,2022-08-01,Complaint
7744,12438,2020-11-24,Complaint
7745,10837,2023-08-01,Inquiry
7746,4918,2022-11-19,Complaint
7747,340,2025-02-03,Inquiry
7748,42594,2020-12-01,Complaint
7749,6395,2022-11-14,Complaint
7750,40404,2020-12-16,Complaint
7751,11297,2021-04-18,Complaint
7752,46190,2025-02-25,Inquiry
7753,18602,2023-12-05,Inquiry
7754,37581,2024-02-18,Inquiry
7755,35213,2020-10-12,Inquiry
7756,32759,2024-08-30,Inquiry
7757,15976,2025-06-19,Complaint
7758,6144,2023-08-04,Inquiry
7759,2117,2024-12-25,Inquiry
7760,26209,2020-08-15,Inquiry
7761,15418,2022-07-25,Complaint
7762,433,2020-12-17,Complaint
7763,17202,2023-03-08,Inquiry
7764,44846,2021-09-07,Complaint
7765,31361,2023-04-10,Complaint
7766,30811,2023-05-29,Inquiry
7767,46887,2023-03-31,Inquiry
7768,24326,2024-01-31,Inquiry
7769,36660,2023-05-15,Inquiry
7770,33768,2024-10-16,Inquiry
7771,33343,2021-06-29,Complaint
7772,37338,2020-01-28,Inquiry
7773,48770,2021-11-30,Inquiry
7774,24125,2022-01-28,Complaint
7775,24216,2021-07-19,Complaint
7776,30528,2024-04-11,Inquiry
7777,36741,2024-09-05,Inquiry
7778,10802,2022-09-08,Inquiry
7779,18359,2020-05-15,Inquiry
7780,32998,2022-11-18,Complaint
7781,4274,2022-10-13,Inquiry
7782,47061,2023-07-22,Inquiry
7783,32073,2022-10-04,Inquiry
7784,18010,2022-11-21,Inquiry
7785,5562,2023-11-09,Inquiry
7786,37633,2025-02-01,Inquiry
7787,26603,2022-04-05,Inquiry
7788,15508,2023-11-01,Inquiry
7789,2803,2022-07-10,Inquiry
7790,35147,2024-05-04,Inquiry
7791,45600,2024-03-22,Complaint
7792,48141,2022-05-07,Complaint
7793,9372,2022-01-25,Inquiry
7794,115,2024-10-20,Inquiry
7795,138,2023-03-16,Inquiry
7796,6530,2020-07-14,Complaint
7797,44805,2021-03-17,Inquiry
7798,7292,2023-02-05,Inquiry
7799,839,2020-01-27,Inquiry
7800,35454,2022-11-26,Inquiry
7801,10977,2020-03-18,Inquiry
7802,967,2020-01-08,Inquiry
7803,47087,2020-09-13,Complaint
7804,18937,2025-02-06,Complaint
7805,40462,2024-02-18,Complaint
7806,17778,2024-02-09,Inquiry
7807,44562,2021-03-30,Complaint
7808,2318,2025-02-03,Inquiry
7809,9579,2021-04-12,Inquiry
7810,29941,2023-05-22,Complaint
7811,34643,2023-07-07,Complaint
7812,37269,2025-06-07,Complaint
7813,12062,2022-07-16,Complaint
7814,36131,2023-10-17,Inquiry
7815,14432,2021-12-23,Complaint
7816,3635,2022-09-27,Complaint
7817,13548,2021-06-18,Inquiry
7818,35642,2024-11-25,Complaint
7819,31698,2024-04-02,Inquiry
7820,2034,2021-01-10,Complaint
7821,2828,2025-04-09,Inquiry
7822,48074,2024-09-18,Complaint
7823,6182,2025-06-04,Inquiry
7824,49539,2020-07-25,Inquiry
7825,6830,2020-05-07,Inquiry
7826,28400,2020-04-30,Complaint
7827,8633,2025-04-15,Inquiry
7828,31130,2022-09-15,Inquiry
7829,23342,2020-10-28,Complaint
7830,24368,2024-08-14,Inquiry
7831,1554,2022-11-02,Inquiry
7832,11839,2021-07-04,Inquiry
7833,41772,2020-12-15,Inquiry
7834,38457,2021-12-13,Complaint
7835,15079,2021-10-03,Complaint
7836,48059,2021-08-08,Inquiry
7837,35134,2020-09-23,Complaint
7838,1710,2023-09-19,Inquiry
7839,21370,2020-07-17,Complaint
7840,9557,2024-05-09,Inquiry
7841,17295,2022-07-08,Inquiry
7842,18167,2024-01-17,Inquiry
7843,19004,2022-01-28,Complaint
7844,22203,2022-10-28,Complaint
7845,2923,2023-02-02,Complaint
7846,12960,2020-08-04,Complaint
7847,15779,2022-08-03,Inquiry
7848,43647,2022-08-22,Complaint
7849,23898,2023-07-03,Inquiry
7850,16247,2021-06-20,Inquiry
7851,5100,2021-05-11,Inquiry
7852,44784,2021-05-30,Complaint
7853,1498,2020-03-07,Inquiry
7854,42028,2021-06-02,Complaint
7855,39300,2025-03-13,Complaint
7856,5014,2020-10-26,Inquiry
7857,45200,2024-12-18,Complaint
7858,34560,2025-01-23,Complaint
7859,44600,2020-07-28,Inquiry
7860,23106,2024-03-10,Complaint
7861,4645,2020-01-17,Inquiry
7862,14483,2020-05-15,Inquiry
7863,42846,2022-08-10,Inquiry
7864,18940,2020-11-30,Inquiry
7865,44959,2022-07-16,Inquiry
7866,32877,2024-04-26,Inquiry
7867,10821,2023-12-20,Complaint
7868,49482,2020-09-02,Inquiry
7869,26982,2022-11-29,Complaint
7870,24022,2021-12-12,Complaint
7871,49329,2023-05-28,Inquiry
7872,11560,2021-10-22,Inquiry
7873,25040,2024-06-30,Inquiry
7874,7959,2020-11-19,Inquiry
7875,13662,2024-08-25,Complaint
7876,35838,2025-05-18,Inquiry
7877,45003,2020-09-17,Complaint
7878,35420,2023-01-12,Inquiry
7879,11678,2024-03-24,Complaint
7880,31077,2021-01-18,Complaint
7881,35865,2021-05-09,Complaint
7882,32330,2022-10-30,Inquiry
7883,45692,2022-11-19,Complaint
7884,39142,2025-05-19,Complaint
7885,41570,2021-07-27,Complaint
7886,27229,2023-07-05,Inquiry
7887,42001,2021-03-12,Inquiry
7888,15093,2025-05-22,Inquiry
7889,6770,2022-10-21,Complaint
7890,47639,2024-10-06,Complaint
7891,16358,2024-02-04,Complaint
7892,37194,2023-11-26,Complaint
7893,31090,2024-09-02,Inquiry
7894,16582,2021-09-20,Inquiry
7895,10073,2024-08-23,Inquiry
7896,16177,2022-08-05,Complaint
7897,1297,2022-02-11,Complaint
7898,11041,2023-02-19,Inquiry
7899,46112,2024-02-17,Complaint
7900,23300,2023-02-21,Complaint
7901,44287,2024-03-17,Complaint
7902,28222,2023-06-07,Inquiry
7903,22745,2025-05-08,Complaint
7904,26739,2021-12-21,Inquiry
7905,8590,2025-03-03,Inquiry
7906,15883,2022-10-29,Complaint
7907,4764,2025-03-01,Complaint
7908,23112,2020-11-22,Complaint
7909,18748,2022-02-22,Inquiry
7910,1452,2024-08-20,Inquiry
7911,8102,2024-12-04,Inquiry
7912,8186,2021-03-06,Complaint
7913,30160,2025-02-22,Complaint
7914,26068,2024-12-11,Complaint
7915,48202,2022-11-02,Complaint
7916,33717,2022-06-07,Inquiry
7917,227,2024-12-11,Complaint
7918,24767,2025-05-08,Inquiry
7919,3338,2021-09-20,Complaint
7920,27669,2023-08-15,Inquiry
7921,46572,2024-10-03,Complaint
7922,24518,2022-02-09,Inquiry
7923,41122,2020-06-09,Inquiry
7924,17676,2023-12-06,Complaint
7925,14442,2020-08-06,Complaint
7926,23755,2024-02-01,Inquiry
7927,19639,2024-12-11,Inquiry
7928,29252,2021-10-09,Complaint
7929,13473,2025-06-01,Inquiry
7930,35617,2023-03-04,Complaint
7931,3470,2020-01-30,Inquiry
7932,34178,2020-10-01,Complaint
7933,52,2021-06-09,Inquiry
7934,39404,2024-12-26,Complaint
7935,36498,2023-09-21,Complaint
7936,37365,2025-01-19,Complaint
7937,18372,2021-02-11,Inquiry
7938,42504,2022-10-20,Complaint
7939,26412,2024-04-03,Inquiry
7940,48282,2023-11-27,Inquiry
7941,3595,2020-04-29,Inquiry
7942,43065,2024-08-10,Inquiry
7943,18162,2025-01-21,Inquiry
7944,1349,2021-10-13,Inquiry
7945,25966,2021-07-11,Inquiry
7946,31181,2021-01-07,Complaint
7947,30228,2021-07-22,Inquiry
7948,23011,2025-02-26,Inquiry
7949,48338,2022-08-03,Inquiry
7950,9358,2023-12-17,Inquiry
7951,21718,2020-01-19,Inquiry
7952,31245,2024-11-21,Inquiry
7953,310,2020-05-20,Complaint
7954,23557,2022-09-10,Inquiry
7955,5742,2022-03-14,Complaint
7956,33753,2020-01-24,Inquiry
7957,18191,2022-05-08,Inquiry
7958,30444,2022-01-22,Inquiry
7959,46967,2021-09-09,Complaint
7960,14287,2021-04-11,Complaint
7961,41487,2023-03-20,Inquiry
7962,44502,2021-05-13,Complaint
7963,48676,2024-09-20,Complaint
7964,49493,2024-06-28,Complaint
7965,36877,2024-04-23,Complaint
7966,13627,2023-10-15,Complaint
7967,13918,2020-02-06,Inquiry
7968,40208,2022-11-09,Inquiry
7969,21180,2024-04-10,Inquiry
7970,18064,2025-02-13,Inquiry
7971,46514,2022-02-04,Inquiry
7972,39790,2023-02-17,Inquiry
7973,23152,2024-10-05,Inquiry
7974,24113,2023-09-22,Inquiry
7975,6024,2023-09-10,Complaint
7976,20571,2024-02-24,Inquiry
7977,40165,2024-10-18,Inquiry
7978,6725,2020-02-24,Inquiry
7979,18140,2020-02-27,Inquiry
7980,28522,2022-01-14,Inquiry
7981,49390,2020-09-24,Complaint
7982,29108,2021-02-26,Complaint
7983,3205,2024-01-14,Inquiry
7984,42135,2020-02-04,Inquiry
7985,5546,2025-03-24,Complaint
7986,20938,2025-02-21,Complaint
7987,6772,2021-03-15,Inquiry
7988,4506,2020-09-12,Inquiry
7989,10695,2023-09-04,Inquiry
7990,24274,2024-03-30,Inquiry
7991,45395,2024-05-01,Complaint
7992,38786,2023-01-10,Complaint
7993,48172,2021-03-25,Inquiry
7994,35572,2023-07-28,Inquiry
7995,10435,2023-08-22,Inquiry
7996,33856,2022-01-13,Inquiry
7997,45559,2024-07-26,Inquiry
7998,34502,2023-02-25,Inquiry
7999,48110,2021-03-20,Complaint
8000,20443,2024-10-08,Complaint
8001,49237,2023-02-22,Complaint
8002,8575,2023-02-06,Complaint
8003,26642,2023-12-04,Complaint
8004,43425,2023-11-02,Inquiry
8005,46332,2022-01-22,Inquiry
8006,6318,2022-12-10,Inquiry
8007,38480,2024-06-10,Complaint
8008,38457,2020-05-10,Complaint
8009,27093,2024-07-06,Complaint
8010,5733,2024-08-08,Inquiry
8011,4290,2021-06-03,Complaint
8012,46253,2023-02-19,Inquiry
8013,27394,2024-10-26,Complaint
8014,43687,2024-01-05,Inquiry
8015,24656,2023-04-10,Inquiry
8016,35100,2024-05-04,Inquiry
8017,42396,2024-02-11,Inquiry
8018,30561,2021-03-25,Inquiry
8019,40095,2022-12-08,Complaint
8020,39572,2021-02-06,Inquiry
8021,38118,2024-05-20,Inquiry
8022,21003,2024-08-30,Complaint
8023,47594,2024-01-15,Complaint
8024,2660,2024-08-06,Inquiry
8025,25867,2022-10-19,Inquiry
8026,11943,2020-08-19,Inquiry
8027,27120,2024-06-23,Complaint
8028,1158,2021-06-07,Inquiry
8029,25023,2020-09-12,Complaint
8030,35103,2020-09-08,Complaint
8031,41126,2020-12-22,Inquiry
8032,48018,2025-06-21,Inquiry
8033,17033,2022-07-11,Inquiry
8034,17706,2023-11-13,Complaint
8035,27121,2023-04-13,Complaint
8036,29468,2024-03-24,Complaint
8037,28867,2020-10-05,Inquiry
8038,5655,2022-12-22,Inquiry
8039,40842,2021-01-25,Complaint
8040,26882,2025-03-20,Inquiry
8041,26521,2024-01-29,Inquiry
8042,22851,2023-04-19,Inquiry
8043,26364,2024-05-09,Inquiry
8044,34985,2024-01-30,Complaint
8045,32517,2024-11-25,Inquiry
8046,46330,2022-07-14,Inquiry
8047,11264,2020-12-31,Inquiry
8048,38231,2022-08-04,Inquiry
8049,43593,2020-04-19,Complaint
8050,14918,2020-12-04,Inquiry
8051,8070,2020-12-06,Inquiry
8052,329,2021-10-10,Complaint
8053,47313,2023-02-03,Inquiry
8054,9219,2024-08-21,Inquiry
8055,40649,2020-09-17,Inquiry
8056,28302,2024-01-08,Inquiry
8057,22339,2023-01-22,Inquiry
8058,47396,2021-09-22,Inquiry
8059,41134,2020-12-12,Inquiry
8060,30290,2020-03-25,Inquiry
8061,9345,2024-10-22,Inquiry
8062,34580,2020-06-28,Inquiry
8063,22909,2025-03-05,Inquiry
8064,36189,2023-03-30,Complaint
8065,34392,2021-03-17,Inquiry
8066,28544,2021-12-21,Inquiry
8067,41440,2024-06-22,Complaint
8068,3219,2020-06-17,Inquiry
8069,11205,2023-10-28,Inquiry
8070,9433,2021-06-12,Inquiry
8071,11224,2024-05-06,Inquiry
8072,15016,2024-03-26,Inquiry
8073,11132,2022-12-07,Inquiry
8074,47164,2024-04-15,Inquiry
8075,48668,2022-08-14,Inquiry
8076,3943,2023-02-17,Complaint
8077,30718,2022-01-30,Inquiry
8078,35577,2021-09-23,Inquiry
8079,5914,2024-04-29,Complaint
8080,43419,2023-12-09,Complaint
8081,35061,2024-11-26,Inquiry
8082,43275,2022-04-11,Complaint
8083,10587,2024-03-22,Inquiry
8084,12572,2023-08-24,Inquiry
8085,28392,2023-01-21,Inquiry
8086,19782,2024-06-29,Inquiry
8087,21933,2024-05-16,Complaint
8088,29739,2020-04-11,Inquiry
8089,23036,2024-12-16,Complaint
8090,33423,2021-07-25,Complaint
8091,7169,2023-06-12,Complaint
8092,10100,2025-04-06,Inquiry
8093,24017,2020-10-25,Inquiry
8094,5640,2024-11-12,Inquiry
8095,1789,2020-02-22,Complaint
8096,35992,2022-08-11,Inquiry
8097,22823,2021-01-27,Inquiry
8098,35376,2024-06-20,Inquiry
8099,13899,2025-04-29,Inquiry
8100,40028,2023-10-21,Inquiry
8101,21702,2023-09-08,Inquiry
8102,2917,2021-04-15,Inquiry
8103,26713,2024-11-03,Complaint
8104,8202,2023-06-12,Inquiry
8105,23777,2025-01-24,Complaint
8106,31349,2021-02-08,Complaint
8107,37931,2025-05-18,Inquiry
8108,21721,2024-11-05,Inquiry
8109,34945,2021-02-22,Complaint
8110,35470,2021-11-04,Complaint
8111,44171,2022-02-03,Inquiry
8112,4506,2022-05-17,Inquiry
8113,22266,2024-05-21,Inquiry
8114,35140,2025-06-12,Complaint
8115,8910,2023-08-08,Inquiry
8116,1884,2020-12-28,Inquiry
8117,47419,2025-04-02,Complaint
8118,15291,2020-08-17,Inquiry
8119,40904,2023-06-15,Complaint
8120,24860,2021-09-12,Complaint
8121,47976,2022-02-05,Inquiry
8122,27990,2023-03-31,Complaint
8123,32018,2023-11-14,Inquiry
8124,5630,2022-07-27,Complaint
8125,5706,2025-01-12,Complaint
8126,33380,2025-04-06,Complaint
8127,22151,2020-05-10,Inquiry
8128,18939,2023-04-02,Complaint
8129,35449,2023-08-24,Complaint
8130,18791,2020-12-04,Complaint
8131,28025,2023-05-16,Complaint
8132,47597,2020-07-20,Complaint
8133,11834,2024-08-23,Inquiry
8134,33522,2020-05-08,Inquiry
8135,26473,2020-11-23,Complaint
8136,14385,2022-09-15,Complaint
8137,33103,2023-08-16,Inquiry
8138,8247,2023-12-12,Inquiry
8139,2946,2021-11-07,Inquiry
8140,18577,2020-04-28,Complaint
8141,10125,2020-05-18,Complaint
8142,1752,2022-03-29,Complaint
8143,45454,2021-05-23,Inquiry
8144,49081,2020-09-23,Inquiry
8145,27272,2021-05-02,Complaint
8146,2762,2022-05-31,Inquiry
8147,47068,2022-11-12,Complaint
8148,7457,2021-02-23,Inquiry
8149,12930,2020-02-21,Complaint
8150,31289,2024-07-02,Inquiry
8151,25188,2023-04-27,Complaint
8152,25648,2023-01-28,Inquiry
8153,12311,2020-02-01,Inquiry
8154,48459,2022-01-20,Inquiry
8155,17141,2022-04-20,Inquiry
8156,34511,2022-03-30,Inquiry
8157,15615,2023-01-28,Complaint
8158,43161,2022-01-02,Complaint
8159,37054,2023-01-30,Inquiry
8160,3649,2024-08-01,Inquiry
8161,38422,2022-11-25,Complaint
8162,28121,2022-10-18,Inquiry
8163,23504,2022-03-31,Inquiry
8164,3215,2021-05-30,Inquiry
8165,17733,2024-08-24,Complaint
8166,43416,2021-11-13,Complaint
8167,23643,2022-03-31,Inquiry
8168,44403,2025-01-23,Inquiry
8169,9389,2025-06-08,Complaint
8170,42914,2024-09-12,Inquiry
8171,1448,2021-08-19,Complaint
8172,35329,2020-07-08,Inquiry
8173,8873,2025-02-24,Inquiry
8174,32794,2023-09-05,Inquiry
8175,29388,2022-08-06,Complaint
8176,33481,2021-01-28,Complaint
8177,29729,2020-07-03,Inquiry
8178,23592,2024-01-22,Inquiry
8179,20315,2020-03-05,Inquiry
8180,18804,2022-12-21,Complaint
8181,22871,2024-03-29,Inquiry
8182,32954,2022-05-02,Inquiry
8183,44508,2020-04-17,Inquiry
8184,35114,2020-09-15,Inquiry
8185,49103,2022-09-07,Complaint
8186,39139,2020-09-17,Complaint
8187,6975,2021-03-01,Complaint
8188,2354,2024-09-09,Complaint
8189,22328,2021-04-08,Inquiry
8190,2201,2020-11-14,Inquiry
8191,26197,2024-06-22,Inquiry
8192,17221,2020-08-25,Complaint
8193,46517,2021-10-03,Complaint
8194,2145,2021-08-09,Inquiry
8195,27320,2022-12-30,Complaint
8196,32415,2021-10-05,Complaint
8197,3295,2020-11-11,Complaint
8198,41219,2025-01-03,Inquiry
8199,24674,2020-08-19,Inquiry
8200,20905,2021-01-26,Complaint
8201,3870,2020-08-07,Complaint
8202,17611,2022-04-04,Inquiry
8203,9257,2022-03-30,Complaint
8204,16037,2023-10-10,Inquiry
8205,6554,2020-03-14,Complaint
8206,43349,2022-08-21,Inquiry
8207,38413,2023-11-04,Complaint
8208,29368,2024-11-08,Inquiry
8209,37358,2024-09-21,Complaint
8210,8914,2022-05-16,Inquiry
8211,29181,2021-08-27,Complaint
8212,17320,2020-03-17,Complaint
8213,31676,2023-11-25,Inquiry
8214,12378,2023-09-01,Complaint
8215,27387,2021-06-14,Inquiry
8216,27074,2021-07-16,Complaint
8217,46609,2021-12-14,Complaint
8218,30827,2024-12-23,Inquiry
8219,35290,2020-03-15,Inquiry
8220,8102,2024-03-05,Inquiry
8221,21919,2024-08-05,Inquiry
8222,29269,2021-05-30,Inquiry
8223,2977,2021-06-14,Inquiry
8224,4331,2020-09-10,Inquiry
8225,6860,2021-04-16,Inquiry
8226,20934,2022-09-27,Complaint
8227,29711,2020-11-15,Inquiry
8228,4633,2024-08-19,Inquiry
8229,10418,2020-09-16,Complaint
8230,6624,2022-06-19,Complaint
8231,4635,2020-10-10,Inquiry
8232,5384,2024-12-01,Inquiry
8233,4924,2020-06-08,Inquiry
8234,49736,2022-11-27,Inquiry
8235,40224,2025-03-11,Inquiry
8236,24574,2022-05-05,Inquiry
8237,20486,2022-11-02,Complaint
8238,42652,2020-04-26,Complaint
8239,13843,2020-01-27,Complaint
8240,15478,2023-10-17,Complaint
8241,36320,2024-01-02,Inquiry
8242,2027,2024-08-08,Inquiry
8243,21073,2024-02-18,Complaint
8244,40536,2025-02-28,Inquiry
8245,41419,2022-07-17,Inquiry
8246,30348,2024-11-08,Complaint
8247,18521,2022-03-20,Inquiry
8248,35367,2023-06-02,Inquiry
8249,20168,2021-07-14,Inquiry
8250,35035,2025-01-27,Complaint
8251,27976,2024-01-29,Inquiry
8252,13476,2023-04-28,Inquiry
8253,37778,2024-10-14,Complaint
8254,21521,2022-10-17,Complaint
8255,19736,2020-04-18,Complaint
8256,46679,2025-03-15,Complaint
8257,44559,2022-02-24,Complaint
8258,4392,2023-03-29,Complaint
8259,46925,2025-05-11,Inquiry
8260,42938,2021-04-25,Complaint
8261,10841,2021-07-25,Complaint
8262,5160,2024-06-03,Inquiry
8263,31813,2021-12-13,Inquiry
8264,32517,2022-10-12,Inquiry
8265,3214,2023-02-02,Inquiry
8266,1217,2020-01-28,Inquiry
8267,10019,2020-06-03,Complaint
8268,42073,2022-10-31,Inquiry
8269,7521,2020-10-14,Inquiry
8270,18298,2022-07-13,Inquiry
8271,30673,2020-07-18,Complaint
8272,17632,2022-10-26,Inquiry
8273,23323,2025-03-12,Inquiry
8274,5201,2022-10-23,Complaint
8275,31895,2020-04-28,Complaint
8276,49993,2023-10-14,Complaint
8277,37893,2021-11-14,Inquiry
8278,6374,2022-02-13,Inquiry
8279,42739,2025-06-13,Complaint
8280,4833,2021-05-29,Inquiry
8281,45482,2025-02-06,Complaint
8282,24501,2024-02-06,Complaint
8283,30204,2023-12-09,Complaint
8284,10808,2020-03-31,Inquiry
8285,8451,2020-02-17,Inquiry
8286,5787,2021-11-08,Complaint
8287,11054,2024-11-27,Inquiry
8288,39958,2022-03-11,Inquiry
8289,40383,2021-04-09,Inquiry
8290,11628,2020-12-17,Complaint
8291,4565,2020-12-26,Complaint
8292,43251,2020-10-23,Inquiry
8293,10544,2022-01-29,Complaint
8294,49037,2024-11-18,Inquiry
8295,16094,2023-04-03,Inquiry
8296,6925,2021-08-19,Complaint
8297,38959,2024-02-01,Inquiry
8298,48083,2021-08-26,Inquiry
8299,25,2021-03-29,Complaint
8300,47484,2022-05-17,Inquiry
8301,43625,2025-06-11,Inquiry
8302,37428,2023-06-09,Inquiry
8303,44134,2023-10-10,Complaint
8304,41433,2025-03-04,Complaint
8305,29922,2022-12-15,Complaint
8306,3367,2025-02-07,Complaint
8307,10737,2025-03-24,Complaint
8308,17836,2024-07-11,Inquiry
8309,21831,2022-07-19,Complaint
8310,85,2023-04-19,Inquiry
8311,13610,2023-11-18,Inquiry
8312,25206,2022-01-26,Inquiry
8313,39705,2021-10-30,Complaint
8314,38851,2023-06-24,Inquiry
8315,27047,2025-03-24,Complaint
8316,29695,2021-11-18,Complaint
8317,18980,2022-04-25,Inquiry
8318,9581,2023-09-11,Inquiry
8319,11318,2020-12-07,Complaint
8320,26132,2024-12-12,Inquiry
8321,37441,2022-07-03,Complaint
8322,21589,2025-01-06,Inquiry
8323,29356,2020-04-28,Complaint
8324,49741,2022-08-28,Complaint
8325,42817,2024-05-14,Inquiry
8326,31787,2020-10-12,Inquiry
8327,23477,2022-08-22,Complaint
8328,39412,2024-09-07,Inquiry
8329,39323,2024-02-16,Complaint
8330,14026,2024-03-22,Inquiry
8331,13142,2025-01-19,Complaint
8332,21955,2024-10-06,Inquiry
8333,46900,2021-08-13,Complaint
8334,21805,2020-03-08,Complaint
8335,25587,2022-12-23,Inquiry
8336,49906,2021-11-05,Inquiry
8337,29396,2024-09-16,Complaint
8338,1933,2023-10-25,Complaint
8339,13326,2023-09-10,Inquiry
8340,36602,2024-03-12,Inquiry
8341,43393,2023-09-18,Inquiry
8342,35808,2025-03-03,Inquiry
8343,12240,2025-02-18,Complaint
8344,6294,2024-03-02,Inquiry
8345,41455,2022-01-20,Complaint
8346,11838,2022-04-19,Complaint
8347,21194,2022-07-31,Inquiry
8348,13332,2024-09-21,Inquiry
8349,44006,2022-02-23,Inquiry
8350,36338,2020-07-15,Complaint
8351,14237,2025-06-05,Complaint
8352,34023,2021-12-04,Inquiry
8353,19462,2022-09-17,Inquiry
8354,29166,2022-01-27,Inquiry
8355,40379,2020-07-05,Complaint
8356,22285,2023-05-08,Inquiry
8357,22178,2025-06-08,Inquiry
8358,15146,2024-11-27,Complaint
8359,41868,2021-08-24,Complaint
8360,35861,2022-02-13,Inquiry
8361,37879,2023-07-15,Inquiry
8362,28616,2024-01-25,Inquiry
8363,9717,2024-02-03,Inquiry
8364,26011,2023-03-22,Complaint
8365,8914,2020-01-25,Inquiry
8366,29654,2024-06-02,Inquiry
8367,33642,2024-10-29,Inquiry
8368,30097,2020-08-19,Inquiry
8369,5319,2023-07-25,Inquiry
8370,34804,2024-12-07,Inquiry
8371,44802,2022-11-15,Complaint
8372,31018,2020-05-04,Inquiry
8373,42729,2020-04-25,Complaint
8374,5608,2020-04-29,Inquiry
8375,8351,2025-02-23,Inquiry
8376,1098,2021-02-28,Inquiry
8377,5948,2021-02-11,Complaint
8378,32127,2023-09-04,Inquiry
8379,25836,2022-05-01,Complaint
8380,18371,2023-11-14,Inquiry
8381,4801,2023-12-03,Inquiry
8382,46674,2023-03-12,Inquiry
8383,20588,2025-05-25,Inquiry
8384,15032,2021-12-18,Inquiry
8385,23785,2021-08-23,Inquiry
8386,13119,2025-04-08,Complaint
8387,11974,2021-01-11,Inquiry
8388,3903,2022-05-14,Inquiry
8389,8040,2023-02-24,Inquiry
8390,10681,2022-08-06,Inquiry
8391,31640,2023-01-09,Inquiry
8392,37386,2020-08-27,Inquiry
8393,33701,2025-06-05,Complaint
8394,19400,2021-11-03,Inquiry
8395,23001,2021-10-22,Inquiry
8396,45891,2020-12-16,Inquiry
8397,45015,2024-03-26,Inquiry
8398,36018,2024-02-06,Inquiry
8399,14390,2021-11-03,Inquiry
8400,423,2024-11-19,Inquiry
8401,49993,2021-05-04,Inquiry
8402,30343,2021-08-11,Inquiry
8403,8310,2023-05-30,Complaint
8404,19424,2023-10-16,Inquiry
8405,41494,2024-02-13,Inquiry
8406,46792,2021-06-18,Complaint
8407,31609,2022-02-16,Complaint
8408,31120,2023-07-09,Complaint
8409,41771,2023-06-03,Complaint
8410,6550,2021-07-03,Inquiry
8411,4591,2021-08-28,Inquiry
8412,32859,2023-10-08,Inquiry
8413,15118,2024-07-13,Complaint
8414,5169,2020-12-31,Complaint
8415,46797,2020-09-12,Inquiry
8416,7576,2021-02-08,Inquiry
8417,3140,2021-10-01,Complaint
8418,24341,2023-05-07,Complaint
8419,34459,2023-10-17,Inquiry
8420,35295,2025-02-08,Complaint
8421,2175,2022-08-03,Inquiry
8422,2067,2022-10-27,Inquiry
8423,11922,2022-08-26,Complaint
8424,35827,2020-05-13,Inquiry
8425,40319,2020-09-16,Inquiry
8426,24427,2021-11-01,Complaint
8427,15750,2025-03-20,Inquiry
8428,19658,2020-08-05,Inquiry
8429,35400,2020-07-19,Inquiry
8430,39572,2022-04-12,Complaint
8431,46596,2024-10-31,Complaint
8432,42740,2023-01-05,Complaint
8433,13252,2021-07-24,Inquiry
8434,30411,2024-06-17,Inquiry
8435,26056,2023-01-13,Complaint
8436,41825,2022-10-15,Inquiry
8437,43477,2024-05-22,Complaint
8438,11025,2021-03-31,Complaint
8439,49270,2022-06-30,Inquiry
8440,38229,2022-08-26,Inquiry
8441,15475,2021-07-25,Complaint
8442,10928,2024-11-07,Complaint
8443,41852,2022-04-25,Complaint
8444,41995,2021-12-13,Inquiry
8445,42938,2021-08-30,Inquiry
8446,26841,2023-12-14,Inquiry
8447,41136,2021-06-23,Complaint
8448,21377,2025-02-14,Complaint
8449,23916,2024-10-05,Inquiry
8450,19735,2023-08-04,Inquiry
8451,5251,2023-10-22,Inquiry
8452,6226,2021-11-22,Complaint
8453,38668,2023-02-15,Inquiry
8454,10109,2022-02-23,Inquiry
8455,42731,2020-01-10,Inquiry
8456,45382,2021-05-12,Inquiry
8457,22931,2020-06-19,Complaint
8458,31436,2022-12-15,Inquiry
8459,43016,2022-12-28,Inquiry
8460,44292,2021-01-12,Complaint
8461,38886,2021-10-26,Inquiry
8462,28678,2021-07-28,Complaint
8463,46200,2024-08-17,Inquiry
8464,25145,2025-01-08,Inquiry
8465,16155,2021-06-03,Inquiry
8466,19901,2023-12-23,Inquiry
8467,7998,2023-09-27,Inquiry
8468,7894,2021-04-25,Complaint
8469,28218,2024-05-26,Complaint
8470,31253,2021-10-08,Inquiry
8471,43962,2024-10-24,Complaint
8472,31625,2020-11-16,Inquiry
8473,38148,2025-05-30,Inquiry
8474,26938,2023-06-19,Inquiry
8475,33181,2020-04-10,Complaint
8476,3244,2021-03-08,Inquiry
8477,46799,2025-05-29,Complaint
8478,14621,2022-01-17,Inquiry
8479,2785,2024-11-08,Complaint
8480,20046,2023-09-01,Inquiry
8481,47613,2020-05-10,Complaint
8482,27869,2022-05-09,Inquiry
8483,32890,2025-02-08,Inquiry
8484,46811,2020-08-13,Inquiry
8485,44166,2023-09-27,Complaint
8486,28995,2021-09-21,Inquiry
8487,39847,2022-06-19,Inquiry
8488,45051,2023-01-25,Inquiry
8489,23175,2022-10-05,Complaint
8490,46383,2025-04-24,Inquiry
8491,28215,2024-09-18,Complaint
8492,33626,2023-04-01,Inquiry
8493,3595,2024-07-13,Inquiry
8494,14995,2020-05-02,Inquiry
8495,1149,2021-11-02,Inquiry
8496,35637,2021-11-27,Inquiry
8497,21454,2024-04-07,Inquiry
8498,39749,2022-11-13,Inquiry
8499,1466,2020-03-01,Complaint
8500,46089,2024-06-10,Inquiry
8501,34674,2021-04-26,Complaint
8502,5247,2021-02-21,Inquiry
8503,890,2024-07-22,Inquiry
8504,16964,2023-06-24,Inquiry
8505,32932,2025-02-23,Complaint
8506,22383,2023-07-01,Complaint
8507,42140,2022-09-19,Inquiry
8508,6744,2021-02-18,Inquiry
8509,5879,2025-03-18,Inquiry
8510,25003,2024-05-31,Complaint
8511,18753,2020-09-01,Inquiry
8512,43066,2020-10-11,Complaint
8513,26963,2024-10-14,Inquiry
8514,32470,2021-10-16,Complaint
8515,13200,2023-05-21,Inquiry
8516,36966,2020-02-20,Inquiry
8517,34230,2020-04-07,Inquiry
8518,17496,2022-06-18,Inquiry
8519,9495,2023-10-18,Complaint
8520,35036,2025-03-12,Complaint
8521,33379,2023-06-19,Inquiry
8522,21628,2023-04-09,Complaint
8523,41412,2024-07-28,Inquiry
8524,33667,2024-10-23,Inquiry
8525,16425,2022-02-02,Inquiry
8526,4281,2021-03-04,Inquiry
8527,14128,2021-01-17,Inquiry
8528,4881,2022-06-11,Inquiry
8529,121,2021-04-27,Complaint
8530,25517,2020-01-18,Inquiry
8531,23306,2022-05-16,Complaint
8532,3295,2023-01-23,Inquiry
8533,27250,2022-10-21,Inquiry
8534,46116,2023-07-01,Inquiry
8535,37254,2021-07-13,Inquiry
8536,47686,2020-02-27,Complaint
8537,23546,2020-10-21,Inquiry
8538,14905,2021-05-26,Inquiry
8539,11280,2020-05-18,Complaint
8540,24116,2022-04-16,Complaint
8541,18933,2024-09-14,Inquiry
8542,30531,2020-10-17,Inquiry
8543,18987,2022-11-16,Inquiry
8544,39733,2020-11-17,Inquiry
8545,20759,2024-07-06,Inquiry
8546,27757,2024-10-23,Complaint
8547,40122,2022-04-01,Inquiry
8548,17217,2022-02-17,Inquiry
8549,44478,2020-08-28,Inquiry
8550,48957,2020-12-07,Inquiry
8551,14338,2020-05-06,Inquiry
8552,22105,2023-01-11,Complaint
8553,45241,2021-08-17,Inquiry
8554,20818,2023-03-03,Complaint
8555,6044,2021-09-08,Inquiry
8556,30623,2024-05-12,Inquiry
8557,17211,2023-01-21,Inquiry
8558,29599,2024-07-20,Complaint
8559,5974,2023-08-04,Inquiry
8560,42993,2022-09-23,Inquiry
8561,42396,2025-05-14,Complaint
8562,38161,2024-04-21,Inquiry
8563,7955,2022-08-04,Inquiry
8564,33029,2025-04-25,Complaint
8565,24503,2021-10-08,Complaint
8566,44496,2024-08-19,Complaint
8567,34170,2020-02-09,Inquiry
8568,35383,2021-02-27,Complaint
8569,15934,2022-01-27,Complaint
8570,3951,2022-03-31,Inquiry
8571,46065,2024-08-17,Inquiry
8572,40415,2025-06-16,Inquiry
8573,46418,2024-01-15,Complaint
8574,28785,2024-02-23,Complaint
8575,28879,2024-04-27,Inquiry
8576,17009,2020-04-18,Inquiry
8577,36907,2020-05-27,Complaint
8578,26135,2022-07-28,Inquiry
8579,12927,2022-03-04,Inquiry
8580,48159,2022-12-31,Inquiry
8581,25675,2025-03-15,Inquiry
8582,13019,2020-09-03,Inquiry
8583,41213,2022-07-29,Inquiry
8584,32682,2023-12-14,Complaint
8585,40998,2023-04-04,Complaint
8586,27973,2023-06-24,Inquiry
8587,38651,2023-11-14,Complaint
8588,3605,2023-02-21,Inquiry
8589,48269,2025-01-23,Inquiry
8590,32332,2024-08-20,Inquiry
8591,24504,2024-03-12,Complaint
8592,29074,2020-02-01,Inquiry
8593,32089,2020-07-02,Inquiry
8594,47217,2021-10-11,Complaint
8595,41588,2022-05-16,Inquiry
8596,40171,2021-05-04,Complaint
8597,15759,2023-12-05,Inquiry
8598,1517,2022-09-11,Complaint
8599,19876,2024-05-04,Inquiry
8600,45112,2022-01-02,Inquiry
8601,8778,2022-08-31,Inquiry
8602,35760,2023-08-09,Inquiry
8603,46511,2025-06-02,Complaint
8604,27878,2024-01-18,Inquiry
8605,19524,2021-07-12,Inquiry
8606,5751,2021-11-06,Complaint
8607,4972,2024-01-15,Complaint
8608,9424,2025-05-18,Inquiry
8609,13557,2024-11-12,Complaint
8610,29039,2025-03-29,Inquiry
8611,16689,2024-09-29,Inquiry
8612,27830,2021-03-08,Complaint
8613,18925,2022-01-27,Inquiry
8614,16481,2021-12-24,Complaint
8615,19174,2024-11-08,Inquiry
8616,10827,2023-07-30,Inquiry
8617,44252,2020-06-14,Inquiry
8618,43338,2020-02-29,Complaint
8619,27104,2022-12-30,Inquiry
8620,37945,2025-02-21,Inquiry
8621,17802,2021-11-11,Inquiry
8622,3792,2021-08-14,Inquiry
8623,16763,2022-04-12,Inquiry
8624,25758,2022-07-15,Complaint
8625,14468,2020-06-20,Complaint
8626,41477,2021-06-14,Inquiry
8627,10643,2021-11-01,Complaint
8628,10553,2021-04-28,Inquiry
8629,28600,2021-04-19,Complaint
8630,27381,2021-05-17,Inquiry
8631,36580,2024-06-01,Inquiry
8632,8482,2021-09-03,Complaint
8633,12683,2024-08-19,Inquiry
8634,28839,2022-05-24,Complaint
8635,37455,2021-02-11,Inquiry
8636,45383,2021-06-25,Complaint
8637,10699,2024-04-18,Complaint
8638,21855,2021-11-26,Complaint
8639,18261,2023-08-27,Complaint
8640,15699,2020-12-19,Inquiry
8641,141,2022-04-18,Complaint
8642,13918,2025-03-11,Inquiry
8643,25463,2023-06-11,Inquiry
8644,9494,2024-02-23,Complaint
8645,3343,2023-01-24,Inquiry
8646,42659,2021-02-22,Complaint
8647,13906,2024-09-25,Inquiry
8648,5831,2020-04-12,Inquiry
8649,37955,2022-07-15,Inquiry
8650,22755,2021-09-24,Inquiry
8651,30664,2020-07-03,Inquiry
8652,34973,2024-03-13,Complaint
8653,2342,2024-08-28,Inquiry
8654,32879,2022-05-07,Complaint
8655,37263,2022-10-09,Complaint
8656,19344,2021-06-11,Complaint
8657,36567,2022-11-29,Complaint
8658,43888,2025-05-25,Inquiry
8659,4711,2021-12-06,Inquiry
8660,19772,2020-04-10,Inquiry
8661,22326,2022-11-28,Complaint
8662,34861,2022-02-14,Inquiry
8663,6742,2023-08-28,Inquiry
8664,47698,2020-05-07,Inquiry
8665,19204,2021-08-09,Inquiry
8666,29652,2024-10-01,Inquiry
8667,49102,2025-06-03,Inquiry
8668,23636,2020-10-08,Inquiry
8669,17547,2022-04-30,Complaint
8670,1665,2024-10-21,Complaint
8671,1862,2024-11-30,Complaint
8672,2832,2024-10-04,Inquiry
8673,37230,2022-05-15,Complaint
8674,567,2020-07-21,Complaint
8675,25781,2022-08-19,Inquiry
8676,34880,2020-05-14,Inquiry
8677,22079,2022-06-25,Complaint
8678,14402,2021-05-11,Complaint
8679,36696,2022-09-14,Complaint
8680,39172,2020-03-04,Inquiry
8681,41666,2022-06-20,Complaint
8682,21416,2020-12-22,Inquiry
8683,49151,2024-10-12,Complaint
8684,48841,2023-02-15,Inquiry
8685,42993,2023-12-14,Inquiry
8686,48680,2023-11-04,Inquiry
8687,22483,2022-05-24,Complaint
8688,38354,2021-03-12,Inquiry
8689,16009,2022-11-21,Inquiry
8690,892,2020-08-24,Inquiry
8691,381,2020-10-17,Inquiry
8692,28881,2022-03-05,Inquiry
8693,48117,2024-10-17,Inquiry
8694,37608,2024-05-03,Inquiry
8695,36741,2023-11-20,Inquiry
8696,37851,2025-04-13,Inquiry
8697,7212,2021-07-23,Complaint
8698,1679,2020-08-17,Complaint
8699,16875,2022-08-24,Inquiry
8700,37081,2025-06-03,Inquiry
8701,28478,2024-09-21,Inquiry
8702,25685,2024-11-04,Inquiry
8703,5160,2022-04-18,Inquiry
8704,24347,2021-05-05,Inquiry
8705,44759,2024-12-10,Inquiry
8706,5582,2023-07-21,Inquiry
8707,15245,2025-05-10,Complaint
8708,15273,2021-02-08,Inquiry
8709,44757,2022-05-17,Complaint
8710,35380,2021-05-03,Complaint
8711,36186,2023-07-20,Inquiry
8712,49594,2020-03-18,Inquiry
8713,19106,2024-08-28,Complaint
8714,2631,2022-12-10,Complaint
8715,17742,2024-11-26,Inquiry
8716,32046,2024-12-09,Inquiry
8717,5617,2022-08-11,Inquiry
8718,12606,2024-12-04,Complaint
8719,38090,2022-02-13,Inquiry
8720,46178,2022-12-19,Inquiry
8721,40723,2025-05-23,Complaint
8722,26657,2021-04-04,Inquiry
8723,8390,2022-06-11,Complaint
8724,22129,2023-08-12,Complaint
8725,16429,2022-01-19,Complaint
8726,23244,2022-09-19,Inquiry
8727,25819,2022-10-22,Complaint
8728,23475,2023-11-25,Complaint
8729,1939,2020-12-30,Inquiry
8730,3573,2021-02-16,Complaint
8731,11226,2024-03-09,Complaint
8732,38137,2020-10-03,Inquiry
8733,43847,2020-09-12,Complaint
8734,20039,2020-05-18,Inquiry
8735,20631,2021-08-30,Inquiry
8736,18918,2021-04-10,Inquiry
8737,41096,2024-08-22,Inquiry
8738,8070,2024-09-06,Complaint
8739,2217,2020-02-24,Inquiry
8740,30519,2022-07-09,Complaint
8741,3691,2020-04-08,Inquiry
8742,13185,2023-06-21,Inquiry
8743,42625,2022-04-02,Complaint
8744,24892,2024-02-29,Inquiry
8745,3673,2025-04-14,Inquiry
8746,47589,2023-04-02,Inquiry
8747,29488,2024-03-26,Inquiry
8748,42895,2024-12-26,Complaint
8749,33699,2025-03-19,Inquiry
8750,35879,2021-06-03,Inquiry
8751,29131,2020-01-07,Complaint
8752,24241,2023-05-11,Complaint
8753,86,2021-04-02,Complaint
8754,16229,2021-12-23,Inquiry
8755,27908,2020-06-14,Complaint
8756,48312,2021-06-03,Complaint
8757,18009,2024-03-20,Inquiry
8758,23272,2024-05-31,Complaint
8759,5126,2024-04-02,Inquiry
8760,27515,2023-12-30,Inquiry
8761,4476,2021-02-16,Inquiry
8762,20443,2025-02-03,Complaint
8763,5493,2021-04-10,Inquiry
8764,19119,2020-02-13,Complaint
8765,33382,2025-05-22,Inquiry
8766,4810,2022-12-04,Inquiry
8767,12882,2020-04-10,Complaint
8768,25724,2021-07-20,Complaint
8769,27492,2021-11-18,Inquiry
8770,42925,2024-08-29,Inquiry
8771,20048,2022-01-02,Complaint
8772,26067,2022-05-11,Complaint
8773,34554,2022-12-21,Complaint
8774,20305,2020-06-01,Inquiry
8775,30476,2023-09-25,Inquiry
8776,24216,2020-03-02,Inquiry
8777,40457,2020-09-03,Inquiry
8778,24248,2020-10-28,Inquiry
8779,3246,2022-05-06,Inquiry
8780,854,2024-06-30,Complaint
8781,12989,2023-06-02,Inquiry
8782,34311,2024-12-05,Inquiry
8783,46273,2021-05-08,Complaint
8784,26255,2021-03-27,Inquiry
8785,34066,2023-12-12,Complaint
8786,1941,2023-05-06,Inquiry
8787,43329,2023-04-23,Inquiry
8788,21229,2020-09-25,Inquiry
8789,35344,2021-06-11,Inquiry
8790,3024,2022-08-04,Inquiry
8791,37579,2025-01-29,Inquiry
8792,21769,2022-04-09,Inquiry
8793,32236,2022-02-17,Inquiry
8794,20612,2022-11-02,Inquiry
8795,36674,2022-08-23,Complaint
8796,278,2023-02-16,Inquiry
8797,24070,2021-04-06,Inquiry
8798,48124,2024-03-11,Complaint
8799,16396,2020-10-31,Inquiry
8800,41413,2021-11-02,Inquiry
8801,33938,2021-11-30,Complaint
8802,23416,2021-06-15,Complaint
8803,13696,2021-05-03,Inquiry
8804,29079,2024-12-25,Inquiry
8805,35308,2024-02-18,Inquiry
8806,46634,2024-08-15,Inquiry
8807,15365,2020-04-27,Inquiry
8808,24095,2022-01-23,Inquiry
8809,22781,2021-01-30,Inquiry
8810,18672,2024-08-18,Complaint
8811,26638,2024-08-13,Complaint
8812,36404,2023-04-10,Complaint
8813,46981,2025-02-28,Complaint
8814,11030,2022-05-08,Inquiry
8815,35478,2022-08-06,Inquiry
8816,6899,2024-10-17,Inquiry
8817,33213,2023-08-01,Inquiry
8818,7004,2024-06-03,Inquiry
8819,10947,2024-09-27,Complaint
8820,12662,2024-11-13,Inquiry
8821,11628,2025-02-21,Complaint
8822,19963,2023-10-11,Complaint
8823,34394,2024-11-09,Complaint
8824,46670,2022-11-09,Inquiry
8825,32138,2021-03-24,Complaint
8826,21919,2023-05-23,Inquiry
8827,3120,2022-02-02,Complaint
8828,16743,2025-04-27,Inquiry
8829,36401,2025-03-26,Complaint
8830,44241,2022-02-15,Inquiry
8831,49189,2022-11-01,Inquiry
8832,46148,2023-08-05,Complaint
8833,45673,2022-02-09,Inquiry
8834,26884,2024-10-10,Inquiry
8835,45476,2023-09-07,Inquiry
8836,37972,2024-06-19,Complaint
8837,37108,2021-11-17,Complaint
8838,20329,2021-05-29,Inquiry
8839,5538,2024-09-28,Inquiry
8840,45900,2021-08-21,Inquiry
8841,32264,2020-06-23,Inquiry
8842,29732,2023-02-16,Inquiry
8843,19102,2021-03-16,Complaint
8844,1177,2024-05-11,Inquiry
8845,7374,2020-05-16,Inquiry
8846,43233,2020-02-23,Inquiry
8847,22049,2020-07-31,Inquiry
8848,39378,2020-07-24,Inquiry
8849,41244,2024-06-26,Inquiry
8850,45062,2023-12-26,Inquiry
8851,29794,2021-06-16,Inquiry
8852,19935,2025-02-26,Complaint
8853,21016,2024-01-25,Inquiry
8854,36368,2022-03-13,Inquiry
8855,32180,2020-06-15,Inquiry
8856,18867,2020-06-16,Inquiry
8857,25733,2020-06-23,Inquiry
8858,10921,2021-03-25,Complaint
8859,15343,2020-10-05,Inquiry
8860,4298,2023-10-11,Complaint
8861,15831,2021-11-06,Inquiry
8862,47547,2020-11-26,Inquiry
8863,14819,2022-02-07,Inquiry
8864,32585,2020-09-25,Complaint
8865,4198,2020-04-09,Inquiry
8866,31723,2024-04-07,Complaint
8867,14706,2021-08-10,Complaint
8868,31586,2023-06-20,Complaint
8869,49541,2022-10-26,Complaint
8870,27457,2021-10-15,Complaint
8871,17320,2023-01-14,Inquiry
8872,5862,2022-12-19,Inquiry
8873,19282,2021-07-19,Complaint
8874,10367,2021-07-02,Inquiry
8875,36394,2024-02-11,Inquiry
8876,18985,2025-04-27,Complaint
8877,47132,2020-03-10,Inquiry
8878,30379,2025-06-10,Inquiry
8879,40857,2024-09-11,Inquiry
8880,21836,2024-08-30,Inquiry
8881,39632,2025-01-04,Inquiry
8882,40632,2021-06-29,Inquiry
8883,33415,2020-03-25,Inquiry
8884,28121,2023-08-01,Inquiry
8885,3261,2024-08-24,Complaint
8886,23411,2023-05-26,Complaint
8887,9363,2020-02-10,Complaint
8888,15403,2025-06-12,Inquiry
8889,26294,2022-11-16,Complaint
8890,3224,2024-10-31,Complaint
8891,31971,2023-05-13,Complaint
8892,2093,2022-12-20,Inquiry
8893,627,2021-08-22,Inquiry
8894,960,2022-11-07,Complaint
8895,2884,2020-03-16,Complaint
8896,12862,2022-12-24,Inquiry
8897,30697,2021-09-05,Complaint
8898,46798,2025-05-02,Complaint
8899,34393,2023-01-06,Complaint
8900,49003,2024-03-09,Inquiry
8901,35055,2024-09-13,Complaint
8902,8650,2024-10-02,Inquiry
8903,16983,2022-09-23,Inquiry
8904,24274,2025-05-09,Complaint
8905,33429,2020-08-22,Inquiry
8906,25434,2024-12-12,Complaint
8907,22948,2022-04-06,Inquiry
8908,10512,2020-06-14,Inquiry
8909,38558,2022-04-23,Inquiry
8910,27723,2023-03-03,Complaint
8911,2840,2020-05-18,Inquiry
8912,49096,2021-08-19,Inquiry
8913,29178,2022-11-08,Complaint
8914,26713,2021-11-05,Inquiry
8915,18677,2020-01-06,Inquiry
8916,16200,2024-06-09,Inquiry
8917,21045,2022-06-05,Inquiry
8918,20566,2022-04-11,Inquiry
8919,18603,2020-03-28,Inquiry
8920,4674,2020-05-01,Inquiry
8921,40572,2025-05-02,Complaint
8922,68,2021-12-27,Complaint
8923,35946,2022-06-11,Inquiry
8924,40965,2024-12-24,Complaint
8925,39157,2023-05-19,Inquiry
8926,8765,2025-05-22,Complaint
8927,828,2022-03-23,Inquiry
8928,29292,2025-04-09,Inquiry
8929,34793,2024-10-14,Complaint
8930,31932,2024-04-09,Complaint
8931,35663,2024-12-01,Complaint
8932,20807,2024-04-24,Inquiry
8933,16369,2022-09-06,Complaint
8934,14540,2023-04-28,Inquiry
8935,26663,2020-06-27,Complaint
8936,16113,2024-02-24,Inquiry
8937,32750,2022-05-04,Inquiry
8938,29447,2024-11-29,Inquiry
8939,26856,2021-05-01,Inquiry
8940,4466,2023-02-01,Complaint
8941,7684,2021-12-16,Inquiry
8942,44523,2020-06-12,Complaint
8943,13598,2020-01-19,Complaint
8944,9351,2022-06-16,Inquiry
8945,6715,2023-11-29,Inquiry
8946,37065,2024-06-16,Inquiry
8947,14767,2021-08-12,Complaint
8948,36042,2023-11-27,Complaint
8949,10498,2024-01-18,Complaint
8950,49803,2025-02-23,Complaint
8951,34441,2024-03-01,Complaint
8952,11398,2022-05-18,Complaint
8953,7830,2024-02-17,Inquiry
8954,42766,2024-07-28,Inquiry
8955,43024,2023-12-01,Complaint
8956,39123,2021-12-09,Inquiry
8957,47622,2023-03-18,Complaint
8958,29152,2021-12-28,Inquiry
8959,14723,2021-07-13,Complaint
8960,14773,2025-01-23,Inquiry
8961,6013,2023-03-01,Inquiry
8962,21729,2024-11-09,Inquiry
8963,28579,2022-06-14,Inquiry
8964,28275,2025-02-09,Complaint
8965,46754,2023-07-15,Complaint
8966,25717,2020-12-09,Complaint
8967,5391,2023-04-05,Inquiry
8968,13693,2021-11-13,Inquiry
8969,28764,2025-04-04,Complaint
8970,42605,2021-04-20,Inquiry
8971,21645,2021-05-28,Inquiry
8972,16631,2020-01-22,Complaint
8973,19119,2023-07-26,Inquiry
8974,11404,2023-12-27,Inquiry
8975,36257,2020-06-17,Inquiry
8976,14779,2021-03-04,Complaint
8977,30421,2024-03-04,Inquiry
8978,684,2021-02-26,Complaint
8979,14894,2021-07-26,Complaint
8980,35823,2022-08-04,Inquiry
8981,5691,2022-01-02,Inquiry
8982,9606,2024-08-14,Complaint
8983,21342,2020-05-30,Inquiry
8984,44584,2020-06-12,Complaint
8985,47310,2025-01-14,Inquiry
8986,23899,2022-06-10,Inquiry
8987,23737,2021-01-26,Inquiry
8988,10757,2021-03-10,Complaint
8989,21140,2025-03-29,Inquiry
8990,42066,2020-10-27,Complaint
8991,24781,2024-03-16,Complaint
8992,49214,2022-10-23,Inquiry
8993,10254,2020-11-01,Complaint
8994,33145,2024-09-08,Inquiry
8995,16608,2023-03-16,Inquiry
8996,38217,2023-11-14,Complaint
8997,16520,2022-08-04,Inquiry
8998,40852,2025-02-02,Inquiry
8999,19096,2023-01-14,Inquiry
9000,9321,2025-03-07,Inquiry
9001,17779,2020-07-02,Complaint
9002,1781,2023-10-05,Complaint
9003,17576,2023-04-24,Complaint
9004,24312,2023-07-17,Inquiry
9005,20370,2024-06-08,Complaint
9006,49766,2024-03-16,Inquiry
9007,29302,2022-06-16,Complaint
9008,26071,2022-04-30,Inquiry
9009,7877,2022-08-19,Inquiry
9010,45329,2020-08-09,Complaint
9011,2337,2020-05-14,Inquiry
9012,112,2025-04-28,Inquiry
9013,12561,2023-05-03,Complaint
9014,5492,2021-08-06,Inquiry
9015,43799,2022-08-11,Inquiry
9016,27464,2020-02-29,Complaint
9017,38497,2024-01-05,Complaint
9018,2055,2024-09-10,Inquiry
9019,40513,2020-01-12,Inquiry
9020,37828,2020-08-15,Complaint
9021,45102,2020-07-26,Inquiry
9022,26411,2022-02-10,Inquiry
9023,20184,2024-09-24,Inquiry
9024,32856,2023-12-04,Inquiry
9025,14692,2023-01-25,Inquiry
9026,15539,2021-10-06,Inquiry
9027,10450,2022-11-17,Complaint
9028,16429,2020-09-02,Complaint
9029,31772,2021-09-06,Inquiry
9030,15374,2021-09-05,Inquiry
9031,925,2021-06-06,Inquiry
9032,19308,2022-09-22,Inquiry
9033,11412,2020-04-16,Complaint
9034,36263,2021-06-09,Complaint
9035,28577,2020-03-27,Complaint
9036,36881,2024-08-19,Complaint
9037,3430,2023-04-24,Inquiry
9038,38406,2020-03-09,Inquiry
9039,46677,2024-11-25,Inquiry
9040,48294,2022-05-12,Complaint
9041,28654,2021-06-18,Inquiry
9042,21817,2022-06-09,Inquiry
9043,7163,2020-05-07,Complaint
9044,33261,2020-03-05,Complaint
9045,44865,2020-04-20,Complaint
9046,46112,2022-02-02,Inquiry
9047,29064,2022-04-25,Complaint
9048,42470,2024-03-18,Complaint
9049,42557,2023-04-14,Inquiry
9050,16662,2021-05-25,Complaint
9051,48653,2022-04-12,Inquiry
9052,1210,2021-01-07,Inquiry
9053,29638,2024-04-08,Complaint
9054,16055,2023-02-20,Complaint
9055,38715,2024-10-14,Inquiry
9056,23901,2021-07-25,Inquiry
9057,23061,2021-03-19,Complaint
9058,49911,2021-10-15,Inquiry
9059,6443,2023-01-01,Inquiry
9060,9682,2025-05-03,Inquiry
9061,12739,2023-07-01,Complaint
9062,37210,2022-09-27,Inquiry
9063,44850,2021-06-03,Inquiry
9064,3569,2020-07-06,Inquiry
9065,9549,2020-01-26,Inquiry
9066,9653,2025-01-17,Complaint
9067,26721,2022-05-24,Complaint
9068,32769,2023-04-30,Complaint
9069,43526,2020-11-05,Inquiry
9070,40155,2020-10-19,Inquiry
9071,9283,2020-03-08,Inquiry
9072,1659,2020-10-14,Inquiry
9073,18680,2022-01-27,Inquiry
9074,21009,2021-05-21,Complaint
9075,44110,2022-10-31,Inquiry
9076,3923,2024-03-23,Inquiry
9077,13257,2022-02-01,Complaint
9078,19409,2021-12-09,Complaint
9079,13895,2020-07-21,Inquiry
9080,21236,2024-12-26,Complaint
9081,32525,2023-05-13,Inquiry
9082,41082,2022-08-10,Inquiry
9083,41427,2023-12-03,Inquiry
9084,11437,2020-08-01,Complaint
9085,42041,2021-06-23,Inquiry
9086,10013,2020-04-03,Inquiry
9087,17712,2024-05-26,Inquiry
9088,10941,2021-08-11,Complaint
9089,49005,2025-06-22,Inquiry
9090,42071,2023-09-06,Complaint
9091,919,2020-03-23,Complaint
9092,18244,2021-07-05,Inquiry
9093,25936,2022-05-30,Inquiry
9094,45806,2023-03-23,Inquiry
9095,43314,2022-07-03,Inquiry
9096,16180,2023-02-14,Complaint
9097,46265,2024-01-21,Inquiry
9098,35222,2024-11-19,Inquiry
9099,31781,2022-02-27,Inquiry
9100,3778,2025-03-18,Complaint
9101,10173,2025-03-03,Inquiry
9102,44443,2024-05-17,Complaint
9103,37931,2024-04-27,Complaint
9104,19858,2024-05-19,Inquiry
9105,29981,2023-02-23,Inquiry
9106,32712,2020-10-23,Inquiry
9107,35727,2020-05-27,Complaint
9108,17109,2020-10-01,Complaint
9109,14019,2022-01-30,Complaint
9110,39126,2023-03-18,Inquiry
9111,29388,2023-04-01,Inquiry
9112,46723,2024-10-13,Inquiry
9113,29221,2021-09-09,Complaint
9114,5907,2022-05-16,Inquiry
9115,44839,2023-06-24,Inquiry
9116,18603,2021-12-26,Complaint
9117,4884,2020-06-10,Inquiry
9118,20352,2022-12-01,Inquiry
9119,30680,2024-02-18,Complaint
9120,14667,2025-01-11,Complaint
9121,25425,2022-10-15,Inquiry
9122,19174,2020-08-25,Inquiry
9123,5912,2021-02-16,Inquiry
9124,45500,2020-12-05,Complaint
9125,7047,2020-10-08,Complaint
9126,17665,2022-07-15,Inquiry
9127,2108,2021-03-28,Inquiry
9128,39874,2020-08-17,Inquiry
9129,36656,2021-11-11,Inquiry
9130,4938,2022-12-27,Inquiry
9131,35668,2022-01-04,Inquiry
9132,8696,2025-05-11,Complaint
9133,47025,2023-11-03,Inquiry
9134,36272,2020-11-10,Inquiry
9135,42015,2022-03-16,Inquiry
9136,15923,2021-08-28,Inquiry
9137,11452,2020-03-13,Complaint
9138,17468,2021-04-28,Complaint
9139,23776,2022-07-18,Complaint
9140,6223,2023-07-28,Inquiry
9141,16715,2023-04-22,Inquiry
9142,47299,2021-04-12,Complaint
9143,10470,2023-04-13,Inquiry
9144,21983,2020-10-09,Inquiry
9145,46322,2022-01-07,Complaint
9146,22935,2024-11-08,Complaint
9147,49244,2021-08-17,Inquiry
9148,45895,2023-08-26,Complaint
9149,2935,2024-03-09,Complaint
9150,42272,2021-09-11,Inquiry
9151,28231,2022-06-07,Complaint
9152,13821,2025-01-23,Inquiry
9153,14129,2020-12-13,Inquiry
9154,30710,2020-05-29,Complaint
9155,31150,2021-05-01,Complaint
9156,14120,2023-10-18,Inquiry
9157,34548,2020-11-20,Complaint
9158,14526,2020-10-18,Complaint
9159,49795,2024-12-13,Inquiry
9160,2562,2020-06-04,Inquiry
9161,29878,2020-10-26,Complaint
9162,32307,2022-03-07,Inquiry
9163,39779,2020-07-23,Inquiry
9164,14822,2022-05-18,Inquiry
9165,41695,2024-02-09,Inquiry
9166,24595,2023-10-13,Complaint
9167,48790,2022-05-27,Inquiry
9168,37525,2023-02-28,Complaint
9169,2548,2020-04-20,Inquiry
9170,37503,2022-01-10,Complaint
9171,7829,2023-10-12,Complaint
9172,5712,2020-12-01,Inquiry
9173,42525,2020-12-10,Complaint
9174,18721,2024-06-05,Complaint
9175,4555,2024-06-04,Inquiry
9176,20746,2022-10-31,Complaint
9177,26005,2021-10-04,Complaint
9178,49297,2022-07-21,Inquiry
9179,48954,2023-04-22,Inquiry
9180,45898,2024-04-15,Complaint
9181,6918,2022-05-13,Inquiry
9182,34442,2020-12-09,Complaint
9183,5934,2021-05-23,Complaint
9184,13639,2025-01-12,Inquiry
9185,49675,2022-10-16,Inquiry
9186,29626,2021-03-19,Complaint
9187,46075,2025-02-23,Inquiry
9188,24614,2023-12-27,Inquiry
9189,23959,2021-12-15,Inquiry
9190,25213,2020-05-31,Inquiry
9191,36569,2020-10-10,Inquiry
9192,13251,2021-09-13,Inquiry
9193,48860,2025-01-21,Complaint
9194,3209,2021-05-06,Inquiry
9195,12548,2024-12-27,Complaint
9196,11314,2020-07-18,Complaint
9197,23493,2022-11-18,Inquiry
9198,40013,2023-01-10,Complaint
9199,35913,2025-02-09,Complaint
9200,34235,2020-04-01,Complaint
9201,14194,2021-05-06,Inquiry
9202,40980,2020-03-06,Inquiry
9203,33515,2021-10-06,Inquiry
9204,4804,2023-03-06,Complaint
9205,11116,2025-05-22,Complaint
9206,996,2020-10-19,Inquiry
9207,22491,2022-05-03,Complaint
9208,41869,2020-07-10,Inquiry
9209,43773,2022-11-10,Inquiry
9210,28044,2021-07-04,Inquiry
9211,42759,2020-10-16,Inquiry
9212,28720,2022-05-04,Inquiry
9213,45160,2020-12-22,Inquiry
9214,32785,2021-01-21,Inquiry
9215,9907,2023-06-12,Inquiry
9216,17737,2023-01-27,Complaint
9217,42470,2022-09-21,Complaint
9218,3496,2020-08-18,Inquiry
9219,37538,2022-03-01,Inquiry
9220,46958,2024-04-20,Inquiry
9221,24198,2022-04-17,Inquiry
9222,7785,2025-02-11,Inquiry
9223,19526,2020-10-29,Inquiry
9224,37597,2023-02-05,Complaint
9225,6896,2021-09-16,Inquiry
9226,32006,2022-05-28,Complaint
9227,2478,2021-07-22,Inquiry
9228,2093,2020-10-17,Complaint
9229,36264,2021-10-08,Inquiry
9230,26500,2021-03-05,Inquiry
9231,12032,2024-01-06,Inquiry
9232,47384,2022-06-16,Inquiry
9233,44992,2023-07-31,Complaint
9234,1970,2022-04-20,Complaint
9235,42549,2024-02-23,Complaint
9236,16787,2022-09-30,Complaint
9237,4331,2022-07-14,Complaint
9238,15035,2024-07-28,Inquiry
9239,29024,2020-10-20,Inquiry
9240,11558,2022-04-29,Complaint
9241,46451,2020-10-14,Complaint
9242,41320,2021-06-30,Inquiry
9243,20373,2024-12-15,Inquiry
9244,45042,2023-11-20,Inquiry
9245,10277,2021-05-13,Inquiry
9246,34135,2023-06-07,Complaint
9247,19247,2023-04-09,Inquiry
9248,22526,2021-08-10,Complaint
9249,26833,2024-05-20,Inquiry
9250,38687,2021-03-01,Inquiry
9251,5611,2021-08-11,Inquiry
9252,40486,2020-03-21,Complaint
9253,35331,2023-05-16,Complaint
9254,21935,2021-04-12,Inquiry
9255,6077,2022-08-20,Inquiry
9256,44364,2023-10-26,Inquiry
9257,29321,2023-03-06,Complaint
9258,41813,2022-08-09,Complaint
9259,12584,2020-07-18,Inquiry
9260,18535,2020-11-16,Inquiry
9261,39268,2025-01-15,Complaint
9262,18165,2024-10-16,Complaint
9263,28246,2024-11-18,Inquiry
9264,26630,2023-11-23,Complaint
9265,28943,2020-07-10,Inquiry
9266,31154,2021-07-25,Inquiry
9267,48331,2023-07-01,Inquiry
9268,41610,2020-07-28,Complaint
9269,7463,2020-08-12,Complaint
9270,45023,2021-03-19,Inquiry
9271,14100,2020-02-16,Inquiry
9272,18045,2022-11-07,Inquiry
9273,14596,2021-07-18,Inquiry
9274,34990,2022-05-26,Inquiry
9275,4044,2020-03-05,Inquiry
9276,28315,2022-01-29,Inquiry
9277,21937,2021-03-04,Inquiry
9278,3590,2023-02-06,Complaint
9279,39861,2022-07-16,Complaint
9280,4080,2023-01-08,Complaint
9281,5619,2021-11-01,Inquiry
9282,40228,2025-06-01,Inquiry
9283,44517,2022-04-08,Complaint
9284,39543,2021-06-22,Inquiry
9285,39159,2023-06-17,Inquiry
9286,16089,2021-12-09,Inquiry
9287,1312,2024-06-07,Inquiry
9288,9805,2025-04-16,Inquiry
9289,25652,2023-10-26,Inquiry
9290,29645,2024-07-11,Inquiry
9291,30005,2020-07-23,Complaint
9292,13214,2021-07-04,Complaint
9293,43165,2023-09-10,Inquiry
9294,15201,2020-10-20,Complaint
9295,18463,2023-01-25,Inquiry
9296,21662,2021-10-21,Complaint
9297,20046,2021-10-26,Complaint
9298,18071,2020-12-26,Complaint
9299,4580,2021-11-15,Complaint
9300,35297,2020-01-19,Inquiry
9301,19996,2020-12-07,Inquiry
9302,29945,2023-08-08,Inquiry
9303,36008,2021-05-24,Inquiry
9304,26912,2024-12-19,Inquiry
9305,4073,2023-06-16,Inquiry
9306,44536,2020-04-25,Inquiry
9307,38746,2020-10-04,Inquiry
9308,40727,2022-02-05,Complaint
9309,17038,2022-11-22,Inquiry
9310,21445,2022-07-13,Complaint
9311,31049,2025-02-11,Complaint
9312,9992,2023-06-12,Inquiry
9313,9933,2021-06-22,Inquiry
9314,7353,2024-05-22,Complaint
9315,7856,2023-07-31,Inquiry
9316,47574,2024-03-26,Complaint
9317,37430,2021-05-02,Inquiry
9318,45876,2022-11-20,Complaint
9319,13541,2024-11-29,Inquiry
9320,27109,2022-05-04,Complaint
9321,34444,2023-07-24,Inquiry
9322,19511,2025-02-08,Inquiry
9323,30789,2023-11-30,Inquiry
9324,15210,2020-01-11,Inquiry
9325,36910,2024-05-23,Complaint
9326,39585,2023-03-11,Complaint
9327,10873,2022-12-27,Complaint
9328,10251,2020-03-23,Inquiry
9329,33463,2024-04-28,Inquiry
9330,21157,2020-08-04,Complaint
9331,10519,2022-03-08,Inquiry
9332,10084,2024-09-14,Inquiry
9333,27595,2022-09-25,Inquiry
9334,3367,2021-06-20,Complaint
9335,16599,2024-06-11,Inquiry
9336,43597,2021-10-11,Complaint
9337,14295,2024-05-17,Inquiry
9338,19001,2024-10-13,Complaint
9339,4430,2022-02-28,Complaint
9340,23777,2020-11-04,Inquiry
9341,11124,2021-06-20,Inquiry
9342,5497,2025-03-23,Inquiry
9343,39293,2025-05-26,Inquiry
9344,43079,2023-12-02,Complaint
9345,20209,2024-11-18,Complaint
9346,5982,2020-04-06,Inquiry
9347,16241,2022-01-05,Inquiry
9348,12188,2024-08-27,Complaint
9349,41795,2021-11-15,Inquiry
9350,32003,2022-02-20,Inquiry
9351,30436,2024-08-29,Inquiry
9352,31072,2021-03-27,Inquiry
9353,150,2025-04-08,Inquiry
9354,9878,2023-12-02,Inquiry
9355,13141,2023-10-14,Inquiry
9356,20933,2021-04-11,Inquiry
9357,5553,2022-03-18,Complaint
9358,16261,2021-07-08,Complaint
9359,44631,2024-08-05,Complaint
9360,42819,2023-09-13,Complaint
9361,44163,2020-01-21,Complaint
9362,22025,2023-11-07,Complaint
9363,39578,2021-04-19,Inquiry
9364,33163,2020-12-02,Inquiry
9365,12435,2020-07-06,Inquiry
9366,10973,2024-12-01,Inquiry
9367,25174,2022-01-01,Complaint
9368,47543,2021-09-17,Inquiry
9369,13895,2021-04-23,Inquiry
9370,39773,2021-06-05,Complaint
9371,10254,2024-02-29,Inquiry
9372,17,2025-06-16,Inquiry
9373,29415,2023-12-28,Inquiry
9374,23692,2023-05-02,Inquiry
9375,4537,2022-08-13,Complaint
9376,48859,2023-05-31,Inquiry
9377,48579,2020-12-25,Complaint
9378,34768,2021-03-27,Inquiry
9379,11638,2020-07-20,Inquiry
9380,9889,2023-02-16,Complaint
9381,25797,2022-02-02,Complaint
9382,32423,2023-10-25,Inquiry
9383,32419,2022-08-14,Complaint
9384,18703,2024-08-02,Inquiry
9385,10533,2021-06-18,Complaint
9386,5392,2021-11-02,Inquiry
9387,1840,2020-10-08,Complaint
9388,18053,2022-04-05,Complaint
9389,3304,2023-03-25,Complaint
9390,17424,2024-04-04,Inquiry
9391,14001,2024-09-14,Complaint
9392,4219,2024-07-26,Inquiry
9393,23511,2025-03-05,Inquiry
9394,33860,2023-08-22,Inquiry
9395,14808,2021-01-28,Inquiry
9396,47151,2023-07-12,Complaint
9397,6962,2022-06-15,Inquiry
9398,19549,2022-11-22,Inquiry
9399,40031,2024-11-22,Inquiry
9400,3711,2023-08-31,Inquiry
9401,14283,2023-07-19,Inquiry
9402,40578,2021-12-06,Complaint
9403,2228,2020-08-18,Inquiry
9404,9439,2024-10-02,Inquiry
9405,13592,2021-06-05,Complaint
9406,15499,2024-08-17,Complaint
9407,18607,2025-01-20,Complaint
9408,47052,2020-10-18,Inquiry
9409,7104,2021-12-19,Complaint
9410,12732,2022-08-08,Inquiry
9411,15448,2020-02-23,Inquiry
9412,43562,2022-11-20,Complaint
9413,41379,2025-01-07,Complaint
9414,9852,2020-10-08,Complaint
9415,36551,2024-08-10,Inquiry
9416,26962,2020-05-19,Complaint
9417,14427,2024-06-26,Inquiry
9418,22974,2020-12-23,Inquiry
9419,40448,2023-04-13,Inquiry
9420,10970,2021-01-14,Complaint
9421,6799,2020-10-11,Complaint
9422,40739,2021-07-16,Inquiry
9423,9811,2024-08-06,Inquiry
9424,2045,2023-12-04,Inquiry
9425,1720,2020-01-18,Inquiry
9426,30011,2020-11-04,Complaint
9427,25542,2025-05-04,Inquiry
9428,40939,2021-03-12,Complaint
9429,7206,2020-08-11,Inquiry
9430,23914,2024-10-16,Complaint
9431,21084,2025-01-22,Complaint
9432,23812,2024-08-05,Inquiry
9433,22820,2025-04-27,Inquiry
9434,9897,2022-05-02,Inquiry
9435,16463,2021-07-24,Complaint
9436,28357,2025-01-30,Complaint
9437,32649,2022-11-10,Complaint
9438,46296,2021-02-01,Complaint
9439,39349,2022-04-29,Complaint
9440,34678,2023-04-24,Complaint
9441,17546,2022-03-07,Complaint
9442,5542,2022-05-16,Complaint
9443,15390,2023-09-30,Complaint
9444,38831,2021-12-07,Complaint
9445,19505,2021-07-30,Inquiry
9446,48304,2023-07-28,Inquiry
9447,22773,2023-01-22,Complaint
9448,2626,2024-12-03,Inquiry
9449,2606,2023-03-10,Complaint
9450,22077,2024-07-13,Inquiry
9451,1142,2021-09-07,Inquiry
9452,5209,2024-01-29,Inquiry
9453,25376,2020-04-20,Inquiry
9454,37791,2020-08-22,Inquiry
9455,43825,2021-09-10,Inquiry
9456,8687,2025-04-03,Inquiry
9457,40905,2022-05-10,Complaint
9458,8836,2021-06-15,Inquiry
9459,27224,2022-05-23,Inquiry
9460,11215,2023-02-10,Inquiry
9461,43380,2022-09-16,Inquiry
9462,44577,2022-10-29,Inquiry
9463,42196,2024-07-26,Inquiry
9464,5967,2021-06-23,Inquiry
9465,44648,2021-06-21,Inquiry
9466,15988,2024-01-17,Inquiry
9467,48079,2024-06-10,Inquiry
9468,2741,2024-10-05,Complaint
9469,30900,2025-03-28,Inquiry
9470,19641,2024-07-27,Complaint
9471,22003,2022-09-13,Complaint
9472,32001,2025-05-02,Complaint
9473,28344,2025-06-02,Complaint
9474,31268,2024-11-03,Inquiry
9475,11337,2020-07-21,Inquiry
9476,30645,2022-02-16,Complaint
9477,43217,2022-01-12,Complaint
9478,32934,2024-09-20,Inquiry
9479,7007,2023-01-27,Complaint
9480,34872,2024-12-10,Inquiry
9481,40680,2022-09-05,Complaint
9482,20860,2024-10-28,Inquiry
9483,35817,2020-03-31,Complaint
9484,20856,2021-02-08,Inquiry
9485,32584,2020-11-06,Inquiry
9486,3825,2022-08-07,Complaint
9487,31771,2024-06-08,Inquiry
9488,15582,2021-12-24,Complaint
9489,40658,2022-07-21,Complaint
9490,25736,2025-01-11,Complaint
9491,23102,2021-07-12,Complaint
9492,32401,2024-06-20,Inquiry
9493,3003,2022-11-03,Inquiry
9494,7210,2025-03-24,Inquiry
9495,49911,2025-03-19,Complaint
9496,2064,2020-03-04,Inquiry
9497,22247,2020-02-08,Complaint
9498,31386,2022-05-31,Complaint
9499,29078,2023-01-28,Inquiry
9500,41689,2020-05-03,Inquiry
9501,31584,2022-09-20,Complaint
9502,45215,2021-03-16,Inquiry
9503,34132,2023-11-21,Inquiry
9504,28100,2021-04-14,Inquiry
9505,2276,2024-06-23,Inquiry
9506,39305,2024-12-26,Inquiry
9507,44071,2024-06-21,Inquiry
9508,14240,2020-01-08,Inquiry
9509,16119,2022-11-02,Inquiry
9510,22556,2020-06-12,Inquiry
9511,12716,2024-05-15,Inquiry
9512,26452,2023-04-22,Inquiry
9513,42030,2023-10-16,Complaint
9514,6065,2024-12-22,Inquiry
9515,43862,2023-07-12,Inquiry
9516,4644,2021-12-27,Complaint
9517,39078,2025-01-06,Complaint
9518,36186,2023-03-12,Inquiry
9519,6341,2023-07-04,Inquiry
9520,45124,2021-04-11,Complaint
9521,17817,2022-02-07,Complaint
9522,14448,2021-03-21,Inquiry
9523,17915,2023-01-29,Inquiry
9524,12063,2021-01-24,Inquiry
9525,9385,2020-09-13,Inquiry
9526,7755,2021-01-08,Inquiry
9527,32332,2023-03-16,Inquiry
9528,31946,2025-01-31,Complaint
9529,38577,2023-09-27,Complaint
9530,6072,2022-06-02,Inquiry
9531,4244,2021-03-31,Complaint
9532,6267,2024-03-17,Inquiry
9533,12068,2025-04-19,Inquiry
9534,1393,2020-03-19,Inquiry
9535,5017,2020-02-07,Inquiry
9536,5468,2021-03-25,Complaint
9537,34529,2021-01-20,Inquiry
9538,19581,2020-09-29,Inquiry
9539,5919,2022-09-02,Complaint
9540,33929,2022-09-10,Complaint
9541,17141,2022-03-30,Inquiry
9542,39185,2025-02-03,Inquiry
9543,36364,2020-12-09,Inquiry
9544,16099,2025-01-12,Complaint
9545,3487,2024-06-13,Inquiry
9546,19219,2020-08-09,Inquiry
9547,49711,2025-04-03,Inquiry
9548,29388,2024-12-29,Complaint
9549,48284,2021-12-18,Complaint
9550,20652,2020-06-27,Inquiry
9551,14971,2023-11-07,Inquiry
9552,49421,2021-05-04,Inquiry
9553,46415,2024-04-06,Inquiry
9554,40539,2021-04-11,Inquiry
9555,16185,2021-07-29,Inquiry
9556,11387,2022-01-14,Complaint
9557,40195,2024-02-23,Complaint
9558,46949,2020-11-09,Inquiry
9559,17465,2023-07-29,Inquiry
9560,38807,2023-04-01,Complaint
9561,36473,2025-02-10,Complaint
9562,44466,2022-10-22,Complaint
9563,46930,2023-08-10,Complaint
9564,4819,2021-08-02,Inquiry
9565,28048,2021-07-09,Inquiry
9566,15484,2021-07-15,Inquiry
9567,39036,2024-06-07,Inquiry
9568,49223,2023-10-22,Inquiry
9569,3712,2024-01-06,Complaint
9570,43717,2021-10-26,Inquiry
9571,11648,2022-02-27,Inquiry
9572,28143,2020-11-22,Inquiry
9573,5773,2025-01-23,Complaint
9574,45472,2022-12-01,Complaint
9575,3434,2022-08-03,Complaint
9576,48723,2025-05-17,Complaint
9577,49473,2025-05-31,Complaint
9578,13433,2022-07-03,Inquiry
9579,30152,2023-11-21,Inquiry
9580,36881,2020-09-28,Inquiry
9581,29765,2022-01-05,Inquiry
9582,15162,2021-10-25,Inquiry
9583,35212,2022-03-30,Complaint
9584,12840,2020-11-08,Inquiry
9585,31557,2025-02-08,Complaint
9586,42322,2020-08-21,Inquiry
9587,4654,2020-08-03,Inquiry
9588,36230,2024-04-18,Inquiry
9589,5481,2024-10-11,Inquiry
9590,39483,2020-12-30,Inquiry
9591,6269,2021-12-29,Inquiry
9592,22855,2021-07-04,Complaint
9593,615,2021-04-07,Inquiry
9594,41646,2021-10-05,Inquiry
9595,30546,2022-02-27,Complaint
9596,39266,2020-02-01,Complaint
9597,36251,2022-08-05,Inquiry
9598,18691,2024-10-18,Inquiry
9599,21385,2022-02-08,Complaint
9600,26227,2022-04-20,Complaint
9601,7908,2022-11-23,Inquiry
9602,18530,2024-09-18,Complaint
9603,36826,2024-10-09,Inquiry
9604,5228,2020-02-01,Complaint
9605,21410,2024-05-01,Complaint
9606,38824,2024-07-29,Complaint
9607,49423,2021-06-18,Inquiry
9608,38718,2020-10-27,Complaint
9609,673,2021-03-07,Inquiry
9610,24004,2020-08-18,Inquiry
9611,17310,2020-12-04,Inquiry
9612,21008,2024-07-08,Inquiry
9613,1533,2024-03-30,Complaint
9614,11803,2024-01-23,Inquiry
9615,1164,2021-04-12,Complaint
9616,4830,2024-03-06,Complaint
9617,5344,2023-07-02,Complaint
9618,31401,2022-02-10,Inquiry
9619,1151,2021-04-24,Inquiry
9620,10351,2023-07-23,Complaint
9621,27160,2023-10-01,Inquiry
9622,27548,2023-09-05,Inquiry
9623,22754,2020-06-25,Complaint
9624,2922,2021-07-27,Inquiry
9625,17450,2021-09-05,Complaint
9626,24150,2024-06-08,Inquiry
9627,27729,2025-04-11,Inquiry
9628,31118,2022-03-12,Inquiry
9629,21235,2024-05-25,Inquiry
9630,35055,2022-04-09,Inquiry
9631,22607,2023-01-28,Inquiry
9632,9018,2021-08-05,Complaint
9633,30273,2022-02-15,Complaint
9634,33729,2025-01-30,Inquiry
9635,12049,2024-08-01,Inquiry
9636,19277,2024-01-29,Complaint
9637,47822,2025-06-13,Inquiry
9638,27380,2024-05-20,Inquiry
9639,9872,2025-06-11,Complaint
9640,44847,2022-12-07,Inquiry
9641,36841,2022-03-09,Inquiry
9642,41174,2020-06-16,Inquiry
9643,25301,2020-12-13,Complaint
9644,46908,2023-01-12,Complaint
9645,34226,2022-09-22,Inquiry
9646,21219,2021-10-07,Inquiry
9647,4563,2023-11-10,Inquiry
9648,32526,2020-04-20,Inquiry
9649,244,2022-08-15,Inquiry
9650,20750,2021-12-02,Inquiry
9651,4207,2023-05-06,Complaint
9652,14445,2025-04-18,Inquiry
9653,33207,2021-03-25,Inquiry
9654,1702,2020-04-11,Inquiry
9655,16762,2025-03-17,Inquiry
9656,30481,2023-12-11,Complaint
9657,32821,2020-10-14,Complaint
9658,9558,2021-09-29,Complaint
9659,3524,2022-08-21,Complaint
9660,45352,2025-06-09,Inquiry
9661,21931,2023-07-20,Inquiry
9662,3187,2022-08-05,Inquiry
9663,44027,2025-06-21,Inquiry
9664,9064,2021-05-15,Inquiry
9665,23989,2022-07-23,Inquiry
9666,41865,2020-11-27,Complaint
9667,42687,2022-02-13,Inquiry
9668,15131,2024-03-17,Inquiry
9669,19609,2024-11-25,Complaint
9670,23483,2022-08-21,Complaint
9671,22539,2020-06-13,Complaint
9672,35476,2021-02-11,Inquiry
9673,41489,2021-04-11,Inquiry
9674,17284,2020-02-16,Inquiry
9675,47591,2021-01-10,Inquiry
9676,8672,2021-05-28,Complaint
9677,44118,2020-07-01,Inquiry
9678,12299,2024-10-25,Inquiry
9679,28505,2023-06-02,Inquiry
9680,3678,2022-05-09,Inquiry
9681,21669,2022-02-05,Complaint
9682,19104,2020-10-25,Inquiry
9683,25410,2021-03-18,Inquiry
9684,49707,2025-01-02,Inquiry
9685,15172,2020-05-09,Complaint
9686,31993,2023-05-22,Inquiry
9687,30322,2025-04-17,Inquiry
9688,17265,2024-07-04,Inquiry
9689,41288,2022-07-02,Complaint
9690,41931,2024-03-11,Complaint
9691,31572,2024-08-24,Inquiry
9692,98,2025-05-07,Inquiry
9693,25272,2025-05-09,Inquiry
9694,25869,2022-06-01,Complaint
9695,21311,2025-06-17,Inquiry
9696,37165,2020-04-14,Complaint
9697,46992,2021-09-07,Complaint
9698,12216,2022-12-14,Inquiry
9699,14785,2020-11-03,Inquiry
9700,45172,2024-08-26,Inquiry
9701,30154,2023-03-13,Complaint
9702,19962,2024-06-12,Inquiry
9703,19469,2025-05-14,Inquiry
9704,42677,2024-09-15,Complaint
9705,22753,2024-04-16,Inquiry
9706,5231,2024-10-23,Inquiry
9707,42358,2020-10-24,Complaint
9708,12793,2024-12-18,Complaint
9709,38144,2020-08-07,Complaint
9710,17960,2020-02-06,Inquiry
9711,47531,2020-12-29,Complaint
9712,44340,2023-10-14,Inquiry
9713,30608,2023-09-27,Inquiry
9714,41515,2023-11-16,Complaint
9715,17273,2023-07-10,Complaint
9716,49232,2022-01-20,Inquiry
9717,8883,2020-09-22,Inquiry
9718,36161,2025-05-17,Inquiry
9719,10684,2023-12-18,Inquiry
9720,20504,2021-11-04,Complaint
9721,35638,2020-01-07,Inquiry
9722,17326,2023-03-21,Complaint
9723,36628,2023-03-09,Inquiry
9724,5098,2025-05-20,Inquiry
9725,433,2025-01-31,Inquiry
9726,43022,2020-03-12,Inquiry
9727,1665,2022-03-19,Inquiry
9728,10326,2022-09-04,Inquiry
9729,31477,2020-08-10,Inquiry
9730,48967,2021-09-10,Inquiry
9731,20863,2021-06-15,Inquiry
9732,17125,2022-07-04,Complaint
9733,38304,2024-12-08,Complaint
9734,16272,2020-04-22,Inquiry
9735,40948,2020-03-10,Complaint
9736,19153,2020-11-18,Inquiry
9737,11422,2020-10-12,Complaint
9738,27490,2024-04-08,Complaint
9739,25704,2020-02-24,Inquiry
9740,48839,2023-04-14,Inquiry
9741,21524,2025-02-12,Inquiry
9742,10428,2021-11-19,Complaint
9743,42785,2024-01-10,Complaint
9744,37732,2020-06-05,Complaint
9745,32015,2020-06-05,Inquiry
9746,17465,2025-02-08,Inquiry
9747,7695,2020-05-04,Complaint
9748,40084,2024-11-04,Inquiry
9749,47402,2020-04-14,Complaint
9750,41070,2022-07-23,Complaint
9751,25816,2020-06-09,Complaint
9752,12713,2021-08-06,Complaint
9753,35212,2025-03-12,Inquiry
9754,2835,2021-06-08,Inquiry
9755,16525,2023-10-17,Complaint
9756,6514,2022-10-12,Inquiry
9757,9205,2022-11-17,Inquiry
9758,49313,2023-07-03,Inquiry
9759,41588,2023-10-23,Complaint
9760,32758,2023-11-19,Complaint
9761,23902,2025-02-15,Inquiry
9762,11911,2024-12-12,Inquiry
9763,4140,2021-08-22,Complaint
9764,7442,2023-12-11,Inquiry
9765,27069,2024-09-17,Inquiry
9766,13034,2022-01-22,Complaint
9767,46384,2025-01-07,Inquiry
9768,39833,2023-07-16,Inquiry
9769,18237,2023-09-07,Complaint
9770,44876,2023-12-28,Complaint
9771,29346,2020-10-08,Complaint
9772,1621,2021-07-25,Inquiry
9773,2503,2023-01-21,Inquiry
9774,9246,2020-09-11,Inquiry
9775,11856,2022-06-26,Inquiry
9776,35515,2021-01-21,Inquiry
9777,7737,2024-08-08,Inquiry
9778,37334,2021-11-24,Inquiry
9779,23414,2023-02-01,Inquiry
9780,37264,2023-04-16,Inquiry
9781,24261,2023-05-30,Complaint
9782,25545,2021-09-06,Complaint
9783,31836,2023-10-17,Inquiry
9784,32123,2020-08-14,Inquiry
9785,41834,2022-01-22,Inquiry
9786,21012,2025-02-07,Complaint
9787,40850,2023-02-07,Inquiry
9788,39249,2024-12-05,Inquiry
9789,15134,2023-08-14,Inquiry
9790,676,2024-09-14,Inquiry
9791,3150,2023-08-13,Inquiry
9792,7409,2020-08-29,Inquiry
9793,43517,2022-12-23,Complaint
9794,11432,2020-06-25,Complaint
9795,41822,2020-07-30,Inquiry
9796,27114,2024-02-28,Complaint
9797,47386,2025-02-15,Inquiry
9798,26059,2020-04-21,Inquiry
9799,34374,2023-09-17,Complaint
9800,35110,2021-01-20,Inquiry
9801,45651,2024-04-15,Complaint
9802,46675,2022-09-01,Inquiry
9803,31223,2022-04-03,Complaint
9804,17355,2024-12-03,Complaint
9805,23607,2020-03-01,Complaint
9806,19001,2020-10-16,Inquiry
9807,36286,2023-04-06,Complaint
9808,4422,2021-01-07,Inquiry
9809,28814,2020-10-30,Inquiry
9810,29898,2021-10-22,Complaint
9811,48613,2021-01-06,Complaint
9812,39770,2020-11-28,Inquiry
9813,29609,2022-12-08,Complaint
9814,47967,2025-03-21,Inquiry
9815,41901,2020-12-27,Inquiry
9816,25522,2020-05-09,Complaint
9817,42555,2025-02-06,Complaint
9818,26420,2021-06-15,Inquiry
9819,43300,2020-05-26,Complaint
9820,18714,2025-03-31,Inquiry
9821,39434,2020-05-05,Inquiry
9822,16852,2020-03-29,Inquiry
9823,35899,2022-10-05,Inquiry
9824,10099,2024-08-20,Complaint
9825,20818,2022-02-26,Inquiry
9826,11788,2023-08-03,Inquiry
9827,28365,2022-10-06,Complaint
9828,1156,2025-04-20,Complaint
9829,14811,2023-05-23,Complaint
9830,8939,2021-01-03,Inquiry
9831,6812,2024-10-30,Complaint
9832,33076,2021-01-21,Inquiry
9833,34251,2022-06-01,Inquiry
9834,46890,2021-04-14,Inquiry
9835,15868,2023-03-08,Inquiry
9836,33226,2024-11-29,Inquiry
9837,21489,2025-05-18,Inquiry
9838,20507,2020-11-10,Complaint
9839,2204,2020-02-25,Complaint
9840,10367,2021-01-03,Complaint
9841,29706,2024-11-02,Inquiry
9842,14364,2020-02-24,Inquiry
9843,22275,2022-07-11,Complaint
9844,41487,2025-04-04,Inquiry
9845,14049,2023-05-07,Complaint
9846,35153,2023-03-02,Inquiry
9847,44789,2024-02-16,Complaint
9848,47387,2021-12-24,Complaint
9849,19044,2023-12-28,Inquiry
9850,41047,2023-07-07,Inquiry
9851,26935,2020-11-29,Inquiry
9852,40425,2022-09-28,Inquiry
9853,49947,2020-02-10,Inquiry
9854,18515,2020-05-26,Complaint
9855,45130,2020-10-07,Complaint
9856,19022,2020-09-19,Complaint
9857,26218,2024-08-07,Complaint
9858,32107,2021-05-02,Complaint
9859,29586,2025-05-06,Inquiry
9860,4097,2020-07-06,Inquiry
9861,25922,2025-05-06,Complaint
9862,29330,2020-04-19,Complaint
9863,1126,2022-07-12,Inquiry
9864,23089,2023-11-25,Complaint
9865,19160,2024-09-07,Inquiry
9866,2389,2021-09-20,Inquiry
9867,43982,2023-11-20,Inquiry
9868,43617,2023-05-26,Complaint
9869,11191,2024-11-13,Complaint
9870,47848,2024-03-18,Complaint
9871,9740,2021-12-06,Inquiry
9872,20433,2022-04-27,Complaint
9873,19618,2023-04-18,Inquiry
9874,15385,2024-10-05,Complaint
9875,5818,2023-09-02,Inquiry
9876,13170,2023-02-24,Inquiry
9877,13884,2023-02-15,Inquiry
9878,2556,2023-03-11,Complaint
9879,41261,2022-04-20,Complaint
9880,14327,2021-09-28,Complaint
9881,5944,2023-01-06,Complaint
9882,153,2020-03-07,Inquiry
9883,21560,2023-06-19,Complaint
9884,26532,2021-05-31,Inquiry
9885,33954,2022-04-10,Inquiry
9886,26210,2020-02-28,Inquiry
9887,45115,2022-04-05,Complaint
9888,29665,2020-06-29,Inquiry
9889,15525,2021-12-13,Inquiry
9890,2214,2021-09-27,Inquiry
9891,13054,2024-10-07,Complaint
9892,35319,2021-07-09,Complaint
9893,11565,2021-09-06,Complaint
9894,32150,2021-09-15,Inquiry
9895,21699,2021-01-03,Inquiry
9896,8196,2022-12-31,Inquiry
9897,6192,2022-08-27,Inquiry
9898,40584,2022-07-11,Complaint
9899,19872,2021-06-09,Complaint
9900,20332,2020-04-16,Complaint
9901,5271,2020-09-19,Complaint
9902,42938,2023-02-14,Inquiry
9903,27175,2025-06-11,Inquiry
9904,49230,2023-09-05,Inquiry
9905,43795,2020-12-19,Inquiry
9906,19415,2022-03-10,Inquiry
9907,485,2021-02-19,Inquiry
9908,40085,2023-05-30,Inquiry
9909,17035,2021-02-06,Inquiry
9910,10916,2020-11-27,Complaint
9911,24361,2022-04-01,Complaint
9912,45992,2020-09-29,Inquiry
9913,18443,2022-03-27,Inquiry
9914,33208,2022-02-17,Inquiry
9915,27600,2021-08-25,Inquiry
9916,33240,2020-05-29,Inquiry
9917,9240,2020-01-25,Complaint
9918,14667,2022-10-18,Complaint
9919,24364,2023-12-23,Complaint
9920,39662,2022-03-15,Inquiry
9921,37976,2024-03-11,Inquiry
9922,10769,2022-02-17,Complaint
9923,49786,2020-02-13,Complaint
9924,18920,2020-08-15,Inquiry
9925,44690,2025-02-22,Inquiry
9926,36057,2024-02-28,Complaint
9927,22836,2020-12-22,Complaint
9928,6152,2023-04-08,Complaint
9929,26304,2025-02-17,Inquiry
9930,8487,2022-03-05,Complaint
9931,9757,2024-04-27,Complaint
9932,36743,2024-11-14,Complaint
9933,8089,2021-07-31,Inquiry
9934,40357,2021-12-22,Inquiry
9935,48915,2022-11-22,Inquiry
9936,42178,2020-01-02,Complaint
9937,19160,2023-02-14,Complaint
9938,27594,2020-08-09,Inquiry
9939,11320,2021-10-11,Inquiry
9940,28301,2021-06-28,Complaint
9941,16129,2020-03-09,Complaint
9942,12943,2020-04-19,Inquiry
9943,41397,2024-06-28,Inquiry
9944,23943,2022-01-08,Inquiry
9945,24552,2021-06-19,Complaint
9946,16382,2021-04-10,Complaint
9947,38992,2024-01-23,Inquiry
9948,3079,2025-05-24,Complaint
9949,34642,2021-08-06,Inquiry
9950,23743,2022-12-24,Inquiry
9951,35726,2020-01-31,Complaint
9952,43473,2021-06-21,Inquiry
9953,29463,2024-02-15,Inquiry
9954,34072,2021-08-15,Inquiry
9955,27989,2024-09-20,Inquiry
9956,29014,2022-09-15,Inquiry
9957,46298,2021-08-25,Complaint
9958,48164,2023-05-20,Complaint
9959,38839,2023-06-09,Complaint
9960,14535,2021-07-12,Inquiry
9961,13880,2020-04-24,Complaint
9962,47185,2020-12-13,Complaint
9963,29302,2022-07-27,Inquiry
9964,29029,2022-11-01,Inquiry
9965,22839,2020-09-26,Complaint
9966,46617,2024-12-01,Complaint
9967,24880,2020-03-28,Inquiry
9968,27187,2020-04-04,Inquiry
9969,41992,2020-04-27,Inquiry
9970,41348,2022-11-21,Inquiry
9971,49139,2020-12-02,Complaint
9972,1993,2022-09-11,Inquiry
9973,10597,2023-07-11,Inquiry
9974,9934,2024-07-02,Inquiry
9975,10544,2020-12-28,Inquiry
9976,14,2023-03-19,Inquiry
9977,13463,2020-11-18,Complaint
9978,19489,2024-11-05,Inquiry
9979,26739,2021-04-23,Complaint
9980,17618,2023-08-19,Complaint
9981,10362,2022-11-27,Inquiry
9982,1482,2024-12-29,Inquiry
9983,29005,2024-02-24,Inquiry
9984,31854,2025-02-11,Inquiry
9985,46104,2020-02-18,Complaint
9986,25408,2024-09-11,Inquiry
9987,21880,2021-07-26,Complaint
9988,33518,2022-02-06,Inquiry
9989,20376,2024-10-26,Inquiry
9990,36272,2024-09-09,Complaint
9991,3248,2020-02-19,Inquiry
9992,44278,2025-01-23,Inquiry
9993,17130,2022-01-02,Inquiry
9994,19829,2023-05-10,Complaint
9995,22339,2020-03-15,Inquiry
9996,44884,2024-09-07,Inquiry
9997,2179,2023-02-27,Inquiry
9998,30437,2020-07-23,Complaint
9999,40059,2021-04-07,Inquiry
10000,20874,2022-12-05,Inquiry
10001,24538,2022-12-01,Inquiry
10002,16485,2022-05-31,Inquiry
10003,33852,2022-02-15,Complaint
10004,39376,2024-09-11,Complaint
10005,38634,2022-09-30,Inquiry
10006,18052,2024-04-03,Complaint
10007,28261,2023-08-08,Inquiry
10008,32576,2020-06-14,Inquiry
10009,929,2024-05-14,Inquiry
10010,21540,2025-06-14,Inquiry
10011,40693,2024-06-15,Inquiry
10012,1532,2024-09-21,Complaint
10013,44490,2023-11-02,Inquiry
10014,20475,2021-02-23,Inquiry
10015,25175,2024-10-11,Inquiry
10016,8109,2023-01-26,Inquiry
10017,30654,2022-10-04,Complaint
10018,38929,2024-05-16,Inquiry
10019,33224,2020-06-28,Complaint
10020,48095,2022-04-29,Inquiry
10021,8546,2021-05-22,Complaint
10022,18497,2024-01-04,Inquiry
10023,20564,2023-11-25,Complaint
10024,30201,2020-08-26,Inquiry
10025,3013,2021-07-25,Inquiry
10026,40091,2025-02-06,Inquiry
10027,35054,2020-10-01,Complaint
10028,34746,2024-04-18,Inquiry
10029,39770,2024-12-08,Complaint
10030,46687,2020-11-01,Inquiry
10031,12652,2021-05-06,Inquiry
10032,46850,2025-01-24,Complaint
10033,28921,2021-04-15,Inquiry
10034,10396,2021-01-09,Complaint
10035,2070,2024-12-22,Inquiry
10036,16648,2021-11-07,Complaint
10037,4851,2021-03-31,Complaint
10038,20784,2020-07-09,Inquiry
10039,32342,2021-07-30,Inquiry
10040,13259,2022-12-12,Inquiry
10041,21367,2025-03-30,Inquiry
10042,3329,2024-08-29,Complaint
10043,41585,2021-07-24,Inquiry
10044,31686,2024-02-23,Inquiry
10045,30166,2023-08-16,Complaint
10046,30904,2022-04-21,Complaint
10047,29634,2020-01-03,Complaint
10048,38521,2023-05-23,Complaint
10049,43399,2025-02-23,Complaint
10050,4733,2024-11-24,Inquiry
10051,38881,2023-09-02,Inquiry
10052,1104,2020-04-06,Inquiry
10053,24864,2020-04-11,Complaint
10054,44419,2021-10-28,Complaint
10055,47253,2022-02-14,Complaint
10056,28376,2021-07-29,Inquiry
10057,48763,2022-07-07,Complaint
10058,35442,2021-07-05,Complaint
10059,34293,2023-03-23,Inquiry
10060,43462,2023-08-25,Complaint
10061,3854,2021-12-03,Inquiry
10062,46420,2023-02-12,Inquiry
10063,42812,2021-03-30,Complaint
10064,12354,2020-08-30,Inquiry
10065,36558,2021-12-27,Inquiry
10066,19161,2020-06-28,Complaint
10067,37999,2021-09-08,Complaint
10068,5736,2020-02-06,Inquiry
10069,38598,2023-09-03,Complaint
10070,4380,2023-02-27,Inquiry
10071,49177,2025-06-10,Inquiry
10072,8976,2024-09-01,Inquiry
10073,10836,2024-07-22,Inquiry
10074,32018,2023-05-22,Complaint
10075,9875,2023-05-17,Inquiry
10076,24834,2024-09-20,Complaint
10077,11613,2020-01-05,Inquiry
10078,10972,2023-05-23,Complaint
10079,19550,2021-08-24,Inquiry
10080,32520,2022-11-26,Inquiry
10081,32467,2025-02-03,Complaint
10082,43422,2020-08-25,Complaint
10083,31049,2020-06-28,Inquiry
10084,8811,2020-08-17,Inquiry
10085,29308,2021-10-10,Complaint
10086,3548,2021-06-09,Complaint
10087,8183,2020-04-05,Complaint
10088,29938,2021-03-10,Inquiry
10089,6916,2022-09-28,Complaint
10090,24456,2024-09-25,Complaint
10091,30067,2025-06-03,Inquiry
10092,20642,2022-12-27,Complaint
10093,22941,2024-01-14,Complaint
10094,1259,2022-09-30,Inquiry
10095,49732,2024-04-26,Inquiry
10096,46883,2025-05-10,Inquiry
10097,44316,2025-03-19,Complaint
10098,7190,2022-09-09,Complaint
10099,39165,2022-12-19,Inquiry
10100,43066,2022-08-24,Inquiry
10101,36634,2023-11-10,Inquiry
10102,16006,2021-01-22,Inquiry
10103,23108,2024-07-16,Inquiry
10104,21806,2021-04-02,Complaint
10105,16592,2023-09-29,Inquiry
10106,5157,2020-11-02,Complaint
10107,2372,2021-03-11,Inquiry
10108,39548,2022-10-17,Complaint
10109,12695,2021-06-23,Inquiry
10110,31286,2021-12-20,Complaint
10111,17079,2024-08-03,Complaint
10112,49749,2021-07-17,Complaint
10113,40843,2020-05-26,Inquiry
10114,24400,2023-11-27,Inquiry
10115,48168,2020-02-13,Inquiry
10116,32661,2021-10-27,Inquiry
10117,31479,2024-11-02,Complaint
10118,49349,2021-02-08,Inquiry
10119,10031,2023-01-14,Complaint
10120,42955,2022-07-24,Inquiry
10121,40940,2023-07-18,Inquiry
10122,46459,2020-03-12,Inquiry
10123,2431,2024-07-12,Complaint
10124,46454,2024-03-24,Inquiry
10125,5155,2020-11-07,Complaint
10126,40879,2023-10-13,Inquiry
10127,21808,2023-02-07,Complaint
10128,20250,2020-11-09,Inquiry
10129,27421,2020-06-27,Complaint
10130,34319,2021-12-11,Complaint
10131,38855,2023-07-06,Inquiry
10132,5256,2025-03-15,Inquiry
10133,35881,2023-04-15,Complaint
10134,34177,2023-08-21,Complaint
10135,14752,2023-11-16,Inquiry
10136,38403,2022-03-01,Inquiry
10137,40272,2023-12-25,Inquiry
10138,8633,2022-07-06,Inquiry
10139,35051,2021-07-26,Inquiry
10140,17432,2023-06-26,Inquiry
10141,3426,2022-09-06,Inquiry
10142,41444,2021-01-21,Inquiry
10143,19274,2025-02-20,Complaint
10144,3378,2022-02-06,Inquiry
10145,15770,2021-07-14,Inquiry
10146,22705,2023-02-21,Inquiry
10147,23501,2024-05-02,Inquiry
10148,6880,2023-04-04,Inquiry
10149,30476,2020-08-17,Complaint
10150,33706,2021-11-30,Complaint
10151,20865,2021-08-17,Complaint
10152,45245,2023-04-21,Inquiry
10153,31058,2022-03-07,Inquiry
10154,7114,2024-06-04,Complaint
10155,43840,2023-03-09,Inquiry
10156,46801,2025-02-10,Complaint
10157,24788,2020-07-24,Inquiry
10158,30898,2023-02-09,Inquiry
10159,40012,2024-06-29,Inquiry
10160,12241,2023-02-07,Complaint
10161,21973,2022-02-24,Complaint
10162,25258,2024-06-10,Inquiry
10163,31403,2023-02-05,Inquiry
10164,2165,2024-06-18,Complaint
10165,19677,2023-05-13,Inquiry
10166,29805,2024-01-12,Complaint
10167,9040,2024-05-08,Complaint
10168,32191,2021-08-17,Complaint
10169,47372,2025-01-22,Inquiry
10170,3593,2022-04-08,Complaint
10171,19121,2022-09-12,Complaint
10172,47482,2024-02-04,Inquiry
10173,41006,2021-11-26,Complaint
10174,10815,2023-09-09,Inquiry
10175,12044,2024-08-19,Inquiry
10176,5604,2020-08-13,Inquiry
10177,47552,2023-11-02,Inquiry
10178,15190,2020-04-29,Complaint
10179,35752,2021-03-16,Inquiry
10180,14441,2024-01-27,Inquiry
10181,1559,2020-03-09,Complaint
10182,16721,2024-01-28,Inquiry
10183,14224,2023-03-13,Complaint
10184,34643,2022-09-11,Inquiry
10185,39650,2021-11-30,Complaint
10186,12508,2024-08-21,Inquiry
10187,11417,2020-07-31,Inquiry
10188,33513,2020-09-11,Inquiry
10189,19626,2020-07-15,Inquiry
10190,33908,2023-01-06,Inquiry
10191,26949,2020-01-30,Complaint
10192,29503,2020-12-11,Complaint
10193,27010,2024-12-20,Complaint
10194,16758,2020-08-15,Complaint
10195,12596,2021-04-27,Complaint
10196,6810,2022-10-07,Inquiry
10197,4574,2022-02-27,Inquiry
10198,34336,2022-06-19,Complaint
10199,26503,2020-08-07,Inquiry
10200,15728,2022-04-29,Inquiry
10201,43490,2023-01-07,Complaint
10202,7549,2025-06-04,Complaint
10203,12436,2023-08-07,Inquiry
10204,21123,2024-05-19,Inquiry
10205,8039,2023-02-18,Complaint
10206,41209,2020-04-28,Inquiry
10207,8005,2022-07-15,Complaint
10208,47058,2023-12-18,Inquiry
10209,48772,2020-06-20,Complaint
10210,33963,2021-08-12,Complaint
10211,13395,2024-10-05,Inquiry
10212,28662,2024-03-20,Inquiry
10213,45721,2022-08-27,Complaint
10214,9329,2021-09-05,Complaint
10215,16546,2022-09-03,Inquiry
10216,24888,2024-09-08,Complaint
10217,949,2020-12-27,Inquiry
10218,35306,2020-12-14,Complaint
10219,26772,2025-05-21,Complaint
10220,18549,2022-07-05,Complaint
10221,31707,2021-03-06,Complaint
10222,11131,2022-05-26,Inquiry
10223,9436,2021-01-20,Inquiry
10224,39027,2023-09-03,Inquiry
10225,46424,2022-11-04,Complaint
10226,23345,2024-10-15,Inquiry
10227,23424,2024-01-23,Inquiry
10228,33418,2023-05-26,Complaint
10229,12982,2021-03-16,Inquiry
10230,28330,2022-04-16,Inquiry
10231,4362,2024-10-22,Inquiry
10232,19893,2024-03-16,Complaint
10233,15186,2023-06-01,Inquiry
10234,15551,2024-08-01,Complaint
10235,15698,2024-12-30,Inquiry
10236,15766,2020-01-17,Inquiry
10237,43391,2023-05-27,Inquiry
10238,22300,2020-07-10,Inquiry
10239,43443,2024-01-06,Complaint
10240,34436,2025-04-01,Complaint
10241,21231,2025-06-21,Inquiry
10242,25172,2025-06-19,Complaint
10243,46182,2021-10-15,Complaint
10244,37211,2024-09-01,Complaint
10245,48252,2023-02-15,Inquiry
10246,41857,2023-10-18,Inquiry
10247,23373,2025-01-09,Inquiry
10248,24087,2023-10-28,Inquiry
10249,45988,2023-11-26,Complaint
10250,27555,2021-04-25,Inquiry
10251,9457,2020-10-19,Inquiry
10252,12359,2022-12-13,Inquiry
10253,45280,2024-08-19,Complaint
10254,13608,2021-02-18,Complaint
10255,20731,2020-03-22,Complaint
10256,4285,2022-12-11,Inquiry
10257,25568,2025-01-24,Complaint
10258,12404,2021-11-28,Complaint
10259,47178,2023-09-15,Complaint
10260,36627,2024-02-12,Inquiry
10261,32558,2021-10-18,Inquiry
10262,27972,2022-06-15,Complaint
10263,26429,2020-11-20,Inquiry
10264,10510,2024-11-20,Complaint
10265,8040,2024-09-26,Inquiry
10266,13278,2020-08-08,Inquiry
10267,20845,2022-06-09,Complaint
10268,27956,2023-04-11,Complaint
10269,46863,2024-06-25,Complaint
10270,14653,2020-06-06,Inquiry
10271,4370,2020-08-20,Complaint
10272,8726,2021-08-06,Inquiry
10273,28533,2025-03-20,Complaint
10274,26389,2023-10-10,Complaint
10275,45017,2020-05-10,Inquiry
10276,3083,2025-02-07,Inquiry
10277,15977,2022-12-24,Inquiry
10278,42169,2021-08-31,Inquiry
10279,29181,2022-02-10,Inquiry
10280,39694,2021-08-28,Inquiry
10281,34700,2024-06-18,Complaint
10282,46344,2023-11-23,Inquiry
10283,7810,2020-12-23,Complaint
10284,44897,2023-09-11,Inquiry
10285,28032,2023-06-11,Complaint
10286,42268,2020-02-04,Inquiry
10287,26315,2023-06-03,Inquiry
10288,40026,2021-06-22,Complaint
10289,12640,2022-04-24,Inquiry
10290,5631,2021-11-11,Inquiry
10291,47920,2024-08-12,Inquiry
10292,26509,2020-06-16,Inquiry
10293,3813,2022-06-11,Complaint
10294,38084,2023-10-04,Inquiry
10295,49416,2022-04-05,Inquiry
10296,5147,2022-11-26,Inquiry
10297,5353,2021-03-17,Inquiry
10298,20429,2023-12-21,Inquiry
10299,45396,2021-03-04,Complaint
10300,15544,2020-05-19,Complaint
10301,47702,2025-03-11,Inquiry
10302,37332,2024-09-28,Inquiry
10303,39165,2024-09-28,Inquiry
10304,35055,2020-02-28,Complaint
10305,22419,2025-01-15,Complaint
10306,29172,2022-07-10,Complaint
10307,20992,2023-10-01,Complaint
10308,39900,2023-11-18,Complaint
10309,22824,2023-12-27,Inquiry
10310,14500,2020-09-15,Complaint
10311,36928,2023-11-01,Complaint
10312,17125,2020-03-04,Complaint
10313,15354,2025-02-05,Inquiry
10314,38237,2022-02-12,Complaint
10315,34798,2021-11-25,Inquiry
10316,7033,2020-07-12,Inquiry
10317,5498,2024-09-17,Inquiry
10318,32512,2024-05-09,Inquiry
10319,14477,2021-12-19,Inquiry
10320,27412,2024-06-19,Inquiry
10321,47014,2021-10-03,Inquiry
10322,18072,2022-03-09,Inquiry
10323,37026,2020-06-19,Inquiry
10324,8039,2020-11-16,Complaint
10325,566,2021-08-09,Complaint
10326,26665,2021-08-16,Inquiry
10327,2882,2021-09-06,Complaint
10328,7995,2024-01-02,Inquiry
10329,9437,2020-11-16,Complaint
10330,8004,2020-10-07,Complaint
10331,47034,2022-09-20,Inquiry
10332,16846,2022-08-20,Complaint
10333,46605,2020-10-21,Inquiry
10334,735,2020-06-17,Complaint
10335,12998,2021-01-01,Complaint
10336,16108,2020-04-04,Complaint
10337,16173,2021-01-09,Inquiry
10338,4807,2023-04-16,Complaint
10339,5057,2022-12-16,Inquiry
10340,11580,2025-06-04,Inquiry
10341,9425,2021-09-29,Inquiry
10342,20190,2024-06-21,Complaint
10343,45374,2023-11-27,Complaint
10344,20190,2024-05-06,Inquiry
10345,38033,2022-03-26,Complaint
10346,3168,2024-02-10,Complaint
10347,23810,2023-07-31,Inquiry
10348,11757,2022-12-01,Complaint
10349,15663,2025-05-08,Inquiry
10350,19479,2025-01-24,Inquiry
10351,27630,2021-11-06,Complaint
10352,18470,2021-10-09,Complaint
10353,6336,2024-07-22,Inquiry
10354,42839,2023-04-29,Inquiry
10355,48650,2025-05-08,Complaint
10356,16771,2024-10-05,Inquiry
10357,33374,2024-10-23,Inquiry
10358,18852,2022-10-29,Complaint
10359,5582,2021-04-11,Inquiry
10360,27082,2020-04-02,Complaint
10361,13861,2020-05-13,Complaint
10362,14955,2023-04-07,Inquiry
10363,26996,2024-04-08,Complaint
10364,18769,2024-07-21,Inquiry
10365,43858,2023-11-04,Complaint
10366,27991,2021-09-10,Inquiry
10367,41077,2023-02-08,Inquiry
10368,19779,2025-02-20,Inquiry
10369,36864,2020-11-11,Inquiry
10370,19752,2021-04-24,Inquiry
10371,31982,2022-10-24,Inquiry
10372,10282,2024-01-19,Inquiry
10373,8766,2021-01-15,Inquiry
10374,37101,2022-11-03,Inquiry
10375,14031,2024-05-31,Complaint
10376,21958,2023-03-28,Inquiry
10377,37044,2024-04-23,Complaint
10378,5697,2024-12-15,Complaint
10379,22264,2023-07-28,Inquiry
10380,21481,2020-06-04,Inquiry
10381,31347,2021-03-23,Complaint
10382,43748,2021-08-11,Complaint
10383,9682,2021-05-06,Inquiry
10384,24436,2021-06-19,Inquiry
10385,13508,2024-04-24,Inquiry
10386,8901,2022-10-02,Complaint
10387,2291,2022-08-13,Complaint
10388,12773,2022-11-04,Complaint
10389,39174,2023-09-26,Complaint
10390,40499,2021-07-19,Inquiry
10391,47106,2021-08-22,Complaint
10392,22473,2024-01-05,Complaint
10393,31420,2021-08-13,Inquiry
10394,7448,2022-10-25,Complaint
10395,10550,2022-11-28,Complaint
10396,27196,2024-07-02,Complaint
10397,20395,2023-04-29,Inquiry
10398,14468,2023-05-08,Inquiry
10399,14816,2021-08-10,Inquiry
10400,47798,2023-01-06,Complaint
10401,20718,2021-01-19,Inquiry
10402,23504,2021-01-14,Complaint
10403,48130,2021-10-21,Complaint
10404,49229,2024-01-16,Inquiry
10405,46972,2020-04-01,Complaint
10406,14833,2024-02-08,Inquiry
10407,2626,2023-04-15,Inquiry
10408,17470,2020-03-30,Inquiry
10409,33738,2022-11-07,Inquiry
10410,11208,2021-06-18,Complaint
10411,11962,2023-02-03,Complaint
10412,44389,2021-02-05,Complaint
10413,16525,2025-06-02,Inquiry
10414,6693,2024-04-27,Complaint
10415,30071,2021-03-31,Inquiry
10416,13943,2025-05-27,Inquiry
10417,41954,2023-12-29,Inquiry
10418,20642,2022-04-07,Inquiry
10419,27250,2023-02-13,Inquiry
10420,12521,2021-02-11,Inquiry
10421,45194,2025-02-20,Complaint
10422,45304,2020-02-19,Inquiry
10423,2063,2021-08-18,Inquiry
10424,46081,2020-02-06,Inquiry
10425,49725,2024-07-06,Complaint
10426,23467,2021-11-27,Inquiry
10427,13160,2023-03-27,Complaint
10428,22850,2025-05-21,Inquiry
10429,38135,2021-02-08,Complaint
10430,31073,2023-11-23,Inquiry
10431,70,2023-09-30,Complaint
10432,8030,2022-08-24,Complaint
10433,23322,2022-07-16,Inquiry
10434,38485,2022-09-09,Inquiry
10435,6776,2020-04-24,Complaint
10436,6270,2022-12-06,Complaint
10437,6360,2021-03-01,Complaint
10438,28554,2022-09-29,Inquiry
10439,21571,2020-03-31,Complaint
10440,13075,2021-05-31,Inquiry
10441,38042,2021-04-13,Inquiry
10442,234,2021-04-15,Inquiry
10443,30072,2022-05-31,Inquiry
10444,15787,2023-01-30,Inquiry
10445,27592,2023-07-24,Inquiry
10446,24470,2023-06-02,Inquiry
10447,31681,2023-05-09,Inquiry
10448,15145,2024-12-21,Inquiry
10449,20600,2024-04-22,Inquiry
10450,13639,2022-07-09,Complaint
10451,32641,2020-06-21,Inquiry
10452,41153,2022-03-24,Inquiry
10453,37324,2022-04-30,Complaint
10454,34873,2024-10-31,Inquiry
10455,20956,2024-09-24,Complaint
10456,4144,2020-11-15,Inquiry
10457,49281,2024-01-11,Inquiry
10458,22622,2022-05-29,Complaint
10459,6161,2022-03-12,Complaint
10460,4525,2023-05-04,Complaint
10461,43339,2021-11-21,Complaint
10462,3682,2024-04-01,Inquiry
10463,24416,2022-10-04,Complaint
10464,48567,2020-11-28,Inquiry
10465,37855,2023-11-23,Inquiry
10466,24756,2020-11-18,Complaint
10467,42365,2022-12-16,Complaint
10468,539,2020-03-09,Complaint
10469,11879,2021-06-05,Complaint
10470,38571,2022-07-02,Inquiry
10471,20306,2020-05-03,Inquiry
10472,17636,2023-07-11,Complaint
10473,620,2025-06-06,Inquiry
10474,1705,2020-09-28,Inquiry
10475,24899,2022-04-19,Inquiry
10476,18134,2024-01-18,Inquiry
10477,47252,2021-10-05,Inquiry
10478,48346,2021-12-28,Complaint
10479,11835,2023-11-28,Inquiry
10480,9624,2020-01-30,Inquiry
10481,15770,2022-07-16,Inquiry
10482,6222,2023-03-22,Complaint
10483,6770,2024-01-29,Complaint
10484,24837,2021-04-23,Inquiry
10485,12442,2020-02-18,Inquiry
10486,16672,2022-05-29,Complaint
10487,29420,2021-08-23,Inquiry
10488,13348,2023-02-27,Inquiry
10489,4335,2024-06-21,Complaint
10490,761,2021-11-30,Complaint
10491,39511,2024-03-15,Inquiry
10492,25958,2024-02-27,Inquiry
10493,296,2022-02-04,Complaint
10494,33171,2022-08-20,Complaint
10495,37251,2021-04-13,Complaint
10496,24687,2024-12-27,Complaint
10497,10355,2024-05-02,Complaint
10498,44220,2024-09-25,Inquiry
10499,24971,2024-07-17,Inquiry
10500,40993,2025-05-21,Complaint
10501,49002,2021-06-25,Complaint
10502,20296,2024-11-02,Complaint
10503,29639,2023-09-21,Inquiry
10504,1936,2022-05-26,Inquiry
10505,43123,2020-09-12,Inquiry
10506,41405,2025-03-08,Inquiry
10507,18970,2020-04-01,Inquiry
10508,5623,2021-06-12,Inquiry
10509,9744,2023-06-08,Inquiry
10510,42606,2025-04-22,Inquiry
10511,16028,2024-09-30,Complaint
10512,30391,2023-01-10,Complaint
10513,47130,2025-05-19,Inquiry
10514,27140,2020-02-07,Inquiry
10515,7317,2024-02-06,Inquiry
10516,43997,2020-11-11,Inquiry
10517,44149,2022-01-13,Complaint
10518,33248,2020-02-25,Inquiry
10519,3889,2021-10-29,Complaint
10520,47218,2021-01-01,Complaint
10521,39932,2021-10-08,Inquiry
10522,18514,2022-08-03,Complaint
10523,37934,2024-08-29,Complaint
10524,14453,2024-02-06,Inquiry
10525,1074,2021-05-04,Complaint
10526,46245,2023-08-15,Inquiry
10527,12482,2022-11-24,Inquiry
10528,46430,2022-10-28,Inquiry
10529,25178,2024-07-02,Complaint
10530,4857,2023-10-28,Complaint
10531,25479,2023-04-21,Complaint
10532,37420,2025-02-02,Inquiry
10533,48535,2021-02-04,Complaint
10534,17044,2020-01-21,Inquiry
10535,26778,2021-04-19,Inquiry
10536,34622,2020-08-18,Complaint
10537,28854,2020-05-30,Inquiry
10538,40113,2023-06-15,Inquiry
10539,382,2020-07-13,Complaint
10540,23558,2020-01-31,Complaint
10541,9608,2022-12-03,Complaint
10542,32993,2020-03-12,Complaint
10543,36801,2023-01-06,Inquiry
10544,1150,2021-10-28,Inquiry
10545,34003,2023-02-19,Inquiry
10546,8897,2023-08-21,Inquiry
10547,42848,2023-03-22,Inquiry
10548,27490,2024-05-19,Inquiry
10549,7479,2021-09-03,Complaint
10550,6420,2024-07-13,Inquiry
10551,36855,2021-03-19,Inquiry
10552,25339,2023-05-24,Complaint
10553,23142,2020-02-11,Inquiry
10554,37224,2020-12-11,Inquiry
10555,23473,2023-02-04,Complaint
10556,26248,2020-01-31,Complaint
10557,46242,2024-06-14,Inquiry
10558,41619,2022-06-04,Inquiry
10559,35081,2022-07-27,Inquiry
10560,16333,2023-12-06,Complaint
10561,29688,2020-01-31,Complaint
10562,22594,2020-11-26,Complaint
10563,13056,2023-01-22,Complaint
10564,41506,2023-08-27,Complaint
10565,5889,2020-01-13,Inquiry
10566,44127,2024-10-05,Complaint
10567,27926,2021-08-28,Complaint
10568,13512,2020-05-16,Complaint
10569,14565,2022-12-02,Inquiry
10570,17667,2021-11-18,Complaint
10571,8227,2022-03-27,Inquiry
10572,13771,2022-03-17,Complaint
10573,38820,2021-05-26,Inquiry
10574,37109,2023-07-07,Inquiry
10575,26602,2020-01-13,Complaint
10576,8344,2022-09-03,Inquiry
10577,37703,2025-01-09,Complaint
10578,20629,2025-04-04,Complaint
10579,6957,2022-12-03,Complaint
10580,14475,2020-02-22,Complaint
10581,27026,2025-04-19,Inquiry
10582,22007,2020-01-10,Inquiry
10583,17615,2023-05-02,Inquiry
10584,21569,2021-12-15,Inquiry
10585,47886,2021-01-21,Inquiry
10586,24280,2021-08-06,Complaint
10587,26663,2024-01-27,Complaint
10588,33784,2020-10-29,Complaint
10589,27741,2020-01-09,Complaint
10590,16782,2024-02-26,Inquiry
10591,33979,2022-03-24,Complaint
10592,13390,2020-10-09,Complaint
10593,5235,2023-02-21,Complaint
10594,44015,2025-01-16,Complaint
10595,15187,2022-09-08,Complaint
10596,35153,2023-09-04,Inquiry
10597,6497,2024-10-20,Inquiry
10598,15265,2025-06-01,Complaint
10599,34527,2022-02-05,Complaint
10600,32220,2020-06-14,Inquiry
10601,39728,2025-05-23,Inquiry
10602,13978,2022-12-19,Complaint
10603,11312,2023-05-06,Inquiry
10604,6389,2023-08-16,Inquiry
10605,46010,2025-02-19,Complaint
10606,20868,2023-12-12,Complaint
10607,27884,2024-09-30,Inquiry
10608,18419,2022-12-11,Complaint
10609,18269,2025-04-13,Inquiry
10610,37334,2022-12-06,Inquiry
10611,42131,2024-05-14,Inquiry
10612,27284,2023-07-19,Inquiry
10613,5856,2022-11-23,Inquiry
10614,32694,2024-04-12,Complaint
10615,24766,2020-08-13,Inquiry
10616,39731,2022-06-21,Inquiry
10617,40811,2023-05-09,Inquiry
10618,5798,2022-01-26,Complaint
10619,47394,2021-07-22,Inquiry
10620,29002,2024-07-14,Inquiry
10621,21232,2024-12-22,Inquiry
10622,6811,2025-02-16,Complaint
10623,45840,2020-05-06,Inquiry
10624,31931,2022-08-27,Inquiry
10625,34982,2023-04-16,Inquiry
10626,23092,2020-06-16,Complaint
10627,27074,2020-06-05,Complaint
10628,35653,2023-11-22,Inquiry
10629,13857,2021-02-01,Complaint
10630,26153,2021-03-20,Complaint
10631,35559,2021-07-03,Inquiry
10632,33605,2020-01-08,Inquiry
10633,14403,2021-08-08,Inquiry
10634,10348,2020-06-05,Inquiry
10635,23646,2022-09-05,Inquiry
10636,11558,2023-12-17,Inquiry
10637,6929,2021-05-24,Inquiry
10638,45304,2024-08-26,Complaint
10639,48044,2021-11-22,Inquiry
10640,33318,2023-06-23,Inquiry
10641,14417,2021-11-19,Complaint
10642,16996,2025-06-02,Complaint
10643,43049,2022-02-24,Complaint
10644,22824,2022-11-20,Inquiry
10645,30885,2022-01-17,Inquiry
10646,23227,2020-02-29,Complaint
10647,9698,2022-06-28,Inquiry
10648,25786,2020-10-27,Complaint
10649,22056,2024-08-30,Inquiry
10650,38836,2024-03-10,Inquiry
10651,29128,2020-03-28,Complaint
10652,30147,2025-03-17,Inquiry
10653,30195,2020-07-08,Inquiry
10654,47487,2022-01-02,Inquiry
10655,14551,2022-09-20,Complaint
10656,48006,2022-04-16,Complaint
10657,37656,2024-02-11,Inquiry
10658,9004,2020-03-11,Inquiry
10659,32086,2023-02-12,Inquiry
10660,42379,2021-01-01,Inquiry
10661,18593,2024-10-15,Inquiry
10662,20457,2021-04-09,Complaint
10663,38168,2022-06-13,Complaint
10664,34394,2021-10-02,Complaint
10665,47415,2022-07-16,Inquiry
10666,8897,2021-12-07,Inquiry
10667,20135,2020-05-07,Complaint
10668,18915,2023-10-03,Complaint
10669,45644,2020-08-22,Inquiry
10670,25268,2021-11-25,Inquiry
10671,35846,2021-02-02,Inquiry
10672,7989,2024-05-15,Inquiry
10673,35363,2024-01-03,Inquiry
10674,7526,2021-07-04,Inquiry
10675,30294,2024-02-20,Inquiry
10676,12778,2021-06-17,Complaint
10677,36707,2025-04-22,Inquiry
10678,38233,2023-04-27,Inquiry
10679,41263,2021-11-20,Inquiry
10680,10612,2022-01-01,Complaint
10681,20576,2020-09-30,Inquiry
10682,30533,2024-11-16,Complaint
10683,6581,2022-04-08,Inquiry
10684,25601,2025-05-18,Complaint
10685,37101,2022-02-17,Inquiry
10686,5908,2024-03-28,Inquiry
10687,9472,2021-11-09,Complaint
10688,6781,2021-03-25,Inquiry
10689,16318,2021-11-15,Inquiry
10690,37336,2023-08-07,Inquiry
10691,5736,2025-02-28,Inquiry
10692,42702,2024-06-15,Complaint
10693,28505,2021-09-06,Complaint
10694,28433,2024-12-29,Inquiry
10695,41764,2023-05-31,Complaint
10696,30254,2022-11-20,Inquiry
10697,31527,2021-04-02,Inquiry
10698,47449,2023-06-13,Complaint
10699,43080,2023-07-21,Complaint
10700,30833,2020-08-10,Inquiry
10701,32518,2023-09-06,Inquiry
10702,40306,2023-10-01,Complaint
10703,8411,2021-11-19,Inquiry
10704,44585,2024-08-05,Inquiry
10705,6574,2021-07-29,Inquiry
10706,4013,2023-07-10,Inquiry
10707,39366,2020-11-08,Inquiry
10708,9,2023-02-22,Complaint
10709,956,2023-09-25,Inquiry
10710,13723,2021-07-14,Inquiry
10711,1960,2025-04-03,Inquiry
10712,20713,2020-01-21,Complaint
10713,39681,2025-05-13,Complaint
10714,3027,2022-02-18,Inquiry
10715,17528,2024-08-12,Inquiry
10716,27056,2024-03-24,Complaint
10717,1017,2022-08-30,Inquiry
10718,46116,2024-10-28,Complaint
10719,46708,2023-05-11,Complaint
10720,44760,2021-12-18,Inquiry
10721,36353,2023-06-23,Complaint
10722,1731,2022-10-14,Complaint
10723,36952,2021-05-18,Complaint
10724,35673,2020-06-07,Complaint
10725,9063,2021-10-04,Inquiry
10726,26574,2023-06-22,Inquiry
10727,32353,2023-08-15,Complaint
10728,8139,2024-02-16,Complaint
10729,6525,2021-11-18,Inquiry
10730,36483,2020-01-23,Complaint
10731,21887,2022-08-14,Inquiry
10732,22252,2024-06-09,Inquiry
10733,39625,2020-09-27,Complaint
10734,25912,2022-03-24,Inquiry
10735,25710,2022-01-31,Complaint
10736,20841,2021-03-15,Inquiry
10737,18324,2020-12-16,Inquiry
10738,13499,2022-10-01,Complaint
10739,44040,2020-01-14,Inquiry
10740,47292,2022-09-16,Inquiry
10741,34836,2020-02-17,Inquiry
10742,12683,2025-01-10,Complaint
10743,5601,2020-05-31,Inquiry
10744,39790,2022-08-06,Inquiry
10745,29709,2024-04-03,Inquiry
10746,38982,2025-04-10,Complaint
10747,48642,2025-01-27,Complaint
10748,30057,2024-11-07,Inquiry
10749,33128,2021-07-12,Complaint
10750,4719,2021-10-01,Inquiry
10751,34454,2020-12-03,Complaint
10752,19758,2025-01-15,Inquiry
10753,48409,2023-11-03,Inquiry
10754,22948,2022-12-22,Inquiry
10755,18990,2025-05-23,Inquiry
10756,31743,2021-04-03,Inquiry
10757,15224,2021-02-12,Inquiry
10758,32867,2020-10-21,Inquiry
10759,45145,2024-06-17,Complaint
10760,47494,2020-01-12,Complaint
10761,29534,2022-01-21,Complaint
10762,48918,2023-01-13,Complaint
10763,4181,2025-05-28,Complaint
10764,31499,2020-11-25,Inquiry
10765,31374,2024-02-14,Complaint
10766,4558,2024-10-18,Inquiry
10767,42873,2023-10-20,Complaint
10768,16958,2022-07-07,Inquiry
10769,42049,2025-06-17,Inquiry
10770,23984,2022-05-14,Inquiry
10771,34898,2020-12-22,Complaint
10772,8948,2023-09-26,Complaint
10773,20192,2025-01-24,Inquiry
10774,40760,2024-08-22,Inquiry
10775,43206,2020-08-01,Complaint
10776,37765,2021-02-04,Inquiry
10777,26193,2021-01-11,Complaint
10778,38220,2022-09-30,Complaint
10779,12640,2023-06-28,Complaint
10780,15837,2021-09-03,Complaint
10781,8687,2021-06-23,Inquiry
10782,14597,2022-03-21,Complaint
10783,16904,2023-02-14,Inquiry
10784,47631,2024-05-03,Inquiry
10785,24061,2023-12-22,Complaint
10786,27726,2021-11-27,Inquiry
10787,43127,2024-01-28,Inquiry
10788,22704,2021-06-09,Inquiry
10789,38040,2022-07-11,Complaint
10790,34662,2024-03-22,Inquiry
10791,34484,2022-12-15,Complaint
10792,32602,2021-01-09,Complaint
10793,1627,2023-05-31,Complaint
10794,37626,2023-04-13,Inquiry
10795,44865,2022-06-26,Complaint
10796,23633,2025-04-05,Inquiry
10797,38895,2021-09-14,Inquiry
10798,37118,2023-01-14,Complaint
10799,12783,2022-12-31,Inquiry
10800,16905,2025-05-29,Inquiry
10801,34375,2020-01-16,Complaint
10802,47420,2024-11-18,Inquiry
10803,30049,2021-10-26,Inquiry
10804,22488,2025-04-06,Inquiry
10805,33440,2022-09-16,Inquiry
10806,5810,2021-01-04,Inquiry
10807,41563,2023-04-11,Inquiry
10808,6933,2021-11-20,Complaint
10809,12310,2023-05-19,Inquiry
10810,8512,2023-10-04,Inquiry
10811,45546,2020-04-30,Inquiry
10812,20631,2024-07-26,Inquiry
10813,4670,2022-05-01,Inquiry
10814,8471,2020-10-15,Inquiry
10815,32465,2023-05-01,Inquiry
10816,18949,2022-11-21,Inquiry
10817,24703,2022-03-07,Inquiry
10818,35456,2023-10-13,Inquiry
10819,17485,2022-03-01,Inquiry
10820,40415,2023-05-10,Inquiry
10821,22597,2022-06-26,Inquiry
10822,22943,2024-09-19,Inquiry
10823,16268,2021-04-27,Complaint
10824,29229,2020-06-23,Complaint
10825,19326,2021-04-01,Complaint
10826,22516,2023-01-03,Complaint
10827,10328,2022-06-25,Inquiry
10828,29083,2021-02-25,Inquiry
10829,47716,2021-01-13,Complaint
10830,21401,2021-12-08,Complaint
10831,18915,2021-04-11,Inquiry
10832,49943,2024-04-05,Complaint
10833,39646,2020-01-06,Complaint
10834,20058,2023-09-28,Complaint
10835,45761,2024-02-24,Inquiry
10836,17556,2024-06-26,Complaint
10837,19356,2023-09-12,Inquiry
10838,16694,2020-04-18,Inquiry
10839,39115,2024-04-20,Inquiry
10840,16641,2023-06-08,Complaint
10841,6117,2022-02-21,Complaint
10842,24559,2023-07-12,Complaint
10843,17097,2024-05-01,Complaint
10844,25549,2023-01-14,Complaint
10845,48246,2023-11-19,Complaint
10846,13422,2022-11-06,Inquiry
10847,37396,2020-11-24,Inquiry
10848,15466,2024-12-30,Inquiry
10849,4727,2023-08-18,Inquiry
10850,16756,2020-12-04,Inquiry
10851,38877,2024-11-02,Complaint
10852,14803,2023-10-05,Inquiry
10853,42364,2021-04-14,Inquiry
10854,35625,2024-10-19,Inquiry
10855,29768,2024-12-26,Inquiry
10856,40415,2021-10-13,Inquiry
10857,469,2020-04-09,Inquiry
10858,32355,2023-07-10,Inquiry
10859,4824,2022-06-04,Inquiry
10860,28076,2022-09-27,Complaint
10861,11876,2025-01-31,Inquiry
10862,8144,2024-08-11,Complaint
10863,9637,2021-08-25,Complaint
10864,26633,2022-08-03,Inquiry
10865,2166,2022-10-21,Inquiry
10866,3822,2021-08-12,Complaint
10867,46527,2022-03-27,Inquiry
10868,21231,2023-05-02,Complaint
10869,4170,2020-12-08,Inquiry
10870,5302,2021-10-27,Inquiry
10871,41459,2022-07-09,Inquiry
10872,11507,2021-12-19,Complaint
10873,41010,2022-07-13,Inquiry
10874,45514,2024-05-06,Inquiry
10875,14577,2024-03-14,Inquiry
10876,42686,2021-05-19,Inquiry
10877,8460,2022-08-17,Complaint
10878,2429,2022-07-12,Inquiry
10879,25650,2020-06-15,Inquiry
10880,24380,2024-11-10,Inquiry
10881,1299,2023-09-09,Complaint
10882,47540,2023-05-30,Inquiry
10883,20244,2024-11-09,Inquiry
10884,24318,2020-11-12,Complaint
10885,44746,2021-01-28,Inquiry
10886,18561,2021-05-04,Complaint
10887,42910,2021-06-05,Inquiry
10888,28640,2023-06-26,Complaint
10889,12103,2023-09-27,Complaint
10890,7375,2021-04-08,Inquiry
10891,27312,2023-06-08,Complaint
10892,3403,2022-02-04,Inquiry
10893,48453,2020-09-07,Inquiry
10894,31362,2021-02-27,Inquiry
10895,16799,2025-01-16,Complaint
10896,22286,2020-06-19,Complaint
10897,28841,2025-02-11,Complaint
10898,9071,2025-01-04,Inquiry
10899,6217,2024-06-17,Complaint
10900,4470,2020-01-13,Inquiry
10901,445,2024-11-21,Complaint
10902,46012,2024-04-26,Inquiry
10903,47373,2024-12-22,Complaint
10904,22148,2024-05-13,Inquiry
10905,18042,2025-05-31,Inquiry
10906,31349,2021-11-01,Complaint
10907,29687,2023-10-14,Inquiry
10908,46527,2023-07-30,Complaint
10909,32509,2020-07-08,Complaint
10910,37813,2022-04-04,Inquiry
10911,46440,2021-01-22,Complaint
10912,43356,2021-05-10,Inquiry
10913,19025,2024-10-05,Complaint
10914,48788,2024-05-06,Complaint
10915,46207,2022-05-16,Inquiry
10916,17630,2020-10-21,Inquiry
10917,43922,2021-10-02,Complaint
10918,22089,2024-03-31,Inquiry
10919,20961,2023-05-22,Complaint
10920,42839,2024-04-29,Complaint
10921,5270,2024-02-16,Inquiry
10922,49151,2024-08-24,Complaint
10923,18497,2020-01-22,Inquiry
10924,14358,2025-03-29,Complaint
10925,37892,2023-01-06,Complaint
10926,7175,2020-05-10,Inquiry
10927,8157,2021-07-03,Complaint
10928,2580,2024-10-06,Complaint
10929,3568,2024-03-17,Complaint
10930,12744,2023-11-01,Complaint
10931,46665,2021-07-19,Complaint
10932,14758,2024-07-01,Inquiry
10933,48710,2025-05-13,Inquiry
10934,7839,2022-04-20,Complaint
10935,25222,2023-08-14,Inquiry
10936,29591,2024-09-17,Complaint
10937,29686,2023-04-01,Inquiry
10938,5604,2025-05-22,Inquiry
10939,40442,2020-07-07,Inquiry
10940,20335,2021-07-07,Inquiry
10941,17876,2024-08-17,Inquiry
10942,38714,2022-11-09,Complaint
10943,3639,2023-07-24,Complaint
10944,47713,2023-11-14,Inquiry
10945,31367,2024-06-16,Inquiry
10946,4129,2020-01-22,Complaint
10947,16829,2024-06-22,Inquiry
10948,6820,2023-06-06,Inquiry
10949,18065,2022-05-04,Inquiry
10950,40063,2024-04-13,Inquiry
10951,28793,2024-04-24,Inquiry
10952,685,2022-06-06,Complaint
10953,23726,2024-03-15,Inquiry
10954,42874,2022-11-16,Complaint
10955,2749,2025-04-18,Inquiry
10956,43401,2021-09-02,Inquiry
10957,42587,2022-08-03,Inquiry
10958,13092,2025-02-25,Complaint
10959,16523,2020-05-19,Inquiry
10960,31734,2020-04-19,Inquiry
10961,16280,2024-09-13,Complaint
10962,8179,2020-09-12,Inquiry
10963,8946,2023-08-13,Complaint
10964,36470,2024-05-26,Inquiry
10965,43523,2023-04-17,Complaint
10966,4205,2020-04-07,Inquiry
10967,20326,2021-12-20,Inquiry
10968,24826,2020-12-21,Complaint
10969,25621,2025-05-22,Complaint
10970,31532,2023-02-12,Inquiry
10971,18594,2020-08-29,Inquiry
10972,8234,2024-06-04,Complaint
10973,67,2020-10-07,Complaint
10974,2620,2022-05-27,Complaint
10975,32099,2021-04-18,Inquiry
10976,26627,2025-05-20,Inquiry
10977,3469,2020-05-24,Inquiry
10978,36816,2021-02-25,Complaint
10979,26078,2021-04-30,Inquiry
10980,34096,2022-02-04,Complaint
10981,37001,2021-09-12,Inquiry
10982,21869,2025-04-15,Inquiry
10983,39126,2021-12-17,Inquiry
10984,7245,2025-04-09,Complaint
10985,10948,2025-04-12,Inquiry
10986,40366,2021-07-11,Inquiry
10987,36915,2024-04-06,Inquiry
10988,25630,2022-04-02,Inquiry
10989,10355,2024-03-18,Inquiry
10990,41910,2020-12-11,Inquiry
10991,25026,2023-08-06,Inquiry
10992,28157,2024-07-13,Complaint
10993,40518,2020-09-16,Inquiry
10994,10230,2022-02-08,Complaint
10995,38201,2020-11-09,Inquiry
10996,9783,2022-05-17,Inquiry
10997,26769,2020-05-20,Complaint
10998,36595,2020-09-10,Inquiry
10999,37516,2023-08-09,Complaint
11000,22717,2021-01-27,Complaint
11001,43339,2020-05-15,Inquiry
11002,24850,2022-08-03,Inquiry
11003,20081,2023-04-28,Inquiry
11004,12987,2020-04-06,Inquiry
11005,21271,2020-10-12,Complaint
11006,33565,2024-06-20,Inquiry
11007,45532,2021-08-15,Inquiry
11008,29749,2021-09-27,Complaint
11009,47943,2020-08-14,Complaint
11010,41323,2021-05-16,Inquiry
11011,13750,2023-12-02,Complaint
11012,45840,2021-09-12,Inquiry
11013,8873,2024-09-07,Inquiry
11014,4456,2022-11-11,Inquiry
11015,37947,2020-11-19,Complaint
11016,33526,2020-06-27,Complaint
11017,45355,2022-01-27,Inquiry
11018,49069,2023-05-09,Inquiry
11019,44186,2025-06-04,Complaint
11020,31225,2021-09-19,Complaint
11021,30629,2025-06-09,Inquiry
11022,31247,2023-11-24,Inquiry
11023,15323,2021-07-18,Complaint
11024,48032,2024-08-28,Inquiry
11025,44220,2021-11-18,Inquiry
11026,3720,2020-07-05,Inquiry
11027,32821,2024-12-03,Complaint
11028,25332,2024-01-31,Inquiry
11029,1143,2020-10-27,Complaint
11030,23341,2021-03-20,Inquiry
11031,44521,2020-03-22,Inquiry
11032,8072,2023-06-01,Inquiry
11033,23104,2023-01-03,Complaint
11034,24827,2023-01-22,Inquiry
11035,22870,2021-04-16,Complaint
11036,1856,2021-02-14,Complaint
11037,12838,2022-11-20,Complaint
11038,1718,2023-05-06,Inquiry
11039,12324,2023-05-27,Inquiry
11040,36779,2021-08-13,Inquiry
11041,20000,2021-07-22,Complaint
11042,16985,2021-06-08,Inquiry
11043,32253,2021-11-26,Inquiry
11044,45150,2024-12-03,Complaint
11045,32606,2021-05-26,Inquiry
11046,22854,2021-11-09,Complaint
11047,20330,2020-04-05,Inquiry
11048,976,2023-08-23,Complaint
11049,1755,2025-04-01,Complaint
11050,22743,2022-05-01,Complaint
11051,47636,2025-06-18,Complaint
11052,23139,2021-01-01,Complaint
11053,29203,2022-10-20,Complaint
11054,4242,2023-01-10,Inquiry
11055,19056,2020-05-04,Complaint
11056,38686,2024-05-11,Inquiry
11057,20695,2022-10-19,Complaint
11058,18127,2024-09-05,Inquiry
11059,4376,2020-01-14,Inquiry
11060,20059,2020-02-25,Inquiry
11061,18118,2021-02-05,Inquiry
11062,43455,2025-03-29,Complaint
11063,45321,2020-04-06,Inquiry
11064,16220,2022-01-20,Inquiry
11065,16077,2021-07-19,Inquiry
11066,28195,2023-08-25,Complaint
11067,19819,2022-07-27,Complaint
11068,28706,2023-01-22,Complaint
11069,20432,2022-11-07,Inquiry
11070,1952,2021-01-21,Inquiry
11071,35283,2023-12-30,Inquiry
11072,31654,2023-03-29,Inquiry
11073,30903,2021-01-20,Inquiry
11074,45682,2021-01-06,Inquiry
11075,4397,2020-05-18,Inquiry
11076,32642,2021-05-28,Inquiry
11077,15809,2022-05-12,Complaint
11078,1719,2021-04-27,Inquiry
11079,4586,2023-12-07,Inquiry
11080,22643,2023-05-29,Complaint
11081,42152,2020-04-06,Complaint
11082,31146,2022-06-17,Complaint
11083,4,2020-11-11,Inquiry
11084,41156,2025-01-21,Complaint
11085,28495,2023-02-26,Complaint
11086,684,2025-06-06,Inquiry
11087,13555,2022-01-31,Complaint
11088,1530,2024-03-27,Inquiry
11089,9635,2020-04-21,Complaint
11090,11260,2020-05-12,Complaint
11091,16598,2022-01-19,Complaint
11092,26757,2024-10-07,Complaint
11093,25100,2023-04-18,Complaint
11094,41089,2024-02-24,Complaint
11095,24125,2021-04-25,Inquiry
11096,11138,2025-02-05,Inquiry
11097,25852,2025-05-16,Inquiry
11098,12431,2022-01-10,Inquiry
11099,9346,2020-11-09,Inquiry
11100,8325,2023-03-27,Inquiry
11101,29687,2021-06-13,Inquiry
11102,41009,2024-04-21,Complaint
11103,48558,2024-08-08,Inquiry
11104,16437,2020-06-12,Inquiry
11105,46248,2021-07-20,Inquiry
11106,38805,2022-04-21,Inquiry
11107,37472,2023-08-28,Inquiry
11108,19230,2021-07-25,Inquiry
11109,18692,2023-01-22,Complaint
11110,12506,2021-08-12,Inquiry
11111,47805,2020-12-06,Inquiry
11112,936,2020-08-02,Inquiry
11113,5025,2024-05-01,Inquiry
11114,14664,2020-05-28,Inquiry
11115,46970,2022-07-16,Inquiry
11116,45162,2023-03-27,Complaint
11117,42144,2025-03-02,Inquiry
11118,13183,2022-07-25,Inquiry
11119,41369,2020-02-27,Inquiry
11120,22791,2020-07-08,Inquiry
11121,18065,2022-07-25,Inquiry
11122,4214,2024-05-30,Inquiry
11123,18215,2025-03-26,Complaint
11124,20581,2021-02-05,Complaint
11125,45250,2021-02-25,Complaint
11126,31120,2024-05-01,Inquiry
11127,49060,2025-05-30,Inquiry
11128,981,2021-02-09,Inquiry
11129,28276,2022-12-04,Inquiry
11130,32045,2020-02-24,Inquiry
11131,23155,2021-02-26,Complaint
11132,45853,2020-04-17,Inquiry
11133,15303,2025-06-10,Complaint
11134,38685,2025-05-13,Inquiry
11135,29145,2024-01-21,Complaint
11136,403,2024-02-09,Inquiry
11137,5946,2025-03-13,Complaint
11138,4184,2020-01-16,Inquiry
11139,19855,2023-10-09,Inquiry
11140,42646,2022-04-09,Complaint
11141,13365,2024-01-30,Inquiry
11142,33815,2021-04-02,Complaint
11143,36178,2020-07-22,Inquiry
11144,38119,2022-06-22,Complaint
11145,26176,2025-06-21,Inquiry
11146,2927,2021-02-22,Complaint
11147,5173,2023-12-10,Inquiry
11148,28073,2021-08-23,Inquiry
11149,23725,2025-02-20,Inquiry
11150,46567,2024-11-04,Inquiry
11151,15062,2025-05-19,Inquiry
11152,2862,2023-04-10,Inquiry
11153,9067,2024-06-03,Inquiry
11154,32266,2020-08-20,Complaint
11155,39295,2023-05-27,Inquiry
11156,15006,2025-05-24,Inquiry
11157,10566,2022-10-15,Complaint
11158,20259,2024-08-10,Complaint
11159,47098,2024-11-07,Complaint
11160,42077,2022-12-15,Complaint
11161,3195,2022-04-30,Inquiry
11162,44977,2024-06-04,Complaint
11163,3994,2022-05-12,Inquiry
11164,45643,2021-10-09,Inquiry
11165,49860,2025-05-24,Inquiry
11166,11017,2022-06-02,Inquiry
11167,41289,2022-02-07,Complaint
11168,34010,2023-01-20,Inquiry
11169,29571,2023-04-09,Inquiry
11170,3676,2022-06-03,Inquiry
11171,14696,2021-01-03,Complaint
11172,34595,2023-01-18,Inquiry
11173,16491,2021-07-30,Inquiry
11174,23763,2024-07-17,Inquiry
11175,15446,2022-12-18,Inquiry
11176,8806,2021-04-21,Inquiry
11177,7466,2020-10-23,Complaint
11178,28642,2022-09-11,Inquiry
11179,20199,2024-10-26,Inquiry
11180,27095,2023-11-18,Complaint
11181,29036,2024-02-15,Inquiry
11182,20000,2021-02-24,Inquiry
11183,37879,2022-07-01,Complaint
11184,28041,2022-06-02,Complaint
11185,41697,2020-01-14,Inquiry
11186,13193,2023-01-12,Complaint
11187,33819,2021-06-11,Inquiry
11188,33485,2025-04-07,Inquiry
11189,47986,2020-01-18,Inquiry
11190,38422,2020-08-24,Complaint
11191,48306,2023-12-17,Complaint
11192,27522,2020-01-04,Complaint
11193,11381,2023-05-26,Inquiry
11194,18586,2021-10-14,Inquiry
11195,26376,2020-02-23,Complaint
11196,14963,2021-12-29,Inquiry
11197,14271,2023-07-24,Complaint
11198,31668,2021-01-31,Inquiry
11199,19861,2025-02-19,Inquiry
11200,27871,2020-11-30,Inquiry
11201,49509,2022-03-09,Inquiry
11202,17465,2021-05-31,Complaint
11203,2633,2020-12-06,Complaint
11204,2969,2023-09-26,Complaint
11205,38296,2020-09-21,Inquiry
11206,19056,2022-10-06,Inquiry
11207,2740,2022-12-04,Complaint
11208,14156,2024-01-20,Inquiry
11209,31351,2021-05-25,Inquiry
11210,31406,2023-11-17,Inquiry
11211,48868,2020-05-16,Complaint
11212,45520,2020-07-24,Complaint
11213,17958,2025-05-31,Complaint
11214,13643,2020-01-22,Complaint
11215,18111,2025-05-29,Inquiry
11216,7030,2024-03-09,Complaint
11217,36901,2021-05-30,Complaint
11218,38369,2022-07-27,Inquiry
11219,18758,2024-08-20,Inquiry
11220,11250,2024-01-23,Inquiry
11221,34027,2024-06-24,Inquiry
11222,6136,2023-03-26,Inquiry
11223,33455,2023-03-13,Complaint
11224,29276,2020-01-15,Complaint
11225,797,2022-02-14,Inquiry
11226,19727,2020-11-25,Complaint
11227,48263,2023-07-18,Inquiry
11228,23024,2024-09-19,Inquiry
11229,41327,2023-02-07,Inquiry
11230,2070,2025-05-06,Inquiry
11231,2730,2021-03-31,Inquiry
11232,9043,2021-07-06,Complaint
11233,39231,2022-05-09,Inquiry
11234,1,2025-06-19,Complaint
11235,2180,2024-11-19,Inquiry
11236,33915,2023-05-21,Inquiry
11237,40391,2024-03-03,Inquiry
11238,34025,2021-05-03,Complaint
11239,12423,2020-11-28,Inquiry
11240,14275,2023-04-25,Complaint
11241,1506,2023-08-05,Complaint
11242,23564,2020-08-01,Complaint
11243,44043,2024-09-01,Complaint
11244,38653,2023-07-18,Inquiry
11245,11858,2021-04-14,Inquiry
11246,12226,2021-06-14,Inquiry
11247,10682,2023-04-12,Complaint
11248,11221,2021-04-04,Inquiry
11249,37613,2021-09-15,Inquiry
11250,35532,2022-01-26,Inquiry
11251,1297,2021-04-17,Complaint
11252,33683,2020-08-05,Inquiry
11253,2448,2023-09-30,Inquiry
11254,1427,2023-05-27,Inquiry
11255,11757,2020-08-18,Complaint
11256,37314,2025-05-02,Inquiry
11257,27442,2021-04-22,Complaint
11258,47740,2024-02-01,Inquiry
11259,33047,2022-05-04,Inquiry
11260,3466,2024-12-06,Complaint
11261,5155,2024-05-15,Inquiry
11262,48434,2024-12-27,Complaint
11263,13824,2021-01-20,Complaint
11264,39355,2025-04-14,Inquiry
11265,49704,2023-12-18,Complaint
11266,36776,2022-03-17,Complaint
11267,34620,2020-02-19,Complaint
11268,29072,2021-10-07,Inquiry
11269,18970,2023-12-06,Inquiry
11270,18035,2023-11-20,Inquiry
11271,34734,2023-10-04,Complaint
11272,23631,2020-08-13,Inquiry
11273,9926,2020-10-30,Inquiry
11274,35608,2020-11-07,Inquiry
11275,49814,2020-07-28,Complaint
11276,11186,2021-11-03,Complaint
11277,49952,2022-06-24,Inquiry
11278,46582,2021-10-10,Inquiry
11279,45718,2024-06-25,Inquiry
11280,43193,2022-09-24,Inquiry
11281,31731,2024-01-06,Inquiry
11282,21777,2020-05-29,Inquiry
11283,37492,2023-04-15,Inquiry
11284,36865,2022-06-06,Complaint
11285,14485,2023-05-13,Complaint
11286,23310,2023-05-16,Complaint
11287,49382,2020-08-15,Complaint
11288,5240,2020-03-01,Inquiry
11289,33107,2021-05-11,Complaint
11290,7663,2020-01-31,Inquiry
11291,33372,2021-09-16,Complaint
11292,27443,2025-06-07,Inquiry
11293,48832,2022-10-27,Inquiry
11294,37897,2024-12-18,Complaint
11295,16159,2023-05-30,Inquiry
11296,19323,2021-09-22,Complaint
11297,47662,2023-06-24,Inquiry
11298,42670,2020-01-21,Complaint
11299,37320,2024-09-06,Inquiry
11300,40473,2024-08-22,Inquiry
11301,9750,2020-10-29,Complaint
11302,5334,2021-05-17,Inquiry
11303,22244,2022-04-13,Inquiry
11304,42109,2024-03-10,Inquiry
11305,4265,2025-02-27,Inquiry
11306,35813,2025-01-30,Inquiry
11307,40198,2021-09-09,Inquiry
11308,31245,2022-09-15,Inquiry
11309,31992,2023-04-27,Complaint
11310,32251,2020-03-25,Inquiry
11311,26633,2020-05-24,Complaint
11312,27477,2020-05-30,Inquiry
11313,18320,2020-02-19,Inquiry
11314,49213,2021-12-20,Complaint
11315,12369,2021-03-28,Complaint
11316,14132,2023-09-05,Inquiry
11317,18885,2024-11-06,Inquiry
11318,48621,2022-12-07,Inquiry
11319,10132,2021-05-13,Inquiry
11320,48441,2020-01-13,Inquiry
11321,44277,2020-05-24,Inquiry
11322,21425,2022-08-17,Complaint
11323,34191,2021-08-08,Complaint
11324,13050,2025-05-24,Complaint
11325,14679,2025-02-18,Complaint
11326,4921,2023-10-06,Inquiry
11327,49288,2020-01-25,Inquiry
11328,38132,2022-02-26,Inquiry
11329,26886,2022-06-05,Complaint
11330,22449,2023-06-07,Inquiry
11331,43510,2021-07-24,Complaint
11332,21211,2022-01-06,Inquiry
11333,31144,2024-09-28,Complaint
11334,30495,2022-11-10,Complaint
11335,4167,2023-05-10,Inquiry
11336,43489,2023-11-07,Inquiry
11337,25700,2023-01-12,Inquiry
11338,33170,2020-08-29,Inquiry
11339,23988,2024-02-05,Inquiry
11340,14060,2023-08-05,Complaint
11341,42078,2022-08-31,Complaint
11342,8906,2025-06-05,Inquiry
11343,26072,2021-08-28,Inquiry
11344,11299,2022-04-03,Inquiry
11345,37042,2025-04-09,Complaint
11346,27523,2022-11-01,Inquiry
11347,26697,2023-04-23,Complaint
11348,4048,2022-09-06,Inquiry
11349,6242,2024-10-06,Inquiry
11350,11713,2020-11-08,Complaint
11351,32003,2020-12-20,Complaint
11352,33369,2023-10-03,Inquiry
11353,37900,2022-08-21,Inquiry
11354,23163,2022-09-11,Complaint
11355,31566,2022-10-16,Inquiry
11356,41885,2021-05-12,Inquiry
11357,39609,2020-03-15,Inquiry
11358,12060,2024-09-09,Complaint
11359,16171,2023-03-24,Inquiry
11360,13640,2024-05-15,Complaint
11361,19694,2024-11-01,Inquiry
11362,39173,2022-02-11,Complaint
11363,13633,2021-04-09,Inquiry
11364,1485,2025-03-06,Inquiry
11365,37929,2025-03-05,Complaint
11366,31419,2022-01-02,Inquiry
11367,11606,2025-02-19,Inquiry
11368,34000,2020-07-13,Inquiry
11369,29791,2020-05-11,Complaint
11370,21053,2021-08-17,Inquiry
11371,10819,2022-10-06,Inquiry
11372,4041,2020-12-22,Inquiry
11373,1460,2021-06-08,Complaint
11374,22878,2021-05-29,Complaint
11375,24036,2022-04-18,Complaint
11376,1954,2024-06-06,Complaint
11377,47260,2022-09-23,Inquiry
11378,23098,2020-09-27,Complaint
11379,6927,2020-08-28,Inquiry
11380,27387,2024-03-14,Inquiry
11381,20755,2021-04-24,Complaint
11382,10528,2025-04-22,Complaint
11383,20440,2024-08-21,Complaint
11384,24026,2022-02-21,Complaint
11385,24679,2020-04-16,Complaint
11386,45281,2025-05-21,Inquiry
11387,19842,2023-05-17,Inquiry
11388,14648,2023-04-20,Complaint
11389,42064,2020-11-06,Inquiry
11390,41134,2021-07-23,Complaint
11391,28957,2023-01-09,Inquiry
11392,20571,2024-06-09,Inquiry
11393,13773,2020-07-02,Inquiry
11394,21250,2021-01-01,Inquiry
11395,97,2024-10-25,Inquiry
11396,27045,2021-03-22,Inquiry
11397,11582,2022-08-17,Complaint
11398,38452,2023-04-01,Inquiry
11399,11331,2024-07-01,Inquiry
11400,35577,2023-02-06,Inquiry
11401,40625,2023-08-03,Inquiry
11402,6308,2023-06-20,Inquiry
11403,46233,2024-04-03,Complaint
11404,14574,2020-12-17,Inquiry
11405,31700,2023-10-27,Inquiry
11406,17621,2021-08-18,Inquiry
11407,27492,2025-05-31,Inquiry
11408,377,2024-05-27,Complaint
11409,41564,2021-03-12,Inquiry
11410,34642,2020-07-14,Inquiry
11411,1290,2023-02-08,Inquiry
11412,32129,2023-11-17,Inquiry
11413,2692,2025-04-13,Complaint
11414,45338,2024-05-02,Inquiry
11415,23861,2024-06-18,Inquiry
11416,44405,2023-01-28,Inquiry
11417,33815,2021-08-31,Inquiry
11418,17154,2021-06-18,Complaint
11419,2292,2024-06-29,Inquiry
11420,40833,2022-04-24,Inquiry
11421,6075,2020-08-11,Inquiry
11422,44233,2024-04-09,Inquiry
11423,49492,2020-08-03,Inquiry
11424,10165,2020-07-03,Inquiry
11425,24653,2021-02-23,Complaint
11426,9258,2021-06-21,Complaint
11427,6809,2022-03-05,Inquiry
11428,43146,2021-11-06,Complaint
11429,4497,2021-06-27,Inquiry
11430,49285,2021-02-14,Inquiry
11431,12379,2024-12-10,Inquiry
11432,42637,2024-09-05,Complaint
11433,29729,2025-05-22,Complaint
11434,27757,2021-04-07,Complaint
11435,36287,2023-11-06,Inquiry
11436,22589,2020-12-23,Inquiry
11437,11877,2025-05-07,Inquiry
11438,49636,2021-04-19,Complaint
11439,38806,2023-01-17,Inquiry
11440,22578,2023-08-02,Inquiry
11441,41868,2023-02-25,Complaint
11442,16214,2021-11-03,Complaint
11443,2566,2021-09-22,Complaint
11444,13112,2024-09-02,Complaint
11445,3673,2021-01-26,Inquiry
11446,12272,2020-11-20,Inquiry
11447,8452,2020-01-14,Inquiry
11448,5642,2020-08-12,Complaint
11449,23513,2025-01-26,Inquiry
11450,8210,2023-10-24,Inquiry
11451,40051,2022-11-10,Inquiry
11452,44654,2022-01-06,Inquiry
11453,9034,2021-06-24,Inquiry
11454,16131,2021-08-07,Inquiry
11455,39973,2020-12-27,Complaint
11456,30142,2023-01-19,Inquiry
11457,6635,2022-09-16,Complaint
11458,21410,2023-03-06,Complaint
11459,8071,2023-01-24,Inquiry
11460,33049,2020-12-26,Complaint
11461,19909,2024-02-03,Inquiry
11462,244,2024-05-28,Complaint
11463,46814,2024-11-23,Inquiry
11464,23937,2021-03-21,Inquiry
11465,29433,2025-01-22,Inquiry
11466,32623,2020-01-28,Inquiry
11467,33263,2020-01-29,Inquiry
11468,42063,2020-08-22,Inquiry
11469,48413,2022-09-29,Complaint
11470,38587,2025-05-22,Inquiry
11471,30873,2024-10-19,Inquiry
11472,20495,2024-07-10,Inquiry
11473,12102,2024-05-05,Complaint
11474,25375,2020-07-05,Complaint
11475,5171,2022-05-14,Inquiry
11476,44675,2025-01-06,Complaint
11477,35534,2024-04-03,Inquiry
11478,40065,2022-03-01,Complaint
11479,4282,2025-02-02,Complaint
11480,33954,2024-10-24,Complaint
11481,25512,2024-04-12,Inquiry
11482,37662,2022-04-21,Inquiry
11483,13224,2021-09-22,Inquiry
11484,29894,2025-02-06,Inquiry
11485,36705,2021-04-24,Complaint
11486,8305,2024-04-18,Inquiry
11487,18830,2022-07-02,Inquiry
11488,11020,2021-06-28,Inquiry
11489,49588,2023-08-27,Complaint
11490,38661,2023-09-23,Complaint
11491,37143,2020-10-12,Complaint
11492,32896,2022-10-23,Inquiry
11493,3901,2023-03-19,Inquiry
11494,39078,2024-03-01,Inquiry
11495,41179,2023-06-28,Complaint
11496,27981,2022-06-30,Complaint
11497,13317,2021-10-10,Inquiry
11498,42308,2024-02-13,Complaint
11499,38538,2025-02-14,Complaint
11500,49645,2020-08-07,Complaint
11501,42037,2022-11-28,Inquiry
11502,25053,2023-02-23,Inquiry
11503,12621,2021-04-11,Inquiry
11504,46271,2020-09-10,Inquiry
11505,42132,2023-06-05,Inquiry
11506,38618,2020-03-03,Complaint
11507,19902,2022-05-18,Complaint
11508,19047,2020-05-04,Inquiry
11509,48764,2020-05-02,Inquiry
11510,41484,2022-06-02,Inquiry
11511,5842,2021-11-03,Inquiry
11512,18745,2024-02-21,Complaint
11513,4149,2024-07-16,Inquiry
11514,36701,2023-11-23,Inquiry
11515,34972,2020-10-07,Inquiry
11516,29347,2022-11-20,Inquiry
11517,12997,2025-01-25,Complaint
11518,35641,2023-04-10,Complaint
11519,386,2020-02-19,Complaint
11520,7752,2022-09-28,Inquiry
11521,9616,2023-07-02,Inquiry
11522,46167,2025-04-19,Inquiry
11523,16507,2023-09-14,Inquiry
11524,9552,2023-05-06,Complaint
11525,15486,2021-03-09,Complaint
11526,11103,2023-08-02,Complaint
11527,23984,2022-11-29,Inquiry
11528,48400,2025-01-07,Inquiry
11529,41443,2021-05-21,Inquiry
11530,8291,2023-01-05,Inquiry
11531,14585,2023-11-09,Complaint
11532,16539,2024-07-05,Complaint
11533,17619,2024-09-23,Inquiry
11534,32614,2023-08-14,Inquiry
11535,3716,2021-12-17,Inquiry
11536,6379,2021-06-30,Inquiry
11537,26,2021-08-31,Inquiry
11538,28483,2024-07-11,Inquiry
11539,29637,2020-02-15,Complaint
11540,2245,2023-07-21,Inquiry
11541,39265,2023-01-07,Inquiry
11542,46560,2020-07-04,Inquiry
11543,847,2020-04-11,Complaint
11544,7479,2021-04-07,Complaint
11545,24535,2020-07-10,Complaint
11546,7430,2023-10-21,Inquiry
11547,8014,2021-01-26,Complaint
11548,3130,2021-05-05,Inquiry
11549,23794,2020-10-13,Inquiry
11550,34300,2021-06-09,Inquiry
11551,21151,2025-04-24,Complaint
11552,4186,2020-11-22,Complaint
11553,8177,2022-04-02,Complaint
11554,48068,2021-11-06,Inquiry
11555,6483,2021-09-14,Inquiry
11556,26113,2022-07-23,Complaint
11557,18441,2020-06-02,Complaint
11558,47752,2020-06-12,Inquiry
11559,15192,2020-07-25,Inquiry
11560,46728,2025-05-09,Complaint
11561,21013,2020-08-21,Inquiry
11562,2565,2023-09-01,Inquiry
11563,1020,2024-03-12,Complaint
11564,18776,2020-10-08,Complaint
11565,6616,2024-07-01,Inquiry
11566,43058,2020-10-15,Complaint
11567,10594,2024-11-26,Inquiry
11568,1958,2021-05-09,Inquiry
11569,19679,2022-05-13,Inquiry
11570,10588,2021-02-03,Complaint
11571,20447,2025-04-04,Inquiry
11572,19371,2022-08-18,Inquiry
11573,19700,2022-05-26,Complaint
11574,12418,2021-01-18,Inquiry
11575,44691,2022-08-15,Complaint
11576,11532,2023-05-21,Inquiry
11577,38409,2023-07-18,Inquiry
11578,3254,2024-04-12,Complaint
11579,4317,2020-06-11,Complaint
11580,49881,2020-01-06,Inquiry
11581,33595,2021-10-08,Complaint
11582,24115,2024-08-18,Complaint
11583,49464,2022-08-03,Inquiry
11584,25918,2024-01-29,Complaint
11585,13082,2024-11-18,Inquiry
11586,33882,2021-04-29,Inquiry
11587,35276,2020-10-19,Complaint
11588,10149,2024-11-23,Inquiry
11589,42327,2023-12-09,Inquiry
11590,33423,2020-01-07,Complaint
11591,12105,2025-01-18,Complaint
11592,36440,2022-07-22,Complaint
11593,367,2020-08-20,Complaint
11594,30999,2023-04-07,Complaint
11595,37039,2020-08-26,Inquiry
11596,16051,2023-10-03,Complaint
11597,6430,2022-11-30,Complaint
11598,23923,2020-12-23,Inquiry
11599,17375,2021-03-18,Complaint
11600,3697,2023-06-26,Inquiry
11601,6535,2022-06-27,Inquiry
11602,37918,2020-01-12,Inquiry
11603,13436,2023-03-23,Inquiry
11604,8569,2025-06-21,Inquiry
11605,19333,2020-07-29,Complaint
11606,23391,2020-06-30,Complaint
11607,11770,2022-01-16,Complaint
11608,13551,2023-06-25,Complaint
11609,36213,2021-03-05,Inquiry
11610,46614,2020-06-10,Inquiry
11611,28737,2021-04-23,Inquiry
11612,34824,2024-07-07,Inquiry
11613,37365,2023-02-06,Complaint
11614,8849,2024-01-03,Inquiry
11615,20197,2020-12-02,Inquiry
11616,12138,2023-04-23,Inquiry
11617,30478,2020-02-04,Inquiry
11618,6882,2021-06-12,Inquiry
11619,32133,2023-12-11,Complaint
11620,11050,2020-02-24,Inquiry
11621,25304,2022-01-07,Inquiry
11622,47044,2024-08-08,Complaint
11623,35989,2021-11-04,Complaint
11624,34073,2022-01-07,Complaint
11625,34196,2022-05-06,Complaint
11626,25515,2021-01-24,Complaint
11627,3616,2022-10-10,Complaint
11628,9954,2021-05-04,Inquiry
11629,44371,2023-10-25,Inquiry
11630,11777,2023-04-28,Inquiry
11631,46246,2025-06-10,Inquiry
11632,25425,2024-03-13,Inquiry
11633,18282,2020-04-11,Complaint
11634,13778,2021-03-20,Complaint
11635,27177,2024-07-11,Complaint
11636,13799,2024-01-10,Inquiry
11637,34288,2022-07-06,Inquiry
11638,16651,2022-07-04,Inquiry
11639,47437,2020-08-04,Inquiry
11640,3400,2024-07-31,Complaint
11641,5856,2024-05-09,Inquiry
11642,24632,2021-04-09,Inquiry
11643,47789,2023-05-16,Inquiry
11644,33804,2025-05-29,Complaint
11645,14524,2023-06-04,Inquiry
11646,7564,2020-03-05,Complaint
11647,26979,2021-09-19,Inquiry
11648,19207,2020-12-05,Inquiry
11649,26195,2022-05-10,Inquiry
11650,13272,2024-12-11,Inquiry
11651,30726,2021-04-10,Inquiry
11652,18979,2022-07-12,Inquiry
11653,22785,2021-02-03,Complaint
11654,7720,2023-05-16,Complaint
11655,9071,2021-03-19,Inquiry
11656,18300,2021-03-16,Complaint
11657,12456,2023-01-03,Inquiry
11658,38681,2021-06-10,Inquiry
11659,16263,2025-01-15,Inquiry
11660,39169,2020-05-28,Complaint
11661,29150,2020-02-17,Complaint
11662,34944,2020-08-25,Inquiry
11663,44167,2021-02-18,Complaint
11664,13283,2023-10-12,Complaint
11665,47030,2022-08-17,Complaint
11666,15645,2023-04-25,Complaint
11667,4198,2023-06-01,Inquiry
11668,15814,2020-03-18,Inquiry
11669,40548,2021-07-03,Inquiry
11670,18784,2021-12-23,Inquiry
11671,37396,2024-10-16,Complaint
11672,25172,2024-02-28,Inquiry
11673,29627,2020-06-13,Inquiry
11674,9692,2021-02-01,Inquiry
11675,21598,2020-03-02,Inquiry
11676,43055,2021-12-10,Inquiry
11677,32314,2022-12-06,Complaint
11678,41669,2025-06-18,Complaint
11679,33554,2021-10-01,Inquiry
11680,3334,2022-01-05,Complaint
11681,41159,2020-03-10,Inquiry
11682,9219,2022-03-17,Inquiry
11683,37221,2022-04-18,Inquiry
11684,41343,2025-02-18,Inquiry
11685,15124,2021-05-25,Complaint
11686,2266,2022-05-30,Inquiry
11687,19140,2023-09-22,Complaint
11688,46687,2024-04-17,Complaint
11689,3890,2025-01-16,Complaint
11690,28377,2022-12-04,Inquiry
11691,18833,2020-02-03,Inquiry
11692,5480,2020-02-16,Inquiry
11693,23694,2022-09-30,Inquiry
11694,45473,2024-10-06,Complaint
11695,14926,2020-02-06,Complaint
11696,48943,2025-03-23,Inquiry
11697,875,2022-01-10,Complaint
11698,48102,2020-05-10,Inquiry
11699,28902,2024-01-15,Inquiry
11700,48107,2022-04-24,Complaint
11701,33464,2024-12-06,Inquiry
11702,36817,2021-10-22,Inquiry
11703,48609,2021-08-13,Inquiry
11704,2574,2021-04-11,Inquiry
11705,23581,2020-03-12,Inquiry
11706,28188,2023-02-15,Complaint
11707,45880,2020-11-06,Inquiry
11708,17283,2023-06-15,Complaint
11709,26726,2025-02-01,Complaint
11710,5624,2024-05-18,Complaint
11711,26790,2021-12-22,Inquiry
11712,13344,2020-09-14,Complaint
11713,21235,2023-08-05,Complaint
11714,26806,2024-04-23,Complaint
11715,30652,2021-07-30,Complaint
11716,21877,2023-05-01,Complaint
11717,20681,2023-09-01,Complaint
11718,40429,2022-11-06,Inquiry
11719,49968,2025-02-11,Inquiry
11720,39602,2023-01-25,Inquiry
11721,1762,2020-03-31,Complaint
11722,14117,2023-08-30,Complaint
11723,11643,2022-07-15,Inquiry
11724,3945,2023-01-24,Inquiry
11725,41839,2022-10-26,Complaint
11726,17337,2023-11-07,Inquiry
11727,28183,2024-05-05,Complaint
11728,43099,2022-08-03,Inquiry
11729,30538,2021-12-07,Complaint
11730,23376,2023-01-21,Inquiry
11731,7544,2022-04-03,Inquiry
11732,24863,2023-03-08,Complaint
11733,18988,2020-08-05,Complaint
11734,41458,2022-05-17,Inquiry
11735,11448,2022-10-27,Complaint
11736,5508,2021-03-09,Complaint
11737,12003,2022-10-19,Inquiry
11738,3618,2021-11-28,Inquiry
11739,47438,2020-02-03,Inquiry
11740,38701,2025-04-10,Complaint
11741,9921,2020-05-09,Inquiry
11742,43150,2021-11-05,Inquiry
11743,1343,2024-10-10,Complaint
11744,21002,2023-08-08,Inquiry
11745,23970,2023-12-05,Complaint
11746,27214,2021-09-11,Inquiry
11747,40511,2021-10-27,Complaint
11748,16189,2025-02-04,Complaint
11749,22072,2024-05-26,Inquiry
11750,49733,2024-12-12,Inquiry
11751,5491,2023-07-10,Inquiry
11752,26434,2021-10-09,Complaint
11753,37819,2020-05-02,Inquiry
11754,446,2022-10-21,Complaint
11755,33860,2021-04-09,Complaint
11756,1842,2024-10-21,Inquiry
11757,48656,2023-02-01,Inquiry
11758,41975,2021-01-08,Inquiry
11759,32336,2024-05-28,Complaint
11760,20235,2021-08-20,Inquiry
11761,18734,2024-02-20,Complaint
11762,25284,2020-02-01,Inquiry
11763,4398,2020-10-10,Complaint
11764,39360,2020-02-21,Complaint
11765,812,2023-03-30,Complaint
11766,22382,2021-09-06,Complaint
11767,28358,2022-02-24,Complaint
11768,46472,2022-05-04,Complaint
11769,37684,2023-10-15,Inquiry
11770,23494,2024-06-16,Inquiry
11771,41194,2024-08-12,Complaint
11772,40678,2020-12-31,Inquiry
11773,38175,2020-08-21,Complaint
11774,35557,2023-12-28,Inquiry
11775,12516,2020-09-03,Inquiry
11776,44747,2021-02-01,Inquiry
11777,20560,2020-04-30,Inquiry
11778,24939,2020-06-18,Inquiry
11779,4021,2020-07-27,Complaint
11780,11432,2020-07-16,Inquiry
11781,2946,2020-04-12,Complaint
11782,28684,2022-06-02,Inquiry
11783,42494,2024-07-12,Complaint
11784,29728,2020-08-30,Complaint
11785,42892,2022-03-20,Inquiry
11786,25758,2023-01-06,Complaint
11787,8483,2020-06-05,Inquiry
11788,9774,2024-02-21,Inquiry
11789,15301,2020-02-18,Inquiry
11790,32244,2022-02-19,Inquiry
11791,2047,2023-12-14,Inquiry
11792,29694,2021-07-05,Inquiry
11793,23663,2020-04-24,Complaint
11794,17169,2023-11-30,Complaint
11795,154,2022-02-25,Complaint
11796,37853,2021-07-31,Complaint
11797,20148,2020-02-13,Inquiry
11798,3524,2023-04-22,Complaint
11799,48012,2022-09-06,Complaint
11800,17827,2020-09-05,Inquiry
11801,48668,2020-05-30,Inquiry
11802,39767,2020-10-05,Complaint
11803,10295,2023-04-24,Inquiry
11804,34641,2020-12-08,Complaint
11805,8983,2021-05-10,Inquiry
11806,43313,2020-06-21,Inquiry
11807,6746,2022-02-26,Complaint
11808,15739,2025-06-01,Inquiry
11809,7657,2022-09-14,Inquiry
11810,5894,2020-12-18,Inquiry
11811,37036,2022-09-14,Complaint
11812,10250,2025-04-16,Inquiry
11813,30623,2021-09-14,Inquiry
11814,36339,2020-09-15,Complaint
11815,38567,2021-12-30,Inquiry
11816,38521,2024-07-15,Complaint
11817,4794,2020-07-14,Inquiry
11818,18507,2021-11-18,Inquiry
11819,39243,2022-04-04,Complaint
11820,5118,2021-04-10,Complaint
11821,22373,2021-12-15,Inquiry
11822,24083,2022-05-21,Inquiry
11823,33922,2023-09-13,Inquiry
11824,34457,2020-04-22,Complaint
11825,47234,2021-05-30,Inquiry
11826,14194,2020-12-24,Complaint
11827,9283,2020-09-29,Inquiry
11828,46975,2025-04-17,Complaint
11829,14171,2022-11-10,Complaint
11830,13110,2022-08-25,Inquiry
11831,30258,2023-02-24,Inquiry
11832,26065,2022-08-22,Inquiry
11833,9279,2025-03-02,Inquiry
11834,49033,2024-09-13,Inquiry
11835,191,2025-02-15,Complaint
11836,23378,2023-12-30,Inquiry
11837,41303,2024-03-23,Inquiry
11838,27984,2022-11-27,Inquiry
11839,77,2022-11-24,Inquiry
11840,17697,2023-09-02,Inquiry
11841,26118,2021-07-15,Inquiry
11842,45886,2020-07-13,Complaint
11843,13326,2023-10-16,Inquiry
11844,4073,2025-03-27,Complaint
11845,27366,2021-07-10,Inquiry
11846,34102,2024-12-16,Complaint
11847,19299,2023-03-12,Complaint
11848,4731,2024-09-11,Inquiry
11849,6840,2025-01-08,Inquiry
11850,43598,2021-08-27,Inquiry
11851,11885,2023-06-03,Inquiry
11852,6467,2023-08-02,Inquiry
11853,4090,2024-12-12,Complaint
11854,46929,2024-03-06,Inquiry
11855,25042,2024-06-04,Complaint
11856,47393,2023-02-14,Inquiry
11857,18998,2022-04-29,Inquiry
11858,11205,2024-11-19,Inquiry
11859,44901,2021-09-22,Inquiry
11860,24349,2023-10-19,Inquiry
11861,12700,2023-02-04,Complaint
11862,46731,2022-11-15,Complaint
11863,4779,2020-09-09,Inquiry
11864,4641,2021-12-08,Complaint
11865,22871,2020-01-13,Complaint
11866,41645,2024-12-07,Complaint
11867,10560,2020-04-19,Inquiry
11868,18664,2020-06-27,Inquiry
11869,43488,2024-09-13,Inquiry
11870,39877,2023-12-02,Inquiry
11871,4042,2025-04-25,Inquiry
11872,2820,2020-12-11,Complaint
11873,20787,2024-12-15,Inquiry
11874,45394,2023-01-22,Complaint
11875,3646,2023-10-26,Complaint
11876,5566,2022-07-16,Complaint
11877,33556,2024-06-29,Inquiry
11878,30453,2023-04-01,Complaint
11879,18249,2022-12-08,Inquiry
11880,42854,2020-12-16,Complaint
11881,12601,2020-06-28,Complaint
11882,42001,2023-02-12,Complaint
11883,2341,2023-02-20,Inquiry
11884,28551,2022-03-21,Inquiry
11885,26748,2025-01-19,Inquiry
11886,14352,2020-07-06,Complaint
11887,43868,2025-05-07,Complaint
11888,8585,2021-04-10,Complaint
11889,13969,2022-04-21,Complaint
11890,9721,2025-03-04,Inquiry
11891,45551,2023-10-31,Inquiry
11892,49475,2025-04-21,Inquiry
11893,27422,2024-07-06,Complaint
11894,18784,2024-08-28,Inquiry
11895,5824,2024-05-15,Complaint
11896,31343,2023-04-17,Inquiry
11897,37418,2025-06-10,Complaint
11898,8065,2020-10-08,Inquiry
11899,486,2020-08-03,Inquiry
11900,13474,2024-09-25,Inquiry
11901,4432,2024-10-30,Complaint
11902,42556,2025-04-24,Complaint
11903,26275,2024-01-11,Inquiry
11904,48039,2022-11-01,Inquiry
11905,36856,2020-09-10,Inquiry
11906,1735,2021-01-06,Inquiry
11907,36696,2023-01-24,Complaint
11908,26916,2022-01-23,Inquiry
11909,38225,2020-03-09,Inquiry
11910,13382,2022-02-04,Inquiry
11911,36625,2020-07-11,Complaint
11912,22569,2021-12-26,Inquiry
11913,29553,2021-09-03,Complaint
11914,48452,2024-02-11,Complaint
11915,23479,2022-11-05,Complaint
11916,27251,2020-09-18,Complaint
11917,46782,2025-01-21,Complaint
11918,5451,2023-12-16,Inquiry
11919,15403,2024-10-15,Complaint
11920,30816,2022-07-28,Complaint
11921,23769,2025-01-10,Inquiry
11922,33440,2021-07-04,Complaint
11923,25786,2025-06-22,Complaint
11924,28667,2024-06-20,Complaint
11925,11746,2025-04-13,Complaint
11926,23832,2023-01-02,Inquiry
11927,39614,2024-02-03,Inquiry
11928,18278,2022-10-12,Complaint
11929,11240,2021-04-01,Inquiry
11930,10863,2020-03-06,Complaint
11931,1023,2023-11-15,Inquiry
11932,47336,2023-05-02,Complaint
11933,49697,2020-03-28,Inquiry
11934,14629,2025-01-09,Inquiry
11935,19240,2024-10-04,Complaint
11936,25501,2021-01-09,Inquiry
11937,2678,2022-08-30,Inquiry
11938,27348,2021-08-18,Complaint
11939,47959,2023-01-08,Inquiry
11940,32829,2022-07-29,Inquiry
11941,26930,2020-11-26,Inquiry
11942,4707,2020-09-20,Complaint
11943,23269,2024-03-20,Inquiry
11944,31006,2021-03-08,Inquiry
11945,22162,2020-12-05,Inquiry
11946,3273,2023-12-30,Inquiry
11947,29049,2020-12-28,Complaint
11948,27653,2024-06-02,Inquiry
11949,12562,2024-07-03,Complaint
11950,24257,2025-02-15,Inquiry
11951,39486,2021-05-04,Inquiry
11952,15156,2022-10-07,Complaint
11953,12006,2021-02-19,Inquiry
11954,26544,2020-05-20,Inquiry
11955,6782,2023-12-21,Inquiry
11956,18069,2023-01-06,Inquiry
11957,38983,2022-07-06,Complaint
11958,4687,2023-11-17,Inquiry
11959,34281,2022-07-12,Inquiry
11960,26224,2021-10-23,Inquiry
11961,38406,2025-04-16,Complaint
11962,46192,2022-11-07,Inquiry
11963,25493,2020-06-02,Inquiry
11964,38654,2023-10-24,Complaint
11965,18598,2021-03-27,Inquiry
11966,5765,2024-04-12,Inquiry
11967,37694,2024-05-29,Complaint
11968,21642,2020-07-27,Inquiry
11969,45379,2025-06-13,Inquiry
11970,14506,2024-11-19,Inquiry
11971,21429,2021-03-31,Inquiry
11972,34377,2024-08-03,Inquiry
11973,3099,2023-02-16,Inquiry
11974,27849,2024-05-04,Inquiry
11975,12438,2020-09-30,Inquiry
11976,36779,2023-12-13,Complaint
11977,11558,2025-04-01,Inquiry
11978,37536,2022-03-02,Inquiry
11979,46137,2023-07-17,Inquiry
11980,39195,2021-08-16,Inquiry
11981,28542,2022-01-15,Inquiry
11982,30408,2023-12-28,Complaint
11983,27159,2024-09-27,Inquiry
11984,30806,2022-12-29,Complaint
11985,13199,2021-09-10,Complaint
11986,35562,2023-03-31,Complaint
11987,25658,2024-07-14,Inquiry
11988,31653,2022-06-12,Inquiry
11989,39728,2021-10-26,Inquiry
11990,24838,2020-08-12,Inquiry
11991,13265,2022-03-23,Inquiry
11992,19519,2020-01-01,Complaint
11993,45997,2020-02-27,Complaint
11994,38000,2023-05-25,Inquiry
11995,34118,2023-04-14,Inquiry
11996,848,2023-11-25,Complaint
11997,21467,2024-01-02,Inquiry
11998,37453,2021-04-19,Inquiry
11999,25936,2022-11-26,Complaint
12000,13860,2024-03-09,Complaint
12001,22629,2020-07-10,Inquiry
12002,21124,2022-01-11,Inquiry
12003,30997,2021-02-07,Complaint
12004,44175,2024-08-24,Inquiry
12005,45934,2022-06-17,Inquiry
12006,43796,2023-09-15,Inquiry
12007,8412,2020-07-02,Complaint
12008,41898,2022-11-23,Inquiry
12009,14854,2020-01-23,Complaint
12010,22771,2024-01-23,Inquiry
12011,41125,2025-02-17,Inquiry
12012,2051,2021-11-13,Inquiry
12013,22126,2023-08-04,Complaint
12014,49104,2024-10-24,Inquiry
12015,8919,2025-01-31,Complaint
12016,40284,2020-02-27,Inquiry
12017,42115,2021-04-21,Inquiry
12018,18797,2024-09-21,Inquiry
12019,10016,2021-01-06,Inquiry
12020,12418,2023-11-01,Inquiry
12021,49233,2021-02-26,Complaint
12022,37027,2021-03-16,Complaint
12023,28185,2024-02-01,Inquiry
12024,20392,2021-06-12,Complaint
12025,9274,2023-12-13,Inquiry
12026,20389,2021-05-28,Inquiry
12027,15071,2021-05-19,Complaint
12028,43537,2020-05-25,Complaint
12029,697,2020-03-11,Inquiry
12030,16183,2023-03-25,Inquiry
12031,8750,2023-12-24,Complaint
12032,49072,2024-07-26,Complaint
12033,4731,2020-04-07,Inquiry
12034,41991,2024-10-20,Complaint
12035,27625,2020-01-19,Inquiry
12036,871,2020-01-28,Inquiry
12037,42518,2022-01-29,Complaint
12038,29054,2020-10-16,Inquiry
12039,42285,2021-05-31,Inquiry
12040,39329,2023-06-06,Inquiry
12041,17321,2023-03-27,Complaint
12042,22226,2020-05-31,Inquiry
12043,45535,2023-10-12,Inquiry
12044,36872,2022-09-05,Complaint
12045,45941,2020-10-01,Complaint
12046,38727,2021-06-15,Complaint
12047,18822,2022-12-10,Inquiry
12048,14296,2022-01-22,Inquiry
12049,1671,2024-12-28,Inquiry
12050,45544,2022-01-30,Inquiry
12051,23525,2024-03-28,Inquiry
12052,8919,2020-12-13,Inquiry
12053,17419,2025-06-03,Complaint
12054,29722,2023-12-18,Inquiry
12055,20840,2022-02-03,Complaint
12056,38714,2022-02-06,Inquiry
12057,45833,2025-01-29,Inquiry
12058,16385,2025-06-05,Complaint
12059,46398,2024-04-03,Inquiry
12060,38186,2024-04-01,Inquiry
12061,40355,2020-08-03,Complaint
12062,39059,2023-05-16,Inquiry
12063,39055,2023-02-05,Complaint
12064,41271,2020-09-29,Inquiry
12065,29087,2022-10-18,Inquiry
12066,1518,2023-02-28,Complaint
12067,32424,2024-08-08,Inquiry
12068,43159,2023-11-06,Inquiry
12069,31518,2020-09-26,Inquiry
12070,16812,2022-09-29,Inquiry
12071,47321,2025-06-05,Inquiry
12072,46286,2023-02-28,Inquiry
12073,38133,2024-04-09,Inquiry
12074,21109,2022-05-25,Inquiry
12075,25181,2020-09-19,Complaint
12076,9169,2020-04-12,Inquiry
12077,46134,2022-03-03,Inquiry
12078,7232,2022-06-07,Complaint
12079,6953,2023-02-11,Inquiry
12080,2966,2025-04-20,Complaint
12081,27854,2021-12-16,Inquiry
12082,21759,2022-06-05,Inquiry
12083,491,2022-04-18,Inquiry
12084,26049,2021-08-26,Inquiry
12085,10974,2024-11-18,Inquiry
12086,8934,2023-03-31,Inquiry
12087,46564,2020-06-25,Complaint
12088,9898,2021-01-05,Inquiry
12089,6646,2023-07-30,Complaint
12090,35904,2025-02-25,Complaint
12091,37713,2023-04-26,Inquiry
12092,17345,2020-10-17,Inquiry
12093,34268,2024-11-22,Inquiry
12094,35601,2024-01-08,Inquiry
12095,46421,2025-03-28,Complaint
12096,41757,2021-08-03,Complaint
12097,343,2023-07-11,Inquiry
12098,23599,2023-07-17,Complaint
12099,31992,2022-10-02,Complaint
12100,29057,2024-10-10,Inquiry
12101,1287,2023-08-07,Inquiry
12102,16159,2020-04-20,Inquiry
12103,8497,2021-04-14,Inquiry
12104,3070,2020-07-10,Complaint
12105,42490,2024-10-05,Inquiry
12106,17533,2022-08-21,Inquiry
12107,43338,2022-06-26,Inquiry
12108,10026,2020-08-05,Complaint
12109,5136,2023-04-23,Inquiry
12110,27151,2021-02-21,Complaint
12111,29824,2021-02-22,Complaint
12112,7899,2025-04-01,Inquiry
12113,42979,2020-06-05,Inquiry
12114,13580,2025-05-04,Complaint
12115,26382,2024-09-25,Inquiry
12116,24171,2020-04-07,Complaint
12117,37643,2021-06-22,Inquiry
12118,9235,2025-04-16,Inquiry
12119,42858,2020-11-28,Complaint
12120,19322,2020-10-24,Complaint
12121,22023,2022-11-09,Inquiry
12122,34650,2023-02-05,Inquiry
12123,20186,2021-05-29,Complaint
12124,45704,2021-01-10,Complaint
12125,33422,2024-01-01,Complaint
12126,7569,2021-02-04,Inquiry
12127,34388,2021-06-11,Complaint
12128,9138,2022-11-27,Inquiry
12129,49060,2023-11-27,Inquiry
12130,49779,2021-07-29,Complaint
12131,15806,2020-03-07,Complaint
12132,16343,2020-10-18,Inquiry
12133,8844,2020-01-08,Complaint
12134,37471,2023-08-11,Complaint
12135,35543,2023-05-29,Inquiry
12136,2030,2021-12-07,Inquiry
12137,15635,2020-02-02,Complaint
12138,2343,2021-08-20,Inquiry
12139,43626,2023-04-14,Complaint
12140,944,2023-12-24,Inquiry
12141,20663,2021-02-20,Complaint
12142,14031,2020-09-28,Inquiry
12143,25072,2023-04-03,Inquiry
12144,5266,2020-08-08,Inquiry
12145,11975,2021-04-08,Inquiry
12146,37172,2024-09-27,Inquiry
12147,49517,2023-01-30,Complaint
12148,10446,2024-11-24,Inquiry
12149,14770,2023-02-11,Inquiry
12150,12647,2025-05-23,Inquiry
12151,34690,2025-02-26,Inquiry
12152,2558,2024-12-01,Inquiry
12153,42931,2020-11-16,Inquiry
12154,14013,2020-10-26,Complaint
12155,2851,2023-07-22,Inquiry
12156,746,2022-03-24,Inquiry
12157,43204,2022-06-08,Inquiry
12158,37433,2021-08-27,Complaint
12159,49438,2023-07-09,Inquiry
12160,32011,2023-09-20,Complaint
12161,3479,2022-08-01,Complaint
12162,45946,2020-11-16,Inquiry
12163,43302,2025-06-01,Complaint
12164,3748,2020-10-14,Inquiry
12165,36824,2023-11-19,Inquiry
12166,6854,2025-02-16,Inquiry
12167,27392,2020-01-18,Inquiry
12168,38614,2024-08-04,Complaint
12169,17161,2025-02-24,Complaint
12170,22134,2020-05-16,Inquiry
12171,2379,2021-03-20,Inquiry
12172,49172,2024-11-17,Complaint
12173,39625,2020-05-09,Complaint
12174,46244,2021-06-24,Complaint
12175,2099,2020-05-24,Inquiry
12176,21395,2021-04-21,Inquiry
12177,46044,2021-01-03,Inquiry
12178,49633,2025-06-01,Inquiry
12179,19992,2022-11-14,Inquiry
12180,40564,2024-12-26,Inquiry
12181,43362,2022-06-13,Complaint
12182,15094,2020-09-01,Inquiry
12183,18252,2023-03-05,Complaint
12184,24203,2021-11-23,Inquiry
12185,36704,2021-11-04,Inquiry
12186,11761,2021-06-06,Inquiry
12187,41213,2021-04-24,Inquiry
12188,37456,2023-09-01,Inquiry
12189,33693,2025-03-03,Complaint
12190,38311,2022-12-07,Inquiry
12191,16682,2023-12-06,Inquiry
12192,2646,2020-02-24,Complaint
12193,41553,2024-04-23,Inquiry
12194,32024,2024-05-16,Inquiry
12195,49576,2022-04-10,Complaint
12196,22000,2021-11-27,Inquiry
12197,29663,2022-12-13,Complaint
12198,47222,2020-10-04,Inquiry
12199,15231,2021-03-08,Complaint
12200,39383,2022-04-22,Complaint
12201,31564,2024-06-21,Inquiry
12202,16952,2024-11-26,Complaint
12203,30234,2023-09-08,Inquiry
12204,1162,2021-12-16,Inquiry
12205,10398,2024-10-05,Inquiry
12206,16428,2022-11-21,Complaint
12207,24702,2022-07-26,Complaint
12208,49958,2023-09-10,Inquiry
12209,43795,2023-02-06,Complaint
12210,12178,2022-06-24,Inquiry
12211,6600,2023-08-12,Inquiry
12212,9341,2022-08-07,Complaint
12213,26343,2022-10-28,Inquiry
12214,39948,2020-03-12,Inquiry
12215,46234,2021-06-20,Inquiry
12216,21488,2025-02-12,Inquiry
12217,22391,2024-04-24,Inquiry
12218,5103,2024-06-08,Complaint
12219,36840,2020-09-18,Inquiry
12220,33372,2024-06-25,Complaint
12221,42433,2020-06-17,Inquiry
12222,6152,2020-10-13,Complaint
12223,26968,2024-08-12,Inquiry
12224,1191,2020-04-08,Complaint
12225,39581,2021-03-11,Inquiry
12226,30667,2023-11-02,Inquiry
12227,18395,2022-09-05,Complaint
12228,45902,2024-06-27,Inquiry
12229,40769,2020-12-24,Inquiry
12230,32602,2023-09-18,Inquiry
12231,42675,2025-01-21,Inquiry
12232,43906,2020-01-22,Inquiry
12233,13999,2024-02-23,Complaint
12234,27582,2023-02-08,Inquiry
12235,14132,2024-12-15,Inquiry
12236,2789,2021-02-08,Inquiry
12237,22311,2022-10-23,Complaint
12238,32932,2021-04-02,Inquiry
12239,28863,2020-12-30,Inquiry
12240,35289,2020-07-15,Inquiry
12241,45088,2024-10-18,Complaint
12242,15643,2021-05-08,Inquiry
12243,43493,2024-06-24,Inquiry
12244,40202,2021-06-01,Complaint
12245,36647,2023-08-27,Complaint
12246,23613,2020-10-11,Inquiry
12247,1719,2023-01-04,Complaint
12248,26989,2024-03-16,Inquiry
12249,23090,2021-08-06,Inquiry
12250,2597,2022-12-25,Complaint
12251,32315,2021-06-03,Complaint
12252,49600,2023-08-15,Inquiry
12253,30977,2025-06-10,Inquiry
12254,39463,2023-04-28,Complaint
12255,13931,2024-02-29,Inquiry
12256,43451,2020-03-17,Complaint
12257,40284,2020-04-28,Inquiry
12258,35320,2025-05-02,Complaint
12259,8064,2020-12-26,Inquiry
12260,1153,2024-04-25,Inquiry
12261,6941,2023-12-14,Inquiry
12262,34538,2023-03-12,Inquiry
12263,41634,2020-07-06,Complaint
12264,33310,2024-05-26,Inquiry
12265,39745,2025-04-10,Inquiry
12266,28252,2024-03-03,Complaint
12267,27096,2022-05-05,Inquiry
12268,28362,2025-02-15,Inquiry
12269,23643,2025-05-30,Inquiry
12270,40608,2020-06-07,Complaint
12271,33533,2024-02-08,Complaint
12272,20726,2021-06-15,Inquiry
12273,47917,2021-02-04,Complaint
12274,12676,2020-08-24,Complaint
12275,16808,2022-11-01,Complaint
12276,1306,2025-06-18,Inquiry
12277,26806,2023-02-18,Inquiry
12278,16278,2023-02-27,Complaint
12279,20485,2023-04-16,Complaint
12280,15168,2021-07-09,Inquiry
12281,7832,2025-04-01,Inquiry
12282,27357,2023-05-27,Inquiry
12283,6516,2024-08-08,Inquiry
12284,47886,2021-11-26,Complaint
12285,31301,2024-05-08,Complaint
12286,18716,2023-11-16,Inquiry
12287,46857,2020-04-01,Inquiry
12288,8615,2023-04-01,Complaint
12289,23005,2024-10-18,Inquiry
12290,27526,2021-10-15,Complaint
12291,49518,2021-04-27,Inquiry
12292,41845,2021-04-28,Complaint
12293,31337,2024-04-18,Complaint
12294,36824,2023-10-21,Complaint
12295,49264,2022-02-24,Inquiry
12296,11442,2023-10-16,Complaint
12297,46254,2025-04-05,Complaint
12298,4378,2022-02-28,Inquiry
12299,1673,2025-01-02,Complaint
12300,33550,2023-06-27,Complaint
12301,17365,2024-03-15,Complaint
12302,15340,2020-11-13,Complaint
12303,8331,2021-10-04,Complaint
12304,10830,2020-11-09,Inquiry
12305,46497,2025-03-17,Inquiry
12306,18600,2023-01-30,Complaint
12307,33383,2024-07-20,Inquiry
12308,18036,2024-07-05,Complaint
12309,17179,2025-06-09,Complaint
12310,41000,2020-11-12,Inquiry
12311,24374,2025-02-07,Inquiry
12312,26475,2025-01-29,Inquiry
12313,20591,2021-11-24,Inquiry
12314,34430,2020-03-25,Inquiry
12315,12357,2021-05-01,Inquiry
12316,18120,2023-11-30,Inquiry
12317,20553,2022-06-14,Inquiry
12318,4806,2020-10-10,Inquiry
12319,42128,2025-06-17,Complaint
12320,22436,2021-05-19,Complaint
12321,31098,2020-03-17,Inquiry
12322,24702,2023-10-14,Inquiry
12323,4522,2024-04-01,Inquiry
12324,23418,2024-12-24,Inquiry
12325,44308,2022-11-21,Inquiry
12326,23888,2024-01-15,Inquiry
12327,27917,2025-02-19,Complaint
12328,16655,2020-08-22,Inquiry
12329,30115,2025-01-26,Inquiry
12330,4298,2023-08-22,Inquiry
12331,48812,2022-05-01,Inquiry
12332,20884,2021-12-21,Inquiry
12333,29919,2023-03-27,Complaint
12334,43579,2021-07-06,Inquiry
12335,19855,2023-02-13,Complaint
12336,29127,2021-04-01,Inquiry
12337,49347,2022-10-07,Complaint
12338,25557,2025-02-19,Complaint
12339,28485,2025-04-09,Inquiry
12340,48498,2022-05-13,Inquiry
12341,36630,2021-11-23,Inquiry
12342,19597,2025-03-04,Complaint
12343,36394,2023-08-30,Complaint
12344,7343,2022-10-12,Inquiry
12345,10605,2024-11-27,Inquiry
12346,3173,2024-06-20,Complaint
12347,48564,2023-03-28,Inquiry
12348,46705,2023-03-17,Inquiry
12349,49850,2021-08-06,Complaint
12350,37384,2021-05-08,Complaint
12351,23010,2022-03-16,Inquiry
12352,18455,2021-07-21,Complaint
12353,10450,2024-09-05,Inquiry
12354,15300,2024-06-18,Complaint
12355,28493,2024-07-31,Complaint
12356,49066,2022-03-16,Inquiry
12357,32490,2023-01-22,Complaint
12358,26143,2021-12-30,Inquiry
12359,11895,2023-01-03,Inquiry
12360,32343,2021-04-14,Inquiry
12361,8054,2022-06-28,Inquiry
12362,6386,2021-12-25,Complaint
12363,11348,2024-08-15,Complaint
12364,5051,2024-06-10,Complaint
12365,45528,2024-05-14,Inquiry
12366,31467,2025-03-04,Complaint
12367,13758,2021-07-25,Inquiry
12368,22535,2020-01-18,Complaint
12369,9261,2021-10-20,Inquiry
12370,5614,2020-11-25,Inquiry
12371,19239,2024-04-09,Inquiry
12372,18834,2024-01-01,Complaint
12373,987,2024-08-13,Inquiry
12374,40788,2022-09-02,Inquiry
12375,15841,2021-02-20,Inquiry
12376,5137,2024-05-05,Inquiry
12377,14744,2023-08-03,Inquiry
12378,14393,2025-03-09,Inquiry
12379,3183,2021-04-07,Complaint
12380,4604,2024-01-24,Inquiry
12381,33040,2021-04-22,Inquiry
12382,29249,2022-09-14,Complaint
12383,26903,2022-10-26,Complaint
12384,42115,2024-12-23,Inquiry
12385,6844,2025-03-11,Inquiry
12386,43819,2024-08-03,Inquiry
12387,1205,2025-06-22,Complaint
12388,30433,2021-01-24,Inquiry
12389,19686,2021-03-10,Complaint
12390,1778,2021-03-06,Complaint
12391,22829,2023-12-18,Complaint
12392,18807,2020-07-19,Complaint
12393,25512,2021-07-31,Inquiry
12394,49742,2022-08-16,Complaint
12395,22012,2024-09-25,Complaint
12396,20144,2021-11-07,Complaint
12397,9434,2024-09-18,Complaint
12398,48974,2023-04-04,Inquiry
12399,46072,2023-07-26,Complaint
12400,15702,2024-05-25,Complaint
12401,36587,2020-03-09,Inquiry
12402,3115,2020-03-15,Complaint
12403,4349,2020-07-07,Inquiry
12404,23534,2025-04-28,Complaint
12405,14863,2022-10-23,Complaint
12406,27927,2025-05-07,Inquiry
12407,8790,2020-06-09,Complaint
12408,137,2023-02-18,Inquiry
12409,33880,2023-07-24,Inquiry
12410,5304,2022-06-01,Complaint
12411,41311,2021-11-24,Complaint
12412,47081,2024-10-27,Complaint
12413,7334,2020-12-04,Inquiry
12414,15532,2021-03-23,Inquiry
12415,45114,2025-02-27,Inquiry
12416,17977,2020-08-06,Inquiry
12417,48973,2022-02-26,Inquiry
12418,24490,2024-11-04,Inquiry
12419,8075,2022-09-21,Inquiry
12420,6277,2023-10-17,Complaint
12421,39104,2024-12-27,Inquiry
12422,17670,2020-03-16,Inquiry
12423,14496,2022-09-22,Inquiry
12424,42714,2025-01-08,Complaint
12425,13042,2022-01-17,Inquiry
12426,6943,2021-07-15,Inquiry
12427,9115,2020-09-25,Inquiry
12428,33911,2022-01-30,Inquiry
12429,17178,2020-06-17,Complaint
12430,5843,2024-01-11,Inquiry
12431,24756,2025-05-06,Complaint
12432,46793,2024-10-07,Inquiry
12433,19776,2021-08-15,Complaint
12434,9912,2021-11-10,Inquiry
12435,33967,2024-06-03,Inquiry
12436,15752,2024-01-22,Complaint
12437,6195,2023-08-09,Inquiry
12438,27381,2022-04-23,Inquiry
12439,20843,2023-06-16,Inquiry
12440,48917,2020-03-16,Complaint
12441,33856,2021-04-03,Inquiry
12442,17976,2024-10-17,Complaint
12443,41811,2024-07-18,Inquiry
12444,38129,2025-03-01,Inquiry
12445,49855,2022-12-12,Complaint
12446,13304,2020-04-04,Inquiry
12447,37111,2021-04-18,Inquiry
12448,26122,2021-11-06,Complaint
12449,26871,2020-09-01,Inquiry
12450,18683,2020-08-24,Inquiry
12451,46819,2022-03-30,Complaint
12452,40087,2022-05-04,Inquiry
12453,22875,2023-10-29,Complaint
12454,12388,2020-12-01,Complaint
12455,16128,2023-03-05,Inquiry
12456,22372,2024-10-19,Inquiry
12457,31708,2022-09-17,Complaint
12458,22661,2023-06-01,Complaint
12459,35975,2022-07-07,Inquiry
12460,35381,2022-01-05,Complaint
12461,46865,2023-03-26,Inquiry
12462,28300,2022-02-18,Inquiry
12463,47367,2021-09-04,Inquiry
12464,13168,2024-06-04,Inquiry
12465,43499,2022-05-11,Complaint
12466,38436,2020-09-10,Complaint
12467,44946,2021-08-01,Complaint
12468,49087,2023-07-04,Inquiry
12469,13591,2024-12-12,Inquiry
12470,23598,2024-05-21,Inquiry
12471,46544,2025-02-02,Complaint
12472,3764,2022-08-06,Inquiry
12473,14786,2022-03-13,Complaint
12474,31418,2020-03-05,Inquiry
12475,5544,2025-02-04,Complaint
12476,44439,2023-02-19,Inquiry
12477,48304,2021-09-10,Inquiry
12478,43008,2022-05-21,Inquiry
12479,47297,2020-12-15,Inquiry
12480,42546,2024-07-18,Inquiry
12481,31549,2023-06-30,Inquiry
12482,14537,2022-04-17,Complaint
12483,9079,2023-10-12,Complaint
12484,21663,2025-01-15,Complaint
12485,7178,2021-02-12,Inquiry
12486,15326,2024-06-29,Complaint
12487,22493,2021-09-13,Complaint
12488,42162,2024-06-10,Inquiry
12489,18810,2022-01-20,Inquiry
12490,11918,2021-10-01,Inquiry
12491,9061,2025-06-21,Complaint
12492,18005,2022-07-11,Inquiry
12493,20156,2022-06-19,Inquiry
12494,10277,2022-04-13,Inquiry
12495,34184,2025-03-08,Inquiry
12496,9163,2020-11-13,Inquiry
12497,5247,2022-05-12,Complaint
12498,9727,2020-12-27,Complaint
12499,6054,2020-10-22,Inquiry
12500,39608,2022-05-31,Complaint
12501,15975,2021-08-28,Inquiry
12502,11337,2021-07-18,Inquiry
12503,33028,2020-08-24,Inquiry
12504,14199,2021-07-04,Complaint
12505,27477,2021-08-17,Inquiry
12506,3851,2022-10-24,Inquiry
12507,47635,2023-10-02,Inquiry
12508,30836,2021-01-27,Complaint
12509,17738,2023-01-21,Inquiry
12510,11328,2024-05-25,Inquiry
12511,48774,2022-12-01,Inquiry
12512,38937,2021-05-14,Complaint
12513,7805,2021-10-06,Inquiry
12514,16968,2023-08-03,Inquiry
12515,9469,2022-05-20,Inquiry
12516,33741,2023-06-03,Complaint
12517,35932,2024-09-21,Inquiry
12518,38055,2020-10-23,Complaint
12519,38333,2022-06-11,Inquiry
12520,25419,2021-04-12,Complaint
12521,36336,2021-06-24,Complaint
12522,31703,2020-07-22,Inquiry
12523,38400,2024-12-24,Complaint
12524,3563,2022-05-21,Inquiry
12525,9855,2020-10-20,Inquiry
12526,25394,2020-06-04,Complaint
12527,4344,2021-08-09,Inquiry
12528,17960,2022-02-15,Complaint
12529,6944,2022-07-15,Inquiry
12530,48440,2024-06-11,Complaint
12531,13394,2020-08-17,Inquiry
12532,24649,2022-10-09,Complaint
12533,31377,2020-05-20,Complaint
12534,1059,2020-05-29,Inquiry
12535,13322,2020-05-05,Complaint
12536,34385,2024-02-04,Complaint
12537,20821,2020-12-05,Inquiry
12538,22012,2022-03-20,Complaint
12539,7946,2020-09-12,Inquiry
12540,762,2023-09-17,Inquiry
12541,42615,2023-10-12,Inquiry
12542,44294,2020-06-13,Complaint
12543,11786,2025-05-09,Inquiry
12544,24089,2021-05-14,Complaint
12545,41114,2021-09-07,Inquiry
12546,7636,2023-07-14,Inquiry
12547,26888,2021-12-18,Inquiry
12548,16806,2024-06-17,Complaint
12549,8401,2020-09-09,Complaint
12550,41427,2021-12-27,Inquiry
12551,576,2021-10-17,Complaint
12552,31674,2022-01-04,Inquiry
12553,10099,2023-07-24,Complaint
12554,18363,2021-05-22,Complaint
12555,27170,2023-05-21,Inquiry
12556,19835,2020-04-12,Inquiry
12557,18652,2022-05-05,Inquiry
12558,42624,2024-05-08,Inquiry
12559,1824,2020-09-08,Complaint
12560,812,2021-04-19,Complaint
12561,42327,2025-03-20,Complaint
12562,35925,2022-05-19,Inquiry
12563,26700,2023-07-12,Inquiry
12564,6561,2025-03-02,Inquiry
12565,9219,2022-10-04,Complaint
12566,1907,2020-10-22,Inquiry
12567,43162,2023-08-23,Inquiry
12568,14325,2021-12-10,Inquiry
12569,31511,2020-08-27,Complaint
12570,46009,2023-09-23,Inquiry
12571,13780,2021-02-09,Inquiry
12572,18854,2021-09-12,Inquiry
12573,706,2025-03-07,Complaint
12574,38630,2024-04-13,Inquiry
12575,4504,2020-05-31,Inquiry
12576,6197,2024-03-10,Inquiry
12577,36094,2023-12-09,Complaint
12578,24987,2022-07-26,Complaint
12579,13404,2020-07-01,Complaint
12580,25875,2022-02-08,Inquiry
12581,36840,2021-12-12,Complaint
12582,9695,2022-08-03,Complaint
12583,29493,2022-05-27,Complaint
12584,29880,2020-11-21,Inquiry
12585,3172,2025-05-02,Inquiry
12586,39653,2020-09-11,Complaint
12587,5718,2023-06-05,Inquiry
12588,8217,2021-02-10,Inquiry
12589,15389,2022-03-18,Inquiry
12590,33026,2020-12-18,Inquiry
12591,5805,2021-04-08,Complaint
12592,34750,2023-04-02,Inquiry
12593,15139,2022-03-06,Complaint
12594,28755,2020-05-31,Complaint
12595,38597,2023-10-18,Inquiry
12596,31741,2023-04-21,Complaint
12597,32161,2022-03-27,Inquiry
12598,29339,2023-11-12,Inquiry
12599,758,2025-05-21,Inquiry
12600,15862,2021-09-19,Inquiry
12601,12922,2022-11-02,Inquiry
12602,32274,2021-11-14,Inquiry
12603,37704,2023-01-20,Complaint
12604,29481,2022-01-03,Complaint
12605,9099,2024-09-18,Inquiry
12606,29922,2022-02-28,Inquiry
12607,11280,2022-05-12,Inquiry
12608,43026,2020-01-07,Complaint
12609,9378,2020-07-23,Inquiry
12610,3773,2023-10-14,Inquiry
12611,6540,2021-02-16,Inquiry
12612,46234,2024-11-18,Inquiry
12613,43262,2021-07-03,Inquiry
12614,39150,2023-01-20,Inquiry
12615,15006,2024-08-07,Inquiry
12616,13119,2023-07-27,Inquiry
12617,4325,2024-07-12,Inquiry
12618,13579,2022-06-28,Inquiry
12619,35019,2024-07-28,Inquiry
12620,38816,2022-10-06,Inquiry
12621,48698,2020-11-16,Inquiry
12622,4224,2020-08-28,Complaint
12623,36268,2021-05-19,Inquiry
12624,12756,2021-03-11,Inquiry
12625,22387,2022-06-19,Complaint
12626,19888,2023-11-19,Inquiry
12627,44603,2024-09-06,Complaint
12628,8298,2021-06-16,Complaint
12629,26084,2024-04-12,Inquiry
12630,36967,2020-05-20,Inquiry
12631,33515,2025-03-27,Complaint
12632,3950,2021-11-04,Complaint
12633,32783,2022-01-04,Complaint
12634,22318,2023-03-18,Inquiry
12635,28802,2022-12-17,Inquiry
12636,12465,2023-03-04,Complaint
12637,13407,2024-02-27,Inquiry
12638,35071,2025-05-03,Inquiry
12639,43121,2025-05-15,Complaint
12640,26777,2023-10-06,Inquiry
12641,42467,2024-12-22,Inquiry
12642,25904,2020-06-28,Inquiry
12643,13276,2023-05-23,Complaint
12644,20840,2020-02-28,Complaint
12645,31307,2023-08-17,Inquiry
12646,18737,2022-09-17,Inquiry
12647,32821,2021-02-20,Inquiry
12648,25665,2024-06-11,Inquiry
12649,20006,2024-05-28,Inquiry
12650,10835,2021-08-02,Complaint
12651,4914,2021-04-27,Complaint
12652,22875,2021-06-30,Inquiry
12653,21331,2023-09-15,Complaint
12654,41859,2020-09-08,Complaint
12655,18948,2024-03-07,Inquiry
12656,38852,2021-07-12,Inquiry
12657,21967,2020-11-28,Complaint
12658,41118,2021-05-09,Complaint
12659,14593,2024-08-17,Inquiry
12660,5473,2024-07-03,Inquiry
12661,7880,2022-04-30,Complaint
12662,2198,2022-01-07,Inquiry
12663,39441,2022-10-12,Complaint
12664,1312,2023-12-17,Inquiry
12665,949,2020-04-17,Complaint
12666,18125,2020-12-13,Inquiry
12667,10344,2024-06-19,Complaint
12668,47214,2022-11-17,Complaint
12669,32655,2020-10-02,Complaint
12670,26325,2023-07-25,Inquiry
12671,40719,2024-08-16,Inquiry
12672,3994,2025-05-29,Inquiry
12673,15925,2025-04-27,Inquiry
12674,37247,2023-02-27,Complaint
12675,24042,2021-08-01,Complaint
12676,40919,2022-06-30,Inquiry
12677,9889,2022-03-18,Complaint
12678,1644,2022-07-11,Inquiry
12679,5415,2023-05-16,Complaint
12680,31854,2024-07-18,Complaint
12681,38013,2023-09-14,Inquiry
12682,17615,2022-03-10,Inquiry
12683,12005,2024-08-09,Complaint
12684,16709,2024-08-08,Inquiry
12685,30049,2025-02-19,Inquiry
12686,47452,2020-09-15,Complaint
12687,18184,2020-03-28,Complaint
12688,5142,2023-04-27,Complaint
12689,49097,2020-09-02,Inquiry
12690,17004,2024-07-19,Complaint
12691,14113,2024-08-18,Complaint
12692,9322,2024-08-11,Complaint
12693,26043,2020-01-04,Inquiry
12694,17773,2021-05-09,Inquiry
12695,8652,2021-03-24,Inquiry
12696,19179,2021-12-31,Inquiry
12697,29496,2022-02-24,Inquiry
12698,17002,2020-02-06,Inquiry
12699,997,2023-09-25,Inquiry
12700,41406,2023-08-02,Complaint
12701,37228,2020-08-27,Inquiry
12702,46518,2020-08-13,Inquiry
12703,48495,2020-11-20,Inquiry
12704,9419,2021-11-22,Inquiry
12705,40005,2023-05-17,Complaint
12706,33431,2022-08-17,Inquiry
12707,8686,2020-03-24,Inquiry
12708,180,2025-01-03,Inquiry
12709,30291,2021-10-18,Inquiry
12710,2184,2025-04-15,Inquiry
12711,45133,2024-08-21,Complaint
12712,8878,2020-03-24,Inquiry
12713,5773,2020-09-23,Complaint
12714,2072,2022-05-12,Complaint
12715,39339,2020-01-24,Inquiry
12716,33205,2022-05-31,Inquiry
12717,36043,2021-09-24,Complaint
12718,32864,2020-01-26,Complaint
12719,27612,2023-04-20,Inquiry
12720,27292,2024-02-20,Inquiry
12721,32659,2021-02-02,Complaint
12722,15853,2024-08-01,Complaint
12723,45775,2023-12-06,Inquiry
12724,18078,2020-02-10,Inquiry
12725,27835,2022-12-21,Complaint
12726,39612,2022-03-13,Inquiry
12727,13431,2023-12-21,Complaint
12728,25399,2023-08-13,Inquiry
12729,45975,2024-10-31,Inquiry
12730,18872,2024-01-23,Inquiry
12731,17012,2022-08-09,Complaint
12732,4575,2021-09-22,Complaint
12733,32700,2021-09-30,Inquiry
12734,9178,2021-11-03,Inquiry
12735,21902,2021-03-13,Inquiry
12736,9890,2020-05-23,Inquiry
12737,39211,2021-08-11,Inquiry
12738,5929,2022-03-29,Inquiry
12739,12645,2023-03-18,Complaint
12740,21925,2025-03-18,Complaint
12741,15508,2021-02-05,Inquiry
12742,30326,2021-10-15,Inquiry
12743,16490,2020-10-01,Inquiry
12744,12230,2025-02-06,Inquiry
12745,46288,2020-08-09,Inquiry
12746,9000,2020-04-27,Inquiry
12747,3314,2024-08-02,Complaint
12748,20098,2024-01-22,Inquiry
12749,5985,2021-08-03,Complaint
12750,2827,2022-10-04,Complaint
12751,33442,2020-04-01,Inquiry
12752,16382,2022-08-17,Complaint
12753,16424,2023-08-23,Complaint
12754,39566,2020-06-14,Complaint
12755,14989,2022-08-26,Complaint
12756,29482,2023-12-12,Inquiry
12757,28429,2025-02-03,Complaint
12758,39432,2020-11-26,Complaint
12759,13282,2022-11-13,Complaint
12760,32590,2021-12-26,Complaint
12761,34801,2020-06-29,Inquiry
12762,45278,2025-04-19,Complaint
12763,37659,2020-06-16,Inquiry
12764,41535,2024-09-25,Inquiry
12765,25660,2023-05-21,Inquiry
12766,22696,2021-03-24,Inquiry
12767,46165,2024-06-13,Inquiry
12768,5071,2024-05-27,Complaint
12769,21499,2025-05-13,Inquiry
12770,14640,2025-05-25,Inquiry
12771,26000,2021-05-24,Complaint
12772,48765,2025-01-14,Inquiry
12773,30046,2022-03-23,Complaint
12774,17352,2023-10-20,Inquiry
12775,45770,2020-04-23,Complaint
12776,3702,2020-05-07,Inquiry
12777,46803,2023-11-28,Complaint
12778,49556,2024-01-18,Inquiry
12779,35708,2021-02-18,Inquiry
12780,32779,2025-05-12,Inquiry
12781,14816,2022-02-15,Inquiry
12782,8140,2021-10-14,Inquiry
12783,31501,2020-07-15,Complaint
12784,9622,2024-03-15,Complaint
12785,27060,2021-04-19,Inquiry
12786,44719,2022-07-03,Inquiry
12787,16630,2024-02-22,Inquiry
12788,46578,2023-08-14,Inquiry
12789,2611,2022-11-04,Inquiry
12790,13112,2020-03-23,Inquiry
12791,10093,2023-10-04,Inquiry
12792,47389,2024-09-11,Inquiry
12793,43300,2020-06-04,Complaint
12794,23877,2023-05-14,Complaint
12795,9497,2023-12-28,Inquiry
12796,34884,2021-05-12,Inquiry
12797,5876,2023-01-06,Complaint
12798,13946,2023-07-18,Inquiry
12799,9945,2021-06-14,Complaint
12800,43149,2021-12-20,Complaint
12801,48451,2022-07-19,Complaint
12802,32713,2025-01-01,Inquiry
12803,11054,2021-02-20,Inquiry
12804,38488,2024-04-23,Complaint
12805,13156,2021-11-07,Inquiry
12806,30947,2020-06-25,Complaint
12807,16324,2025-05-26,Inquiry
12808,33482,2020-12-05,Inquiry
12809,5287,2021-10-25,Inquiry
12810,7793,2023-08-11,Inquiry
12811,10570,2022-11-14,Inquiry
12812,3868,2024-08-24,Complaint
12813,10598,2025-04-13,Complaint
12814,25857,2023-09-01,Inquiry
12815,45567,2020-03-04,Complaint
12816,44504,2020-12-09,Complaint
12817,29645,2021-07-21,Inquiry
12818,46506,2024-07-17,Inquiry
12819,20352,2022-02-23,Inquiry
12820,32647,2023-08-14,Inquiry
12821,36060,2022-10-20,Inquiry
12822,28045,2025-05-15,Inquiry
12823,37883,2025-03-24,Complaint
12824,9611,2025-03-11,Complaint
12825,10631,2022-03-25,Inquiry
12826,11450,2020-11-29,Inquiry
12827,29537,2021-08-14,Inquiry
12828,39861,2023-10-01,Complaint
12829,36704,2021-02-28,Complaint
12830,17689,2024-08-21,Complaint
12831,34186,2025-01-30,Complaint
12832,48999,2024-07-09,Inquiry
12833,40534,2021-03-30,Inquiry
12834,41292,2024-08-21,Inquiry
12835,35804,2024-12-23,Complaint
12836,23681,2023-07-07,Inquiry
12837,39545,2020-04-29,Complaint
12838,22078,2021-06-20,Complaint
12839,49962,2023-10-16,Complaint
12840,29478,2021-02-17,Complaint
12841,16195,2023-05-02,Complaint
12842,28293,2022-07-31,Inquiry
12843,10222,2020-03-22,Complaint
12844,32323,2023-08-11,Inquiry
12845,24998,2020-08-31,Complaint
12846,156,2023-08-28,Inquiry
12847,4721,2020-12-29,Complaint
12848,1997,2022-09-10,Inquiry
12849,38802,2023-04-25,Inquiry
12850,24058,2023-05-29,Inquiry
12851,27309,2022-06-09,Inquiry
12852,16108,2023-04-07,Inquiry
12853,13501,2025-06-22,Inquiry
12854,25603,2024-08-21,Complaint
12855,41873,2024-10-21,Inquiry
12856,48618,2022-01-17,Inquiry
12857,42416,2021-05-05,Inquiry
12858,7044,2020-02-04,Complaint
12859,26588,2024-07-07,Complaint
12860,48368,2022-04-27,Complaint
12861,31849,2024-02-03,Complaint
12862,49416,2021-08-12,Complaint
12863,24167,2024-05-05,Complaint
12864,32000,2024-12-29,Complaint
12865,6689,2021-09-09,Inquiry
12866,29570,2023-11-06,Inquiry
12867,32644,2024-01-05,Inquiry
12868,21681,2020-03-14,Inquiry
12869,29126,2024-10-04,Inquiry
12870,6433,2024-05-23,Inquiry
12871,7962,2020-10-03,Complaint
12872,34202,2020-08-07,Inquiry
12873,4979,2020-09-02,Inquiry
12874,25089,2023-05-04,Inquiry
12875,26380,2023-11-16,Complaint
12876,23781,2022-09-26,Complaint
12877,24360,2023-12-30,Inquiry
12878,18156,2022-11-19,Inquiry
12879,2872,2020-06-09,Inquiry
12880,41452,2024-09-04,Inquiry
12881,17247,2024-11-02,Complaint
12882,19089,2022-12-13,Complaint
12883,45066,2022-10-08,Inquiry
12884,46468,2023-10-18,Inquiry
12885,47260,2022-11-21,Complaint
12886,35367,2020-04-08,Inquiry
12887,49542,2021-06-28,Complaint
12888,9441,2020-09-11,Complaint
12889,45856,2020-10-19,Complaint
12890,41456,2025-02-16,Inquiry
12891,43496,2021-03-01,Complaint
12892,22357,2025-01-29,Inquiry
12893,40513,2021-02-24,Complaint
12894,26701,2021-08-16,Inquiry
12895,42078,2020-10-11,Inquiry
12896,29252,2022-06-09,Inquiry
12897,9862,2022-06-06,Inquiry
12898,13364,2021-08-07,Inquiry
12899,33524,2023-11-11,Complaint
12900,43488,2025-05-25,Inquiry
12901,39669,2022-07-16,Inquiry
12902,8914,2021-08-10,Inquiry
12903,31640,2020-06-22,Complaint
12904,22946,2020-04-04,Complaint
12905,6568,2020-08-12,Complaint
12906,22217,2022-10-21,Complaint
12907,12029,2024-02-12,Complaint
12908,17265,2021-04-25,Complaint
12909,123,2020-10-29,Inquiry
12910,9828,2024-04-08,Complaint
12911,43567,2024-07-16,Inquiry
12912,14245,2020-11-16,Complaint
12913,36339,2020-12-20,Inquiry
12914,35668,2023-08-02,Inquiry
12915,8991,2024-10-15,Complaint
12916,4573,2020-05-19,Complaint
12917,24163,2022-11-23,Complaint
12918,39883,2023-09-15,Complaint
12919,25914,2022-09-13,Inquiry
12920,37215,2021-01-22,Inquiry
12921,1252,2023-12-16,Complaint
12922,38529,2022-10-17,Complaint
12923,9977,2022-07-24,Inquiry
12924,19380,2024-03-12,Complaint
12925,27439,2023-09-19,Complaint
12926,40893,2023-12-08,Inquiry
12927,17012,2022-05-26,Complaint
12928,1858,2024-05-22,Inquiry
12929,39937,2022-10-03,Inquiry
12930,29571,2020-11-03,Inquiry
12931,6227,2021-01-19,Inquiry
12932,5548,2022-01-18,Inquiry
12933,44875,2022-07-14,Inquiry
12934,12116,2022-08-11,Complaint
12935,23794,2024-11-20,Complaint
12936,17825,2020-08-08,Inquiry
12937,37706,2025-05-27,Complaint
12938,14025,2020-05-02,Complaint
12939,1748,2024-09-09,Inquiry
12940,3186,2020-07-14,Complaint
12941,9093,2022-08-31,Complaint
12942,13874,2025-05-19,Inquiry
12943,10070,2022-06-19,Inquiry
12944,14731,2020-04-07,Inquiry
12945,40025,2021-10-15,Inquiry
12946,27696,2024-10-09,Inquiry
12947,10370,2023-02-09,Inquiry
12948,37221,2022-06-21,Complaint
12949,37781,2023-09-14,Inquiry
12950,36637,2021-08-07,Complaint
12951,32281,2025-01-04,Complaint
12952,45740,2023-01-14,Inquiry
12953,9585,2024-02-24,Inquiry
12954,32552,2023-05-03,Complaint
12955,49763,2024-12-12,Complaint
12956,47176,2020-03-13,Inquiry
12957,43480,2024-05-10,Inquiry
12958,11577,2021-08-12,Inquiry
12959,18143,2020-03-02,Complaint
12960,22000,2023-06-23,Inquiry
12961,37106,2024-09-02,Inquiry
12962,49179,2023-08-07,Complaint
12963,15635,2024-06-20,Complaint
12964,32813,2024-08-16,Complaint
12965,41719,2023-07-09,Inquiry
12966,47718,2024-01-30,Inquiry
12967,4383,2024-12-14,Inquiry
12968,31759,2020-07-15,Inquiry
12969,4031,2020-01-21,Inquiry
12970,21338,2020-08-14,Inquiry
12971,38730,2021-11-10,Inquiry
12972,18541,2021-01-11,Complaint
12973,15012,2025-03-22,Inquiry
12974,19452,2023-08-13,Inquiry
12975,27403,2021-06-13,Complaint
12976,21744,2022-04-05,Complaint
12977,43659,2024-04-04,Complaint
12978,23787,2023-08-07,Complaint
12979,20105,2024-01-11,Inquiry
12980,26192,2020-06-15,Inquiry
12981,44849,2023-12-31,Complaint
12982,40977,2022-08-04,Inquiry
12983,7273,2021-02-27,Complaint
12984,15861,2022-08-05,Complaint
12985,30978,2021-05-29,Inquiry
12986,40942,2025-02-05,Inquiry
12987,38532,2023-03-06,Inquiry
12988,6545,2020-06-01,Inquiry
12989,2056,2021-06-15,Inquiry
12990,1297,2023-11-17,Complaint
12991,6560,2021-06-04,Inquiry
12992,5096,2021-06-10,Complaint
12993,38142,2021-02-17,Inquiry
12994,27278,2024-03-31,Complaint
12995,12013,2023-12-31,Complaint
12996,33240,2021-09-03,Inquiry
12997,31962,2020-05-30,Inquiry
12998,15601,2022-07-02,Inquiry
12999,39874,2021-08-17,Complaint
13000,15294,2023-10-05,Complaint
13001,15400,2024-03-30,Complaint
13002,7595,2025-01-15,Complaint
13003,42814,2024-09-01,Complaint
13004,28889,2024-12-27,Complaint
13005,219,2025-04-16,Inquiry
13006,12360,2023-03-02,Complaint
13007,17561,2024-08-15,Inquiry
13008,21524,2024-03-09,Inquiry
13009,15344,2025-04-23,Inquiry
13010,9770,2023-08-04,Inquiry
13011,40901,2023-10-02,Inquiry
13012,49286,2021-08-15,Complaint
13013,45923,2023-10-19,Inquiry
13014,44509,2022-03-27,Complaint
13015,40936,2023-01-15,Complaint
13016,23595,2020-01-04,Inquiry
13017,19538,2020-09-29,Inquiry
13018,28443,2023-05-03,Complaint
13019,42161,2023-11-12,Inquiry
13020,42038,2024-09-08,Complaint
13021,47918,2022-04-11,Inquiry
13022,16113,2020-10-25,Inquiry
13023,18737,2024-10-08,Complaint
13024,34297,2024-07-12,Complaint
13025,1195,2022-05-27,Inquiry
13026,20113,2024-03-10,Inquiry
13027,44393,2024-02-23,Inquiry
13028,24691,2022-05-29,Inquiry
13029,20160,2024-11-19,Inquiry
13030,27426,2023-06-05,Inquiry
13031,38354,2022-12-28,Inquiry
13032,49872,2023-12-23,Inquiry
13033,19650,2020-11-07,Inquiry
13034,18212,2020-11-27,Complaint
13035,24607,2024-11-13,Complaint
13036,40465,2024-03-16,Inquiry
13037,15282,2020-02-19,Inquiry
13038,11731,2024-01-03,Inquiry
13039,13265,2020-11-26,Inquiry
13040,42784,2021-07-09,Complaint
13041,28362,2022-11-13,Inquiry
13042,41894,2023-04-23,Inquiry
13043,19794,2024-04-12,Complaint
13044,42204,2024-02-23,Inquiry
13045,35399,2021-08-29,Complaint
13046,48694,2020-12-18,Inquiry
13047,40237,2020-08-11,Inquiry
13048,33009,2024-05-24,Inquiry
13049,25098,2023-04-03,Inquiry
13050,22371,2023-08-24,Inquiry
13051,7827,2023-03-25,Inquiry
13052,22116,2025-03-05,Complaint
13053,42135,2024-01-23,Complaint
13054,21987,2021-05-02,Inquiry
13055,40925,2020-04-08,Inquiry
13056,45881,2023-10-13,Inquiry
13057,10525,2024-02-26,Complaint
13058,48762,2025-01-11,Inquiry
13059,7568,2023-06-01,Inquiry
13060,19937,2021-06-18,Complaint
13061,39185,2021-07-10,Inquiry
13062,22307,2024-12-04,Complaint
13063,49713,2023-12-21,Inquiry
13064,28581,2021-09-26,Complaint
13065,10003,2020-10-31,Inquiry
13066,4549,2023-08-11,Inquiry
13067,12419,2023-05-14,Complaint
13068,37043,2023-06-09,Complaint
13069,15855,2024-07-11,Inquiry
13070,31795,2021-09-11,Complaint
13071,36011,2021-10-09,Complaint
13072,43856,2025-06-09,Inquiry
13073,49929,2020-12-20,Inquiry
13074,19541,2025-05-14,Inquiry
13075,18996,2022-09-11,Inquiry
13076,28844,2024-10-07,Complaint
13077,10636,2022-09-14,Inquiry
13078,26510,2024-05-30,Inquiry
13079,8487,2022-02-28,Inquiry
13080,7938,2025-02-10,Complaint
13081,47934,2021-03-09,Inquiry
13082,15413,2022-08-27,Complaint
13083,29817,2020-03-07,Inquiry
13084,44316,2020-06-04,Inquiry
13085,16152,2025-05-04,Inquiry
13086,48435,2023-03-09,Complaint
13087,45011,2021-12-06,Complaint
13088,24846,2023-11-22,Inquiry
13089,8595,2022-05-22,Inquiry
13090,14246,2024-02-13,Inquiry
13091,28910,2021-11-11,Complaint
13092,24983,2024-06-03,Inquiry
13093,3344,2021-11-14,Inquiry
13094,41543,2025-02-08,Inquiry
13095,17,2025-01-11,Inquiry
13096,9246,2024-05-09,Inquiry
13097,11784,2024-09-14,Complaint
13098,25382,2021-03-30,Complaint
13099,47463,2023-04-11,Complaint
13100,35467,2023-02-19,Complaint
13101,23463,2022-10-07,Inquiry
13102,41198,2020-01-17,Inquiry
13103,24989,2022-03-08,Inquiry
13104,20273,2020-02-13,Inquiry
13105,13377,2021-03-26,Complaint
13106,22557,2023-02-23,Inquiry
13107,43466,2024-01-13,Inquiry
13108,49439,2024-11-24,Inquiry
13109,4944,2025-05-17,Inquiry
13110,7650,2020-03-01,Inquiry
13111,4942,2021-10-26,Inquiry
13112,11636,2021-09-20,Complaint
13113,12723,2023-10-16,Inquiry
13114,32398,2023-12-27,Inquiry
13115,28432,2020-02-04,Inquiry
13116,39081,2023-12-13,Complaint
13117,1403,2022-10-08,Inquiry
13118,1876,2020-06-27,Complaint
13119,7466,2023-04-15,Inquiry
13120,27614,2020-07-17,Inquiry
13121,36268,2024-11-28,Inquiry
13122,4819,2022-10-05,Inquiry
13123,26448,2023-08-14,Inquiry
13124,45645,2021-06-17,Inquiry
13125,14268,2022-04-01,Inquiry
13126,42566,2021-08-20,Inquiry
13127,49376,2022-05-08,Complaint
13128,48058,2024-09-04,Inquiry
13129,1640,2025-03-15,Complaint
13130,687,2020-11-26,Inquiry
13131,23926,2021-03-21,Complaint
13132,14742,2020-07-10,Inquiry
13133,18965,2023-11-08,Complaint
13134,40923,2021-01-31,Inquiry
13135,49998,2022-10-18,Inquiry
13136,36607,2023-03-15,Inquiry
13137,22092,2021-10-06,Inquiry
13138,15368,2021-10-27,Inquiry
13139,43315,2022-07-19,Inquiry
13140,46281,2024-12-23,Inquiry
13141,36499,2020-09-09,Inquiry
13142,30584,2020-05-14,Inquiry
13143,30015,2021-01-25,Complaint
13144,12402,2024-03-24,Inquiry
13145,26109,2023-03-17,Inquiry
13146,48815,2022-01-26,Complaint
13147,30426,2020-01-11,Complaint
13148,39894,2022-02-17,Complaint
13149,666,2024-05-14,Inquiry
13150,23250,2023-12-30,Inquiry
13151,32868,2024-12-13,Inquiry
13152,26756,2022-01-09,Complaint
13153,120,2020-03-07,Inquiry
13154,26474,2020-02-14,Complaint
13155,19705,2025-01-17,Complaint
13156,15165,2020-07-13,Complaint
13157,3008,2025-01-18,Inquiry
13158,41581,2020-10-29,Inquiry
13159,26115,2024-08-02,Complaint
13160,5764,2024-12-16,Inquiry
13161,8897,2022-03-04,Complaint
13162,31370,2021-06-25,Inquiry
13163,2074,2021-11-30,Complaint
13164,14681,2020-02-13,Complaint
13165,40616,2023-06-26,Complaint
13166,39015,2023-11-22,Complaint
13167,4559,2020-05-02,Inquiry
13168,38430,2024-07-31,Complaint
13169,22072,2020-06-28,Complaint
13170,25499,2024-07-21,Inquiry
13171,46898,2023-06-04,Complaint
13172,45968,2020-05-06,Inquiry
13173,22549,2023-11-04,Complaint
13174,1741,2023-11-17,Inquiry
13175,25817,2021-07-22,Complaint
13176,39894,2022-04-22,Inquiry
13177,41585,2022-02-13,Inquiry
13178,47003,2021-05-15,Complaint
13179,33303,2023-09-05,Inquiry
13180,5616,2023-03-05,Complaint
13181,24962,2023-09-28,Complaint
13182,3283,2022-08-24,Inquiry
13183,9866,2021-08-26,Inquiry
13184,4826,2025-05-02,Inquiry
13185,45154,2022-04-02,Inquiry
13186,43202,2021-01-05,Inquiry
13187,3832,2023-06-03,Inquiry
13188,19732,2020-11-25,Inquiry
13189,25265,2021-01-30,Inquiry
13190,41638,2020-05-03,Complaint
13191,232,2024-06-05,Complaint
13192,46181,2021-03-08,Complaint
13193,44450,2023-08-18,Complaint
13194,8380,2020-07-06,Inquiry
13195,33226,2021-10-20,Inquiry
13196,204,2025-01-17,Complaint
13197,43318,2024-09-06,Inquiry
13198,29155,2023-11-03,Complaint
13199,4154,2023-07-29,Inquiry
13200,3106,2021-03-06,Inquiry
13201,25761,2024-02-16,Inquiry
13202,18932,2024-11-19,Inquiry
13203,25263,2023-11-03,Complaint
13204,11518,2021-06-02,Complaint
13205,46068,2023-07-02,Inquiry
13206,19086,2021-05-19,Inquiry
13207,17297,2024-10-25,Inquiry
13208,32950,2022-07-07,Complaint
13209,29052,2024-03-10,Complaint
13210,8395,2025-02-05,Inquiry
13211,48737,2020-03-20,Inquiry
13212,9565,2023-02-16,Inquiry
13213,19782,2023-07-08,Inquiry
13214,25952,2020-12-31,Inquiry
13215,9631,2024-02-21,Complaint
13216,22562,2020-07-27,Complaint
13217,36424,2021-01-24,Inquiry
13218,49158,2022-11-14,Inquiry
13219,49936,2022-04-02,Inquiry
13220,27816,2020-10-14,Complaint
13221,39602,2024-09-24,Complaint
13222,46269,2020-09-05,Inquiry
13223,14623,2021-09-17,Inquiry
13224,8872,2024-03-14,Inquiry
13225,26217,2022-12-19,Inquiry
13226,45894,2024-01-18,Inquiry
13227,31964,2025-04-10,Inquiry
13228,26200,2021-12-20,Inquiry
13229,39455,2024-07-06,Inquiry
13230,10184,2024-03-21,Inquiry
13231,28031,2024-06-18,Complaint
13232,19224,2025-03-07,Complaint
13233,5770,2021-11-05,Complaint
13234,18746,2023-07-17,Inquiry
13235,19424,2023-10-09,Inquiry
13236,12274,2023-04-14,Inquiry
13237,38270,2021-10-16,Inquiry
13238,21234,2022-06-04,Inquiry
13239,11327,2020-11-11,Inquiry
13240,38324,2023-06-11,Complaint
13241,4940,2023-10-13,Complaint
13242,6607,2024-06-05,Inquiry
13243,34217,2020-07-10,Complaint
13244,2789,2021-09-05,Inquiry
13245,5550,2022-09-17,Inquiry
13246,11378,2024-02-18,Inquiry
13247,31243,2023-12-15,Complaint
13248,20653,2023-11-12,Inquiry
13249,47413,2021-04-21,Inquiry
13250,29457,2022-11-02,Inquiry
13251,16526,2024-11-14,Complaint
13252,36632,2021-12-14,Inquiry
13253,26156,2022-01-28,Inquiry
13254,21845,2020-06-16,Inquiry
13255,6182,2021-01-12,Complaint
13256,27671,2025-05-07,Inquiry
13257,25671,2022-08-01,Complaint
13258,17328,2020-08-16,Complaint
13259,38327,2024-09-19,Inquiry
13260,21849,2024-09-15,Inquiry
13261,28790,2022-01-07,Complaint
13262,39712,2023-12-21,Inquiry
13263,37896,2024-01-24,Inquiry
13264,21397,2024-06-19,Inquiry
13265,44000,2021-07-13,Inquiry
13266,47516,2020-11-24,Inquiry
13267,45507,2023-11-07,Inquiry
13268,24740,2020-08-13,Complaint
13269,26461,2020-06-21,Inquiry
13270,20605,2024-05-06,Inquiry
13271,34803,2022-11-21,Inquiry
13272,27808,2025-02-18,Complaint
13273,44245,2021-07-28,Complaint
13274,25369,2020-07-11,Complaint
13275,41796,2022-12-01,Complaint
13276,16596,2021-03-07,Inquiry
13277,42833,2023-09-22,Inquiry
13278,46960,2023-10-11,Inquiry
13279,4522,2021-05-20,Complaint
13280,20332,2023-10-26,Inquiry
13281,17858,2022-12-15,Complaint
13282,15377,2022-10-31,Complaint
13283,14093,2023-08-15,Complaint
13284,15788,2024-05-27,Inquiry
13285,36941,2025-06-04,Inquiry
13286,18722,2023-02-27,Inquiry
13287,11204,2023-07-01,Complaint
13288,9267,2021-10-28,Inquiry
13289,35171,2021-09-21,Complaint
13290,40248,2020-09-04,Complaint
13291,10255,2020-03-10,Complaint
13292,31987,2020-05-08,Complaint
13293,17371,2023-12-17,Inquiry
13294,16885,2022-09-04,Complaint
13295,11192,2020-11-11,Complaint
13296,28599,2025-03-08,Inquiry
13297,20746,2023-12-29,Complaint
13298,31802,2022-02-25,Complaint
13299,13720,2024-07-22,Complaint
13300,34594,2024-09-15,Inquiry
13301,42537,2020-10-28,Complaint
13302,24656,2021-08-30,Inquiry
13303,923,2022-06-05,Complaint
13304,24790,2025-04-04,Complaint
13305,34495,2024-05-16,Inquiry
13306,42944,2021-01-17,Complaint
13307,46645,2025-03-29,Inquiry
13308,21051,2020-03-18,Inquiry
13309,28317,2022-10-16,Inquiry
13310,8458,2022-07-01,Complaint
13311,17086,2020-01-09,Inquiry
13312,35421,2024-04-27,Complaint
13313,31976,2022-11-28,Complaint
13314,3187,2024-03-24,Complaint
13315,49331,2021-06-06,Inquiry
13316,247,2020-09-23,Inquiry
13317,32413,2022-03-04,Inquiry
13318,2812,2024-07-30,Inquiry
13319,27036,2024-02-15,Inquiry
13320,10305,2023-03-06,Inquiry
13321,4025,2024-07-29,Complaint
13322,32644,2024-01-01,Complaint
13323,16009,2022-08-22,Complaint
13324,19332,2023-05-05,Inquiry
13325,34688,2022-02-21,Complaint
13326,6312,2023-10-12,Inquiry
13327,27741,2025-02-24,Inquiry
13328,35232,2023-12-12,Inquiry
13329,15405,2025-02-11,Complaint
13330,43619,2023-10-03,Complaint
13331,36628,2024-01-25,Complaint
13332,19838,2021-05-27,Inquiry
13333,26141,2024-12-14,Inquiry
13334,19665,2025-06-09,Inquiry
13335,22237,2020-01-14,Complaint
13336,6548,2020-09-05,Inquiry
13337,47776,2021-10-28,Complaint
13338,40022,2023-11-15,Inquiry
13339,13546,2020-02-21,Inquiry
13340,6557,2023-02-24,Inquiry
13341,30955,2023-07-19,Inquiry
13342,28843,2023-04-08,Inquiry
13343,31575,2021-05-05,Complaint
13344,47110,2024-12-28,Inquiry
13345,13556,2025-02-03,Complaint
13346,47759,2020-09-14,Inquiry
13347,48464,2023-09-08,Inquiry
13348,21500,2024-05-25,Inquiry
13349,44030,2021-10-03,Inquiry
13350,20104,2022-09-21,Complaint
13351,34967,2025-02-11,Inquiry
13352,42699,2023-03-03,Complaint
13353,10109,2022-08-22,Inquiry
13354,27385,2024-07-21,Inquiry
13355,13736,2022-01-16,Inquiry
13356,47881,2020-05-18,Complaint
13357,35405,2023-09-23,Inquiry
13358,23154,2021-02-06,Complaint
13359,665,2021-11-17,Inquiry
13360,43828,2022-12-28,Complaint
13361,29018,2020-07-18,Complaint
13362,24373,2022-09-13,Inquiry
13363,39601,2023-04-16,Complaint
13364,45118,2024-11-04,Inquiry
13365,21323,2025-04-17,Complaint
13366,5730,2023-07-06,Inquiry
13367,28258,2022-06-18,Inquiry
13368,43749,2024-12-29,Inquiry
13369,38693,2021-02-27,Inquiry
13370,4105,2021-07-02,Complaint
13371,35308,2020-04-07,Inquiry
13372,47797,2020-10-08,Complaint
13373,28928,2023-02-25,Complaint
13374,24026,2021-01-30,Inquiry
13375,17720,2021-03-11,Complaint
13376,13176,2021-08-08,Inquiry
13377,25299,2020-02-12,Inquiry
13378,29941,2024-04-11,Inquiry
13379,23745,2025-03-07,Inquiry
13380,3018,2023-02-26,Inquiry
13381,22104,2024-12-16,Inquiry
13382,23933,2020-01-18,Complaint
13383,36324,2020-08-26,Inquiry
13384,47435,2023-03-03,Complaint
13385,32291,2023-05-07,Inquiry
13386,673,2022-08-09,Complaint
13387,6441,2023-09-11,Inquiry
13388,18909,2025-02-27,Inquiry
13389,4521,2020-09-17,Complaint
13390,8162,2021-05-03,Inquiry
13391,23797,2025-03-14,Inquiry
13392,9512,2020-04-20,Inquiry
13393,38795,2022-01-24,Inquiry
13394,961,2024-09-07,Inquiry
13395,17475,2020-07-13,Complaint
13396,35070,2023-09-25,Complaint
13397,20303,2022-04-16,Inquiry
13398,42458,2024-07-10,Inquiry
13399,46001,2023-02-14,Inquiry
13400,15101,2021-03-17,Inquiry
13401,16642,2024-03-23,Inquiry
13402,27978,2022-06-09,Inquiry
13403,42805,2022-01-31,Inquiry
13404,28533,2021-12-05,Inquiry
13405,46600,2022-09-24,Complaint
13406,11003,2023-12-13,Inquiry
13407,4671,2020-05-11,Complaint
13408,21836,2021-12-09,Inquiry
13409,34623,2024-03-24,Inquiry
13410,43678,2022-08-25,Inquiry
13411,43462,2020-08-15,Inquiry
13412,7489,2024-05-01,Inquiry
13413,8064,2021-08-22,Complaint
13414,33990,2023-12-01,Inquiry
13415,20116,2021-04-02,Inquiry
13416,42378,2023-01-10,Inquiry
13417,24426,2023-10-28,Inquiry
13418,25121,2021-05-02,Complaint
13419,25198,2020-08-31,Complaint
13420,15582,2021-10-12,Inquiry
13421,2692,2023-01-13,Inquiry
13422,12944,2021-12-15,Inquiry
13423,41454,2021-06-25,Inquiry
13424,8156,2024-02-10,Complaint
13425,46974,2024-05-03,Inquiry
13426,47425,2023-10-15,Inquiry
13427,37288,2023-10-12,Complaint
13428,30633,2023-03-17,Inquiry
13429,27629,2022-11-08,Inquiry
13430,5094,2022-06-22,Complaint
13431,27285,2022-07-21,Inquiry
13432,9372,2020-08-22,Inquiry
13433,5653,2025-04-02,Complaint
13434,43509,2020-07-01,Complaint
13435,43473,2024-12-05,Inquiry
13436,20415,2022-03-03,Inquiry
13437,29504,2022-11-30,Complaint
13438,7943,2021-05-30,Complaint
13439,49713,2024-06-28,Inquiry
13440,36499,2020-05-30,Inquiry
13441,44035,2020-06-01,Inquiry
13442,32210,2021-12-18,Complaint
13443,26710,2025-04-18,Complaint
13444,15343,2022-11-28,Inquiry
13445,20631,2021-06-16,Inquiry
13446,35908,2023-10-05,Inquiry
13447,30931,2023-01-18,Inquiry
13448,40340,2022-10-09,Complaint
13449,13367,2024-07-05,Complaint
13450,45591,2024-04-07,Inquiry
13451,31066,2025-01-13,Complaint
13452,30957,2020-04-09,Complaint
13453,32136,2023-01-20,Inquiry
13454,17284,2021-02-25,Inquiry
13455,18062,2025-03-19,Inquiry
13456,36545,2022-06-26,Complaint
13457,1999,2022-10-03,Complaint
13458,10907,2020-12-20,Inquiry
13459,1936,2021-12-15,Inquiry
13460,1624,2023-07-08,Complaint
13461,10573,2024-05-20,Inquiry
13462,32562,2023-12-25,Complaint
13463,35042,2023-10-17,Complaint
13464,15864,2021-07-11,Inquiry
13465,12678,2022-07-18,Inquiry
13466,2746,2021-12-25,Complaint
13467,46478,2023-09-18,Complaint
13468,47436,2024-06-06,Complaint
13469,1701,2023-01-25,Inquiry
13470,32150,2023-03-03,Inquiry
13471,49838,2024-07-02,Complaint
13472,44986,2023-06-05,Inquiry
13473,35709,2024-09-05,Inquiry
13474,12604,2024-11-25,Complaint
13475,33472,2021-10-24,Complaint
13476,8415,2024-04-07,Inquiry
13477,5236,2023-10-16,Inquiry
13478,29408,2022-10-18,Complaint
13479,46451,2024-02-24,Inquiry
13480,9619,2023-11-12,Complaint
13481,9627,2024-07-17,Inquiry
13482,47197,2022-06-16,Complaint
13483,21668,2024-04-25,Complaint
13484,38541,2022-05-26,Complaint
13485,18462,2020-10-08,Inquiry
13486,11594,2022-08-06,Complaint
13487,7471,2020-01-29,Inquiry
13488,37761,2021-02-12,Inquiry
13489,48039,2023-02-16,Inquiry
13490,47586,2024-09-29,Complaint
13491,30406,2024-07-23,Complaint
13492,14110,2021-06-30,Complaint
13493,9091,2020-01-12,Inquiry
13494,31253,2021-04-19,Inquiry
13495,42422,2024-06-07,Inquiry
13496,14714,2020-09-11,Inquiry
13497,11483,2021-09-15,Complaint
13498,37789,2022-08-05,Inquiry
13499,8110,2020-11-14,Inquiry
13500,45871,2023-01-31,Inquiry
13501,28875,2020-04-16,Complaint
13502,40550,2023-07-27,Complaint
13503,41556,2020-05-04,Complaint
13504,44610,2025-06-13,Inquiry
13505,17554,2022-06-04,Complaint
13506,5343,2023-01-18,Inquiry
13507,35757,2020-01-12,Complaint
13508,24846,2023-06-23,Inquiry
13509,6856,2023-10-25,Complaint
13510,34650,2022-09-10,Complaint
13511,16253,2024-02-13,Inquiry
13512,25877,2022-08-27,Inquiry
13513,28439,2022-01-05,Complaint
13514,44918,2023-02-01,Inquiry
13515,454,2020-01-24,Complaint
13516,42195,2020-12-10,Complaint
13517,49562,2020-09-08,Inquiry
13518,12803,2022-05-29,Complaint
13519,12354,2024-06-08,Inquiry
13520,38001,2022-02-27,Complaint
13521,49351,2024-11-08,Complaint
13522,25082,2023-11-05,Inquiry
13523,22651,2020-12-07,Complaint
13524,34062,2020-02-10,Complaint
13525,42186,2021-11-26,Inquiry
13526,2141,2024-07-23,Inquiry
13527,18908,2024-07-01,Complaint
13528,21,2022-09-23,Inquiry
13529,8906,2020-10-10,Inquiry
13530,30083,2022-01-09,Inquiry
13531,7994,2024-05-06,Complaint
13532,26508,2023-05-01,Inquiry
13533,49455,2023-12-04,Complaint
13534,20179,2020-11-22,Inquiry
13535,23403,2020-11-20,Complaint
13536,16603,2022-05-07,Inquiry
13537,9197,2022-02-19,Complaint
13538,41489,2024-04-25,Inquiry
13539,11028,2020-08-06,Inquiry
13540,25656,2021-02-04,Inquiry
13541,13963,2023-11-18,Inquiry
13542,6648,2021-06-08,Inquiry
13543,7255,2022-06-08,Complaint
13544,103,2024-08-13,Inquiry
13545,41246,2023-07-25,Inquiry
13546,24925,2024-10-27,Inquiry
13547,20005,2024-07-30,Inquiry
13548,28287,2021-04-02,Complaint
13549,2073,2024-05-10,Complaint
13550,26309,2023-04-23,Inquiry
13551,41370,2020-09-30,Complaint
13552,409,2021-06-30,Inquiry
13553,25576,2024-11-16,Inquiry
13554,30051,2020-11-05,Inquiry
13555,46087,2025-05-09,Complaint
13556,35778,2025-06-17,Inquiry
13557,15323,2021-05-31,Complaint
13558,28304,2022-10-03,Complaint
13559,22305,2020-06-17,Inquiry
13560,42031,2023-04-26,Complaint
13561,700,2020-09-22,Complaint
13562,20991,2020-05-21,Inquiry
13563,13524,2025-02-15,Inquiry
13564,34963,2025-01-02,Complaint
13565,6841,2022-12-10,Complaint
13566,36839,2020-08-01,Complaint
13567,27643,2025-04-05,Inquiry
13568,24738,2022-05-02,Inquiry
13569,20183,2020-10-29,Complaint
13570,36783,2022-10-13,Inquiry
13571,760,2020-12-06,Complaint
13572,36637,2023-11-28,Inquiry
13573,8324,2022-11-09,Complaint
13574,45263,2021-04-18,Inquiry
13575,9694,2020-02-11,Inquiry
13576,49624,2020-08-04,Complaint
13577,32606,2020-05-04,Inquiry
13578,1772,2023-03-06,Inquiry
13579,33997,2024-08-31,Inquiry
13580,44044,2021-04-07,Inquiry
13581,27288,2024-09-06,Inquiry
13582,6111,2024-10-06,Complaint
13583,12723,2023-06-02,Complaint
13584,3832,2021-11-22,Inquiry
13585,41258,2022-08-27,Inquiry
13586,20378,2024-09-25,Inquiry
13587,41773,2020-01-10,Inquiry
13588,29109,2020-03-30,Inquiry
13589,5077,2021-02-26,Complaint
13590,3568,2025-05-13,Complaint
13591,32270,2023-07-15,Complaint
13592,24678,2021-02-16,Inquiry
13593,19748,2025-03-18,Inquiry
13594,9727,2025-06-19,Inquiry
13595,22194,2021-04-16,Inquiry
13596,23114,2020-07-03,Inquiry
13597,31552,2020-12-26,Inquiry
13598,32483,2024-12-27,Inquiry
13599,9809,2020-01-20,Complaint
13600,17410,2022-06-25,Complaint
13601,12250,2022-09-27,Complaint
13602,26705,2021-08-14,Inquiry
13603,23288,2023-08-08,Complaint
13604,27553,2023-03-19,Complaint
13605,32048,2024-04-30,Inquiry
13606,22463,2021-03-20,Complaint
13607,49002,2024-05-26,Complaint
13608,6832,2021-10-21,Inquiry
13609,46990,2024-03-15,Inquiry
13610,27628,2023-08-11,Complaint
13611,11243,2024-08-11,Inquiry
13612,47350,2021-07-21,Inquiry
13613,49065,2020-08-23,Inquiry
13614,32786,2023-12-17,Inquiry
13615,32058,2024-02-22,Inquiry
13616,16723,2024-08-20,Complaint
13617,40112,2023-07-14,Inquiry
13618,47008,2021-08-22,Complaint
13619,14408,2022-01-29,Complaint
13620,16571,2023-09-29,Inquiry
13621,38140,2022-05-20,Inquiry
13622,11571,2023-10-18,Complaint
13623,1006,2023-06-30,Complaint
13624,38499,2021-08-18,Inquiry
13625,26380,2024-01-25,Complaint
13626,22778,2022-09-09,Inquiry
13627,41458,2023-12-07,Inquiry
13628,23661,2020-07-25,Complaint
13629,40594,2022-09-06,Complaint
13630,15322,2024-10-19,Inquiry
13631,31398,2021-01-15,Complaint
13632,48885,2022-11-01,Inquiry
13633,42310,2021-11-22,Complaint
13634,2701,2024-03-06,Complaint
13635,37255,2020-08-02,Complaint
13636,42212,2022-07-03,Inquiry
13637,26055,2020-02-02,Complaint
13638,32752,2023-12-03,Inquiry
13639,11043,2025-04-02,Complaint
13640,16835,2020-05-24,Complaint
13641,26085,2020-06-08,Complaint
13642,17374,2020-03-26,Inquiry
13643,8411,2022-11-23,Inquiry
13644,2203,2020-12-23,Inquiry
13645,779,2024-01-23,Inquiry
13646,35538,2021-01-19,Inquiry
13647,39687,2023-09-20,Inquiry
13648,19586,2023-04-27,Inquiry
13649,34362,2024-10-11,Inquiry
13650,200,2021-09-12,Inquiry
13651,21336,2023-11-02,Complaint
13652,42937,2024-09-21,Inquiry
13653,4609,2020-02-06,Complaint
13654,14900,2020-11-16,Inquiry
13655,21104,2023-02-27,Inquiry
13656,431,2020-04-09,Inquiry
13657,41312,2024-03-31,Inquiry
13658,36306,2021-11-25,Complaint
13659,3362,2020-03-29,Inquiry
13660,229,2020-02-12,Inquiry
13661,39559,2023-01-12,Inquiry
13662,3863,2025-03-16,Inquiry
13663,41169,2022-02-06,Inquiry
13664,49592,2024-09-08,Inquiry
13665,1606,2021-10-19,Complaint
13666,38270,2020-06-09,Inquiry
13667,29386,2024-02-06,Inquiry
13668,43160,2021-05-20,Inquiry
13669,8875,2023-06-29,Complaint
13670,18093,2023-11-23,Inquiry
13671,13212,2024-02-19,Inquiry
13672,37732,2020-08-06,Inquiry
13673,35615,2025-01-30,Complaint
13674,12214,2022-01-14,Inquiry
13675,2721,2024-10-16,Inquiry
13676,22464,2023-04-24,Inquiry
13677,8395,2021-02-13,Complaint
13678,14980,2023-08-08,Inquiry
13679,30022,2022-10-08,Inquiry
13680,30368,2023-02-27,Inquiry
13681,32474,2024-06-27,Complaint
13682,31911,2020-08-24,Inquiry
13683,26090,2020-03-26,Complaint
13684,48413,2020-04-23,Complaint
13685,47045,2024-02-02,Inquiry
13686,32195,2024-10-31,Inquiry
13687,41120,2020-06-23,Complaint
13688,21737,2023-12-02,Complaint
13689,28154,2020-03-31,Inquiry
13690,17944,2025-01-22,Inquiry
13691,2042,2022-04-19,Complaint
13692,18849,2020-11-28,Complaint
13693,28642,2020-07-10,Inquiry
13694,16370,2025-03-07,Complaint
13695,43417,2020-07-23,Inquiry
13696,16841,2023-09-14,Inquiry
13697,38936,2021-11-06,Complaint
13698,9798,2024-02-09,Inquiry
13699,29750,2022-11-11,Inquiry
13700,1725,2024-11-13,Inquiry
13701,25457,2025-04-13,Inquiry
13702,4209,2024-04-25,Inquiry
13703,22568,2022-11-30,Inquiry
13704,33294,2025-03-17,Inquiry
13705,3751,2021-09-05,Inquiry
13706,25182,2022-08-12,Inquiry
13707,43783,2024-08-03,Complaint
13708,20695,2025-03-26,Inquiry
13709,1076,2022-11-25,Inquiry
13710,21568,2020-08-12,Inquiry
13711,42174,2020-07-10,Complaint
13712,4841,2022-03-19,Inquiry
13713,4117,2022-03-13,Complaint
13714,20418,2021-12-02,Inquiry
13715,20763,2024-08-11,Complaint
13716,25536,2021-05-29,Complaint
13717,13598,2020-07-14,Complaint
13718,49749,2024-02-21,Complaint
13719,21158,2020-07-20,Complaint
13720,12899,2023-12-28,Complaint
13721,41493,2025-04-21,Inquiry
13722,2015,2025-02-01,Inquiry
13723,28530,2023-06-21,Inquiry
13724,25161,2022-02-08,Inquiry
13725,13012,2020-03-09,Inquiry
13726,20897,2022-10-07,Inquiry
13727,5304,2024-06-23,Complaint
13728,5357,2022-02-02,Inquiry
13729,25424,2022-10-06,Complaint
13730,20064,2022-06-08,Complaint
13731,33277,2023-09-22,Complaint
13732,41043,2021-07-25,Complaint
13733,42780,2022-09-07,Complaint
13734,23511,2022-08-29,Complaint
13735,5562,2022-10-10,Inquiry
13736,39226,2023-01-23,Inquiry
13737,48737,2023-06-28,Complaint
13738,306,2022-04-22,Inquiry
13739,9172,2020-11-11,Complaint
13740,32276,2024-01-29,Inquiry
13741,16848,2020-09-12,Inquiry
13742,36861,2021-01-28,Inquiry
13743,39808,2023-01-26,Inquiry
13744,33957,2024-03-14,Complaint
13745,11344,2024-02-18,Complaint
13746,34379,2020-10-24,Complaint
13747,11042,2023-11-18,Inquiry
13748,270,2022-02-12,Inquiry
13749,31958,2020-03-21,Complaint
13750,39700,2025-02-05,Inquiry
13751,46119,2022-08-30,Complaint
13752,42253,2023-04-10,Inquiry
13753,43629,2022-05-08,Inquiry
13754,34492,2020-07-13,Inquiry
13755,40086,2025-05-19,Inquiry
13756,3626,2023-03-02,Complaint
13757,1022,2021-08-06,Inquiry
13758,29382,2025-03-24,Complaint
13759,3707,2021-01-10,Inquiry
13760,22461,2023-01-20,Complaint
13761,11727,2020-04-22,Inquiry
13762,1879,2024-01-22,Inquiry
13763,41391,2024-09-15,Inquiry
13764,41086,2021-03-26,Inquiry
13765,10858,2021-04-16,Inquiry
13766,41740,2020-01-09,Inquiry
13767,11691,2022-09-01,Complaint
13768,18198,2021-02-16,Complaint
13769,26408,2020-08-30,Complaint
13770,2865,2022-07-04,Complaint
13771,27375,2023-04-18,Complaint
13772,25504,2023-08-31,Inquiry
13773,40040,2022-11-23,Complaint
13774,26123,2022-04-04,Inquiry
13775,16664,2021-08-10,Inquiry
13776,36414,2022-11-30,Inquiry
13777,45363,2023-11-05,Inquiry
13778,47015,2022-02-01,Inquiry
13779,37471,2024-02-07,Complaint
13780,48250,2020-08-21,Inquiry
13781,27238,2023-06-24,Inquiry
13782,27252,2024-04-30,Inquiry
13783,2318,2024-03-10,Inquiry
13784,39854,2021-07-28,Inquiry
13785,47567,2025-01-23,Complaint
13786,15994,2021-12-28,Complaint
13787,1682,2022-08-04,Inquiry
13788,14562,2020-02-19,Inquiry
13789,29182,2024-11-23,Inquiry
13790,19655,2024-03-29,Inquiry
13791,6723,2020-06-12,Inquiry
13792,10794,2022-12-24,Complaint
13793,29955,2023-09-12,Inquiry
13794,11899,2023-03-05,Complaint
13795,45067,2022-03-07,Inquiry
13796,7766,2023-03-19,Inquiry
13797,3467,2022-10-01,Inquiry
13798,20412,2021-09-27,Inquiry
13799,11022,2021-06-07,Complaint
13800,1332,2022-09-13,Complaint
13801,838,2025-02-27,Complaint
13802,42766,2024-05-12,Inquiry
13803,22865,2021-01-03,Inquiry
13804,7339,2024-12-03,Inquiry
13805,24782,2024-08-20,Complaint
13806,17985,2021-06-13,Inquiry
13807,35576,2021-05-13,Inquiry
13808,11664,2023-07-03,Complaint
13809,42184,2024-05-29,Complaint
13810,35561,2024-09-12,Inquiry
13811,27411,2020-04-11,Inquiry
13812,10982,2020-03-14,Inquiry
13813,723,2023-11-02,Complaint
13814,40971,2024-02-07,Inquiry
13815,3054,2020-10-14,Inquiry
13816,25192,2020-10-04,Inquiry
13817,24687,2023-01-05,Inquiry
13818,29257,2024-11-17,Inquiry
13819,6965,2022-01-11,Inquiry
13820,19501,2025-03-15,Inquiry
13821,30334,2023-02-17,Inquiry
13822,35562,2022-11-30,Complaint
13823,6635,2024-12-10,Complaint
13824,15243,2024-08-02,Complaint
13825,25995,2022-12-14,Complaint
13826,2924,2020-08-06,Complaint
13827,37438,2023-03-20,Inquiry
13828,3717,2021-03-10,Complaint
13829,13151,2020-05-09,Inquiry
13830,30015,2021-01-14,Inquiry
13831,6497,2024-06-26,Inquiry
13832,47350,2023-07-19,Inquiry
13833,48731,2024-03-09,Inquiry
13834,29251,2024-04-07,Inquiry
13835,12107,2023-03-24,Complaint
13836,48690,2024-09-11,Complaint
13837,2210,2021-08-05,Complaint
13838,28734,2021-04-08,Inquiry
13839,37044,2024-02-19,Inquiry
13840,29833,2020-05-18,Complaint
13841,32336,2023-03-11,Inquiry
13842,19275,2020-07-17,Inquiry
13843,2545,2024-06-12,Complaint
13844,38657,2023-03-08,Complaint
13845,13386,2025-01-10,Inquiry
13846,16687,2021-06-28,Inquiry
13847,24919,2023-06-01,Complaint
13848,46474,2020-12-26,Complaint
13849,35569,2023-02-13,Inquiry
13850,16577,2020-01-20,Complaint
13851,37341,2020-11-19,Inquiry
13852,48663,2022-11-26,Inquiry
13853,30073,2024-05-16,Complaint
13854,16677,2023-11-04,Inquiry
13855,21057,2021-02-20,Complaint
13856,37516,2020-04-17,Complaint
13857,47330,2023-01-14,Inquiry
13858,25732,2023-08-08,Complaint
13859,26989,2024-07-10,Inquiry
13860,14217,2022-06-15,Inquiry
13861,48695,2023-12-20,Inquiry
13862,20958,2024-09-16,Complaint
13863,1545,2023-11-15,Inquiry
13864,34223,2020-03-12,Inquiry
13865,16239,2020-07-18,Inquiry
13866,33667,2020-03-30,Inquiry
13867,23842,2022-07-11,Complaint
13868,37296,2024-11-02,Inquiry
13869,39487,2024-03-08,Inquiry
13870,48827,2025-02-01,Inquiry
13871,4038,2020-07-06,Complaint
13872,15656,2024-09-30,Inquiry
13873,21160,2022-08-28,Complaint
13874,20281,2020-04-04,Inquiry
13875,34198,2022-05-20,Inquiry
13876,33311,2022-07-22,Inquiry
13877,31100,2020-01-18,Inquiry
13878,20206,2021-10-20,Inquiry
13879,38437,2021-06-18,Complaint
13880,34416,2023-08-15,Inquiry
13881,48418,2023-05-26,Complaint
13882,46904,2021-06-03,Complaint
13883,15514,2022-08-12,Inquiry
13884,19033,2022-09-01,Inquiry
13885,26460,2021-07-25,Inquiry
13886,6928,2024-08-18,Inquiry
13887,38603,2023-12-24,Complaint
13888,40792,2024-03-10,Inquiry
13889,49016,2020-05-20,Complaint
13890,27018,2020-07-01,Complaint
13891,43247,2025-05-13,Inquiry
13892,20655,2023-11-11,Complaint
13893,2521,2024-04-07,Complaint
13894,9549,2023-09-17,Inquiry
13895,1227,2021-06-17,Inquiry
13896,29487,2020-10-17,Complaint
13897,18064,2024-07-24,Inquiry
13898,48174,2022-03-30,Inquiry
13899,20447,2022-12-02,Complaint
13900,32694,2024-06-20,Inquiry
13901,27135,2021-05-16,Complaint
13902,24564,2025-01-13,Inquiry
13903,43803,2023-01-19,Complaint
13904,34442,2024-11-23,Complaint
13905,35722,2020-01-26,Complaint
13906,11475,2025-02-02,Complaint
13907,5782,2025-06-16,Complaint
13908,44193,2025-05-31,Inquiry
13909,29193,2024-11-06,Inquiry
13910,23831,2022-08-03,Inquiry
13911,42080,2021-09-24,Inquiry
13912,24157,2022-05-11,Inquiry
13913,14309,2021-01-07,Complaint
13914,42033,2023-04-18,Complaint
13915,37914,2020-12-15,Inquiry
13916,7083,2022-03-21,Inquiry
13917,26930,2022-06-02,Inquiry
13918,2930,2023-07-31,Complaint
13919,101,2020-10-30,Inquiry
13920,13302,2021-11-22,Inquiry
13921,20669,2022-04-26,Complaint
13922,27193,2023-11-05,Inquiry
13923,36840,2021-02-24,Inquiry
13924,16263,2025-04-22,Inquiry
13925,36415,2023-03-20,Complaint
13926,44602,2021-11-24,Inquiry
13927,15703,2022-09-03,Complaint
13928,44532,2021-08-02,Inquiry
13929,36130,2022-02-06,Complaint
13930,33345,2020-04-26,Inquiry
13931,16064,2020-12-04,Inquiry
13932,39816,2024-05-19,Complaint
13933,11930,2022-03-14,Complaint
13934,18251,2021-11-13,Inquiry
13935,8943,2025-03-29,Inquiry
13936,8050,2021-07-19,Inquiry
13937,40566,2024-02-23,Inquiry
13938,26227,2021-08-19,Complaint
13939,2927,2021-06-02,Inquiry
13940,992,2021-04-18,Complaint
13941,20493,2023-05-20,Complaint
13942,1455,2025-04-05,Complaint
13943,35122,2022-05-06,Inquiry
13944,20039,2022-01-19,Inquiry
13945,38452,2020-07-16,Inquiry
13946,30205,2020-01-30,Inquiry
13947,40613,2025-03-07,Complaint
13948,18775,2022-05-14,Complaint
13949,30948,2025-05-10,Inquiry
13950,37084,2021-10-29,Complaint
13951,13816,2023-10-05,Inquiry
13952,15812,2021-09-30,Inquiry
13953,26584,2021-11-26,Inquiry
13954,30461,2021-05-07,Inquiry
13955,38457,2021-03-23,Complaint
13956,13888,2025-02-08,Complaint
13957,25174,2024-06-02,Complaint
13958,37307,2021-12-23,Inquiry
13959,14956,2025-05-26,Inquiry
13960,27002,2021-04-04,Complaint
13961,44472,2023-06-04,Inquiry
13962,33417,2024-06-18,Inquiry
13963,9449,2024-03-27,Inquiry
13964,18248,2021-07-23,Inquiry
13965,4861,2024-06-27,Inquiry
13966,40962,2024-03-27,Inquiry
13967,20189,2025-02-20,Complaint
13968,30165,2020-08-05,Inquiry
13969,47250,2024-02-26,Inquiry
13970,32205,2024-03-15,Complaint
13971,3543,2022-02-13,Inquiry
13972,1422,2022-07-27,Complaint
13973,9231,2022-12-26,Complaint
13974,30449,2020-08-30,Inquiry
13975,41859,2022-07-20,Inquiry
13976,17301,2025-06-01,Complaint
13977,30570,2021-09-08,Complaint
13978,23100,2022-01-17,Complaint
13979,24493,2020-10-14,Complaint
13980,21753,2021-03-06,Inquiry
13981,19449,2024-07-28,Complaint
13982,36506,2022-10-08,Inquiry
13983,759,2021-07-12,Complaint
13984,27383,2024-09-01,Inquiry
13985,16842,2023-04-27,Complaint
13986,40912,2020-03-20,Complaint
13987,33004,2022-08-04,Complaint
13988,33070,2021-03-15,Complaint
13989,16835,2020-09-06,Complaint
13990,18064,2020-02-05,Inquiry
13991,983,2023-12-21,Complaint
13992,17169,2020-05-30,Complaint
13993,43665,2023-10-26,Inquiry
13994,32481,2020-05-20,Inquiry
13995,23753,2020-02-14,Complaint
13996,20742,2024-10-01,Complaint
13997,26452,2023-12-28,Inquiry
13998,48840,2024-06-23,Inquiry
13999,26229,2023-05-22,Complaint
14000,45195,2023-12-09,Complaint
14001,42862,2021-02-25,Inquiry
14002,36655,2020-04-20,Inquiry
14003,14866,2023-10-27,Inquiry
14004,18386,2024-10-07,Inquiry
14005,4178,2022-08-22,Inquiry
14006,31035,2021-02-18,Complaint
14007,12068,2025-01-19,Complaint
14008,24915,2020-07-19,Inquiry
14009,44783,2021-06-03,Inquiry
14010,42437,2020-09-24,Inquiry
14011,49056,2025-06-01,Inquiry
14012,26920,2022-08-22,Inquiry
14013,8245,2022-08-08,Complaint
14014,3077,2022-11-21,Inquiry
14015,2411,2024-02-14,Inquiry
14016,32734,2021-02-13,Complaint
14017,5350,2025-04-01,Inquiry
14018,23981,2021-01-30,Inquiry
14019,15087,2023-01-25,Complaint
14020,18384,2023-11-17,Complaint
14021,27321,2023-06-27,Inquiry
14022,12482,2023-02-26,Inquiry
14023,39697,2020-05-22,Inquiry
14024,5725,2021-04-26,Inquiry
14025,35820,2024-12-31,Inquiry
14026,29193,2020-03-31,Complaint
14027,30171,2020-01-08,Complaint
14028,27493,2024-03-21,Inquiry
14029,39433,2023-11-30,Inquiry
14030,1554,2022-01-28,Inquiry
14031,3909,2022-09-27,Inquiry
14032,9932,2025-03-14,Inquiry
14033,45836,2024-07-09,Complaint
14034,5673,2023-12-18,Inquiry
14035,37469,2022-07-20,Complaint
14036,10318,2021-11-17,Inquiry
14037,38348,2023-01-05,Inquiry
14038,42816,2022-04-22,Complaint
14039,35790,2022-08-30,Inquiry
14040,9588,2025-05-18,Inquiry
14041,22343,2020-08-31,Complaint
14042,6779,2020-07-17,Inquiry
14043,45502,2022-05-26,Complaint
14044,8002,2023-11-07,Inquiry
14045,44204,2024-10-24,Complaint
14046,11105,2023-09-09,Complaint
14047,9366,2022-01-21,Complaint
14048,3628,2021-07-20,Inquiry
14049,39579,2020-12-21,Inquiry
14050,16796,2023-05-07,Inquiry
14051,9519,2022-03-16,Inquiry
14052,36552,2022-04-02,Inquiry
14053,11716,2023-10-08,Complaint
14054,20949,2022-08-28,Complaint
14055,23443,2023-10-03,Complaint
14056,16167,2022-02-22,Complaint
14057,44153,2025-05-18,Complaint
14058,30978,2022-03-02,Complaint
14059,25465,2024-05-03,Inquiry
14060,21151,2023-12-30,Complaint
14061,9172,2024-12-21,Complaint
14062,12088,2020-12-11,Inquiry
14063,48554,2023-07-25,Complaint
14064,9119,2025-02-14,Complaint
14065,48983,2025-05-17,Complaint
14066,22088,2020-07-29,Complaint
14067,33972,2025-01-14,Inquiry
14068,36554,2022-04-01,Complaint
14069,24459,2023-05-11,Complaint
14070,33107,2022-12-23,Inquiry
14071,5180,2024-04-30,Complaint
14072,35228,2022-10-21,Inquiry
14073,27699,2024-08-21,Complaint
14074,43293,2023-06-04,Inquiry
14075,47628,2021-12-18,Inquiry
14076,24850,2020-04-18,Inquiry
14077,14039,2024-11-18,Inquiry
14078,20727,2020-04-26,Complaint
14079,14422,2021-01-15,Complaint
14080,13957,2020-06-28,Inquiry
14081,5112,2021-08-08,Inquiry
14082,37064,2023-11-11,Inquiry
14083,42276,2024-05-16,Inquiry
14084,25139,2025-05-01,Inquiry
14085,47313,2022-02-16,Inquiry
14086,1223,2023-04-08,Inquiry
14087,44541,2022-03-04,Inquiry
14088,41196,2020-10-04,Inquiry
14089,9758,2020-01-31,Complaint
14090,30959,2024-08-22,Complaint
14091,16419,2023-04-02,Inquiry
14092,40418,2023-05-07,Complaint
14093,39259,2020-03-12,Complaint
14094,11215,2021-05-09,Inquiry
14095,17480,2022-03-07,Complaint
14096,160,2024-10-01,Inquiry
14097,43336,2022-08-23,Inquiry
14098,35913,2022-01-26,Inquiry
14099,35609,2024-01-09,Inquiry
14100,24911,2020-04-28,Inquiry
14101,27068,2023-01-17,Complaint
14102,7372,2021-11-12,Inquiry
14103,23747,2021-11-26,Complaint
14104,33756,2020-02-06,Inquiry
14105,17366,2020-12-13,Inquiry
14106,14999,2020-06-08,Inquiry
14107,12791,2020-06-11,Inquiry
14108,19852,2021-04-05,Inquiry
14109,2242,2025-04-14,Inquiry
14110,30108,2024-07-28,Inquiry
14111,5136,2023-02-09,Inquiry
14112,6341,2024-11-09,Inquiry
14113,28124,2023-10-30,Inquiry
14114,12580,2021-09-23,Complaint
14115,39372,2020-09-08,Complaint
14116,23947,2023-11-18,Inquiry
14117,13056,2022-05-08,Inquiry
14118,25437,2020-03-10,Inquiry
14119,28557,2022-08-12,Inquiry
14120,47039,2021-10-08,Inquiry
14121,32407,2020-10-26,Complaint
14122,45809,2022-07-02,Inquiry
14123,18754,2021-08-11,Inquiry
14124,35030,2022-06-27,Complaint
14125,23059,2024-12-10,Inquiry
14126,25193,2022-06-08,Complaint
14127,22749,2023-11-24,Inquiry
14128,24744,2021-06-13,Inquiry
14129,47280,2023-04-28,Complaint
14130,21765,2024-09-07,Complaint
14131,10950,2023-02-05,Complaint
14132,37307,2025-06-03,Inquiry
14133,18327,2020-04-03,Complaint
14134,33257,2021-06-08,Inquiry
14135,9967,2024-04-22,Complaint
14136,18885,2025-01-14,Complaint
14137,47214,2022-10-18,Complaint
14138,46636,2023-03-20,Inquiry
14139,32795,2024-11-16,Inquiry
14140,13455,2023-07-22,Inquiry
14141,47522,2022-12-31,Inquiry
14142,13877,2021-04-09,Complaint
14143,29531,2022-03-14,Inquiry
14144,49030,2023-11-16,Inquiry
14145,20884,2025-01-22,Complaint
14146,46677,2022-05-15,Inquiry
14147,2034,2020-06-06,Inquiry
14148,44022,2022-10-26,Complaint
14149,3735,2022-09-26,Inquiry
14150,43651,2021-01-16,Complaint
14151,10997,2020-08-22,Complaint
14152,12234,2022-10-02,Complaint
14153,49701,2022-10-23,Complaint
14154,1049,2023-03-21,Inquiry
14155,36996,2023-01-20,Inquiry
14156,14389,2022-03-02,Inquiry
14157,21423,2021-06-07,Inquiry
14158,327,2024-08-25,Inquiry
14159,26418,2024-04-20,Complaint
14160,33937,2021-04-11,Complaint
14161,16130,2022-12-07,Inquiry
14162,10805,2021-05-13,Inquiry
14163,22653,2024-03-15,Complaint
14164,19344,2022-03-15,Inquiry
14165,6250,2020-06-15,Inquiry
14166,15267,2022-04-11,Complaint
14167,47895,2020-12-03,Complaint
14168,21592,2021-01-21,Complaint
14169,18896,2023-09-14,Complaint
14170,43329,2020-08-25,Inquiry
14171,32982,2022-08-04,Inquiry
14172,18961,2021-02-25,Inquiry
14173,24492,2024-08-12,Inquiry
14174,46605,2021-12-25,Complaint
14175,42195,2022-02-21,Inquiry
14176,17612,2020-04-21,Complaint
14177,45843,2025-06-05,Complaint
14178,6893,2020-03-15,Inquiry
14179,29683,2023-01-19,Complaint
14180,3996,2023-02-22,Complaint
14181,5111,2020-10-16,Complaint
14182,4930,2024-10-23,Inquiry
14183,25134,2022-08-08,Inquiry
14184,18666,2022-11-25,Complaint
14185,42566,2022-01-26,Inquiry
14186,23965,2022-02-12,Inquiry
14187,30849,2021-06-07,Complaint
14188,47693,2020-09-26,Complaint
14189,48884,2024-06-23,Inquiry
14190,37109,2024-09-16,Complaint
14191,17620,2025-04-25,Complaint
14192,5822,2023-09-20,Inquiry
14193,21686,2022-05-13,Complaint
14194,42020,2021-03-22,Inquiry
14195,19875,2021-03-02,Inquiry
14196,36900,2023-10-05,Inquiry
14197,36909,2020-08-31,Complaint
14198,15599,2025-02-21,Complaint
14199,6577,2024-03-31,Inquiry
14200,33423,2020-10-21,Complaint
14201,22159,2023-07-15,Inquiry
14202,29257,2020-04-19,Complaint
14203,14157,2021-04-25,Inquiry
14204,29510,2023-03-11,Inquiry
14205,29770,2020-08-10,Inquiry
14206,18753,2021-02-24,Inquiry
14207,38768,2022-08-05,Inquiry
14208,3083,2023-04-16,Inquiry
14209,5079,2023-10-05,Inquiry
14210,46626,2025-05-30,Complaint
14211,24446,2022-11-15,Complaint
14212,28894,2022-03-15,Inquiry
14213,42754,2021-02-05,Inquiry
14214,34799,2022-07-19,Complaint
14215,10628,2023-06-17,Inquiry
14216,37330,2025-04-13,Complaint
14217,9976,2020-04-23,Complaint
14218,11067,2021-10-19,Inquiry
14219,39089,2021-10-02,Inquiry
14220,8015,2021-03-04,Complaint
14221,47983,2022-02-09,Complaint
14222,16676,2022-03-23,Complaint
14223,6312,2024-04-18,Inquiry
14224,47378,2022-01-15,Inquiry
14225,39395,2021-08-04,Complaint
14226,44300,2024-02-06,Inquiry
14227,18393,2021-10-23,Inquiry
14228,37909,2024-01-31,Inquiry
14229,18683,2021-08-27,Complaint
14230,33510,2022-05-21,Complaint
14231,44629,2020-12-12,Complaint
14232,8204,2022-09-09,Inquiry
14233,3249,2024-05-20,Inquiry
14234,24820,2024-12-07,Complaint
14235,27836,2022-02-23,Inquiry
14236,12619,2021-09-11,Complaint
14237,37775,2022-11-26,Inquiry
14238,18324,2021-05-15,Complaint
14239,1876,2022-01-11,Inquiry
14240,33168,2023-11-27,Complaint
14241,15311,2025-05-05,Complaint
14242,2403,2021-04-10,Complaint
14243,2792,2021-04-28,Inquiry
14244,47847,2022-06-25,Inquiry
14245,4668,2023-09-29,Complaint
14246,46303,2023-09-19,Complaint
14247,4239,2023-06-18,Complaint
14248,5734,2020-05-18,Complaint
14249,29558,2024-11-01,Inquiry
14250,22551,2021-06-25,Inquiry
14251,3874,2021-10-01,Complaint
14252,26667,2025-04-05,Complaint
14253,19837,2021-06-30,Inquiry
14254,29827,2023-12-07,Inquiry
14255,24080,2024-01-29,Complaint
14256,31568,2024-10-28,Complaint
14257,38120,2022-05-08,Inquiry
14258,22387,2022-03-29,Complaint
14259,12611,2020-09-17,Complaint
14260,35237,2022-12-28,Inquiry
14261,23373,2024-03-02,Complaint
14262,17208,2023-05-23,Complaint
14263,17054,2023-07-25,Inquiry
14264,42400,2023-07-31,Complaint
14265,15301,2025-04-28,Inquiry
14266,30838,2021-01-22,Inquiry
14267,17338,2024-04-30,Complaint
14268,48704,2021-11-03,Inquiry
14269,7627,2023-10-02,Complaint
14270,16915,2020-05-01,Complaint
14271,5698,2023-03-20,Complaint
14272,32390,2024-04-22,Complaint
14273,39485,2023-04-19,Inquiry
14274,10321,2021-12-03,Inquiry
14275,2830,2020-09-16,Complaint
14276,25069,2022-07-21,Inquiry
14277,38623,2022-06-04,Inquiry
14278,30221,2022-06-03,Complaint
14279,37593,2021-08-27,Inquiry
14280,17202,2023-11-09,Complaint
14281,8970,2025-03-12,Complaint
14282,43456,2021-03-26,Complaint
14283,8799,2020-05-11,Inquiry
14284,11174,2025-04-21,Complaint
14285,24007,2023-04-12,Inquiry
14286,31263,2022-10-27,Inquiry
14287,13427,2024-05-15,Inquiry
14288,37425,2022-02-07,Inquiry
14289,27112,2022-01-02,Inquiry
14290,45767,2022-12-16,Inquiry
14291,12915,2020-01-13,Complaint
14292,30748,2024-11-17,Inquiry
14293,41863,2020-03-30,Complaint
14294,40540,2020-05-31,Inquiry
14295,38541,2022-11-17,Inquiry
14296,47943,2021-11-22,Inquiry
14297,37733,2022-04-17,Complaint
14298,33049,2025-04-12,Inquiry
14299,48833,2022-09-23,Inquiry
14300,13186,2022-11-16,Inquiry
14301,15065,2024-01-06,Inquiry
14302,48962,2023-01-29,Inquiry
14303,14985,2021-03-13,Inquiry
14304,34461,2021-02-18,Inquiry
14305,34402,2021-03-03,Inquiry
14306,17724,2024-03-07,Complaint
14307,11520,2022-01-25,Complaint
14308,1691,2022-05-01,Complaint
14309,39234,2021-08-19,Complaint
14310,805,2024-06-16,Inquiry
14311,37758,2024-12-20,Complaint
14312,26168,2020-08-19,Inquiry
14313,12384,2023-09-09,Inquiry
14314,26675,2022-06-27,Inquiry
14315,30447,2020-06-12,Complaint
14316,24161,2025-05-21,Inquiry
14317,38906,2023-08-17,Complaint
14318,31365,2022-10-17,Inquiry
14319,624,2022-01-29,Inquiry
14320,31400,2021-10-11,Complaint
14321,16115,2021-10-22,Inquiry
14322,8353,2021-05-12,Complaint
14323,4855,2021-09-12,Inquiry
14324,43900,2023-02-09,Complaint
14325,3261,2025-02-14,Inquiry
14326,18180,2021-05-16,Inquiry
14327,32668,2024-11-13,Inquiry
14328,47089,2020-06-29,Complaint
14329,38508,2024-11-09,Inquiry
14330,10523,2022-01-04,Inquiry
14331,8310,2021-11-26,Inquiry
14332,10773,2025-03-29,Inquiry
14333,46499,2023-01-06,Inquiry
14334,8399,2022-02-03,Complaint
14335,21012,2021-12-03,Complaint
14336,34636,2023-07-21,Complaint
14337,6615,2021-01-15,Complaint
14338,47056,2021-12-19,Complaint
14339,25999,2023-05-01,Complaint
14340,14950,2023-12-11,Complaint
14341,21865,2021-05-11,Inquiry
14342,10151,2023-08-04,Complaint
14343,23520,2024-10-04,Inquiry
14344,12130,2025-03-29,Complaint
14345,38013,2020-04-11,Inquiry
14346,17379,2021-12-20,Complaint
14347,328,2025-03-25,Inquiry
14348,41522,2020-04-27,Complaint
14349,30397,2021-01-22,Inquiry
14350,17447,2021-11-20,Inquiry
14351,29475,2021-01-10,Inquiry
14352,21574,2021-02-01,Inquiry
14353,45303,2023-06-10,Complaint
14354,35732,2023-08-07,Complaint
14355,13140,2023-10-28,Inquiry
14356,25864,2021-11-16,Complaint
14357,45060,2022-02-14,Inquiry
14358,23084,2020-04-19,Inquiry
14359,19975,2025-03-18,Inquiry
14360,41089,2022-03-17,Complaint
14361,49855,2023-08-20,Inquiry
14362,8061,2024-03-04,Inquiry
14363,7189,2020-08-13,Complaint
14364,21559,2022-01-27,Inquiry
14365,2339,2021-03-18,Inquiry
14366,9981,2025-03-17,Inquiry
14367,48318,2020-09-13,Inquiry
14368,3723,2025-02-10,Complaint
14369,32507,2024-08-21,Inquiry
14370,21476,2020-02-17,Inquiry
14371,21633,2022-11-19,Complaint
14372,43242,2024-06-26,Inquiry
14373,23127,2020-01-16,Complaint
14374,38520,2024-04-25,Complaint
14375,4911,2020-09-11,Complaint
14376,17226,2025-06-20,Complaint
14377,40592,2024-10-14,Complaint
14378,48633,2025-04-03,Complaint
14379,24136,2022-03-02,Complaint
14380,39074,2020-08-22,Inquiry
14381,3556,2024-05-19,Complaint
14382,44588,2020-12-21,Inquiry
14383,23877,2023-02-11,Complaint
14384,42639,2021-06-06,Inquiry
14385,5386,2024-06-12,Complaint
14386,25002,2022-08-30,Inquiry
14387,11763,2024-06-03,Inquiry
14388,46476,2020-08-08,Complaint
14389,38,2020-10-01,Complaint
14390,15031,2020-08-21,Inquiry
14391,39444,2022-09-01,Complaint
14392,43323,2020-01-19,Inquiry
14393,16136,2024-08-21,Inquiry
14394,41741,2020-09-24,Complaint
14395,41738,2024-04-17,Inquiry
14396,16955,2021-08-04,Inquiry
14397,29683,2023-01-30,Inquiry
14398,13598,2020-10-24,Complaint
14399,9585,2020-09-06,Inquiry
14400,18075,2025-05-24,Inquiry
14401,45545,2022-12-15,Inquiry
14402,24183,2022-03-31,Complaint
14403,10729,2022-09-09,Inquiry
14404,44038,2023-05-16,Inquiry
14405,1371,2025-01-07,Complaint
14406,708,2024-09-16,Complaint
14407,30459,2025-01-01,Inquiry
14408,33192,2021-02-04,Inquiry
14409,48383,2020-05-25,Complaint
14410,7527,2022-10-24,Inquiry
14411,8881,2023-10-04,Complaint
14412,39012,2020-09-07,Complaint
14413,23926,2021-03-10,Inquiry
14414,12740,2021-02-07,Complaint
14415,37886,2021-03-26,Complaint
14416,8726,2023-06-09,Inquiry
14417,29793,2021-07-22,Complaint
14418,41676,2023-11-22,Inquiry
14419,5139,2024-10-21,Complaint
14420,36355,2022-05-29,Inquiry
14421,37752,2025-01-09,Inquiry
14422,15671,2023-02-03,Inquiry
14423,47084,2024-12-21,Inquiry
14424,23891,2024-05-18,Inquiry
14425,9987,2022-06-13,Inquiry
14426,21262,2023-11-10,Inquiry
14427,29922,2022-07-22,Inquiry
14428,42510,2022-04-25,Inquiry
14429,13022,2020-01-06,Inquiry
14430,30511,2025-01-13,Complaint
14431,44362,2021-08-22,Inquiry
14432,22453,2024-10-29,Inquiry
14433,11142,2020-03-21,Inquiry
14434,41938,2020-01-28,Inquiry
14435,1666,2022-05-27,Complaint
14436,43678,2025-03-31,Complaint
14437,40118,2025-03-05,Inquiry
14438,16068,2021-03-25,Inquiry
14439,19140,2020-09-11,Complaint
14440,14469,2022-07-23,Inquiry
14441,24080,2024-10-14,Complaint
14442,680,2024-08-31,Inquiry
14443,9984,2022-01-25,Complaint
14444,12684,2023-11-11,Inquiry
14445,24816,2021-05-19,Inquiry
14446,44477,2024-05-25,Inquiry
14447,23812,2024-11-27,Inquiry
14448,31659,2025-05-22,Inquiry
14449,13405,2020-08-25,Inquiry
14450,37341,2023-08-07,Complaint
14451,39334,2020-02-04,Complaint
14452,4937,2025-05-22,Complaint
14453,16589,2023-04-28,Inquiry
14454,48512,2021-02-03,Inquiry
14455,15995,2023-05-01,Inquiry
14456,15809,2023-11-10,Inquiry
14457,21126,2022-02-08,Complaint
14458,43379,2025-06-09,Complaint
14459,7307,2020-11-10,Inquiry
14460,35846,2020-02-11,Inquiry
14461,41300,2022-01-08,Complaint
14462,38502,2023-03-29,Complaint
14463,3045,2021-10-17,Inquiry
14464,46676,2020-12-30,Inquiry
14465,45614,2024-07-14,Complaint
14466,9659,2023-08-21,Inquiry
14467,9792,2024-09-12,Complaint
14468,2797,2022-10-14,Complaint
14469,35971,2023-09-07,Complaint
14470,25456,2022-11-26,Inquiry
14471,31276,2021-03-12,Complaint
14472,12078,2023-12-29,Complaint
14473,16770,2024-05-30,Complaint
14474,20425,2022-04-13,Inquiry
14475,16782,2024-10-17,Inquiry
14476,19627,2020-05-09,Inquiry
14477,19172,2020-05-09,Inquiry
14478,44292,2021-02-16,Inquiry
14479,36884,2023-09-07,Inquiry
14480,27962,2023-07-18,Inquiry
14481,9243,2023-06-11,Inquiry
14482,45917,2021-04-30,Complaint
14483,2315,2023-02-12,Complaint
14484,21122,2024-09-04,Complaint
14485,36357,2022-05-02,Inquiry
14486,22570,2020-12-01,Inquiry
14487,18332,2024-01-18,Inquiry
14488,410,2023-06-29,Complaint
14489,12376,2024-08-19,Complaint
14490,6032,2022-09-05,Complaint
14491,12702,2021-11-03,Inquiry
14492,12465,2021-08-22,Inquiry
14493,3605,2023-12-29,Complaint
14494,35061,2023-10-24,Inquiry
14495,49759,2024-11-22,Complaint
14496,39411,2025-02-17,Complaint
14497,31459,2020-09-17,Inquiry
14498,6372,2022-07-21,Inquiry
14499,20137,2022-09-11,Complaint
14500,18942,2020-09-15,Inquiry
14501,39148,2020-12-13,Inquiry
14502,48953,2021-08-24,Inquiry
14503,19054,2020-05-18,Complaint
14504,12485,2022-02-17,Inquiry
14505,37762,2021-06-02,Complaint
14506,3178,2020-12-11,Inquiry
14507,1516,2025-03-17,Complaint
14508,23616,2023-09-09,Inquiry
14509,29851,2023-07-22,Inquiry
14510,42719,2024-12-30,Inquiry
14511,36724,2021-10-11,Inquiry
14512,29864,2020-05-09,Complaint
14513,11638,2021-03-30,Inquiry
14514,14471,2023-02-05,Complaint
14515,47765,2024-08-25,Inquiry
14516,39287,2020-10-14,Inquiry
14517,30630,2022-02-04,Complaint
14518,40077,2023-07-18,Complaint
14519,42891,2024-03-27,Inquiry
14520,6438,2023-04-29,Inquiry
14521,39592,2021-09-14,Inquiry
14522,6435,2022-09-30,Inquiry
14523,19891,2022-04-24,Inquiry
14524,8376,2023-08-15,Complaint
14525,16038,2021-12-12,Inquiry
14526,29602,2024-11-01,Complaint
14527,32295,2022-05-02,Complaint
14528,10909,2021-06-22,Inquiry
14529,9699,2020-07-01,Complaint
14530,47450,2020-07-27,Inquiry
14531,17815,2024-10-04,Complaint
14532,33836,2023-05-08,Inquiry
14533,37890,2020-05-02,Inquiry
14534,45638,2020-10-14,Complaint
14535,4666,2022-02-16,Inquiry
14536,47828,2022-07-19,Complaint
14537,25441,2021-01-09,Inquiry
14538,41330,2020-04-01,Complaint
14539,2850,2022-09-18,Complaint
14540,22472,2024-07-25,Complaint
14541,23827,2021-05-24,Complaint
14542,21827,2024-11-12,Inquiry
14543,34909,2024-07-15,Inquiry
14544,12715,2024-02-07,Inquiry
14545,41003,2024-03-03,Complaint
14546,12084,2022-03-17,Inquiry
14547,5371,2020-06-19,Complaint
14548,44663,2022-11-07,Complaint
14549,27906,2022-11-21,Complaint
14550,9873,2024-09-28,Inquiry
14551,47481,2022-10-10,Inquiry
14552,33883,2024-02-17,Inquiry
14553,25874,2024-08-18,Inquiry
14554,19125,2023-08-11,Inquiry
14555,36947,2022-04-24,Inquiry
14556,49705,2021-12-26,Complaint
14557,29424,2023-03-24,Inquiry
14558,12514,2020-02-22,Inquiry
14559,19253,2023-07-12,Inquiry
14560,1061,2021-04-19,Inquiry
14561,24607,2025-01-16,Inquiry
14562,3732,2021-10-13,Inquiry
14563,19380,2024-12-08,Inquiry
14564,10154,2024-06-22,Complaint
14565,42567,2021-09-23,Inquiry
14566,42445,2021-04-20,Inquiry
14567,17004,2020-10-12,Complaint
14568,37939,2024-08-17,Inquiry
14569,18470,2025-01-08,Complaint
14570,39367,2023-10-07,Complaint
14571,15179,2023-08-30,Complaint
14572,47341,2022-08-06,Inquiry
14573,37548,2020-08-17,Complaint
14574,3122,2023-06-09,Complaint
14575,5069,2021-06-01,Inquiry
14576,20104,2024-11-15,Complaint
14577,35624,2023-02-26,Complaint
14578,40495,2020-10-25,Inquiry
14579,10756,2020-01-21,Complaint
14580,11984,2024-10-05,Inquiry
14581,2490,2021-06-07,Complaint
14582,12614,2021-01-10,Complaint
14583,624,2023-06-06,Inquiry
14584,20403,2020-06-22,Complaint
14585,42597,2022-07-22,Inquiry
14586,3613,2020-06-27,Complaint
14587,29375,2022-04-27,Complaint
14588,27229,2021-04-04,Complaint
14589,18469,2024-02-19,Inquiry
14590,38134,2022-07-29,Inquiry
14591,21135,2022-06-28,Inquiry
14592,9347,2020-05-16,Complaint
14593,29771,2020-09-14,Complaint
14594,10813,2020-06-05,Inquiry
14595,31013,2022-04-08,Inquiry
14596,43324,2021-06-30,Complaint
14597,44686,2023-01-14,Complaint
14598,37110,2025-06-11,Inquiry
14599,20500,2024-07-26,Inquiry
14600,1330,2022-07-28,Inquiry
14601,3345,2024-05-04,Inquiry
14602,2435,2023-08-27,Inquiry
14603,7777,2024-01-31,Inquiry
14604,5815,2025-03-27,Complaint
14605,1187,2024-02-13,Inquiry
14606,39838,2025-01-09,Inquiry
14607,47756,2024-05-23,Complaint
14608,7559,2025-06-04,Complaint
14609,11697,2022-02-13,Inquiry
14610,42110,2024-09-28,Inquiry
14611,30580,2024-07-22,Inquiry
14612,12522,2020-07-29,Inquiry
14613,31531,2024-10-02,Complaint
14614,46424,2024-08-29,Complaint
14615,29215,2021-01-27,Inquiry
14616,33971,2020-11-03,Inquiry
14617,19266,2024-01-27,Inquiry
14618,21112,2025-02-17,Inquiry
14619,13064,2021-09-14,Inquiry
14620,36744,2024-10-07,Inquiry
14621,639,2021-04-28,Complaint
14622,12293,2025-01-01,Inquiry
14623,30059,2022-07-28,Complaint
14624,46,2022-06-07,Complaint
14625,46511,2025-06-09,Inquiry
14626,41865,2023-03-23,Complaint
14627,48455,2023-02-08,Inquiry
14628,44199,2022-02-17,Inquiry
14629,5162,2021-11-13,Complaint
14630,2133,2022-03-06,Complaint
14631,16148,2021-07-05,Complaint
14632,7870,2024-11-05,Complaint
14633,26020,2023-10-30,Complaint
14634,45358,2022-10-31,Inquiry
14635,14401,2022-02-18,Inquiry
14636,25753,2023-12-20,Inquiry
14637,22119,2023-10-02,Complaint
14638,16884,2023-09-17,Complaint
14639,36611,2020-02-02,Inquiry
14640,48052,2020-01-05,Inquiry
14641,30165,2023-07-24,Inquiry
14642,46981,2022-11-19,Inquiry
14643,29202,2023-12-11,Complaint
14644,46268,2021-08-08,Inquiry
14645,49812,2021-05-27,Inquiry
14646,31738,2024-04-13,Inquiry
14647,11984,2023-09-12,Complaint
14648,21005,2021-07-16,Complaint
14649,20042,2020-12-18,Complaint
14650,48707,2020-07-11,Complaint
14651,35405,2024-10-24,Inquiry
14652,22244,2020-02-17,Inquiry
14653,31715,2023-12-11,Inquiry
14654,43754,2024-11-29,Complaint
14655,43924,2020-08-10,Inquiry
14656,24077,2021-12-06,Complaint
14657,33815,2022-07-02,Inquiry
14658,51,2020-04-13,Inquiry
14659,5291,2022-02-24,Inquiry
14660,9843,2021-12-28,Complaint
14661,34422,2022-01-05,Complaint
14662,36808,2025-02-22,Inquiry
14663,22431,2021-12-13,Inquiry
14664,25440,2024-08-02,Inquiry
14665,12236,2020-10-09,Inquiry
14666,7370,2020-07-05,Complaint
14667,29205,2021-05-01,Inquiry
14668,802,2022-04-16,Inquiry
14669,26101,2021-11-05,Inquiry
14670,20994,2024-08-16,Complaint
14671,37373,2021-06-05,Complaint
14672,30227,2021-04-02,Complaint
14673,38682,2022-02-02,Complaint
14674,34153,2022-03-30,Complaint
14675,18271,2022-10-23,Inquiry
14676,5046,2021-04-05,Complaint
14677,11680,2024-08-11,Complaint
14678,3559,2021-11-04,Complaint
14679,32996,2020-02-23,Inquiry
14680,27501,2021-01-07,Inquiry
14681,12277,2024-12-22,Inquiry
14682,14307,2021-06-05,Complaint
14683,31334,2023-10-19,Inquiry
14684,19349,2023-03-17,Inquiry
14685,42877,2024-09-14,Inquiry
14686,45827,2025-02-22,Complaint
14687,17648,2023-10-18,Complaint
14688,45434,2020-12-01,Complaint
14689,25789,2022-12-06,Complaint
14690,11138,2020-08-16,Inquiry
14691,11495,2024-09-08,Inquiry
14692,40814,2022-05-15,Inquiry
14693,14500,2021-09-10,Complaint
14694,18372,2021-07-27,Complaint
14695,26632,2020-05-15,Inquiry
14696,28237,2022-06-29,Inquiry
14697,24154,2020-05-20,Inquiry
14698,24462,2023-07-28,Complaint
14699,38313,2020-02-14,Inquiry
14700,45575,2024-05-03,Inquiry
14701,40527,2023-08-14,Complaint
14702,22021,2020-10-10,Inquiry
14703,48241,2025-01-26,Inquiry
14704,15196,2023-04-05,Complaint
14705,13134,2021-05-14,Inquiry
14706,7949,2022-01-09,Inquiry
14707,28410,2023-04-04,Complaint
14708,2032,2022-10-30,Complaint
14709,14140,2024-06-03,Inquiry
14710,13080,2023-08-24,Complaint
14711,36350,2023-05-13,Complaint
14712,37594,2021-04-22,Inquiry
14713,12136,2024-01-06,Inquiry
14714,40882,2022-11-02,Complaint
14715,3483,2021-10-26,Inquiry
14716,49264,2021-09-08,Inquiry
14717,46024,2022-08-08,Inquiry
14718,2791,2022-02-23,Inquiry
14719,10455,2023-07-09,Inquiry
14720,33770,2021-10-22,Inquiry
14721,47385,2023-07-03,Inquiry
14722,9546,2020-10-03,Complaint
14723,1294,2021-02-15,Complaint
14724,48873,2025-02-10,Complaint
14725,39680,2020-11-23,Complaint
14726,1346,2022-05-18,Complaint
14727,34163,2023-05-19,Complaint
14728,34979,2021-05-09,Inquiry
14729,15017,2021-03-22,Complaint
14730,15306,2020-03-22,Inquiry
14731,28831,2020-01-20,Inquiry
14732,49387,2023-05-12,Inquiry
14733,6165,2021-10-06,Inquiry
14734,43675,2021-10-24,Inquiry
14735,14316,2024-06-30,Inquiry
14736,48926,2024-10-13,Complaint
14737,47534,2020-05-16,Inquiry
14738,5675,2023-09-28,Inquiry
14739,17152,2024-10-31,Inquiry
14740,47649,2021-10-01,Complaint
14741,4741,2022-10-29,Inquiry
14742,41017,2020-04-13,Inquiry
14743,4959,2021-03-11,Inquiry
14744,22448,2022-07-13,Complaint
14745,38949,2023-04-03,Inquiry
14746,21590,2023-08-02,Inquiry
14747,741,2025-02-11,Complaint
14748,20265,2020-03-31,Inquiry
14749,13472,2022-11-06,Inquiry
14750,49222,2020-06-26,Inquiry
14751,39132,2023-11-12,Complaint
14752,18436,2023-05-03,Inquiry
14753,7341,2023-11-03,Inquiry
14754,40285,2022-01-18,Inquiry
14755,35299,2020-10-28,Inquiry
14756,30643,2022-09-30,Inquiry
14757,12699,2024-04-03,Complaint
14758,18092,2024-11-27,Complaint
14759,27759,2022-12-31,Inquiry
14760,8432,2022-12-25,Complaint
14761,17344,2022-12-11,Complaint
14762,37446,2023-06-25,Complaint
14763,3803,2022-01-08,Complaint
14764,36829,2024-03-18,Complaint
14765,49131,2020-07-27,Inquiry
14766,6978,2020-09-11,Complaint
14767,26291,2022-07-28,Inquiry
14768,12131,2024-11-13,Complaint
14769,17794,2023-07-03,Complaint
14770,15094,2024-06-26,Inquiry
14771,2703,2022-11-20,Complaint
14772,16234,2023-07-13,Complaint
14773,36190,2020-03-14,Complaint
14774,4554,2020-03-22,Inquiry
14775,42356,2023-04-20,Inquiry
14776,47484,2024-06-26,Inquiry
14777,5126,2023-12-30,Inquiry
14778,42927,2020-11-09,Complaint
14779,28949,2025-06-11,Inquiry
14780,27652,2020-07-16,Inquiry
14781,6347,2023-04-24,Inquiry
14782,18709,2024-04-15,Inquiry
14783,31849,2020-06-12,Inquiry
14784,28549,2023-07-17,Inquiry
14785,5345,2024-10-26,Inquiry
14786,37619,2024-10-22,Complaint
14787,47494,2023-01-11,Inquiry
14788,40838,2020-07-20,Complaint
14789,40129,2021-08-21,Complaint
14790,13986,2025-05-14,Inquiry
14791,14564,2020-05-15,Inquiry
14792,36067,2020-08-03,Inquiry
14793,23909,2024-05-24,Complaint
14794,30108,2025-03-07,Inquiry
14795,25446,2023-01-19,Complaint
14796,11275,2025-05-05,Inquiry
14797,37819,2022-12-02,Inquiry
14798,3901,2021-10-31,Complaint
14799,14282,2020-06-23,Inquiry
14800,49007,2020-09-06,Inquiry
14801,41810,2023-11-11,Inquiry
14802,35642,2023-11-18,Inquiry
14803,19460,2021-08-11,Complaint
14804,14982,2023-11-25,Complaint
14805,6048,2025-02-14,Inquiry
14806,14524,2025-02-19,Inquiry
14807,12967,2021-09-28,Inquiry
14808,23908,2023-05-12,Inquiry
14809,41769,2022-04-27,Inquiry
14810,42040,2022-04-07,Inquiry
14811,31319,2023-07-17,Inquiry
14812,22940,2020-09-22,Complaint
14813,21913,2022-02-23,Complaint
14814,22167,2022-07-03,Inquiry
14815,1177,2025-04-12,Inquiry
14816,39896,2024-09-23,Inquiry
14817,36247,2020-06-22,Inquiry
14818,44834,2021-11-29,Inquiry
14819,20124,2021-12-10,Inquiry
14820,27050,2025-03-26,Complaint
14821,25975,2021-01-17,Inquiry
14822,11179,2023-04-14,Inquiry
14823,10911,2024-06-20,Inquiry
14824,2833,2021-10-06,Complaint
14825,39186,2020-03-03,Inquiry
14826,25310,2022-03-06,Inquiry
14827,31540,2023-08-15,Complaint
14828,34761,2021-06-03,Inquiry
14829,44759,2023-02-19,Complaint
14830,45120,2021-02-21,Complaint
14831,27635,2024-11-07,Inquiry
14832,37936,2021-05-20,Inquiry
14833,19879,2020-07-26,Inquiry
14834,18520,2023-12-19,Inquiry
14835,26596,2023-01-06,Inquiry
14836,5026,2020-06-28,Inquiry
14837,32012,2023-03-14,Complaint
14838,19593,2023-06-18,Inquiry
14839,2312,2022-06-19,Complaint
14840,23244,2021-02-16,Complaint
14841,22012,2020-05-26,Complaint
14842,29962,2023-02-16,Complaint
14843,29586,2020-06-02,Inquiry
14844,14661,2022-06-09,Complaint
14845,45398,2025-02-27,Complaint
14846,22806,2020-11-26,Complaint
14847,15140,2025-01-09,Complaint
14848,13178,2022-11-14,Complaint
14849,44995,2023-05-29,Inquiry
14850,6735,2024-08-08,Inquiry
14851,11102,2024-10-22,Complaint
14852,35051,2022-11-28,Complaint
14853,40697,2024-11-15,Complaint
14854,47566,2021-05-02,Inquiry
14855,36078,2025-01-06,Complaint
14856,35153,2024-02-22,Inquiry
14857,22596,2022-10-15,Inquiry
14858,9579,2023-03-27,Inquiry
14859,261,2020-12-07,Inquiry
14860,33465,2020-07-04,Complaint
14861,9245,2024-10-25,Inquiry
14862,47845,2022-11-24,Complaint
14863,43846,2024-09-10,Complaint
14864,22703,2025-03-07,Complaint
14865,42129,2021-04-21,Inquiry
14866,21223,2023-06-16,Inquiry
14867,6397,2020-02-23,Inquiry
14868,47037,2025-05-20,Inquiry
14869,27361,2025-01-10,Complaint
14870,46625,2020-08-19,Inquiry
14871,25297,2023-02-02,Complaint
14872,43064,2023-09-27,Inquiry
14873,44413,2021-01-01,Complaint
14874,38655,2024-05-07,Complaint
14875,8702,2024-01-14,Complaint
14876,40240,2021-05-08,Complaint
14877,13963,2025-02-11,Complaint
14878,16571,2025-06-08,Complaint
14879,13189,2020-11-15,Complaint
14880,48101,2024-04-28,Complaint
14881,14978,2024-11-12,Complaint
14882,15053,2022-08-01,Inquiry
14883,9283,2020-07-19,Inquiry
14884,5158,2020-02-08,Inquiry
14885,48631,2025-06-07,Complaint
14886,24716,2025-05-10,Inquiry
14887,22419,2024-12-13,Complaint
14888,11667,2023-07-14,Inquiry
14889,7115,2020-09-23,Inquiry
14890,33927,2025-01-19,Complaint
14891,10113,2025-06-08,Complaint
14892,14516,2024-12-04,Complaint
14893,31921,2021-10-15,Inquiry
14894,31931,2025-01-11,Inquiry
14895,28640,2024-06-30,Inquiry
14896,43338,2025-02-02,Complaint
14897,48782,2023-11-24,Complaint
14898,27558,2025-02-05,Inquiry
14899,10256,2021-11-03,Complaint
14900,41478,2022-05-06,Inquiry
14901,41952,2024-07-27,Inquiry
14902,38041,2025-05-25,Inquiry
14903,31865,2024-07-29,Inquiry
14904,27595,2024-11-17,Inquiry
14905,7603,2025-05-03,Complaint
14906,20806,2021-01-25,Complaint
14907,36384,2020-04-23,Inquiry
14908,49837,2021-06-14,Complaint
14909,42680,2024-05-17,Complaint
14910,3525,2021-05-29,Inquiry
14911,31337,2022-08-27,Complaint
14912,40743,2020-06-07,Complaint
14913,37884,2022-07-31,Inquiry
14914,46991,2024-11-23,Inquiry
14915,2138,2022-11-02,Inquiry
14916,41643,2020-04-04,Inquiry
14917,41770,2021-11-13,Inquiry
14918,44221,2024-10-02,Complaint
14919,10688,2021-10-20,Complaint
14920,39177,2025-04-30,Inquiry
14921,325,2023-12-12,Complaint
14922,43224,2022-01-09,Inquiry
14923,10847,2022-02-25,Complaint
14924,37102,2024-12-14,Inquiry
14925,46513,2023-09-06,Complaint
14926,6510,2024-07-21,Inquiry
14927,21769,2023-01-21,Inquiry
14928,891,2025-01-13,Inquiry
14929,4315,2022-06-26,Inquiry
14930,37541,2022-01-13,Inquiry
14931,38399,2023-09-11,Inquiry
14932,94,2025-04-22,Inquiry
14933,47412,2023-12-04,Inquiry
14934,21471,2020-02-07,Complaint
14935,45978,2023-07-28,Complaint
14936,34355,2023-05-17,Inquiry
14937,46171,2024-12-08,Complaint
14938,11320,2024-10-13,Complaint
14939,18071,2020-03-03,Inquiry
14940,22351,2020-06-16,Complaint
14941,584,2022-07-12,Inquiry
14942,40959,2021-10-07,Inquiry
14943,35794,2024-09-19,Inquiry
14944,42685,2024-11-23,Complaint
14945,28186,2023-10-23,Complaint
14946,47065,2021-03-11,Inquiry
14947,13621,2024-03-14,Inquiry
14948,6686,2021-10-24,Complaint
14949,6354,2023-05-31,Complaint
14950,49170,2020-05-09,Complaint
14951,39719,2022-09-19,Inquiry
14952,7725,2023-05-09,Inquiry
14953,18470,2023-03-23,Inquiry
14954,10020,2021-10-18,Inquiry
14955,20699,2023-01-09,Complaint
14956,25862,2020-04-18,Inquiry
14957,12275,2022-03-08,Inquiry
14958,4463,2024-05-02,Complaint
14959,45954,2024-02-10,Complaint
14960,1813,2022-10-02,Inquiry
14961,3716,2022-06-02,Inquiry
14962,5513,2022-12-19,Inquiry
14963,31857,2022-09-02,Inquiry
14964,27991,2021-01-05,Inquiry
14965,28783,2021-06-16,Inquiry
14966,44000,2020-05-01,Inquiry
14967,11101,2020-09-30,Inquiry
14968,11493,2022-03-05,Inquiry
14969,24373,2020-07-15,Inquiry
14970,40198,2023-09-18,Inquiry
14971,38851,2025-04-29,Inquiry
14972,18974,2021-03-20,Inquiry
14973,45792,2020-03-24,Complaint
14974,36094,2021-05-31,Complaint
14975,29535,2022-02-19,Inquiry
14976,26595,2024-05-16,Inquiry
14977,1331,2022-04-05,Complaint
14978,20234,2025-05-13,Inquiry
14979,28298,2021-02-24,Complaint
14980,22594,2021-07-13,Inquiry
14981,12473,2024-08-31,Complaint
14982,24356,2023-04-11,Inquiry
14983,41517,2020-02-25,Inquiry
14984,46332,2020-03-30,Complaint
14985,25563,2023-07-18,Complaint
14986,48224,2021-12-13,Inquiry
14987,28694,2024-01-07,Inquiry
14988,37821,2020-10-05,Inquiry
14989,5264,2021-05-19,Complaint
14990,28129,2021-05-07,Complaint
14991,35717,2024-12-17,Complaint
14992,18405,2021-03-10,Inquiry
14993,17069,2024-08-26,Complaint
14994,32364,2022-07-18,Complaint
14995,37072,2022-08-19,Inquiry
14996,46679,2020-07-28,Complaint
14997,13356,2021-10-28,Complaint
14998,38681,2024-11-12,Complaint
14999,1708,2022-02-07,Inquiry
15000,33816,2023-09-25,Inquiry
