transaction_id,customer_id,transaction_date,amount
1,46749,2023-02-07,9726.7
2,20094,2020-03-20,1405.26
3,48097,2023-12-17,8971.05
4,29545,2023-06-02,6516.21
5,27598,2024-03-20,2094.62
6,23355,2022-04-05,6748.11
7,45593,2023-06-04,8132.3
8,46024,2025-04-20,4988.66
9,30747,2021-02-10,9102.41
10,8726,2021-04-18,5332.18
11,41700,2023-04-12,1935.71
12,26415,2024-07-05,7122.11
13,48332,2021-01-25,6801.22
14,14202,2023-02-02,6440.31
15,18697,2020-03-02,8810.45
16,15414,2020-01-07,5326.66
17,27506,2021-06-10,7071.87
18,30528,2020-05-04,9551.13
19,41334,2025-05-03,1463.86
20,44909,2024-04-04,3926.57
21,19043,2025-06-09,2265.88
22,28071,2022-05-03,3305.97
23,20700,2023-10-23,5154.75
24,49672,2020-11-05,8469.56
25,49515,2023-12-28,4055.15
26,31643,2025-02-05,5623.31
27,34245,2021-08-29,8141.15
28,45680,2021-03-08,9288.49
29,34781,2024-11-19,3561.67
30,36093,2022-03-28,1861.76
31,10145,2020-09-15,5863.22
32,5856,2025-03-24,8968.19
33,24576,2024-06-30,2559.95
34,28885,2021-03-23,5044.53
35,46730,2020-09-03,4911.07
36,45930,2021-07-11,9278.22
37,21648,2025-02-15,4621.41
38,30731,2022-06-01,5408.95
39,33299,2025-04-25,1468.71
40,29120,2023-12-30,4636.53
41,13517,2022-11-26,3483.76
42,19087,2024-07-18,2294.45
43,30052,2022-12-19,5135.87
44,1632,2025-06-09,7731.79
45,26963,2021-03-07,1849.32
46,33615,2021-02-17,1501.54
47,24230,2023-05-24,1330.51
48,46678,2024-06-20,7654.64
49,25933,2022-03-21,7901.98
50,48945,2020-05-17,8898.3
51,18255,2023-09-12,9644.9
52,35015,2022-09-02,3836.36
53,9655,2025-03-02,3470.37
54,2198,2022-10-22,9915.64
55,26539,2024-05-26,1507.21
56,45692,2025-06-21,513.02
57,3603,2024-02-28,3913.07
58,41819,2022-04-14,971.7
59,27794,2024-01-31,3894.15
60,41738,2023-06-03,4174.76
61,41010,2023-06-16,6423.48
62,27185,2020-06-22,7467.01
63,13225,2023-10-28,6513.2
64,28259,2023-04-07,7101.17
65,47503,2022-10-24,3752.97
66,33144,2021-08-21,4619.62
67,16407,2023-11-16,7172.39
68,2673,2024-03-25,1559.34
69,12571,2021-05-26,7149.26
70,33798,2023-02-10,9520.36
71,37144,2023-01-30,1839.16
72,16777,2021-05-31,4004.89
73,47050,2020-03-14,5855.56
74,36286,2021-08-24,7209.7
75,48963,2023-02-10,2595.05
76,25670,2023-01-08,5887.25
77,22509,2024-07-14,9357.04
78,40270,2021-03-18,3638.78
79,8676,2021-03-17,5733.63
80,43818,2021-02-10,6278.44
81,4924,2020-11-12,8884.25
82,28499,2022-07-01,3178.44
83,26800,2023-07-31,8742.24
84,49080,2020-05-25,6767.34
85,32855,2022-03-30,7197.68
86,34412,2021-07-23,756.43
87,8911,2021-11-11,3629.77
88,21217,2024-10-04,1268.18
89,2230,2024-10-27,5659.51
90,35238,2021-05-08,8392.53
91,47763,2021-08-13,4158.87
92,39365,2022-02-07,2333.48
93,2249,2020-12-18,3115.62
94,16967,2023-01-01,5774.56
95,36888,2024-07-01,7698.58
96,33641,2021-10-18,6929.62
97,35152,2021-04-07,9427.49
98,24549,2023-07-07,8850.34
99,36490,2023-01-29,1138.63
100,26069,2020-10-28,7066.53
101,46991,2022-04-17,3997.17
102,13888,2024-03-21,3427.82
103,45197,2020-12-04,4811.22
104,47092,2021-02-10,7686.04
105,6898,2024-06-17,4226.2
106,44279,2020-04-29,8228.68
107,1095,2023-11-09,4772.15
108,4488,2024-03-12,697.75
109,14315,2021-12-13,6340.44
110,42089,2021-12-01,7829.71
111,15270,2025-04-25,3228.22
112,21556,2023-05-01,2299.21
113,18690,2022-06-09,6437.76
114,21989,2025-01-22,3591.16
115,24982,2021-02-23,9067.32
116,34423,2022-11-14,7691.49
117,21366,2024-03-31,4665.81
118,44036,2022-07-10,9758.11
119,22895,2022-01-01,3510.6
120,26631,2021-05-31,4501.75
121,28673,2025-03-18,6524.47
122,12627,2023-03-19,5169.12
123,11962,2022-02-20,3509.44
124,6770,2021-04-01,4236.12
125,40642,2024-01-25,8650.44
126,34871,2021-08-14,2062.27
127,31349,2021-09-30,3244.45
128,3853,2022-09-16,2065.34
129,19289,2022-01-05,5170.87
130,1454,2022-04-17,1692.87
131,25455,2024-12-13,1794.26
132,29049,2023-07-04,8359.5
133,31913,2020-05-25,7059.97
134,42141,2024-05-29,1966.2
135,20904,2022-10-31,3927.99
136,33555,2021-08-26,9177.18
137,12565,2022-02-18,8714.1
138,3220,2020-06-10,6579.47
139,15196,2021-08-14,2911.44
140,7259,2022-10-10,3795.55
141,6700,2024-10-03,6567.18
142,34542,2022-01-31,5648.68
143,27762,2022-01-26,5650.21
144,18427,2025-03-16,4291.37
145,44533,2023-07-01,993.28
146,14507,2021-09-06,1303.32
147,15960,2022-06-22,8369.68
148,20627,2023-05-26,8852.83
149,34394,2022-09-28,8947.62
150,34240,2025-01-07,4798.39
151,17731,2022-01-15,9361.59
152,9307,2020-05-21,8393.4
153,14,2022-08-04,3903.19
154,25748,2021-01-27,2307.85
155,34595,2020-08-28,7312.8
156,28119,2020-03-23,7280.51
157,24985,2023-10-09,8912.77
158,29056,2022-05-28,599.62
159,21892,2023-12-16,3590.43
160,36921,2020-05-07,445.18
161,2562,2025-05-02,2182.65
162,11842,2022-03-07,4056.1
163,43353,2022-11-17,1318.39
164,34671,2024-11-10,8240.63
165,11351,2023-06-18,2108.53
166,41365,2023-09-29,4172.25
167,40685,2023-01-20,8036.63
168,14388,2020-04-15,1255.58
169,32459,2024-11-06,6234.24
170,42958,2023-02-19,9411.08
171,16593,2023-01-04,4597.45
172,46966,2020-12-04,2477.28
173,40878,2020-09-18,9437.69
174,1823,2022-02-08,636.43
175,7742,2021-07-18,3184.82
176,546,2020-09-12,8191.62
177,1128,2022-05-31,1623.97
178,13356,2020-12-24,932.43
179,16631,2023-08-03,4634.27
180,39213,2020-02-06,3384.54
181,620,2021-11-26,7991.88
182,34727,2024-07-11,3437.73
183,27612,2024-02-09,6731.27
184,39450,2021-11-10,5645.92
185,26992,2024-08-02,6010.23
186,9422,2022-01-30,5160.3
187,8549,2021-07-20,1441.06
188,35147,2024-10-26,714.14
189,33653,2024-09-16,5484.59
190,29173,2021-01-01,6529.3
191,9951,2021-11-15,7280.75
192,13032,2020-01-25,7249.19
193,9650,2021-11-12,7429.09
194,39112,2023-03-15,301.19
195,16935,2021-10-31,2312.63
196,8392,2022-02-24,7322.95
197,25967,2024-07-28,1323.46
198,29011,2024-06-02,1947.15
199,15072,2023-08-02,6630.06
200,41237,2023-11-13,8100.96
201,14103,2020-07-15,1708.57
202,16438,2021-02-20,5553.19
203,164,2020-01-06,1895.31
204,39567,2023-08-20,2165.05
205,13698,2022-05-21,4871.55
206,19174,2021-01-22,6771.35
207,16198,2024-08-03,5784.46
208,29678,2022-10-07,1014.99
209,37286,2024-06-29,2927.05
210,29249,2022-03-04,9387.84
211,9446,2025-05-22,6313.66
212,9522,2024-04-04,6615.42
213,9178,2021-11-02,2190.34
214,11381,2023-06-01,9586.52
215,38128,2021-09-17,2144.46
216,48983,2024-02-17,2586.5
217,31226,2024-07-01,5149.96
218,38421,2020-09-06,5010.13
219,17465,2025-06-07,423.02
220,25235,2022-09-11,7463.41
221,37917,2024-02-05,1054.9
222,14770,2021-11-23,634.95
223,35034,2020-03-05,5120.9
224,21026,2024-07-24,577.65
225,33617,2025-03-09,2086.68
226,8658,2023-11-29,3970.39
227,37430,2020-10-25,6070.86
228,7712,2022-03-03,7849.19
229,37368,2024-03-03,2966.55
230,38430,2025-02-19,4764.71
231,25951,2023-10-22,9545.42
232,32658,2022-08-20,3963.13
233,13637,2024-02-20,7125.51
234,38880,2022-01-02,2786.5
235,29213,2025-05-08,6269.82
236,5516,2021-08-20,8066.83
237,31203,2020-05-30,9150.82
238,31029,2024-12-09,9381.45
239,8611,2024-02-14,3090.13
240,14571,2020-01-23,2088.72
241,17844,2022-12-22,8158.98
242,20917,2021-09-02,6333.2
243,6030,2024-06-06,4203.26
244,22674,2021-06-10,459.11
245,18598,2023-02-14,3146.4
246,49750,2024-01-26,1202.31
247,42150,2023-06-21,4970.42
248,32311,2024-12-22,8291.25
249,46475,2025-03-09,3194.69
250,44867,2024-01-14,3640.19
251,15925,2021-05-19,7853.55
252,45006,2023-09-22,4615.19
253,5529,2021-08-28,6715.06
254,25022,2024-05-15,1967.39
255,47,2024-08-18,2584.32
256,29791,2020-10-16,6386.34
257,12121,2024-08-06,1208.25
258,26089,2023-12-21,1835.17
259,24275,2020-08-20,3244.4
260,31372,2021-10-12,1886.55
261,1287,2024-08-14,9756.96
262,32177,2024-02-03,2635.72
263,42909,2023-12-03,9550.5
264,33711,2020-08-16,8479.13
265,43662,2021-08-11,3392.89
266,46771,2025-04-22,5533.14
267,18675,2022-10-01,3445.86
268,28302,2020-10-16,7060.74
269,45911,2023-10-29,3684.33
270,38221,2025-01-31,4716.63
271,19044,2023-05-08,7216.59
272,17516,2023-03-02,4222.77
273,2369,2024-05-29,6924.59
274,29146,2020-11-17,3765.24
275,19929,2025-03-08,4053.73
276,8659,2021-11-24,3281.53
277,15764,2024-11-24,9895.39
278,4058,2022-09-18,5098.53
279,14560,2024-12-20,2297.8
280,20419,2021-08-10,5714.67
281,9671,2022-01-11,4743.27
282,37152,2020-12-01,7810.98
283,5573,2020-06-27,9364.12
284,14494,2024-08-14,1196.28
285,33428,2021-03-09,9813.94
286,186,2022-05-22,1732.6
287,45953,2021-03-13,2805.73
288,17131,2022-02-23,7776.13
289,3835,2021-04-24,1638.97
290,8725,2021-04-12,8193.23
291,23441,2024-02-29,6767.55
292,40028,2021-02-22,8072.38
293,19360,2021-06-25,5677.97
294,22700,2020-06-23,9843.04
295,20594,2023-08-14,5970.08
296,25698,2020-10-04,4015.89
297,2864,2020-01-31,9667.79
298,24200,2020-02-20,829.0
299,18818,2024-08-27,5194.98
300,29573,2022-09-10,6357.63
301,11317,2022-05-05,3519.63
302,26468,2025-04-16,1010.92
303,33409,2021-08-23,4159.42
304,26191,2021-09-27,8124.74
305,1485,2020-06-07,5754.45
306,22239,2023-01-28,7603.01
307,3793,2023-03-11,7204.98
308,18310,2020-04-26,2936.92
309,42840,2024-01-31,2609.86
310,1332,2020-02-08,7930.82
311,38221,2020-12-13,1784.61
312,15896,2022-09-11,5696.68
313,31958,2023-04-04,9568.57
314,7576,2023-02-04,5302.23
315,1644,2022-04-22,8086.34
316,39628,2022-02-24,2635.77
317,21482,2024-04-23,674.43
318,29730,2024-06-06,3547.73
319,22287,2024-03-07,5791.73
320,26869,2023-09-08,6435.26
321,36479,2025-01-06,5408.14
322,42756,2025-01-11,4385.91
323,46389,2025-05-22,9855.42
324,26254,2024-03-05,6916.19
325,48545,2023-03-24,9542.75
326,6194,2023-02-19,1848.03
327,41199,2022-11-12,9995.49
328,40171,2020-02-04,7059.75
329,319,2023-06-07,9722.27
330,8754,2021-05-05,6099.32
331,37981,2020-05-20,1624.67
332,10570,2023-11-06,3545.96
333,15780,2023-07-29,624.68
334,32206,2020-07-24,1599.36
335,19798,2023-04-01,9984.18
336,22770,2023-12-19,9166.81
337,46556,2020-05-13,9027.93
338,44999,2022-09-29,120.14
339,19044,2021-08-06,4560.38
340,15359,2021-07-17,7841.94
341,34276,2024-02-20,2343.46
342,39858,2024-05-07,4258.75
343,13737,2024-02-27,2128.65
344,21346,2024-01-26,6957.47
345,2021,2022-06-22,7069.89
346,49094,2024-09-06,2898.93
347,16539,2020-03-20,4825.2
348,28832,2023-01-21,4571.9
349,7379,2020-03-04,7801.99
350,9877,2024-04-18,6784.21
351,18921,2021-05-24,775.39
352,9472,2023-08-01,1595.54
353,12344,2023-12-13,8415.66
354,33637,2022-03-26,9658.98
355,3014,2021-12-14,6400.18
356,27743,2024-07-09,3711.23
357,19695,2020-07-11,2288.71
358,683,2021-03-28,7461.23
359,43224,2024-01-14,6420.15
360,1462,2023-10-14,9098.09
361,20214,2022-10-20,9041.01
362,49298,2022-10-06,3141.12
363,5628,2021-02-01,8048.9
364,34589,2020-06-22,2610.59
365,22652,2022-11-16,7841.72
366,6963,2025-05-19,1764.25
367,22860,2021-02-16,3542.27
368,41565,2023-07-04,950.84
369,22717,2025-02-16,3028.17
370,1607,2021-10-04,3249.73
371,27776,2021-06-21,6719.9
372,17932,2021-02-08,7181.02
373,6974,2024-07-11,5921.57
374,35541,2024-12-20,7723.82
375,9578,2020-10-27,4570.57
376,28220,2021-09-19,6316.35
377,19281,2022-01-20,3656.66
378,42780,2021-12-24,5261.15
379,6976,2023-12-07,1496.54
380,43615,2022-11-07,6148.8
381,43080,2024-07-24,2128.95
382,41906,2022-08-04,4662.57
383,42266,2025-04-03,6687.97
384,39351,2021-09-14,4335.6
385,28272,2020-05-07,2309.24
386,24735,2020-04-23,6695.33
387,44755,2024-10-26,8540.08
388,22398,2020-05-25,5053.96
389,44283,2022-07-21,5620.72
390,34119,2022-06-06,3969.57
391,45681,2023-04-29,5873.65
392,24069,2022-09-07,5003.52
393,16013,2021-09-11,7491.12
394,23442,2024-04-03,2478.59
395,12626,2023-03-20,4913.57
396,7986,2025-02-18,3230.66
397,48768,2024-09-14,1034.79
398,46164,2022-03-02,3926.37
399,22260,2021-04-11,9536.29
400,40049,2020-06-02,4658.84
401,19415,2020-08-12,5501.66
402,17060,2021-05-18,7448.15
403,369,2021-07-19,9849.5
404,39539,2024-06-22,4176.57
405,27752,2024-06-12,5224.99
406,9396,2021-11-03,9688.27
407,36129,2022-12-16,4344.96
408,17856,2024-07-15,7924.28
409,21736,2025-03-19,4493.96
410,28000,2021-01-27,2353.64
411,19401,2020-04-10,9369.66
412,17054,2025-01-29,7149.33
413,5728,2024-10-30,8649.02
414,12612,2020-07-21,1249.26
415,2009,2024-06-08,7078.55
416,17211,2020-02-28,6440.0
417,25026,2023-05-17,4891.32
418,41509,2020-01-16,1506.75
419,1635,2022-06-19,4206.32
420,7909,2024-04-28,6215.1
421,13624,2024-04-30,6806.98
422,15549,2022-02-04,1258.11
423,43073,2022-06-24,4493.87
424,37488,2023-09-18,4312.63
425,4449,2024-02-27,7883.82
426,48049,2021-07-23,507.97
427,31300,2021-08-04,7876.35
428,1008,2022-01-10,7856.89
429,13449,2023-09-05,7001.23
430,10966,2023-05-16,9007.56
431,7665,2022-04-17,4705.17
432,30570,2022-01-02,1051.3
433,19185,2023-11-07,3381.85
434,13909,2024-05-14,6151.37
435,13750,2020-10-07,3296.67
436,23913,2025-02-21,6366.18
437,5058,2022-02-17,531.87
438,4462,2023-10-04,796.39
439,35921,2022-05-02,204.11
440,24223,2020-11-14,9761.99
441,29933,2022-06-14,2690.26
442,35899,2021-10-27,7975.98
443,15870,2022-11-30,8879.76
444,12626,2020-11-04,1660.33
445,5535,2022-09-23,2071.31
446,37238,2021-12-15,3885.36
447,36149,2024-10-31,5090.23
448,1631,2020-05-31,5393.95
449,9338,2022-04-28,3918.27
450,10587,2024-01-20,5903.66
451,23161,2021-03-31,7387.24
452,32804,2020-04-03,7031.21
453,49877,2023-11-15,399.06
454,26053,2021-10-01,5973.63
455,3298,2023-06-06,7154.99
456,33659,2024-02-29,2086.66
457,43810,2024-02-03,6075.84
458,1401,2021-08-07,1197.18
459,30269,2020-03-23,6682.99
460,13500,2024-11-06,6242.04
461,7920,2020-07-10,2485.49
462,25603,2021-03-31,8765.73
463,36870,2022-05-29,8085.15
464,7572,2020-02-15,7416.17
465,30468,2021-04-06,4649.62
466,19045,2024-05-05,2346.23
467,12597,2022-01-01,7843.58
468,22343,2021-09-02,2224.03
469,11198,2022-08-24,4920.66
470,31228,2025-04-09,3849.09
471,47569,2022-03-08,2099.79
472,3750,2020-04-10,6184.86
473,27426,2021-10-17,9822.49
474,39874,2020-08-22,4815.13
475,23018,2025-03-25,5045.37
476,23079,2023-08-29,3790.09
477,30185,2022-08-18,2359.99
478,46387,2023-10-17,2897.49
479,21779,2022-04-08,8770.63
480,4704,2024-12-13,9486.4
481,48984,2022-08-16,8279.72
482,601,2020-09-01,361.81
483,46327,2020-09-04,6117.2
484,42520,2022-10-11,5537.8
485,25241,2020-09-19,7770.17
486,47948,2023-04-01,7827.54
487,37726,2024-07-14,4437.3
488,47347,2023-05-05,2946.56
489,28358,2025-02-25,1063.3
490,22558,2024-04-14,6152.09
491,10232,2021-11-14,2808.71
492,4577,2021-09-09,9649.93
493,11983,2021-04-27,562.81
494,22648,2020-07-26,9646.47
495,30489,2025-04-09,5007.93
496,38781,2022-09-02,6105.23
497,40709,2024-05-10,5877.0
498,23042,2020-05-15,7551.8
499,23632,2023-11-05,999.95
500,7527,2020-08-10,8889.74
501,37055,2022-11-09,7931.36
502,46716,2024-01-20,8516.64
503,18342,2020-10-12,4905.26
504,19473,2021-03-21,7008.26
505,26655,2023-09-18,4626.92
506,46303,2022-11-15,1390.53
507,5190,2024-05-20,3089.86
508,1828,2021-07-26,2856.26
509,43400,2024-01-08,1743.75
510,25693,2021-07-10,2489.03
511,2006,2022-03-24,5035.29
512,28696,2022-03-02,4279.91
513,6591,2020-11-28,3358.73
514,32936,2020-04-24,9076.54
515,15106,2022-11-05,7809.22
516,13588,2023-09-23,124.94
517,10193,2020-05-23,5746.58
518,8481,2022-04-13,7028.76
519,17422,2021-10-02,628.72
520,27062,2021-08-08,1228.6
521,6199,2024-04-09,2857.76
522,11557,2022-11-03,6176.96
523,21208,2020-07-27,9238.92
524,10324,2022-09-04,4909.94
525,45425,2021-10-08,9824.79
526,3974,2022-11-10,9373.73
527,42145,2025-02-27,6409.86
528,13184,2023-01-19,4634.04
529,43314,2024-05-03,6847.66
530,30172,2022-06-18,7932.9
531,11860,2024-03-27,9436.4
532,45766,2022-11-11,7559.82
533,32968,2025-03-10,3976.4
534,16339,2024-08-24,4983.7
535,24911,2021-02-13,565.44
536,19798,2023-03-25,384.57
537,16563,2022-07-03,2887.0
538,25026,2023-03-28,8080.38
539,1725,2022-02-20,3260.52
540,33948,2020-03-27,1257.46
541,21220,2023-09-22,3625.67
542,17252,2021-02-10,3125.19
543,48300,2021-12-21,9894.24
544,33746,2021-06-03,9716.42
545,46476,2021-11-08,7395.58
546,32763,2020-01-10,8306.41
547,13523,2020-01-30,2613.19
548,20025,2022-02-13,5422.98
549,41626,2023-07-05,9985.1
550,43033,2020-10-04,3299.82
551,10716,2023-03-02,9863.29
552,49935,2025-06-09,1963.75
553,37066,2024-01-20,6239.4
554,8039,2023-05-05,7841.2
555,6733,2021-07-21,5972.47
556,45928,2020-10-02,3158.16
557,3551,2021-04-21,8158.44
558,23921,2020-07-16,2097.28
559,19835,2023-09-09,4359.83
560,38359,2021-04-28,2869.43
561,37854,2023-04-23,5004.37
562,43443,2024-04-05,3935.4
563,45034,2022-11-06,1873.07
564,48916,2020-03-19,7444.69
565,21515,2020-01-27,1848.55
566,41524,2024-08-29,5501.89
567,49877,2023-09-24,8065.32
568,39990,2022-01-16,4884.36
569,41207,2025-06-09,8879.91
570,46599,2021-04-20,4345.21
571,16258,2020-04-20,9710.02
572,24981,2024-10-15,346.54
573,47685,2021-01-05,7931.61
574,22902,2021-01-03,7107.81
575,17612,2024-09-29,6149.61
576,8825,2024-02-11,3031.45
577,6436,2021-12-09,6146.07
578,22805,2020-01-13,5986.25
579,45310,2021-09-16,1579.08
580,38911,2021-09-01,8810.47
581,8851,2025-01-15,5392.69
582,29884,2024-07-31,981.65
583,23889,2021-07-21,3976.52
584,27998,2023-02-01,2243.52
585,12745,2020-08-19,1769.45
586,31138,2020-06-20,9469.04
587,39069,2024-04-12,6780.83
588,9076,2021-04-13,3085.69
589,41657,2025-01-02,6815.68
590,12617,2023-08-08,8050.1
591,13618,2025-05-29,3237.62
592,8907,2024-06-15,9849.65
593,36758,2023-05-13,8826.38
594,49394,2025-01-22,7991.6
595,29745,2021-07-01,7180.96
596,31382,2020-05-08,483.52
597,43966,2023-04-09,321.8
598,42300,2022-06-23,1731.69
599,9936,2021-05-11,9177.58
600,40183,2020-12-28,2251.59
601,15879,2022-05-23,7041.24
602,10871,2022-09-03,9801.02
603,23071,2020-07-13,9379.02
604,49028,2025-03-21,4062.93
605,29021,2021-06-27,6842.94
606,48875,2024-07-12,7617.05
607,5401,2021-01-14,5540.26
608,25377,2022-09-21,5277.99
609,33375,2024-05-24,2312.67
610,29016,2023-08-30,6791.46
611,42878,2023-12-30,3008.66
612,3110,2020-07-16,3155.2
613,16750,2023-09-30,2730.49
614,45437,2020-10-10,751.68
615,31870,2020-08-18,8452.16
616,40112,2024-09-24,8644.33
617,4042,2021-11-10,7265.17
618,9177,2021-04-08,9284.64
619,40765,2022-07-04,6350.2
620,41451,2024-06-11,6432.34
621,14529,2022-09-01,8888.02
622,45934,2020-04-24,2164.57
623,30030,2024-07-31,4411.13
624,3645,2020-03-16,7070.97
625,4225,2024-01-09,2759.7
626,31750,2020-10-19,2363.37
627,28647,2024-10-28,8992.89
628,2027,2025-01-25,9960.48
629,32202,2024-06-14,3925.44
630,21,2020-03-17,2442.38
631,15555,2023-10-05,4104.15
632,47955,2023-10-26,3108.14
633,10690,2020-11-18,8235.41
634,5019,2023-04-18,9019.53
635,44524,2023-12-13,3970.12
636,23456,2021-01-02,6035.81
637,45708,2024-09-21,879.76
638,34222,2021-01-30,4675.67
639,10664,2022-01-23,167.69
640,21641,2021-06-24,6743.84
641,10322,2020-10-12,1842.6
642,22846,2024-08-12,8792.61
643,26989,2023-09-22,6337.28
644,45821,2020-11-04,9288.51
645,22371,2020-08-06,9387.85
646,31076,2022-02-28,1774.72
647,33704,2022-08-13,5180.34
648,8427,2022-03-27,2035.06
649,49187,2022-08-02,4586.07
650,29311,2021-01-25,4555.93
651,8531,2020-02-15,7383.92
652,44988,2020-01-11,9763.62
653,36294,2020-01-16,6326.79
654,26079,2023-04-20,8178.73
655,5979,2024-09-16,4096.25
656,24192,2021-07-01,820.95
657,11876,2022-12-10,5195.25
658,10683,2020-05-29,9048.94
659,12708,2024-02-20,2478.55
660,17090,2021-02-24,2702.32
661,4848,2023-07-06,1137.37
662,20729,2023-08-07,9968.52
663,10533,2021-09-16,4205.87
664,45263,2025-01-03,3058.85
665,9317,2023-10-17,9275.04
666,38103,2024-05-09,8131.29
667,23852,2021-02-28,8781.96
668,9792,2020-10-20,9509.1
669,37299,2024-10-17,8582.18
670,239,2022-06-04,9857.98
671,25724,2020-06-10,6429.53
672,12806,2021-06-06,2484.83
673,15073,2023-05-15,1754.62
674,44869,2020-09-26,6062.43
675,20629,2022-10-01,3652.91
676,18489,2020-12-02,1399.31
677,10396,2024-04-05,7992.91
678,20053,2023-12-06,3562.9
679,4632,2024-06-30,4507.17
680,18547,2023-01-30,6156.68
681,14940,2025-02-20,4079.74
682,6475,2022-10-17,8676.07
683,37230,2021-07-25,9825.97
684,36334,2021-06-29,3914.19
685,28194,2022-12-24,1865.93
686,19318,2023-05-23,2853.44
687,35877,2024-11-30,6772.19
688,33233,2020-12-26,914.53
689,10227,2022-01-16,6778.7
690,43855,2023-08-28,5323.82
691,27362,2022-12-29,549.01
692,35689,2025-02-14,4166.08
693,49963,2022-10-30,2382.68
694,5910,2024-12-31,1388.94
695,22363,2020-08-03,9414.94
696,6630,2024-11-22,2981.2
697,16783,2025-04-13,4991.16
698,1076,2022-04-23,6159.24
699,43780,2020-07-09,6326.71
700,7599,2024-06-20,3875.87
701,31634,2020-08-06,2768.22
702,18247,2023-12-03,5692.44
703,27856,2023-05-10,7967.24
704,21923,2023-11-05,8960.43
705,13772,2023-05-25,5955.71
706,18951,2024-12-28,5335.09
707,11433,2020-04-15,9662.54
708,27326,2020-02-25,2110.4
709,26561,2023-03-23,266.53
710,38028,2022-12-27,4975.95
711,39259,2024-01-20,673.5
712,20538,2025-04-30,686.0
713,28344,2024-10-02,426.04
714,16126,2024-02-24,6221.34
715,658,2021-08-24,6295.34
716,20439,2022-10-31,2631.22
717,26087,2021-03-12,4553.07
718,31185,2024-06-25,4246.61
719,9578,2022-03-10,4980.17
720,31086,2021-11-29,2075.17
721,30913,2021-02-17,8146.12
722,35383,2020-08-18,2952.98
723,47398,2020-05-16,3334.51
724,772,2024-03-26,6541.67
725,31731,2025-02-21,9817.23
726,18959,2021-02-04,2123.65
727,47539,2025-03-02,3643.11
728,40702,2022-02-17,3805.34
729,39126,2021-07-22,5339.08
730,21100,2022-09-08,8367.3
731,18382,2020-02-19,7283.21
732,34851,2021-04-24,2133.6
733,27005,2021-08-07,7156.13
734,8964,2022-04-28,1347.97
735,49056,2022-12-12,1998.65
736,39132,2021-08-23,3998.26
737,1164,2024-11-22,3513.45
738,6942,2020-07-26,8710.69
739,22793,2020-04-19,9970.37
740,4883,2022-01-06,2110.7
741,45392,2024-01-13,6608.48
742,16286,2020-06-19,5866.21
743,5057,2022-03-17,7716.21
744,3694,2022-12-01,7026.84
745,22061,2021-12-16,2827.42
746,27927,2022-09-29,8423.67
747,26956,2022-07-18,4840.57
748,773,2024-08-15,9336.14
749,724,2021-08-12,5647.1
750,17603,2022-06-23,2979.07
751,29303,2023-11-03,8972.23
752,49858,2024-10-23,8279.92
753,13355,2024-03-12,9474.69
754,29652,2025-04-15,8946.0
755,42242,2022-02-16,2527.47
756,37306,2020-08-03,8171.55
757,46376,2024-08-24,5982.43
758,49763,2021-08-10,4092.84
759,32699,2021-06-21,175.53
760,9924,2021-06-30,7006.43
761,9845,2020-03-17,8553.48
762,46756,2021-12-23,6081.26
763,7976,2025-05-29,3176.13
764,25478,2025-06-19,670.64
765,46478,2025-01-21,6623.86
766,11389,2022-09-08,4096.91
767,30193,2022-12-07,5018.87
768,8037,2022-11-12,5686.46
769,13089,2020-03-05,7708.84
770,40083,2021-06-03,5414.18
771,40649,2021-05-07,5307.4
772,23507,2022-01-12,4864.47
773,2400,2024-03-04,4333.78
774,21340,2023-10-28,6267.8
775,32092,2024-10-27,341.56
776,28540,2020-05-20,7259.79
777,17759,2024-11-06,3215.22
778,39053,2023-04-15,3789.11
779,31914,2024-11-25,6180.8
780,11489,2023-02-02,2549.02
781,33514,2024-07-31,6621.9
782,30941,2023-02-28,1364.09
783,21869,2021-06-23,6529.8
784,30833,2022-11-16,7200.74
785,44281,2023-09-26,7025.52
786,26070,2024-03-26,7764.35
787,19905,2023-05-24,5217.1
788,31792,2022-11-01,8661.19
789,19807,2022-10-27,2412.16
790,35924,2024-09-01,3895.08
791,48727,2022-05-13,9569.39
792,26577,2025-04-13,7910.47
793,6026,2022-04-08,7451.96
794,6062,2024-05-18,7140.98
795,4241,2020-10-10,1193.86
796,45818,2021-02-13,9511.29
797,14881,2022-05-10,2995.62
798,26945,2022-05-08,1529.29
799,33940,2021-11-22,284.39
800,27330,2021-04-02,3928.87
801,11152,2022-06-18,6758.8
802,32713,2020-04-15,3978.7
803,26241,2023-03-19,8106.59
804,2723,2020-09-22,1897.53
805,24018,2022-06-18,1780.25
806,8875,2021-10-08,2736.68
807,28485,2020-07-09,637.34
808,17894,2023-06-19,8406.67
809,40704,2024-06-10,1436.0
810,35032,2023-05-03,3862.57
811,39655,2020-03-28,4683.44
812,2285,2023-10-22,2425.49
813,43104,2024-02-17,8857.23
814,15543,2025-05-03,7384.02
815,19344,2020-12-26,378.63
816,36035,2020-04-25,4442.71
817,25850,2022-04-23,1463.98
818,6216,2022-02-27,6425.58
819,18400,2023-12-26,4983.27
820,41878,2021-05-05,8104.25
821,9144,2022-02-23,6873.05
822,24048,2022-08-20,8203.45
823,27601,2024-01-26,8775.68
824,8347,2023-10-11,1888.33
825,31770,2021-04-24,5877.22
826,48355,2024-03-24,1675.93
827,7565,2023-12-18,2509.15
828,39121,2024-11-12,2351.63
829,25309,2023-11-08,3595.76
830,13134,2023-05-22,7899.9
831,3045,2022-09-22,3241.95
832,30973,2024-10-25,7476.59
833,34220,2024-09-18,108.02
834,7088,2025-02-03,5828.3
835,34057,2023-02-19,2883.9
836,19632,2025-05-14,7444.62
837,17760,2021-12-08,9911.86
838,37048,2022-08-01,5369.67
839,23876,2021-12-01,5375.95
840,20358,2020-09-17,9746.72
841,4595,2020-01-07,3656.36
842,27841,2021-04-03,4023.27
843,47961,2022-05-20,6996.53
844,1000,2025-04-09,4982.73
845,31206,2021-10-30,7711.93
846,6339,2025-05-24,4172.48
847,18427,2020-01-28,6920.26
848,33813,2022-04-04,7724.16
849,27982,2025-01-28,6463.97
850,4894,2021-02-25,2101.64
851,22073,2021-12-23,5210.76
852,9271,2021-07-14,9668.1
853,13314,2021-05-06,1132.06
854,26134,2024-12-08,7081.33
855,5261,2024-09-04,7902.41
856,34905,2023-10-13,6782.76
857,2928,2021-12-23,1214.92
858,1835,2024-02-13,840.33
859,40523,2020-10-27,5116.37
860,29680,2023-11-13,3277.98
861,14922,2020-03-05,3966.06
862,20785,2022-07-19,2800.87
863,13477,2020-06-11,8214.82
864,7385,2025-03-17,8515.44
865,46444,2023-02-08,261.54
866,16163,2021-11-01,8151.85
867,31251,2023-06-23,6766.22
868,4380,2025-01-01,4598.45
869,43004,2021-02-27,919.24
870,3955,2021-09-02,6720.03
871,1963,2021-02-27,2707.35
872,19833,2021-12-01,5541.8
873,36336,2024-03-27,2295.5
874,47292,2023-06-24,8790.74
875,19279,2021-12-22,3556.38
876,12128,2022-01-01,6898.33
877,35779,2024-12-09,4985.92
878,3864,2021-02-17,9151.92
879,16074,2021-07-05,2356.24
880,11648,2022-07-01,9557.51
881,46508,2020-03-13,7548.16
882,40094,2023-10-14,7040.39
883,49897,2021-02-09,8421.78
884,557,2024-05-10,6551.6
885,20185,2022-04-09,1190.7
886,15335,2021-07-22,7014.4
887,4726,2021-10-16,4433.42
888,1852,2023-10-04,5579.71
889,10612,2023-10-31,4142.49
890,15820,2024-05-08,1793.97
891,39044,2021-10-17,4899.41
892,32468,2024-10-13,722.07
893,7455,2024-11-02,631.69
894,15507,2021-02-11,5378.76
895,20228,2021-08-14,1885.07
896,6438,2022-06-01,6274.07
897,28705,2021-12-20,1990.31
898,40978,2025-03-28,8071.78
899,13160,2023-12-03,1548.01
900,49824,2023-02-24,4495.22
901,14304,2022-07-30,4710.85
902,38861,2021-11-25,6239.29
903,9331,2025-03-18,4082.51
904,161,2025-04-04,6602.52
905,44322,2021-03-09,7688.16
906,16179,2023-02-20,1316.43
907,4415,2023-04-16,826.53
908,42946,2025-05-06,6806.87
909,19341,2024-11-11,8548.0
910,22580,2023-02-13,4849.63
911,16221,2022-04-18,6362.06
912,8244,2024-10-31,3051.18
913,43626,2021-05-07,8757.69
914,4706,2022-05-09,7737.87
915,15805,2024-08-18,5913.1
916,18129,2023-03-29,3135.34
917,16094,2021-08-22,4436.79
918,41924,2024-03-23,2866.65
919,31035,2022-03-22,4372.09
920,11903,2020-04-05,592.86
921,40886,2022-11-17,1145.9
922,37701,2023-02-21,2250.47
923,1150,2022-05-29,9049.57
924,2560,2024-09-26,4707.48
925,10370,2024-07-28,4857.68
926,33836,2022-10-20,5334.29
927,48512,2023-03-03,5051.86
928,18214,2021-04-21,953.46
929,37052,2021-07-10,3302.61
930,45300,2020-01-14,768.04
931,33691,2020-06-21,789.33
932,23131,2024-09-18,864.49
933,46974,2022-07-24,8984.63
934,17935,2024-06-06,2267.79
935,35751,2021-11-16,766.45
936,2045,2020-11-10,128.27
937,38582,2025-02-23,6171.31
938,28991,2025-01-02,6208.06
939,39866,2023-01-10,2722.89
940,1598,2025-06-10,2872.66
941,2322,2024-05-19,3448.09
942,48029,2023-10-08,3605.54
943,30649,2025-05-01,7792.35
944,26598,2022-11-30,9402.08
945,34086,2025-02-17,5923.27
946,28052,2023-01-25,3981.12
947,31478,2022-02-21,3018.46
948,31658,2023-06-14,8311.94
949,20682,2020-12-08,991.8
950,17942,2022-09-15,4388.55
951,28375,2024-08-29,6686.47
952,1070,2021-04-06,2580.5
953,33266,2022-09-16,1432.18
954,105,2020-07-12,6552.74
955,5043,2020-11-28,6035.46
956,20420,2022-09-26,6230.99
957,37973,2023-07-31,9784.32
958,44109,2023-12-09,3297.68
959,23350,2021-10-13,9859.62
960,31628,2020-09-25,563.88
961,39203,2021-05-29,500.09
962,39251,2021-07-28,8600.67
963,32265,2024-04-13,3287.48
964,37398,2023-10-26,3636.86
965,4648,2022-12-23,606.61
966,30628,2023-01-22,123.53
967,7541,2023-09-17,6365.87
968,26076,2025-02-19,5274.68
969,49279,2023-02-23,7304.54
970,32425,2025-01-31,2352.19
971,47879,2022-06-02,8489.95
972,23775,2024-09-09,2695.86
973,13301,2023-05-16,4534.33
974,46027,2023-10-07,3744.78
975,32377,2022-01-01,8566.33
976,17999,2025-06-15,8228.03
977,10637,2021-05-16,4472.82
978,32867,2024-08-07,3638.7
979,34275,2023-02-18,7876.04
980,36244,2020-02-25,2217.19
981,29931,2020-04-23,9415.29
982,3258,2021-12-23,3247.89
983,12567,2021-06-02,4687.5
984,31413,2022-07-20,8102.2
985,14117,2023-08-12,7972.0
986,31508,2023-07-04,6962.02
987,49528,2023-04-08,1246.52
988,33004,2020-06-12,2497.56
989,4754,2022-05-30,7164.1
990,4164,2025-01-04,8608.09
991,26557,2025-03-27,1765.26
992,7112,2020-05-08,9892.9
993,9392,2022-01-21,6249.96
994,40468,2024-10-17,8230.1
995,8809,2020-07-09,7876.6
996,10146,2024-05-28,1161.57
997,9010,2022-04-22,3492.01
998,32821,2025-03-08,4638.33
999,43990,2025-02-20,2674.62
1000,5387,2022-04-03,6855.69
1001,13004,2021-02-18,5658.24
1002,45448,2023-07-04,9811.3
1003,19488,2021-07-06,1908.89
1004,32959,2021-10-12,5655.49
1005,9911,2020-09-18,9011.3
1006,40123,2022-08-04,491.71
1007,25407,2020-07-10,5027.22
1008,36241,2023-06-14,2208.7
1009,38042,2024-10-10,9586.58
1010,18483,2020-03-18,6687.55
1011,35354,2020-12-17,2802.02
1012,10518,2021-02-07,9899.4
1013,451,2025-03-23,2260.93
1014,14175,2024-11-30,3376.99
1015,20814,2022-02-01,6784.0
1016,31954,2025-05-12,5718.31
1017,8957,2022-12-06,8262.33
1018,43514,2022-07-06,6726.12
1019,33250,2020-12-14,5823.99
1020,15039,2022-03-20,3421.64
1021,14481,2024-06-24,3028.68
1022,4649,2024-01-24,1069.8
1023,16460,2022-09-01,4089.18
1024,16167,2022-03-13,7912.73
1025,29345,2020-06-01,2916.62
1026,10528,2024-07-08,8823.13
1027,29845,2025-04-06,8033.43
1028,1461,2023-08-23,9976.54
1029,40270,2020-09-24,7285.43
1030,13378,2024-08-04,587.4
1031,11441,2022-07-24,5974.87
1032,1999,2023-08-04,3087.58
1033,35359,2020-11-01,9490.44
1034,48072,2022-12-27,7149.48
1035,24775,2020-10-11,7849.28
1036,10660,2021-06-26,5657.38
1037,1098,2024-02-12,9673.06
1038,36263,2020-01-24,1789.29
1039,2142,2022-10-31,3954.0
1040,6504,2021-09-30,5050.48
1041,41257,2023-08-02,5578.62
1042,26885,2022-10-05,7786.05
1043,35541,2022-02-25,7312.23
1044,44806,2024-08-26,641.96
1045,33086,2022-02-12,7265.0
1046,49424,2020-05-09,2697.2
1047,47312,2022-01-12,4219.28
1048,17752,2021-01-14,4556.83
1049,7022,2024-12-15,6966.35
1050,43411,2023-12-24,6844.94
1051,3312,2020-08-27,3846.99
1052,9851,2024-04-24,8151.02
1053,30373,2020-05-25,1302.7
1054,30272,2025-03-11,2403.92
1055,25019,2023-08-08,4304.49
1056,8801,2025-05-19,2266.65
1057,33861,2023-08-28,9283.08
1058,3785,2020-11-03,9285.21
1059,32391,2025-01-19,1789.01
1060,19242,2022-04-03,4191.06
1061,1945,2022-06-03,9920.81
1062,35640,2024-07-11,292.24
1063,9135,2021-09-17,528.6
1064,46421,2021-06-15,8444.99
1065,31596,2020-08-16,3883.54
1066,6605,2021-05-27,7334.39
1067,9650,2024-12-19,6220.24
1068,25941,2022-03-16,6973.77
1069,48586,2022-11-09,2054.23
1070,40408,2020-09-16,5516.19
1071,2139,2024-11-13,6498.53
1072,8481,2022-06-10,5566.43
1073,23322,2022-10-05,9452.45
1074,6116,2021-09-05,261.24
1075,36113,2020-07-15,2225.46
1076,23533,2021-01-24,828.9
1077,7682,2021-12-03,9638.23
1078,4687,2020-12-11,2416.31
1079,39468,2021-10-02,7429.17
1080,46786,2023-02-25,1542.03
1081,12836,2020-04-23,616.62
1082,45614,2022-08-16,1990.75
1083,15282,2023-05-15,2834.37
1084,24299,2022-04-27,4636.93
1085,16608,2025-02-21,320.03
1086,28227,2023-02-02,6211.03
1087,43779,2021-12-26,6596.92
1088,1522,2025-05-27,2980.18
1089,38817,2021-12-09,2722.07
1090,37913,2023-04-09,1984.9
1091,4773,2020-09-17,2230.47
1092,6308,2025-06-12,6538.35
1093,31011,2023-09-07,6097.13
1094,12051,2024-12-06,9157.24
1095,10285,2025-03-24,8292.17
1096,12656,2023-04-02,5802.17
1097,737,2023-06-15,1757.11
1098,41106,2021-11-05,3303.34
1099,29595,2022-07-29,4812.44
1100,43358,2024-04-07,4264.92
1101,23363,2024-09-21,737.69
1102,48052,2023-08-19,3646.51
1103,33802,2022-06-30,1957.99
1104,16245,2020-06-13,5791.4
1105,6664,2025-05-15,9311.41
1106,13346,2021-02-22,1484.4
1107,18666,2023-06-17,8625.23
1108,7349,2021-07-05,2695.0
1109,38802,2024-03-31,6920.47
1110,4620,2020-07-15,6113.07
1111,42688,2023-07-14,2259.7
1112,46944,2022-12-10,3757.22
1113,41346,2024-10-22,5512.82
1114,43281,2023-10-23,9127.72
1115,10567,2023-10-21,1924.5
1116,33282,2024-01-22,3502.79
1117,14234,2020-08-25,9944.51
1118,33433,2023-09-21,7917.08
1119,34956,2023-09-30,3903.74
1120,44945,2022-08-03,1507.72
1121,22209,2020-11-18,5057.34
1122,39007,2021-12-07,5879.36
1123,22696,2022-12-24,2657.62
1124,9948,2020-01-12,7149.03
1125,12316,2022-06-21,5456.33
1126,39926,2022-07-27,3733.37
1127,8500,2022-10-01,2967.56
1128,44430,2025-01-11,2921.1
1129,28806,2023-10-07,7919.29
1130,43794,2024-12-18,5032.09
1131,11557,2023-09-17,2901.06
1132,34762,2022-06-20,7905.72
1133,704,2024-04-22,315.92
1134,6639,2020-06-15,9953.98
1135,355,2024-10-31,8898.07
1136,33315,2024-01-07,7455.33
1137,14974,2021-09-08,2737.34
1138,5137,2024-06-08,8909.79
1139,110,2023-04-28,8183.46
1140,36440,2023-01-20,8033.65
1141,44144,2021-10-28,1835.92
1142,31569,2025-01-14,6193.17
1143,14945,2022-05-30,9009.97
1144,40721,2024-03-30,5094.13
1145,33234,2024-12-29,5560.59
1146,46460,2020-04-05,4136.91
1147,32945,2022-03-24,6732.62
1148,46444,2020-08-13,8617.43
1149,27775,2024-03-03,5153.41
1150,21767,2024-07-11,9692.87
1151,45041,2023-05-07,4095.34
1152,46042,2021-10-14,1301.82
1153,5057,2021-11-23,244.23
1154,6410,2020-06-15,5832.43
1155,13599,2025-05-23,8152.73
1156,45081,2025-06-12,8499.71
1157,25785,2023-02-12,9640.91
1158,16811,2022-04-07,5310.4
1159,1528,2022-06-23,2180.95
1160,5251,2023-02-03,6814.77
1161,15159,2022-06-08,8939.91
1162,30000,2020-01-04,1938.3
1163,5953,2020-09-01,3543.94
1164,47559,2025-02-26,7853.19
1165,19179,2024-12-17,2423.11
1166,27761,2023-03-09,8996.11
1167,26483,2023-01-05,8439.22
1168,27150,2022-06-12,5100.66
1169,49239,2020-02-19,9977.47
1170,22353,2021-10-14,3022.26
1171,31758,2021-11-22,9321.54
1172,41353,2022-10-11,2980.72
1173,31405,2024-02-07,6976.42
1174,8948,2020-12-13,7576.57
1175,6304,2022-09-04,6539.29
1176,7944,2021-04-29,5411.05
1177,48420,2020-07-26,6561.1
1178,41743,2024-07-10,329.1
1179,37410,2021-10-22,8822.71
1180,5781,2023-04-21,5374.79
1181,14295,2024-03-25,4893.81
1182,38409,2022-08-31,5789.46
1183,6184,2021-09-22,5750.0
1184,7934,2020-04-01,7316.67
1185,16875,2021-10-30,965.8
1186,20374,2023-02-08,9413.46
1187,16583,2021-01-29,9412.85
1188,41331,2022-11-19,224.14
1189,12379,2024-08-30,5289.19
1190,8591,2024-02-07,7355.08
1191,16844,2020-06-25,2869.18
1192,30945,2024-07-24,6427.2
1193,23317,2021-05-27,6594.09
1194,30809,2023-08-04,2251.0
1195,23848,2023-08-11,2184.56
1196,11439,2024-06-08,7548.77
1197,37437,2020-05-09,7122.67
1198,1294,2024-10-03,8645.14
1199,10952,2024-08-21,8851.3
1200,10584,2021-10-19,1664.45
1201,17583,2020-05-14,8051.37
1202,25046,2022-02-11,6673.49
1203,21319,2021-02-16,6484.05
1204,23314,2025-06-10,2775.77
1205,42925,2024-04-30,8307.59
1206,13307,2023-04-22,9900.14
1207,15383,2020-01-03,1713.22
1208,27162,2020-05-20,7424.09
1209,39042,2022-12-26,3860.04
1210,42134,2022-12-31,1960.36
1211,27251,2024-09-09,1470.62
1212,8358,2023-02-12,2166.4
1213,7417,2022-06-18,8531.03
1214,43690,2021-03-01,5525.34
1215,34460,2024-06-22,8929.76
1216,43583,2021-08-10,9098.29
1217,45299,2023-07-27,1591.59
1218,2416,2023-10-13,6323.55
1219,23227,2020-10-01,606.83
1220,8819,2024-11-17,2810.4
1221,2306,2023-01-28,1815.6
1222,44367,2022-09-21,8403.3
1223,22735,2020-03-22,3711.32
1224,33900,2022-03-18,9935.29
1225,34413,2022-01-29,1498.6
1226,2295,2024-07-20,2360.87
1227,15586,2023-07-03,6484.97
1228,28850,2022-03-12,9690.59
1229,3218,2024-10-18,7360.61
1230,37965,2021-09-27,1345.22
1231,2086,2022-10-27,4204.13
1232,12680,2020-03-15,9961.78
1233,12880,2024-04-22,787.22
1234,6804,2022-07-03,2925.29
1235,30140,2024-10-28,1331.54
1236,27418,2025-01-10,8222.31
1237,25507,2024-08-10,8352.72
1238,4217,2021-04-19,3502.13
1239,49489,2020-08-10,3425.63
1240,32410,2024-10-18,8153.19
1241,46866,2025-03-26,1660.9
1242,10924,2023-02-27,8238.32
1243,19833,2021-07-02,1057.28
1244,48879,2020-01-31,3017.97
1245,35185,2020-08-26,5087.58
1246,22316,2024-04-26,1295.08
1247,41014,2023-07-09,839.11
1248,25729,2024-07-03,2773.33
1249,4377,2022-09-07,5903.75
1250,13648,2024-07-30,8151.81
1251,45305,2021-12-14,7350.89
1252,39933,2021-08-20,5520.55
1253,18191,2021-04-23,6644.98
1254,16971,2023-04-19,5420.6
1255,37221,2022-06-25,5457.18
1256,487,2021-01-08,258.63
1257,23939,2024-06-06,3892.72
1258,1709,2023-10-16,5631.8
1259,30072,2022-08-29,5983.3
1260,13357,2021-05-14,5126.66
1261,46515,2020-08-17,7012.0
1262,36775,2023-07-19,3745.96
1263,21012,2022-11-02,1515.2
1264,19415,2023-12-16,415.74
1265,37071,2025-04-16,5743.17
1266,49042,2021-02-02,5022.62
1267,31860,2022-11-07,2435.43
1268,26388,2023-11-24,2293.15
1269,17322,2020-06-17,5855.55
1270,6240,2022-12-09,1158.16
1271,32268,2020-04-15,1445.36
1272,34800,2023-02-05,2563.0
1273,19256,2020-07-15,8857.98
1274,25459,2023-05-27,7080.94
1275,38668,2023-02-25,5619.56
1276,10201,2024-09-25,3754.74
1277,3637,2020-02-10,4234.28
1278,10750,2023-10-25,1801.79
1279,37690,2024-07-13,8421.99
1280,3864,2021-06-22,1901.02
1281,46957,2021-11-29,7630.2
1282,41021,2023-09-06,2470.79
1283,38017,2021-01-17,7590.56
1284,26713,2020-05-21,3109.31
1285,2018,2022-07-19,9814.46
1286,27726,2020-10-05,9207.19
1287,20196,2024-02-23,8775.24
1288,49222,2020-01-22,1893.46
1289,4781,2024-04-11,930.24
1290,22921,2021-03-09,9645.25
1291,43632,2020-01-25,4413.74
1292,15745,2025-03-04,8769.97
1293,7625,2020-06-30,4920.68
1294,38040,2021-11-19,6526.72
1295,26172,2025-02-25,7578.69
1296,18898,2023-09-26,5393.42
1297,37138,2020-04-12,9376.96
1298,21852,2022-06-17,575.16
1299,7426,2021-10-26,8365.88
1300,16617,2021-05-09,6909.21
1301,1188,2020-11-19,3373.54
1302,5424,2025-01-22,4754.93
1303,37749,2022-02-21,4771.68
1304,7000,2024-09-26,526.16
1305,4899,2021-10-12,5398.83
1306,4806,2020-04-01,754.03
1307,29768,2021-05-29,5209.23
1308,8106,2020-05-04,2229.79
1309,5926,2022-10-08,8352.72
1310,30874,2024-04-02,787.38
1311,48415,2022-05-27,3020.71
1312,10494,2021-11-23,4144.83
1313,33460,2020-09-21,6061.31
1314,46524,2024-07-20,9876.45
1315,32776,2020-11-30,1380.87
1316,48317,2020-04-13,3790.44
1317,34851,2025-02-06,6842.78
1318,1704,2025-05-13,3800.67
1319,5228,2021-03-15,2483.93
1320,44340,2024-12-10,8167.69
1321,8332,2020-12-23,1954.89
1322,43163,2024-09-20,3431.49
1323,659,2024-12-09,2480.82
1324,28985,2024-11-21,9610.07
1325,4662,2025-05-20,8379.03
1326,30223,2023-09-15,4663.63
1327,13535,2021-09-11,8417.3
1328,36206,2024-10-23,6857.97
1329,24978,2023-11-13,3633.29
1330,32556,2023-09-27,2172.41
1331,7515,2022-05-16,3669.83
1332,48998,2020-09-17,5229.97
1333,39296,2024-11-20,2079.91
1334,852,2021-01-30,2807.37
1335,35477,2025-05-08,6503.17
1336,3869,2021-08-19,7270.74
1337,11371,2021-02-13,4615.15
1338,40278,2023-11-09,9698.95
1339,8535,2024-11-11,3120.04
1340,15684,2020-05-17,9125.59
1341,1787,2023-07-02,2815.1
1342,12864,2021-02-25,7382.63
1343,41742,2020-05-31,9984.02
1344,3749,2023-02-13,8352.48
1345,39415,2022-01-04,4805.26
1346,23094,2024-11-07,1333.46
1347,34107,2020-02-16,9665.93
1348,38075,2025-02-21,7234.83
1349,36565,2025-02-19,8395.98
1350,30123,2023-07-05,5770.79
1351,17076,2023-10-28,4835.43
1352,36647,2024-06-18,876.35
1353,3917,2023-11-04,713.37
1354,33427,2024-07-23,5862.69
1355,30372,2023-03-27,1968.63
1356,21804,2023-03-22,6781.9
1357,38702,2021-01-03,9575.48
1358,18088,2024-06-06,3622.92
1359,11445,2020-07-08,7395.94
1360,21945,2022-02-04,9122.09
1361,33171,2023-07-04,8452.15
1362,15822,2022-05-18,930.98
1363,8428,2024-02-08,6806.18
1364,33374,2023-04-29,3095.38
1365,24799,2023-04-25,9038.45
1366,29588,2024-07-05,1790.46
1367,33391,2023-08-26,2302.31
1368,26686,2022-08-22,4969.84
1369,24815,2021-03-14,3372.25
1370,5846,2024-06-17,3658.29
1371,5709,2023-08-14,4302.29
1372,23086,2022-09-13,1523.16
1373,23284,2022-03-31,1049.63
1374,9766,2020-08-21,2009.91
1375,29279,2022-12-24,5387.24
1376,39275,2024-07-30,4073.16
1377,25741,2020-04-23,6673.41
1378,12860,2023-05-07,6961.75
1379,9169,2020-02-20,6341.35
1380,41920,2023-05-26,2349.75
1381,21956,2021-01-08,6261.06
1382,44139,2022-11-05,5673.31
1383,35103,2023-12-31,6412.2
1384,28663,2025-02-04,2566.09
1385,19809,2020-07-08,9886.09
1386,11477,2024-11-04,9874.13
1387,48726,2020-02-06,8799.99
1388,17271,2021-03-20,2458.52
1389,8886,2021-11-27,7551.54
1390,8373,2020-06-21,1342.87
1391,25765,2023-09-17,9177.82
1392,19552,2023-01-16,2317.81
1393,27019,2021-09-29,4466.06
1394,40690,2024-12-13,6471.62
1395,4394,2023-07-01,3726.22
1396,23223,2025-03-27,2462.34
1397,33958,2021-01-20,7949.31
1398,44696,2021-04-23,8143.93
1399,36745,2022-03-15,4824.62
1400,5005,2022-08-07,3059.34
1401,44434,2025-05-15,7123.46
1402,30474,2020-10-11,9010.04
1403,4079,2025-01-30,8057.42
1404,43148,2022-01-17,5656.75
1405,21748,2020-07-24,690.77
1406,38878,2021-01-09,9199.8
1407,44335,2022-07-24,9094.65
1408,27374,2020-04-22,2635.75
1409,17619,2022-02-17,6897.19
1410,9845,2022-08-11,3799.4
1411,32778,2023-06-01,2278.44
1412,15233,2020-10-02,206.04
1413,5049,2024-09-25,3714.82
1414,19956,2021-02-18,2189.31
1415,7287,2023-11-13,334.66
1416,3703,2020-12-17,5314.19
1417,48011,2022-12-09,2401.84
1418,48565,2022-06-23,5928.7
1419,43268,2022-11-30,4240.72
1420,28900,2024-03-14,3479.13
1421,14781,2024-03-25,3822.26
1422,49930,2021-11-23,5781.55
1423,13527,2022-05-17,8356.53
1424,38277,2020-06-25,6726.38
1425,30653,2021-02-13,1194.51
1426,14576,2023-02-05,5713.29
1427,37244,2024-05-21,7712.2
1428,35148,2020-02-05,3179.58
1429,32505,2021-02-10,6317.58
1430,41886,2020-12-15,104.4
1431,27041,2023-04-05,9403.52
1432,41125,2020-11-10,2750.52
1433,19282,2024-12-19,9069.3
1434,36036,2020-10-05,2244.84
1435,38875,2022-07-27,8972.6
1436,4335,2021-09-03,5590.77
1437,26903,2022-03-03,1906.64
1438,4090,2020-12-05,3259.94
1439,18502,2022-12-19,8316.44
1440,9991,2020-04-11,9532.26
1441,4115,2024-08-23,8777.44
1442,35054,2020-06-09,8727.73
1443,5007,2022-09-24,142.73
1444,19829,2024-09-24,4539.04
1445,48470,2022-03-25,8386.61
1446,40352,2021-06-28,448.62
1447,11579,2023-08-10,6971.46
1448,49350,2023-03-21,5060.92
1449,31737,2024-01-20,7924.74
1450,19718,2023-10-06,2681.83
1451,11084,2022-05-19,8833.69
1452,32962,2022-03-27,3037.81
1453,40409,2024-10-16,9516.82
1454,16516,2024-12-26,6440.7
1455,39287,2021-04-10,2050.15
1456,9286,2024-03-06,7781.82
1457,767,2022-12-17,5394.38
1458,11961,2024-10-19,4137.84
1459,10986,2022-06-02,4773.91
1460,26045,2020-12-18,4053.44
1461,35187,2022-08-12,7103.91
1462,38757,2024-07-14,2662.68
1463,24175,2023-03-13,5169.57
1464,46163,2022-09-15,7578.74
1465,5558,2021-10-17,1521.74
1466,38354,2023-12-11,2989.17
1467,11837,2023-08-11,2213.18
1468,44360,2021-07-11,5761.91
1469,31644,2024-02-27,4179.39
1470,27861,2021-02-25,3307.08
1471,26807,2023-03-20,3642.13
1472,30447,2020-01-26,4748.42
1473,7114,2025-01-14,4242.3
1474,21045,2021-08-15,7092.61
1475,15580,2024-06-25,6957.87
1476,26195,2021-09-12,363.62
1477,22188,2020-10-06,7125.35
1478,9006,2021-09-30,2297.89
1479,11441,2021-09-10,4256.24
1480,40315,2025-02-17,2302.32
1481,37315,2023-04-08,1277.81
1482,33255,2023-02-23,5880.87
1483,9883,2021-06-22,9511.2
1484,26577,2020-05-09,3782.46
1485,25844,2024-07-09,6814.86
1486,24554,2023-03-05,4585.23
1487,8871,2022-04-26,1894.69
1488,35030,2021-01-15,9217.58
1489,9300,2021-11-11,4551.15
1490,6171,2020-05-20,183.25
1491,27683,2020-03-31,4620.74
1492,30198,2021-10-23,158.74
1493,27439,2025-03-25,7959.82
1494,39732,2020-02-16,3741.78
1495,35010,2020-10-29,6184.63
1496,13874,2021-07-30,7690.49
1497,33325,2020-07-15,374.28
1498,44308,2021-02-16,5229.02
1499,18040,2020-11-30,6416.97
1500,17351,2023-10-29,4764.54
1501,41252,2022-03-08,3132.31
1502,29275,2022-01-31,4685.85
1503,33444,2020-10-28,3992.58
1504,46213,2023-07-09,6154.53
1505,38804,2025-04-09,4744.21
1506,16565,2024-06-10,1388.98
1507,31488,2021-07-17,930.83
1508,49513,2022-10-25,1715.8
1509,14460,2021-12-26,749.58
1510,22706,2024-04-25,2610.3
1511,23491,2025-04-23,792.61
1512,37027,2023-11-28,6075.45
1513,18240,2021-11-09,4502.32
1514,41773,2020-01-30,2628.99
1515,33261,2024-05-02,224.24
1516,18214,2021-12-21,1547.78
1517,23406,2024-09-19,6700.48
1518,33239,2021-09-26,2569.14
1519,29013,2020-05-30,3395.92
1520,43163,2023-10-15,855.67
1521,21240,2022-08-13,5527.99
1522,27841,2024-09-09,8063.24
1523,19017,2022-06-02,3597.59
1524,36099,2022-11-02,1235.55
1525,32571,2020-04-19,9544.3
1526,11494,2024-11-04,5161.63
1527,14436,2025-06-16,985.29
1528,45282,2022-11-27,5024.01
1529,13342,2022-03-17,544.68
1530,23263,2023-10-14,647.39
1531,36062,2024-01-15,3253.07
1532,1040,2021-02-06,6804.84
1533,10182,2021-11-22,7080.06
1534,2766,2021-02-28,9024.4
1535,27082,2020-05-01,1169.06
1536,43224,2020-04-01,4693.45
1537,612,2020-01-27,4815.98
1538,10776,2022-07-07,4662.24
1539,45489,2023-11-07,8430.73
1540,32357,2020-01-19,8132.39
1541,39470,2020-12-01,5126.69
1542,36840,2023-12-13,7807.4
1543,45872,2021-01-23,686.01
1544,19499,2024-06-11,5368.12
1545,17975,2025-04-08,1039.54
1546,40354,2020-04-02,8683.25
1547,18753,2020-09-18,5081.17
1548,46748,2020-02-10,273.83
1549,31529,2025-01-06,5541.57
1550,20893,2024-09-13,7403.92
1551,44997,2023-12-22,1435.58
1552,28706,2022-01-21,2900.19
1553,6894,2020-02-17,4538.05
1554,49597,2023-12-15,4204.76
1555,28852,2021-08-27,5078.38
1556,1855,2023-04-22,263.26
1557,49869,2020-09-12,7407.71
1558,38156,2021-06-28,3222.07
1559,24086,2020-08-06,7047.82
1560,41929,2023-12-13,8566.57
1561,20792,2020-04-11,6904.04
1562,36870,2023-10-23,6751.98
1563,2596,2022-06-20,5832.37
1564,8830,2020-10-28,110.06
1565,29130,2024-05-28,9047.81
1566,26341,2022-10-10,8352.37
1567,22203,2022-11-25,2026.15
1568,2619,2021-03-03,1884.89
1569,3552,2020-05-14,464.59
1570,26692,2025-04-10,3857.29
1571,24372,2023-08-01,9853.44
1572,49272,2024-10-09,1062.82
1573,37828,2021-07-30,5693.63
1574,30029,2020-11-11,2722.27
1575,41808,2021-01-02,8630.15
1576,19379,2023-08-07,5121.35
1577,14682,2020-08-26,8550.19
1578,38753,2021-11-27,9303.08
1579,20036,2020-01-29,6372.56
1580,42825,2025-01-03,2900.1
1581,34089,2020-07-23,4539.33
1582,9931,2024-03-03,6351.58
1583,30341,2020-08-19,6543.43
1584,36789,2022-06-26,763.59
1585,25510,2022-05-04,3570.57
1586,2676,2021-09-13,5370.73
1587,16352,2021-08-14,3430.4
1588,28253,2024-09-17,5823.01
1589,19046,2025-02-12,1842.62
1590,42332,2020-12-01,442.4
1591,21941,2021-01-24,3479.09
1592,47032,2024-04-20,5725.47
1593,16659,2020-02-21,208.92
1594,43638,2025-02-22,6155.22
1595,19521,2023-10-26,3609.79
1596,69,2024-12-23,9931.77
1597,19159,2021-06-20,7849.63
1598,37173,2020-06-16,2981.36
1599,8770,2022-07-20,9717.79
1600,31228,2022-08-13,2855.7
1601,37040,2024-12-25,1171.85
1602,14914,2020-12-16,365.98
1603,10441,2021-05-29,7856.58
1604,48146,2021-10-14,3259.06
1605,19792,2023-09-09,9844.93
1606,14119,2023-03-08,6220.27
1607,44159,2021-03-07,1726.5
1608,39625,2022-09-01,3426.88
1609,15852,2022-04-07,5172.17
1610,38527,2020-01-02,7244.98
1611,9367,2023-09-20,5955.01
1612,33953,2022-08-23,2674.02
1613,30908,2025-03-17,4812.78
1614,49382,2024-12-09,2243.22
1615,7099,2021-06-30,3562.89
1616,42906,2022-03-29,2927.25
1617,25781,2024-11-06,8995.68
1618,41806,2020-04-17,7901.93
1619,3789,2021-09-16,5362.85
1620,13782,2020-02-25,1824.62
1621,41387,2020-02-09,5976.94
1622,5936,2021-05-19,3610.19
1623,44114,2022-08-30,468.93
1624,9620,2021-11-29,6922.95
1625,25054,2020-01-12,2631.26
1626,34723,2024-12-12,2418.22
1627,1057,2025-05-26,6671.59
1628,45806,2020-08-22,8727.07
1629,2641,2024-07-09,2892.09
1630,35683,2023-08-13,7797.79
1631,33282,2022-07-04,8868.81
1632,28066,2021-02-27,2188.67
1633,4428,2024-05-15,9182.58
1634,15962,2025-06-19,2902.81
1635,26016,2024-04-18,2256.18
1636,533,2020-10-01,3670.96
1637,26629,2023-04-11,2359.34
1638,14620,2021-08-25,5768.12
1639,36695,2022-11-18,4780.45
1640,12592,2021-06-14,6731.27
1641,35680,2024-11-05,7270.62
1642,19653,2023-04-22,909.85
1643,34046,2024-04-11,1620.96
1644,40698,2021-10-03,7917.82
1645,27462,2021-02-27,755.81
1646,48876,2024-06-26,6622.08
1647,30888,2021-03-24,6668.82
1648,28814,2023-01-06,7397.43
1649,45431,2021-06-03,2264.69
1650,15683,2022-11-16,1595.41
1651,29863,2024-10-26,4554.6
1652,38569,2022-07-14,523.68
1653,5144,2021-10-26,8434.26
1654,26283,2021-07-14,7492.93
1655,34925,2024-11-15,8858.5
1656,10450,2024-05-10,790.6
1657,25802,2022-05-17,9216.68
1658,9626,2021-09-05,7590.68
1659,2050,2023-09-06,1216.29
1660,10014,2023-08-03,1136.32
1661,10983,2023-06-04,9009.85
1662,7754,2020-11-11,4714.88
1663,14548,2023-05-21,9988.61
1664,34745,2024-08-24,6386.59
1665,15990,2024-08-07,6910.23
1666,42217,2020-03-13,4731.96
1667,29971,2022-11-18,4425.23
1668,3014,2023-05-08,8038.29
1669,37752,2024-10-12,4542.52
1670,12499,2024-02-27,5033.94
1671,22879,2024-07-27,3969.99
1672,22305,2023-09-29,2043.25
1673,49359,2023-02-23,8504.17
1674,14994,2024-03-21,2285.05
1675,4161,2023-02-01,3086.68
1676,22944,2021-10-04,5968.7
1677,14212,2023-01-23,3328.62
1678,2525,2020-06-07,3598.43
1679,49124,2024-05-30,138.45
1680,47099,2021-11-22,8030.07
1681,9657,2020-05-15,4994.83
1682,47847,2020-08-22,2042.57
1683,27278,2024-06-13,7150.65
1684,20912,2022-02-01,6594.44
1685,37157,2020-10-08,3826.11
1686,6381,2021-02-02,5823.65
1687,23173,2021-04-05,6700.25
1688,18226,2020-07-02,713.62
1689,38614,2021-08-20,4234.37
1690,24901,2020-05-01,5294.26
1691,40805,2025-04-02,7260.85
1692,39334,2020-11-13,3878.68
1693,37294,2020-05-20,1790.6
1694,20834,2021-07-11,987.22
1695,9712,2023-04-20,8112.72
1696,37157,2022-02-15,4843.88
1697,2843,2020-12-09,2370.1
1698,27248,2023-07-06,8067.86
1699,42241,2022-07-07,8138.21
1700,38301,2020-01-12,6547.67
1701,4477,2021-07-06,1289.13
1702,21704,2021-03-03,3104.54
1703,16609,2024-09-17,8836.68
1704,25479,2021-06-06,1303.08
1705,46877,2021-10-20,7035.47
1706,38182,2021-03-18,2635.21
1707,47624,2020-03-13,438.62
1708,41567,2023-04-03,6921.66
1709,47781,2023-03-07,2722.62
1710,45499,2023-09-14,7455.72
1711,31439,2022-11-22,3733.23
1712,25018,2024-10-06,2271.89
1713,35424,2020-05-27,9108.79
1714,38170,2025-05-17,3616.91
1715,46000,2020-11-26,9153.4
1716,15473,2024-11-03,9616.67
1717,45323,2020-12-14,4123.77
1718,11799,2024-07-04,7211.17
1719,35746,2021-09-28,4025.89
1720,33569,2021-09-27,6598.8
1721,33761,2023-07-16,7741.46
1722,47612,2023-02-21,6420.68
1723,39025,2022-01-17,2966.7
1724,7485,2022-04-10,3150.84
1725,48652,2021-10-15,8630.85
1726,25501,2024-10-02,5684.1
1727,16106,2020-02-23,9025.59
1728,2026,2021-03-01,4246.43
1729,29547,2022-07-22,2706.35
1730,26727,2020-03-23,6121.28
1731,4778,2021-09-09,8911.11
1732,11219,2024-07-04,5063.42
1733,36025,2021-01-07,2850.4
1734,18567,2024-03-13,2293.14
1735,20537,2022-04-19,4547.04
1736,33462,2022-04-29,8557.89
1737,42644,2023-06-03,2928.16
1738,24325,2020-10-18,5581.88
1739,12100,2022-10-29,1813.2
1740,23566,2021-12-20,7456.3
1741,19331,2022-02-11,4645.68
1742,31346,2024-11-13,2462.05
1743,45522,2021-10-16,7574.1
1744,9658,2022-07-08,7307.62
1745,40987,2021-05-25,432.25
1746,33540,2022-12-23,4472.52
1747,21888,2021-05-09,5970.96
1748,6464,2022-09-30,2634.13
1749,20188,2022-12-07,657.29
1750,34384,2022-07-27,2911.37
1751,35235,2023-04-05,8684.58
1752,3188,2024-08-15,3459.36
1753,1999,2024-10-09,7888.22
1754,47173,2020-12-07,7052.0
1755,38175,2023-10-25,9590.15
1756,15019,2021-12-20,8733.06
1757,40543,2023-06-02,9421.7
1758,43977,2025-04-08,330.62
1759,2509,2021-03-19,3043.21
1760,33771,2023-10-30,8740.24
1761,149,2020-09-19,3789.85
1762,10433,2020-05-25,622.15
1763,44265,2020-05-07,9293.31
1764,18125,2022-02-12,4574.77
1765,4258,2021-09-16,612.91
1766,5578,2020-09-24,2909.71
1767,12841,2023-10-19,8572.17
1768,47266,2024-08-23,7917.68
1769,14489,2024-02-14,9972.74
1770,28993,2024-12-17,4456.32
1771,31820,2024-09-17,3094.98
1772,8572,2023-05-18,1418.17
1773,31510,2022-08-31,3050.8
1774,22204,2024-04-26,2076.37
1775,7606,2023-05-30,6713.41
1776,8057,2020-10-28,7685.2
1777,42774,2023-07-06,8055.84
1778,17085,2025-05-30,7546.48
1779,42110,2022-12-12,4954.37
1780,23280,2022-12-21,3985.39
1781,7874,2022-06-27,1091.51
1782,15277,2025-01-16,5828.61
1783,38088,2021-04-29,4583.02
1784,5345,2023-11-27,2508.23
1785,49733,2024-01-06,8045.38
1786,48320,2023-09-03,7139.66
1787,26122,2021-02-24,5724.79
1788,12227,2021-12-17,2085.11
1789,34038,2023-11-23,5743.22
1790,30686,2023-01-18,2120.54
1791,41372,2021-08-04,7349.62
1792,42757,2024-06-14,1806.8
1793,38412,2022-02-18,7421.48
1794,10796,2024-02-28,5453.53
1795,23149,2020-12-10,9768.69
1796,40026,2021-03-09,4722.36
1797,26397,2021-07-12,2473.17
1798,34254,2021-06-11,8412.59
1799,12657,2020-12-31,5845.89
1800,29960,2023-11-24,5414.55
1801,48939,2020-07-13,1142.03
1802,2192,2022-10-10,3869.13
1803,40013,2024-12-30,145.99
1804,12808,2022-09-10,2233.78
1805,39002,2020-08-21,5298.84
1806,43384,2025-01-11,4785.95
1807,40837,2021-08-21,5717.14
1808,3046,2020-03-04,8694.3
1809,3266,2021-04-22,2675.16
1810,38686,2022-08-02,6802.77
1811,31057,2023-11-29,5555.88
1812,47610,2022-08-06,8223.32
1813,39519,2024-09-21,2746.58
1814,33279,2021-11-24,9903.85
1815,2369,2024-06-05,6672.49
1816,1500,2023-02-28,501.09
1817,22814,2023-12-31,145.94
1818,39727,2020-08-26,8691.65
1819,40287,2020-05-19,2690.15
1820,33624,2025-06-22,2446.93
1821,18335,2021-07-03,5542.92
1822,4028,2023-09-19,1776.98
1823,19701,2020-03-31,2957.82
1824,25163,2023-03-15,5209.33
1825,16746,2024-06-07,9820.6
1826,26249,2021-11-05,1616.58
1827,29388,2020-12-05,515.25
1828,14774,2023-05-06,7109.57
1829,28624,2024-02-06,6200.55
1830,46945,2021-03-30,3201.61
1831,15937,2023-10-13,2866.03
1832,5069,2022-04-23,8691.78
1833,18981,2023-07-20,3281.08
1834,37859,2025-04-24,5970.56
1835,13292,2024-03-04,4311.09
1836,40170,2020-03-10,5321.47
1837,44233,2025-01-12,8892.74
1838,3993,2022-07-21,4531.98
1839,43570,2022-09-11,8271.88
1840,45564,2025-01-19,6061.74
1841,9083,2024-12-11,3698.88
1842,47081,2025-04-14,346.11
1843,24431,2022-10-29,6707.62
1844,1696,2021-12-08,6995.75
1845,29555,2022-10-23,9930.23
1846,41776,2020-09-25,7139.26
1847,7379,2023-10-07,8215.42
1848,33267,2022-10-26,1756.41
1849,34449,2021-01-19,7653.09
1850,44221,2023-06-11,3584.65
1851,23737,2022-06-19,9801.99
1852,9529,2024-05-20,4572.17
1853,45510,2022-09-08,4701.9
1854,249,2020-04-05,5025.49
1855,9889,2024-03-02,3147.0
1856,49811,2021-09-15,3858.24
1857,15119,2020-05-04,3984.04
1858,689,2024-03-13,5178.4
1859,43238,2021-07-06,1498.73
1860,18084,2022-08-03,6015.68
1861,224,2021-01-03,5436.29
1862,34528,2020-01-07,9824.33
1863,20200,2020-10-03,8756.91
1864,16438,2023-05-17,4678.75
1865,13348,2025-05-26,7010.99
1866,38453,2025-04-23,6590.58
1867,17084,2020-07-11,2425.01
1868,23010,2020-06-08,3396.34
1869,49738,2021-05-02,430.87
1870,19756,2024-06-19,1047.62
1871,4385,2022-09-06,3165.52
1872,1452,2024-01-21,7803.2
1873,311,2020-09-03,7185.54
1874,46636,2020-01-06,9645.94
1875,47155,2021-07-06,3728.74
1876,17507,2020-02-02,3494.38
1877,33110,2022-08-27,1119.22
1878,12851,2024-08-15,7897.51
1879,9175,2023-07-27,1737.74
1880,28373,2024-06-18,9538.42
1881,16013,2025-04-15,3226.32
1882,5424,2022-09-29,6507.91
1883,46975,2025-05-10,4559.42
1884,9842,2022-01-24,2319.17
1885,23380,2020-04-15,4614.38
1886,17967,2022-08-03,3326.95
1887,14602,2024-03-24,6292.0
1888,22554,2024-06-16,5556.76
1889,13231,2021-09-29,918.74
1890,16300,2022-12-26,814.21
1891,6785,2020-01-04,9655.87
1892,8557,2020-02-23,3084.81
1893,30527,2023-09-26,996.37
1894,17553,2023-03-03,1900.2
1895,8337,2024-01-13,1629.38
1896,39079,2025-05-10,2178.02
1897,1067,2022-09-06,564.09
1898,9769,2020-02-14,2057.17
1899,7183,2023-06-02,9419.38
1900,12417,2024-08-04,5763.27
1901,45110,2022-05-01,3320.1
1902,44747,2020-06-19,7916.2
1903,8325,2021-03-25,8968.89
1904,11838,2021-01-01,800.25
1905,1267,2022-06-21,3508.66
1906,210,2020-11-06,8204.24
1907,20722,2021-11-07,6110.59
1908,6527,2020-07-22,6854.6
1909,11474,2024-02-29,5639.71
1910,22743,2023-07-19,913.78
1911,29767,2024-12-13,8522.85
1912,9006,2024-02-11,2459.72
1913,19905,2020-09-07,1121.88
1914,23708,2022-12-30,3461.07
1915,36218,2023-10-01,7478.76
1916,2132,2020-09-11,8811.55
1917,6128,2020-05-08,6539.97
1918,47767,2021-05-28,3645.12
1919,31674,2020-12-16,7308.98
1920,10151,2020-03-24,7688.55
1921,38994,2023-10-12,9238.05
1922,39713,2023-02-20,1274.38
1923,15546,2024-08-23,1488.4
1924,26713,2025-04-16,4420.37
1925,22688,2022-04-12,3471.07
1926,23090,2023-08-23,7745.25
1927,47836,2023-03-30,5924.4
1928,33997,2021-05-29,1050.53
1929,26131,2024-10-30,5392.3
1930,10755,2024-05-14,2927.05
1931,4212,2021-04-11,4132.32
1932,36187,2024-09-03,906.23
1933,35217,2021-01-12,446.81
1934,4395,2020-04-13,9656.01
1935,30449,2024-02-12,7443.03
1936,45566,2023-03-02,6566.57
1937,27756,2022-07-31,6795.72
1938,20268,2021-07-08,6412.73
1939,33776,2022-03-25,3854.84
1940,41172,2023-06-06,5028.18
1941,5229,2021-06-01,9260.16
1942,8098,2023-04-26,3771.27
1943,47056,2023-12-14,1992.74
1944,4071,2025-05-10,636.09
1945,3894,2025-06-19,2678.64
1946,43537,2023-10-29,1398.0
1947,9456,2024-01-23,6544.41
1948,15060,2021-06-01,2441.93
1949,19858,2024-12-26,3389.47
1950,9205,2020-04-10,1047.48
1951,30492,2025-04-01,4411.78
1952,17180,2020-08-07,9552.85
1953,21409,2020-05-17,4445.58
1954,45141,2021-10-29,7536.73
1955,5893,2020-09-18,5743.21
1956,48623,2021-08-07,3244.89
1957,36141,2020-10-06,9419.96
1958,33189,2024-05-06,5230.17
1959,2258,2023-01-10,7743.2
1960,32052,2020-11-19,1312.51
1961,6080,2021-03-04,2343.8
1962,32830,2023-10-29,4585.12
1963,38742,2021-05-20,7718.01
1964,42711,2021-04-15,8176.47
1965,25307,2023-07-30,9780.52
1966,7555,2025-06-10,9512.29
1967,8371,2022-02-19,4286.0
1968,5610,2022-08-28,5365.93
1969,23618,2021-08-09,352.25
1970,14009,2020-05-26,4943.82
1971,25105,2020-06-09,465.77
1972,1411,2021-12-18,230.56
1973,14723,2023-07-16,5605.95
1974,43560,2023-07-10,8986.13
1975,41296,2024-12-29,9652.91
1976,16191,2023-03-29,7366.01
1977,29313,2021-07-10,7499.53
1978,22835,2020-11-07,4474.52
1979,48388,2020-08-16,5708.91
1980,45777,2025-06-14,5882.69
1981,49363,2023-08-18,791.7
1982,9860,2024-10-27,551.73
1983,5031,2024-12-15,1539.62
1984,15956,2023-01-28,7968.22
1985,20529,2021-02-21,5656.01
1986,441,2023-06-05,5953.23
1987,30966,2023-04-29,3557.32
1988,22505,2020-03-10,8698.57
1989,27793,2022-02-01,9638.59
1990,8847,2024-03-15,2215.33
1991,12535,2025-03-31,3218.49
1992,6505,2022-01-28,3348.36
1993,668,2020-11-05,9631.87
1994,38928,2025-05-28,5226.6
1995,43398,2025-01-15,5718.33
1996,47452,2022-04-12,3745.2
1997,48032,2020-10-27,9003.99
1998,42961,2022-11-19,1990.43
1999,20761,2023-01-07,4625.6
2000,3623,2022-04-20,2332.33
2001,47150,2023-06-24,5892.7
2002,18895,2020-11-12,5523.16
2003,24436,2020-08-08,1399.24
2004,34162,2024-01-06,8323.17
2005,23859,2020-05-09,1312.65
2006,7570,2023-03-27,1847.62
2007,6638,2023-04-12,2780.02
2008,17940,2022-01-28,8153.62
2009,36183,2020-03-08,2115.03
2010,6277,2020-05-26,2270.67
2011,24064,2021-04-12,6554.99
2012,3390,2020-01-05,8314.29
2013,12556,2021-08-07,7021.45
2014,6737,2020-07-30,5420.62
2015,11219,2024-05-11,6535.98
2016,39136,2021-03-22,5516.26
2017,41872,2024-05-06,3632.43
2018,28674,2021-01-03,6937.27
2019,972,2020-02-28,6905.09
2020,31357,2020-11-11,6361.6
2021,7409,2020-05-02,6387.44
2022,3848,2021-08-14,2438.81
2023,15909,2021-01-13,9279.24
2024,49589,2024-11-11,9923.25
2025,39925,2024-06-07,5600.64
2026,37081,2025-04-23,2315.49
2027,12859,2023-01-31,3241.09
2028,34364,2021-11-03,7422.52
2029,31065,2024-08-02,2794.1
2030,43086,2022-07-05,6125.74
2031,23982,2021-05-20,1118.31
2032,9855,2023-08-28,9680.62
2033,11471,2025-03-26,8426.75
2034,5442,2021-10-24,8234.2
2035,43605,2021-02-07,7786.14
2036,25245,2022-09-09,102.77
2037,40113,2021-07-14,775.2
2038,23901,2021-11-17,5931.35
2039,22295,2022-12-29,7709.52
2040,31619,2020-09-11,7577.65
2041,10550,2020-10-27,5339.21
2042,38652,2024-03-06,5256.86
2043,42901,2023-05-12,966.59
2044,19536,2023-04-01,9293.67
2045,7060,2025-02-06,3197.6
2046,9200,2022-06-06,2178.0
2047,13018,2023-10-31,6007.29
2048,8081,2020-06-03,333.92
2049,1036,2024-01-27,9615.01
2050,47821,2020-10-29,3721.17
2051,24400,2020-09-01,3025.62
2052,14684,2020-10-14,1601.15
2053,40008,2022-11-18,5131.99
2054,8632,2020-07-17,3956.37
2055,20782,2025-06-22,3134.44
2056,31069,2020-02-22,1411.22
2057,20601,2023-01-21,3321.1
2058,33554,2021-03-15,8219.28
2059,14324,2023-05-25,7965.6
2060,18987,2020-10-25,5770.23
2061,45264,2024-06-23,7551.09
2062,6618,2023-02-09,6163.54
2063,20694,2024-07-25,1242.99
2064,1359,2024-01-11,9264.9
2065,43085,2023-01-19,5052.98
2066,42134,2022-09-09,7430.44
2067,30972,2024-08-13,8763.83
2068,43580,2023-09-01,8805.04
2069,213,2023-08-02,9338.26
2070,7743,2020-02-12,6509.08
2071,20978,2023-05-24,6369.38
2072,30488,2022-03-26,2472.45
2073,40989,2022-09-02,3210.16
2074,35713,2023-07-10,6073.71
2075,28540,2023-01-15,2581.9
2076,40449,2024-10-31,3652.99
2077,6217,2024-12-27,1745.35
2078,3740,2023-02-15,7531.2
2079,32402,2024-11-04,6347.36
2080,14331,2020-01-19,7266.18
2081,22580,2020-02-21,4501.9
2082,25579,2022-01-20,7384.08
2083,9442,2024-03-09,4710.1
2084,42584,2025-02-02,5374.17
2085,15422,2021-05-19,1359.95
2086,22547,2023-03-03,460.68
2087,14082,2024-11-22,7475.83
2088,7878,2022-06-08,8916.97
2089,28983,2023-05-19,3671.08
2090,23051,2023-09-01,8483.77
2091,24570,2021-04-19,2826.91
2092,40692,2024-03-03,7345.91
2093,85,2020-12-14,5860.68
2094,24342,2020-04-27,432.17
2095,4867,2021-10-13,2491.57
2096,46323,2020-06-14,6327.07
2097,12693,2020-05-20,2156.85
2098,3115,2021-05-22,5939.88
2099,3673,2020-01-28,7097.53
2100,29180,2022-10-25,3531.18
2101,5925,2023-04-12,6945.12
2102,34142,2022-03-24,6464.28
2103,42424,2025-02-15,9874.4
2104,26151,2020-06-03,6185.04
2105,5012,2021-02-13,2826.0
2106,38721,2022-01-27,2547.23
2107,29995,2022-12-21,6630.78
2108,27610,2020-07-14,1124.24
2109,12309,2021-08-06,2341.3
2110,29706,2020-03-30,188.81
2111,19037,2024-06-20,5163.29
2112,27828,2021-10-01,7877.75
2113,297,2021-01-30,5155.51
2114,1131,2024-01-24,2927.12
2115,8909,2024-02-01,8395.52
2116,23982,2020-06-28,4898.51
2117,12924,2025-05-10,6928.22
2118,11377,2021-10-26,9865.95
2119,22905,2022-11-28,8155.86
2120,28719,2024-09-26,8520.21
2121,16028,2023-03-16,1295.22
2122,9500,2021-08-05,5452.4
2123,37195,2024-01-28,9970.64
2124,9054,2020-03-17,3304.62
2125,24203,2022-03-02,513.69
2126,47389,2025-05-24,437.11
2127,47858,2022-03-23,9789.05
2128,48568,2022-02-14,4399.01
2129,48377,2024-01-19,2920.02
2130,21196,2023-12-23,5187.94
2131,42058,2023-02-27,6140.73
2132,22647,2025-05-03,8819.65
2133,49723,2020-11-18,4482.11
2134,17699,2023-12-23,8545.44
2135,41908,2021-10-27,2675.89
2136,40740,2024-04-01,5530.34
2137,21837,2021-07-03,7837.7
2138,45114,2025-02-01,4482.6
2139,37364,2022-12-16,2847.69
2140,41691,2023-03-30,8109.11
2141,32488,2025-02-28,8091.9
2142,11036,2024-01-26,2894.84
2143,20962,2022-12-31,6088.25
2144,5589,2023-10-05,2539.08
2145,49478,2020-11-15,8973.46
2146,23615,2023-07-26,843.69
2147,23732,2022-11-01,3884.83
2148,12122,2020-12-24,6536.2
2149,19620,2022-02-01,8616.33
2150,9576,2024-03-23,7974.15
2151,11474,2024-01-20,6872.63
2152,20458,2025-06-14,9268.08
2153,16244,2025-01-03,340.32
2154,8747,2022-11-22,9797.15
2155,27047,2021-03-07,3523.55
2156,44165,2023-10-08,7507.68
2157,15066,2020-10-27,2863.99
2158,24779,2020-03-15,4205.32
2159,21170,2025-04-26,8772.18
2160,32211,2022-05-24,4537.06
2161,1588,2020-08-30,8859.87
2162,33221,2023-10-26,5535.25
2163,13895,2023-08-15,2714.58
2164,35843,2020-10-07,4914.69
2165,1113,2021-06-10,978.56
2166,16266,2021-06-05,4833.57
2167,33843,2023-11-28,7897.91
2168,36293,2020-09-28,781.63
2169,21152,2025-03-05,2410.92
2170,8672,2021-01-15,4282.21
2171,36087,2023-01-26,7602.55
2172,2934,2020-07-31,7535.79
2173,24235,2025-01-22,8884.18
2174,36563,2022-12-05,1540.38
2175,18828,2025-03-17,1641.72
2176,20639,2021-09-27,6722.82
2177,18897,2021-05-18,1882.89
2178,9366,2023-06-09,4196.97
2179,23099,2020-05-08,5440.08
2180,44022,2024-12-21,2643.38
2181,48436,2023-08-28,6946.39
2182,46578,2020-02-15,8593.94
2183,18281,2022-08-12,220.59
2184,23510,2024-01-09,2963.72
2185,15665,2021-04-06,7150.71
2186,30008,2021-03-20,2828.39
2187,14298,2022-09-05,5277.25
2188,6687,2022-02-14,7588.99
2189,35063,2021-07-06,3502.72
2190,27323,2023-03-12,7896.9
2191,7403,2021-07-09,8179.75
2192,30534,2025-02-16,9911.82
2193,1356,2023-07-02,4379.9
2194,1195,2021-10-02,4810.39
2195,34267,2020-04-20,7850.59
2196,35658,2022-10-19,8692.99
2197,516,2020-08-12,5101.78
2198,39567,2023-05-01,315.06
2199,21937,2023-02-14,4634.54
2200,1672,2021-02-21,2329.91
2201,32528,2021-01-22,1057.23
2202,14272,2022-04-28,3458.47
2203,31999,2023-11-10,3980.02
2204,19156,2021-02-26,9818.34
2205,38168,2023-07-02,4606.93
2206,21243,2024-11-19,9678.97
2207,3043,2022-08-07,7350.67
2208,15671,2024-07-31,2605.55
2209,694,2023-08-14,7049.45
2210,39121,2024-04-29,4086.31
2211,46405,2024-06-24,5834.84
2212,47054,2021-02-13,5240.73
2213,6862,2022-03-05,9324.99
2214,45806,2024-08-29,1384.11
2215,7659,2022-07-09,4494.95
2216,24380,2022-03-07,903.57
2217,11796,2020-12-31,2621.94
2218,14797,2021-04-10,860.71
2219,23552,2024-04-06,9393.11
2220,6198,2023-10-26,3217.4
2221,37257,2025-02-24,7834.8
2222,41204,2021-03-19,7510.54
2223,36514,2020-12-11,1489.88
2224,38604,2024-09-11,1496.41
2225,7312,2021-08-19,3841.67
2226,23366,2023-11-29,5728.99
2227,29908,2024-06-29,4324.58
2228,35718,2023-03-05,7702.78
2229,8483,2021-01-07,5405.84
2230,5737,2020-11-17,8830.3
2231,41091,2020-08-13,5964.75
2232,21781,2024-10-05,5964.46
2233,17799,2023-02-10,6630.84
2234,12566,2020-01-18,6069.74
2235,26766,2022-04-28,6159.97
2236,38839,2024-08-05,4552.13
2237,3929,2022-02-09,996.41
2238,46469,2022-05-02,3752.17
2239,28357,2021-08-17,7706.2
2240,15219,2023-08-31,476.08
2241,48187,2024-09-14,6937.26
2242,38634,2020-05-01,9810.48
2243,8585,2023-12-10,4416.03
2244,27133,2020-01-11,2202.89
2245,44134,2020-06-29,327.77
2246,15684,2021-02-16,8562.05
2247,15252,2025-02-01,1559.12
2248,25173,2024-03-01,527.16
2249,43442,2021-01-22,4905.84
2250,10736,2020-08-07,3879.15
2251,42520,2023-03-06,9602.1
2252,32455,2020-11-08,4678.99
2253,44014,2023-04-04,8370.77
2254,35966,2024-12-03,9326.74
2255,32759,2022-08-18,1924.0
2256,10545,2021-02-22,3528.66
2257,9608,2021-03-06,9240.45
2258,24049,2020-02-03,5603.04
2259,43630,2020-11-14,3294.62
2260,17414,2023-07-12,5253.06
2261,13864,2025-02-24,7338.56
2262,849,2024-10-01,6221.6
2263,32461,2020-10-01,9342.56
2264,38253,2023-12-04,9633.5
2265,23185,2023-04-12,7143.47
2266,42291,2023-08-28,6670.77
2267,44190,2020-09-22,234.24
2268,15264,2021-09-23,7858.6
2269,22756,2021-11-13,5044.47
2270,33991,2023-12-08,8758.93
2271,7932,2021-07-05,9337.78
2272,26000,2024-02-16,3753.15
2273,43983,2020-07-01,9064.11
2274,19895,2021-03-17,6629.72
2275,31161,2024-12-27,4338.18
2276,19918,2024-01-19,602.66
2277,21940,2021-05-04,7447.31
2278,31431,2022-12-06,8942.77
2279,45231,2022-08-30,5864.84
2280,49560,2020-10-19,4088.35
2281,14528,2024-09-16,4569.52
2282,33877,2020-03-19,7109.87
2283,35672,2023-04-23,2062.86
2284,15676,2021-09-02,2123.6
2285,45777,2022-06-17,3535.65
2286,27834,2024-08-19,395.16
2287,1072,2024-02-04,6722.51
2288,31402,2021-07-10,4537.57
2289,27945,2021-08-21,8947.78
2290,31733,2020-11-24,6505.59
2291,28075,2024-03-17,7076.64
2292,39199,2021-02-02,6751.41
2293,15853,2021-10-19,4237.37
2294,3356,2024-11-17,9333.89
2295,23528,2024-08-19,9152.19
2296,22043,2023-08-12,4876.9
2297,33145,2020-01-03,7815.44
2298,19836,2024-10-26,9852.52
2299,27046,2023-08-30,3379.24
2300,25508,2023-09-12,6286.05
2301,34620,2023-10-05,5738.59
2302,4841,2020-08-06,5453.66
2303,10459,2024-08-28,9337.93
2304,36921,2024-08-19,1353.32
2305,21167,2021-11-01,5212.18
2306,36978,2024-07-19,355.96
2307,5850,2024-09-24,3150.24
2308,47579,2025-03-11,6783.14
2309,40004,2020-10-25,7826.05
2310,14131,2021-10-28,8557.21
2311,14394,2020-06-03,858.48
2312,18736,2024-07-11,1927.2
2313,19430,2022-09-15,4074.87
2314,44347,2023-09-10,3874.06
2315,9292,2022-10-23,2613.93
2316,43311,2024-08-19,9373.23
2317,27535,2022-05-20,5385.8
2318,22127,2021-10-14,6604.52
2319,34416,2022-05-14,7521.62
2320,31438,2022-12-19,5484.45
2321,44616,2021-08-18,8353.06
2322,40825,2025-02-01,9849.92
2323,47097,2023-05-06,3980.0
2324,47967,2020-12-28,6472.47
2325,32770,2022-04-28,3238.26
2326,24399,2022-06-09,783.12
2327,16061,2025-01-12,368.02
2328,47816,2025-06-10,2402.47
2329,14277,2024-06-20,1706.92
2330,18489,2023-03-30,7250.4
2331,15872,2021-06-01,4687.26
2332,30404,2022-06-04,5446.97
2333,6156,2021-03-23,909.68
2334,8650,2021-05-03,292.13
2335,7492,2025-02-12,4407.79
2336,4787,2022-10-02,2631.3
2337,15946,2022-10-15,6257.49
2338,8733,2021-03-30,5165.34
2339,11356,2025-02-04,8301.38
2340,18205,2022-08-04,8401.55
2341,36211,2020-11-18,5417.61
2342,40889,2022-05-18,9077.44
2343,13358,2023-11-30,9335.13
2344,29716,2022-09-24,2519.2
2345,49106,2024-01-19,9777.21
2346,25659,2022-03-02,9860.68
2347,16760,2023-05-13,743.15
2348,37924,2025-06-19,123.42
2349,9729,2020-11-16,680.13
2350,23386,2024-11-13,3561.65
2351,24963,2023-04-19,8099.7
2352,49335,2023-02-25,5095.17
2353,40530,2022-07-25,3033.05
2354,11935,2020-04-09,644.55
2355,19684,2022-03-10,4018.87
2356,35645,2024-05-23,458.01
2357,39985,2020-11-22,1809.96
2358,5044,2020-08-29,8799.36
2359,34591,2020-02-14,7640.09
2360,47944,2022-11-21,9957.57
2361,47961,2021-06-23,8954.78
2362,2993,2023-10-08,8571.6
2363,4398,2022-01-19,1829.97
2364,29622,2022-02-20,6518.42
2365,13012,2021-10-14,6045.29
2366,27275,2023-12-28,9187.3
2367,1089,2023-04-06,7832.08
2368,34261,2025-04-04,7769.88
2369,48785,2023-12-25,3314.91
2370,43380,2020-04-22,1331.7
2371,47644,2021-09-16,3753.65
2372,46674,2021-04-19,2163.48
2373,5597,2023-08-02,7304.23
2374,17738,2024-04-18,4647.24
2375,18441,2024-04-30,2399.45
2376,14498,2022-10-21,6614.04
2377,1428,2021-02-21,784.05
2378,15071,2020-07-05,9186.57
2379,643,2025-04-10,5825.3
2380,14977,2021-03-24,4663.79
2381,21308,2021-11-12,2566.15
2382,37729,2022-09-04,5524.15
2383,25224,2022-01-23,2942.96
2384,17298,2023-07-22,4005.82
2385,3870,2022-06-27,8896.6
2386,39009,2020-01-23,2022.02
2387,30614,2022-12-25,3545.53
2388,16209,2023-11-11,6592.84
2389,47594,2023-01-14,7275.28
2390,45577,2022-07-20,1237.68
2391,9098,2025-05-22,9368.75
2392,33761,2021-12-12,368.02
2393,4592,2023-01-15,762.29
2394,43331,2020-11-23,7644.77
2395,9425,2025-05-30,7737.6
2396,34095,2022-05-06,6694.29
2397,46888,2024-10-28,5264.42
2398,27940,2022-08-17,2957.51
2399,30050,2024-07-04,8415.84
2400,29698,2023-03-08,7017.67
2401,36781,2025-01-06,9683.7
2402,12115,2020-08-22,4597.73
2403,35489,2022-02-12,4758.22
2404,32252,2022-05-23,7934.75
2405,26688,2022-09-28,9931.18
2406,18175,2022-10-06,8974.42
2407,49562,2025-01-10,3045.04
2408,18039,2024-10-10,9540.81
2409,38306,2020-08-15,2059.89
2410,22207,2024-09-16,4272.31
2411,22428,2020-03-22,8880.71
2412,31952,2021-11-03,3203.11
2413,5198,2020-07-07,3587.11
2414,33838,2020-01-18,9948.18
2415,46868,2022-10-27,4565.1
2416,38820,2023-08-01,9479.79
2417,19057,2023-05-05,2812.91
2418,40464,2021-02-03,5058.18
2419,6395,2022-01-04,3889.16
2420,30150,2022-08-22,5685.35
2421,37320,2020-03-14,8994.23
2422,17325,2021-02-16,9909.7
2423,21754,2021-02-16,5060.55
2424,6116,2022-11-05,1832.82
2425,40496,2020-09-16,599.72
2426,47876,2022-12-24,1679.3
2427,35426,2022-12-31,7489.95
2428,26580,2022-09-14,5983.73
2429,7128,2021-10-02,7513.0
2430,45933,2021-05-20,9544.33
2431,43715,2024-10-21,7097.57
2432,28060,2023-02-28,7797.74
2433,44446,2024-05-18,4328.73
2434,14621,2022-01-23,5162.09
2435,41621,2020-03-06,8250.54
2436,38698,2024-06-12,6426.75
2437,23003,2022-04-04,5401.44
2438,2944,2023-10-12,2289.87
2439,33074,2024-01-22,6068.05
2440,2942,2022-05-27,2982.06
2441,14851,2023-07-21,5943.2
2442,16833,2023-02-03,4692.51
2443,15127,2022-11-28,1107.05
2444,29445,2021-05-02,8585.74
2445,23833,2021-09-27,5855.03
2446,35563,2023-02-18,9039.18
2447,14913,2021-08-18,9277.25
2448,17615,2020-07-27,5224.04
2449,32551,2022-02-13,6812.7
2450,27352,2022-08-08,8964.3
2451,5499,2020-04-21,6833.53
2452,49634,2023-11-25,2514.97
2453,15983,2021-08-02,2658.94
2454,39186,2025-01-01,4246.95
2455,6425,2022-06-10,472.99
2456,3069,2022-01-03,3772.72
2457,19812,2020-01-01,1521.24
2458,48513,2022-01-28,8288.7
2459,5054,2023-08-07,7843.98
2460,9353,2023-01-04,1833.7
2461,1193,2021-02-04,2918.25
2462,24415,2024-06-03,5742.48
2463,23830,2021-10-29,2568.84
2464,37094,2024-12-28,649.89
2465,34286,2022-01-19,7676.86
2466,34793,2022-08-08,1002.13
2467,47028,2022-03-13,6809.94
2468,17684,2022-06-14,1583.55
2469,20477,2021-06-14,176.01
2470,23417,2023-01-21,5668.73
2471,3724,2024-06-16,2918.28
2472,14538,2021-05-13,1387.73
2473,29564,2021-08-14,6881.23
2474,31296,2022-02-10,6476.96
2475,10912,2023-11-29,4172.68
2476,19589,2024-03-13,977.11
2477,10360,2021-09-16,4711.87
2478,35628,2020-04-24,1131.25
2479,42141,2024-09-03,9943.95
2480,5409,2021-07-27,2423.68
2481,21860,2024-07-22,130.73
2482,29709,2022-04-30,2278.28
2483,23346,2023-08-23,6234.45
2484,46978,2023-02-13,9766.83
2485,19915,2023-02-05,5301.72
2486,27036,2023-05-26,4506.2
2487,32729,2021-12-16,9923.33
2488,15634,2024-08-07,1733.2
2489,9794,2020-02-06,2057.97
2490,20910,2020-02-05,3868.91
2491,32913,2025-05-02,7500.27
2492,2209,2020-11-20,3094.9
2493,8481,2024-06-25,4752.18
2494,5472,2021-10-04,9399.54
2495,20564,2021-02-02,8740.63
2496,31646,2022-08-20,9475.54
2497,534,2020-11-28,1751.47
2498,6269,2021-12-09,4873.2
2499,32949,2025-04-24,7159.75
2500,3033,2023-10-16,7355.67
2501,28141,2020-10-05,5545.84
2502,47534,2020-02-16,8225.5
2503,43851,2023-05-22,522.91
2504,12658,2024-04-18,2049.41
2505,33698,2025-01-06,3346.7
2506,7964,2021-12-30,7316.16
2507,4515,2025-01-12,9027.14
2508,39689,2020-06-07,5335.72
2509,30059,2020-02-04,7110.88
2510,28093,2025-04-10,5984.66
2511,40153,2021-05-02,9252.48
2512,35925,2025-01-10,9010.89
2513,35609,2022-04-04,8098.27
2514,32233,2024-10-25,2867.86
2515,7505,2021-05-24,3793.88
2516,31657,2021-09-20,4222.68
2517,22023,2022-07-06,142.97
2518,3899,2024-07-04,2387.88
2519,34248,2025-02-04,7166.71
2520,47393,2021-10-22,5489.47
2521,7652,2023-06-14,9581.7
2522,17361,2023-10-14,388.65
2523,25537,2024-05-03,3845.07
2524,3428,2022-12-06,7102.01
2525,29544,2023-01-29,1423.63
2526,28476,2025-04-30,5046.26
2527,16465,2022-02-16,256.93
2528,7290,2021-08-20,1883.52
2529,4666,2023-12-22,9388.07
2530,42617,2022-08-04,6033.39
2531,27126,2021-02-05,7616.38
2532,33840,2025-06-10,1111.59
2533,15269,2024-11-07,2422.45
2534,10905,2022-05-16,2000.0
2535,9017,2022-09-24,2820.11
2536,3085,2020-10-20,2657.31
2537,3852,2021-07-01,5678.94
2538,39136,2023-09-01,7086.32
2539,20707,2021-12-08,5529.54
2540,988,2020-08-24,3060.6
2541,5484,2024-05-28,6978.68
2542,41151,2022-05-13,5563.57
2543,24568,2022-04-21,6421.54
2544,39614,2022-01-16,2194.6
2545,24436,2023-12-23,9600.38
2546,1024,2020-11-25,3344.66
2547,12756,2021-04-03,3759.96
2548,12316,2024-07-07,5451.02
2549,7607,2024-11-01,591.95
2550,36063,2024-07-30,1992.56
2551,23512,2022-11-02,8145.67
2552,40820,2020-07-03,7959.36
2553,14027,2022-09-28,1504.03
2554,19498,2020-03-22,5937.91
2555,31933,2023-10-22,755.98
2556,36432,2020-11-08,838.76
2557,43046,2023-04-03,8016.07
2558,29805,2022-07-31,4758.25
2559,38514,2021-06-06,9272.74
2560,40300,2025-05-01,4833.41
2561,46420,2024-03-21,8088.9
2562,42672,2025-05-06,6423.78
2563,12798,2022-06-28,4362.93
2564,8355,2021-11-17,5593.22
2565,37168,2024-12-25,9348.87
2566,19179,2020-04-12,850.97
2567,29454,2024-08-05,5341.76
2568,9069,2024-02-28,613.28
2569,38315,2024-09-15,5598.86
2570,39662,2025-02-03,6108.61
2571,5162,2023-09-27,8094.21
2572,44690,2023-03-28,8001.99
2573,40551,2022-02-25,199.92
2574,24503,2024-11-13,804.79
2575,27261,2023-03-15,6876.92
2576,22870,2023-04-24,1910.39
2577,30882,2021-12-10,5328.51
2578,24616,2023-05-09,2394.01
2579,1655,2020-01-30,8362.47
2580,33566,2024-10-24,6840.97
2581,8902,2023-04-01,4411.83
2582,29301,2021-06-12,2323.96
2583,21997,2022-01-15,6627.72
2584,32793,2022-06-30,3577.71
2585,37829,2023-06-02,5932.2
2586,28630,2020-11-19,6714.22
2587,26691,2024-02-11,1462.9
2588,43705,2024-11-24,587.67
2589,26927,2022-03-11,4983.87
2590,5115,2021-05-20,1667.17
2591,29150,2022-01-23,987.73
2592,45161,2023-06-21,981.58
2593,27281,2025-01-01,7050.79
2594,42417,2022-02-17,9062.14
2595,25650,2024-09-19,9325.21
2596,42196,2024-07-13,9365.54
2597,21082,2022-02-10,6742.85
2598,4485,2023-04-29,9266.07
2599,40205,2023-06-20,1405.28
2600,13503,2025-03-06,6054.94
2601,36135,2021-05-31,7623.98
2602,13252,2023-04-30,9436.33
2603,20909,2022-05-02,3350.78
2604,34833,2021-12-17,5889.27
2605,31976,2024-07-25,4095.2
2606,4539,2021-09-17,5428.86
2607,19811,2020-10-17,5085.31
2608,1017,2022-11-15,8511.93
2609,47071,2021-10-27,8258.26
2610,5691,2024-04-03,4009.63
2611,11616,2020-02-06,2881.99
2612,24033,2021-10-12,8523.71
2613,35194,2020-03-06,9551.11
2614,28702,2023-11-08,284.31
2615,20611,2022-11-20,5059.94
2616,37265,2021-02-05,7738.02
2617,36987,2020-07-21,9861.12
2618,30771,2022-10-20,5352.16
2619,30288,2024-04-28,7218.18
2620,36603,2023-07-19,9340.16
2621,23744,2022-08-11,3814.68
2622,20554,2024-03-17,8859.72
2623,40315,2024-05-13,2734.91
2624,30199,2023-06-23,7282.04
2625,36312,2024-02-12,9563.52
2626,41071,2021-01-10,6518.21
2627,11975,2021-05-20,3824.45
2628,48496,2023-04-14,871.61
2629,18609,2024-02-28,2086.64
2630,19476,2022-09-08,7319.63
2631,35021,2021-11-06,9897.8
2632,44041,2023-07-11,8512.53
2633,34759,2022-11-25,7935.66
2634,44908,2023-02-04,285.43
2635,5153,2020-01-25,7363.54
2636,18512,2021-02-27,8292.86
2637,28164,2023-11-05,3317.47
2638,16062,2024-11-06,9997.06
2639,47950,2024-02-11,455.04
2640,18558,2024-11-30,3971.69
2641,37372,2022-09-25,2205.06
2642,18807,2024-07-02,9728.15
2643,23517,2021-11-13,6753.55
2644,37398,2025-06-16,4225.55
2645,28823,2023-03-24,9728.8
2646,37082,2021-05-03,708.86
2647,37146,2021-02-25,2272.85
2648,37169,2024-01-28,4283.35
2649,30447,2020-04-18,1330.41
2650,32364,2023-12-16,9969.73
2651,33987,2021-09-23,5776.76
2652,34218,2024-01-11,1705.2
2653,34356,2021-12-29,2560.1
2654,20369,2023-03-14,4022.58
2655,21134,2025-04-16,7291.11
2656,10413,2022-05-02,3110.66
2657,23232,2020-11-30,3049.16
2658,40606,2024-07-05,6296.34
2659,33165,2021-09-20,553.56
2660,11930,2021-06-19,7148.49
2661,17128,2024-12-03,5521.93
2662,21664,2021-03-23,4396.52
2663,42414,2020-04-26,3990.5
2664,2018,2022-10-01,2288.65
2665,28723,2022-12-22,2478.95
2666,10860,2024-11-22,5048.5
2667,29556,2022-01-11,2062.7
2668,46796,2021-05-02,5720.15
2669,30423,2023-03-19,6531.98
2670,18707,2021-09-09,4632.68
2671,45744,2020-06-29,1159.03
2672,42914,2020-11-25,9381.99
2673,49514,2023-07-15,8349.16
2674,33168,2024-01-19,9540.02
2675,3655,2023-02-01,3745.42
2676,41755,2023-11-05,418.65
2677,16947,2022-02-28,4419.81
2678,40571,2023-04-05,4704.15
2679,26851,2021-07-12,7094.6
2680,34833,2025-06-06,7373.58
2681,41180,2024-04-28,4305.17
2682,19016,2022-11-05,9774.41
2683,10692,2025-01-24,1211.37
2684,2017,2021-05-10,9034.16
2685,33394,2020-02-03,7722.1
2686,31190,2025-05-19,5378.46
2687,9857,2021-12-20,7649.43
2688,48233,2022-08-31,7566.27
2689,36110,2022-08-23,1750.57
2690,16448,2021-07-20,5371.46
2691,42952,2022-06-06,4762.21
2692,25526,2024-11-23,4992.06
2693,48280,2023-10-25,1765.96
2694,17281,2020-03-14,3911.37
2695,22243,2024-04-08,5236.06
2696,48617,2025-04-30,6874.1
2697,7368,2021-09-14,4289.32
2698,18464,2023-06-19,6504.24
2699,16385,2021-04-01,6213.68
2700,37570,2020-08-27,8148.41
2701,20394,2023-11-24,4207.27
2702,27630,2023-02-27,8739.42
2703,32719,2021-11-01,360.19
2704,16106,2022-12-22,9017.7
2705,38793,2022-12-06,9517.78
2706,19018,2023-07-02,4183.68
2707,28824,2021-06-14,9498.33
2708,26994,2024-05-10,8658.23
2709,1683,2022-10-31,664.71
2710,33331,2025-02-20,6549.04
2711,39761,2024-02-09,9184.85
2712,49410,2021-01-11,2140.15
2713,6666,2020-08-10,9214.32
2714,31847,2025-04-11,2148.58
2715,12478,2020-03-14,6349.64
2716,21058,2020-05-13,3868.03
2717,29960,2024-08-21,5526.02
2718,26418,2024-11-13,2886.42
2719,39775,2024-06-22,4133.51
2720,20260,2020-11-01,5084.14
2721,47752,2025-03-10,5068.72
2722,36862,2023-06-27,9941.79
2723,19039,2021-06-24,8561.79
2724,20369,2020-10-03,1557.51
2725,12793,2023-04-07,9609.9
2726,18254,2022-04-16,5724.74
2727,16762,2023-05-05,6137.11
2728,18777,2021-08-22,2833.25
2729,13518,2023-09-20,3099.73
2730,31977,2021-03-15,1465.19
2731,33548,2022-03-06,8313.1
2732,36180,2023-03-31,4885.35
2733,866,2020-02-25,1065.97
2734,36408,2025-06-19,4498.62
2735,15921,2020-07-01,3470.96
2736,7092,2022-07-28,6931.42
2737,33307,2023-12-10,1947.13
2738,36798,2025-03-30,9359.44
2739,42066,2023-05-22,7833.48
2740,42726,2022-11-18,3975.95
2741,47572,2022-10-23,1962.71
2742,13469,2020-11-20,7698.32
2743,14276,2022-10-06,1273.9
2744,6223,2022-02-17,964.96
2745,21801,2024-11-24,6830.7
2746,40476,2020-06-24,2082.87
2747,11456,2021-09-08,6466.49
2748,7144,2025-01-18,3617.58
2749,11877,2023-08-28,1049.07
2750,24464,2022-08-06,6282.29
2751,29462,2023-03-23,6499.33
2752,7215,2021-01-27,5447.47
2753,29201,2023-10-19,3553.84
2754,6489,2025-06-17,9147.3
2755,36364,2024-09-24,6834.34
2756,8595,2020-12-23,5588.32
2757,35070,2022-12-15,4862.25
2758,46095,2023-07-31,8445.89
2759,35817,2024-08-13,9616.49
2760,35353,2025-05-04,5616.74
2761,37027,2025-06-08,589.27
2762,32567,2023-04-27,4963.25
2763,43071,2024-06-05,6490.59
2764,49395,2022-11-05,8193.58
2765,2351,2020-07-05,3174.1
2766,25539,2022-01-15,6797.3
2767,9332,2023-04-14,558.06
2768,30674,2020-09-29,3579.31
2769,10560,2021-05-09,3059.65
2770,13776,2024-04-19,947.39
2771,9679,2021-08-29,7049.26
2772,41925,2024-01-06,3747.8
2773,2666,2020-08-03,2257.11
2774,47090,2024-08-31,1556.54
2775,13130,2023-08-09,9046.54
2776,44368,2020-04-22,1473.86
2777,6527,2020-01-30,8670.28
2778,23682,2020-12-03,5245.04
2779,5246,2023-05-27,408.29
2780,47844,2023-11-24,9586.59
2781,34163,2022-09-06,5575.29
2782,47513,2025-03-11,3244.39
2783,41789,2022-12-06,2755.44
2784,35665,2024-12-24,3240.51
2785,12738,2022-07-05,2227.03
2786,12815,2020-02-10,2530.55
2787,376,2023-06-30,3853.1
2788,26406,2025-01-10,5254.39
2789,47069,2020-12-18,7284.33
2790,36759,2021-09-15,3100.77
2791,14862,2020-07-19,1438.54
2792,28704,2024-01-11,303.75
2793,10284,2020-08-03,3783.93
2794,48582,2021-10-14,7930.11
2795,30044,2020-08-09,3355.73
2796,41846,2023-04-09,2249.88
2797,39028,2020-08-12,9125.06
2798,36475,2020-04-28,6656.69
2799,20852,2023-02-07,9759.04
2800,995,2025-03-23,5652.28
2801,35258,2021-07-23,5454.8
2802,2662,2021-04-16,9722.44
2803,48132,2023-07-23,6145.57
2804,30398,2023-02-11,5195.86
2805,15345,2023-04-29,2463.33
2806,3516,2024-03-16,3891.08
2807,20447,2022-11-12,5664.54
2808,22219,2024-04-17,5686.43
2809,25931,2021-11-27,4609.07
2810,31645,2020-07-27,6925.39
2811,37779,2021-11-24,1653.49
2812,24209,2024-01-13,8688.06
2813,27396,2021-08-29,7400.09
2814,31675,2024-07-16,8258.37
2815,5516,2024-08-21,450.13
2816,7921,2021-03-13,7843.51
2817,28975,2020-09-02,7422.55
2818,5077,2022-06-30,300.81
2819,16613,2023-04-03,4563.28
2820,44172,2022-05-18,3116.79
2821,12103,2020-09-04,2630.95
2822,28726,2021-01-25,1654.62
2823,39354,2020-09-01,2608.07
2824,47679,2022-02-07,7645.02
2825,31887,2023-03-15,9087.41
2826,29793,2023-12-20,3575.79
2827,24351,2022-03-17,2925.37
2828,34063,2024-12-22,3002.38
2829,20610,2023-09-16,5389.67
2830,16901,2023-05-01,551.63
2831,46000,2021-09-28,5788.89
2832,19873,2020-05-04,9209.64
2833,48672,2024-05-11,4975.33
2834,47285,2024-02-18,4044.97
2835,31338,2020-07-15,493.21
2836,44016,2020-08-01,5522.33
2837,20992,2021-04-05,1450.31
2838,14869,2021-06-12,4669.64
2839,3010,2021-05-12,3158.47
2840,8164,2021-01-25,2682.35
2841,38326,2022-05-19,9579.49
2842,8417,2024-09-30,7898.15
2843,35019,2020-09-24,1283.29
2844,48169,2023-08-10,3230.91
2845,11174,2023-05-23,7063.27
2846,24296,2024-09-07,8253.23
2847,8328,2021-03-14,5312.44
2848,13796,2022-04-01,9012.97
2849,37921,2024-05-26,3679.64
2850,42013,2022-11-04,853.68
2851,25928,2022-11-19,9421.0
2852,39357,2021-07-20,4196.16
2853,16311,2023-01-01,328.49
2854,371,2021-09-12,7220.08
2855,31659,2023-03-18,2592.64
2856,18044,2023-06-13,1001.05
2857,41882,2020-11-11,8456.25
2858,7658,2025-06-20,2501.47
2859,6630,2021-10-09,5479.38
2860,43447,2023-04-13,6161.43
2861,41562,2024-11-18,9455.64
2862,10258,2025-03-26,4025.22
2863,29184,2022-07-20,5063.93
2864,25778,2022-04-20,3086.71
2865,49361,2024-04-10,4717.53
2866,26413,2024-06-07,169.98
2867,14863,2022-01-11,8601.11
2868,47339,2023-02-20,752.92
2869,35975,2022-04-17,2536.26
2870,29905,2024-08-24,7219.12
2871,211,2020-02-29,6451.34
2872,44584,2023-03-20,7542.39
2873,16657,2024-11-23,5101.92
2874,23712,2021-05-01,9293.12
2875,39056,2022-01-06,9455.45
2876,42687,2021-09-28,7603.33
2877,36348,2024-06-08,3284.87
2878,43742,2024-08-31,507.45
2879,7502,2023-10-01,5538.37
2880,41462,2022-12-28,189.68
2881,22972,2024-11-20,8112.98
2882,3826,2023-04-21,5921.64
2883,10066,2021-08-07,6227.34
2884,17494,2021-01-14,698.23
2885,35833,2024-04-29,5899.93
2886,3152,2020-03-01,1879.4
2887,46897,2021-02-20,4085.97
2888,30257,2021-04-17,3259.79
2889,8144,2024-09-11,2538.3
2890,13466,2021-01-01,4526.0
2891,14635,2020-12-02,7643.14
2892,17734,2020-09-12,2408.89
2893,45811,2020-12-25,5153.74
2894,8201,2021-09-14,3630.85
2895,3500,2020-01-19,6576.3
2896,42074,2025-06-17,5713.85
2897,31746,2024-12-04,6535.58
2898,44452,2024-09-29,9824.63
2899,46083,2021-10-07,5119.19
2900,15286,2021-12-12,1117.5
2901,37356,2021-03-16,543.73
2902,7875,2023-01-16,598.72
2903,21769,2024-05-14,3586.55
2904,23308,2025-03-25,7273.77
2905,7162,2021-02-06,8417.07
2906,17061,2020-05-04,5981.07
2907,2773,2023-04-18,4851.85
2908,14245,2022-07-25,8481.72
2909,34152,2020-12-12,661.55
2910,43203,2021-04-12,3303.52
2911,499,2025-02-22,667.96
2912,39480,2021-11-08,9317.94
2913,42601,2021-01-17,983.0
2914,34623,2020-11-20,9599.55
2915,48856,2021-10-17,7335.13
2916,33838,2021-07-04,4995.94
2917,20661,2022-05-14,3194.78
2918,42556,2023-05-10,5417.1
2919,44788,2021-07-16,6462.66
2920,8539,2022-06-19,4864.9
2921,39358,2020-04-25,9183.24
2922,10415,2020-03-23,1479.04
2923,17213,2021-03-21,1371.15
2924,18071,2023-02-12,7817.24
2925,14135,2022-03-19,5651.15
2926,40233,2020-03-25,4120.27
2927,42436,2020-07-13,8222.49
2928,42405,2020-02-28,9396.75
2929,2699,2024-11-15,5294.68
2930,23012,2022-05-09,5729.27
2931,30479,2023-06-10,644.5
2932,36675,2023-03-16,5034.63
2933,49776,2025-02-14,295.21
2934,49310,2024-05-16,4118.4
2935,38590,2021-11-23,9667.03
2936,45015,2025-06-08,7649.35
2937,44865,2024-12-04,7370.68
2938,22147,2022-03-24,7870.13
2939,12297,2020-12-23,8511.83
2940,35405,2021-10-13,522.78
2941,43000,2020-03-28,8807.02
2942,43821,2022-12-24,7768.69
2943,36959,2022-09-04,6870.76
2944,31417,2021-06-18,4116.76
2945,42261,2020-10-21,3075.35
2946,22039,2022-12-19,2000.24
2947,37837,2025-04-30,3481.93
2948,36981,2025-05-30,8794.98
2949,17864,2021-07-09,658.97
2950,18757,2022-01-17,7289.16
2951,18328,2022-12-29,943.02
2952,24650,2022-07-12,1256.46
2953,21459,2025-04-26,2077.43
2954,1443,2025-03-22,6771.13
2955,36758,2021-06-29,8528.96
2956,37671,2024-04-09,1503.58
2957,12087,2022-06-25,2415.42
2958,28390,2024-05-02,6383.12
2959,48574,2022-04-12,4616.06
2960,33319,2025-03-08,6371.41
2961,10644,2020-05-17,1667.28
2962,43112,2024-10-02,4650.06
2963,26464,2021-02-13,3470.54
2964,10383,2022-06-24,4423.5
2965,19146,2023-07-21,3033.95
2966,13205,2023-04-26,1518.14
2967,28879,2020-11-24,6701.15
2968,10786,2020-02-14,6723.3
2969,24355,2021-10-27,2717.42
2970,46963,2022-05-23,5813.92
2971,21765,2025-04-12,9620.77
2972,49976,2020-02-05,5417.57
2973,1107,2024-08-05,3208.55
2974,48949,2021-02-11,3154.72
2975,16110,2025-05-13,8329.36
2976,18604,2022-02-01,4935.86
2977,44730,2021-10-03,2706.4
2978,16746,2023-11-12,6345.78
2979,28714,2022-01-11,8661.07
2980,42724,2020-12-16,7301.88
2981,22802,2024-04-04,954.82
2982,20980,2021-11-09,3482.43
2983,12420,2025-01-10,8145.84
2984,24005,2020-06-02,4240.74
2985,2958,2024-01-07,9986.41
2986,39855,2020-07-15,3485.21
2987,14945,2020-03-08,9084.2
2988,47893,2022-05-03,4648.52
2989,9613,2022-12-29,9366.39
2990,39106,2024-10-30,4270.92
2991,32143,2023-02-15,4737.7
2992,29679,2022-03-09,5453.96
2993,464,2021-01-17,493.94
2994,17763,2024-09-28,932.1
2995,13485,2023-11-15,8560.35
2996,40276,2022-10-18,2725.0
2997,43201,2020-11-20,6309.9
2998,45050,2023-07-07,2674.01
2999,5550,2024-10-20,3585.62
3000,10627,2023-05-09,6082.73
3001,29329,2021-07-02,3452.43
3002,24209,2020-04-27,7285.54
3003,13289,2021-05-28,5213.79
3004,40404,2021-11-19,7591.8
3005,14100,2022-09-05,2217.99
3006,34564,2023-06-08,6485.17
3007,15887,2024-12-13,3202.11
3008,12089,2022-11-06,3596.07
3009,48557,2024-02-28,1947.3
3010,49947,2025-05-13,1372.4
3011,3068,2020-11-02,8825.55
3012,44248,2021-01-04,9468.14
3013,28780,2024-02-04,3996.25
3014,45312,2024-01-24,7658.93
3015,13391,2020-01-28,8054.72
3016,43398,2022-06-08,1504.33
3017,15890,2024-04-30,9396.95
3018,48433,2022-05-31,8101.32
3019,49877,2023-10-20,7917.2
3020,47000,2021-09-30,9252.46
3021,17617,2021-09-09,3593.54
3022,44043,2024-01-25,8878.21
3023,26167,2020-08-02,9980.22
3024,23903,2024-06-10,2390.32
3025,540,2025-06-16,1302.2
3026,39768,2022-05-19,1177.11
3027,32420,2024-05-03,3837.11
3028,32877,2023-11-25,8106.81
3029,34840,2021-06-22,7533.22
3030,42657,2024-09-21,2053.52
3031,20979,2023-07-14,5393.82
3032,43998,2024-07-17,3679.21
3033,2420,2024-02-25,8335.17
3034,1189,2020-06-20,8061.32
3035,39309,2025-03-14,8120.36
3036,15984,2024-10-20,5300.12
3037,40363,2022-03-14,8093.9
3038,7241,2023-11-01,7360.25
3039,3695,2021-10-17,5295.13
3040,44557,2020-11-11,7750.29
3041,16455,2021-04-15,3830.92
3042,26531,2024-06-20,7820.1
3043,41452,2025-05-25,6271.4
3044,49626,2022-11-11,8632.6
3045,45042,2020-07-24,8934.1
3046,16163,2023-01-05,3948.46
3047,12312,2023-05-22,2949.74
3048,31713,2024-01-18,2872.84
3049,41429,2021-01-11,3328.57
3050,17845,2024-04-22,601.99
3051,20694,2024-05-19,9319.2
3052,6526,2021-11-21,1327.42
3053,26286,2024-02-13,8791.74
3054,17824,2022-05-03,4926.92
3055,33797,2021-01-17,9013.47
3056,14726,2020-05-30,9332.66
3057,21511,2023-11-07,8229.97
3058,723,2024-12-11,4128.94
3059,27407,2020-12-29,4183.42
3060,48618,2020-11-30,9667.64
3061,29972,2020-10-13,3433.86
3062,19259,2022-07-12,4170.52
3063,42698,2020-11-18,2979.42
3064,22634,2021-03-01,5185.86
3065,43585,2021-10-26,6143.26
3066,6691,2022-03-11,6664.14
3067,8152,2024-06-20,1669.02
3068,39468,2021-02-10,3531.21
3069,42247,2020-12-13,9960.08
3070,47766,2022-03-31,808.61
3071,22872,2020-05-23,3784.99
3072,25364,2021-02-24,2196.95
3073,26144,2023-11-13,2888.54
3074,24031,2020-08-22,4725.61
3075,34657,2021-10-12,9867.1
3076,24740,2022-02-18,8142.64
3077,41362,2020-10-03,2482.93
3078,18917,2021-02-05,1460.7
3079,8545,2021-10-15,6101.36
3080,49825,2023-08-05,8775.63
3081,43845,2021-10-22,2082.6
3082,16649,2023-12-04,2032.23
3083,1066,2024-02-05,6872.61
3084,23519,2021-05-02,3042.28
3085,46279,2025-04-28,510.73
3086,11647,2022-11-24,3094.44
3087,16591,2022-12-22,2185.68
3088,28782,2023-02-11,3343.65
3089,19886,2021-01-07,8163.3
3090,5863,2022-06-05,6765.82
3091,6216,2023-02-22,2869.42
3092,41368,2023-03-17,4145.66
3093,9852,2020-11-14,2217.77
3094,35525,2024-09-25,5580.88
3095,8471,2021-09-08,2339.9
3096,23659,2020-04-27,9279.87
3097,48567,2022-02-05,2770.93
3098,34658,2024-03-14,7149.02
3099,24207,2020-08-30,4000.16
3100,41011,2022-06-26,8946.39
3101,21627,2021-06-27,3222.84
3102,15922,2021-09-10,257.58
3103,27175,2020-04-06,1150.47
3104,41284,2020-10-30,771.88
3105,45021,2022-09-17,3169.07
3106,10615,2023-07-01,6756.85
3107,45930,2023-10-31,5209.68
3108,34573,2023-04-25,2565.24
3109,7846,2023-07-23,9987.77
3110,17829,2021-09-08,750.43
3111,15274,2022-05-18,6269.79
3112,12664,2022-03-15,8036.17
3113,10349,2024-04-24,9584.35
3114,1779,2020-04-28,3608.79
3115,35307,2022-08-14,5744.79
3116,40572,2024-05-10,2591.57
3117,44255,2024-12-10,433.08
3118,29715,2023-04-02,5225.2
3119,10789,2020-07-22,5947.55
3120,5337,2023-10-01,2825.02
3121,48741,2020-02-03,2400.07
3122,44629,2021-06-01,2881.35
3123,6121,2021-07-11,5290.88
3124,38298,2024-10-06,6836.7
3125,27178,2024-07-12,7234.51
3126,22016,2021-02-09,2843.18
3127,7358,2020-12-20,8577.0
3128,22325,2023-01-11,4904.14
3129,41923,2023-03-20,5526.52
3130,34098,2020-04-23,2360.37
3131,15209,2024-05-18,3893.4
3132,44485,2021-08-30,611.19
3133,36971,2023-04-10,5814.96
3134,5789,2020-01-11,7513.83
3135,17633,2024-05-22,5480.79
3136,46466,2020-11-12,3332.75
3137,26130,2021-08-10,8364.0
3138,49212,2024-05-10,670.59
3139,22900,2021-11-21,2562.47
3140,3214,2020-03-03,595.31
3141,118,2023-06-08,3990.79
3142,39592,2024-12-26,2578.5
3143,23744,2020-01-10,6857.56
3144,286,2021-05-13,877.74
3145,30237,2022-09-10,433.36
3146,40979,2022-07-07,5573.95
3147,17390,2024-03-16,7491.49
3148,6746,2024-05-02,4736.67
3149,20078,2025-04-07,2884.56
3150,5690,2025-03-25,5035.75
3151,37878,2020-06-04,3449.13
3152,20596,2020-06-20,3032.84
3153,39976,2020-08-24,4526.88
3154,44297,2023-02-14,6179.08
3155,8313,2025-02-01,5828.68
3156,43630,2020-08-27,1171.46
3157,39276,2021-01-20,2260.87
3158,14541,2024-06-28,169.77
3159,27110,2021-07-23,4437.73
3160,15182,2024-12-02,7724.27
3161,28767,2020-06-18,4201.09
3162,19855,2024-12-13,9993.4
3163,35362,2021-02-24,7528.34
3164,31474,2025-05-17,3811.65
3165,5950,2022-11-12,9734.75
3166,39242,2020-10-22,6442.73
3167,29497,2023-05-21,9202.19
3168,47765,2024-09-03,964.7
3169,29287,2023-03-28,5620.16
3170,28982,2024-05-30,9093.64
3171,38105,2020-08-08,6542.9
3172,12965,2020-08-21,9883.3
3173,35348,2025-03-30,9957.94
3174,9325,2022-06-27,7941.17
3175,49351,2021-04-18,2859.78
3176,24569,2021-04-25,8550.25
3177,33170,2023-11-04,7064.67
3178,12472,2023-01-26,1152.77
3179,32785,2024-12-16,3938.01
3180,21034,2024-09-06,8757.66
3181,19399,2022-02-16,7106.85
3182,14492,2020-07-11,4330.87
3183,1045,2022-03-30,6168.73
3184,21925,2020-11-14,9374.11
3185,37999,2024-08-19,6016.45
3186,26416,2021-03-13,2353.97
3187,25915,2021-09-29,6726.7
3188,25216,2020-03-26,2735.31
3189,9268,2021-07-15,6228.25
3190,7441,2024-05-19,6481.23
3191,17190,2022-12-03,3679.2
3192,45441,2023-07-11,7432.71
3193,29259,2020-09-05,2999.81
3194,48033,2022-02-15,245.77
3195,41823,2020-01-23,3571.44
3196,11352,2022-02-02,8636.77
3197,23572,2020-07-30,5810.93
3198,9647,2022-07-18,8508.78
3199,2629,2024-03-31,1373.14
3200,42154,2023-06-24,2010.6
3201,10346,2024-03-12,1729.74
3202,23771,2023-06-15,7872.76
3203,30303,2021-12-02,6160.72
3204,16706,2022-10-20,3430.39
3205,18748,2021-12-27,7828.43
3206,4204,2021-07-30,4410.36
3207,22253,2025-06-20,6194.46
3208,18973,2024-09-11,8561.62
3209,44002,2021-09-16,4309.96
3210,39487,2024-08-13,7547.63
3211,17935,2022-11-27,5699.85
3212,238,2022-06-08,9086.05
3213,41993,2025-05-13,4609.08
3214,10576,2021-01-04,3056.64
3215,27970,2022-02-14,2766.99
3216,26625,2024-12-28,1989.13
3217,121,2024-04-24,3629.84
3218,11273,2024-09-25,4399.48
3219,16568,2021-03-07,1441.94
3220,11924,2023-07-16,7383.87
3221,45945,2020-05-02,9385.23
3222,18178,2022-11-16,4177.54
3223,45825,2024-09-05,9259.49
3224,48124,2021-08-05,4277.8
3225,33098,2020-01-03,2280.24
3226,43479,2022-05-02,8605.18
3227,4918,2023-09-02,9025.29
3228,13330,2022-12-31,6423.12
3229,7382,2025-06-07,9233.24
3230,48404,2020-05-24,3552.15
3231,46077,2023-12-04,3255.4
3232,16267,2023-08-01,8563.3
3233,9545,2020-03-12,2880.27
3234,5839,2025-05-11,8675.6
3235,35516,2023-04-17,2459.56
3236,20496,2022-12-02,6979.87
3237,27277,2023-05-08,8202.02
3238,39349,2022-02-14,8694.15
3239,16390,2021-02-12,9654.67
3240,32575,2023-06-11,3073.93
3241,26639,2020-12-27,5487.29
3242,32054,2024-03-05,9569.21
3243,31186,2023-02-21,201.91
3244,21931,2020-11-06,6191.45
3245,7649,2020-06-21,1580.56
3246,1664,2021-04-19,4458.42
3247,48654,2023-05-22,932.15
3248,26146,2022-04-14,3430.45
3249,33154,2022-04-04,6947.17
3250,38420,2024-05-03,8135.45
3251,21242,2023-06-22,5656.7
3252,43882,2022-12-13,4418.46
3253,7440,2025-05-20,3491.14
3254,48323,2024-09-23,9078.23
3255,26862,2023-01-30,2055.82
3256,2974,2024-02-29,6872.86
3257,6615,2021-06-19,1493.88
3258,15463,2021-07-27,9006.52
3259,25843,2024-12-29,2925.12
3260,39929,2021-09-02,3775.97
3261,49367,2022-03-18,1913.29
3262,20211,2020-06-05,9347.67
3263,31619,2022-10-28,8888.39
3264,38989,2021-04-03,4785.32
3265,47488,2023-07-19,398.25
3266,42798,2025-03-29,9054.91
3267,14231,2021-02-20,9629.95
3268,27368,2020-11-15,792.86
3269,24721,2023-07-02,6126.33
3270,30677,2024-08-01,9562.69
3271,27109,2023-03-26,6995.36
3272,837,2023-08-21,5210.38
3273,37369,2023-02-06,3486.34
3274,28245,2020-03-28,7426.39
3275,25922,2021-12-06,9877.94
3276,12183,2020-01-05,6428.34
3277,29771,2021-12-28,5097.02
3278,37327,2023-12-31,1761.97
3279,11399,2024-04-28,8626.18
3280,35755,2023-06-16,3899.63
3281,33982,2023-03-04,7716.84
3282,36198,2022-09-17,3543.1
3283,23657,2021-05-26,1296.35
3284,369,2021-08-04,6720.07
3285,32307,2022-04-16,5502.27
3286,41132,2021-08-13,1592.68
3287,11334,2021-02-14,8312.08
3288,41680,2024-06-22,3095.28
3289,6714,2021-07-19,4484.44
3290,12971,2023-05-09,5017.49
3291,3328,2021-01-16,2539.12
3292,17830,2022-03-01,5070.31
3293,41116,2023-04-24,770.97
3294,44217,2024-08-07,1951.22
3295,4809,2024-07-10,2829.44
3296,15321,2024-06-10,3657.25
3297,32306,2023-08-18,2563.6
3298,36442,2021-09-06,4760.48
3299,15597,2023-08-19,6625.88
3300,34650,2024-02-09,3518.06
3301,40381,2020-11-10,470.36
3302,1527,2024-06-26,6374.1
3303,19781,2023-12-23,8810.08
3304,4031,2020-12-31,1333.05
3305,28025,2022-12-21,1932.48
3306,39761,2022-04-01,393.17
3307,1818,2020-05-04,2263.19
3308,8695,2022-08-28,3027.25
3309,22170,2023-10-25,4614.07
3310,42859,2021-10-14,7026.36
3311,457,2023-07-15,4385.63
3312,4788,2024-03-17,3712.1
3313,39796,2020-02-11,6869.13
3314,9158,2023-04-20,6484.91
3315,46980,2022-10-31,4297.24
3316,41217,2020-08-27,3452.52
3317,32230,2021-01-03,3860.66
3318,23837,2024-06-01,4107.25
3319,42732,2021-02-09,988.58
3320,29059,2020-07-31,1899.71
3321,48000,2020-04-18,6598.87
3322,47448,2020-06-25,9319.92
3323,4522,2020-02-06,935.96
3324,44169,2025-01-01,1297.47
3325,33617,2022-09-11,1076.33
3326,28219,2024-09-08,2627.51
3327,28966,2021-07-23,7946.52
3328,19498,2023-07-06,8375.38
3329,41742,2022-08-19,8928.87
3330,5988,2022-09-13,7861.69
3331,38061,2020-06-09,4642.66
3332,33057,2022-07-02,5727.02
3333,46242,2025-05-21,6879.83
3334,27203,2020-03-15,2551.85
3335,19796,2023-05-07,5496.7
3336,49475,2020-02-06,5195.88
3337,26950,2024-09-09,7690.87
3338,31911,2021-07-01,2418.84
3339,7851,2024-12-23,9209.3
3340,35551,2025-04-25,3929.96
3341,12455,2023-08-03,4991.53
3342,12373,2023-12-18,3416.95
3343,44844,2021-03-13,1243.87
3344,14209,2025-01-29,1858.14
3345,33633,2021-12-10,9903.57
3346,4554,2024-11-16,3563.09
3347,40824,2023-10-28,1243.71
3348,49524,2025-01-18,4507.86
3349,38106,2025-01-19,1458.85
3350,45315,2022-08-07,6187.47
3351,1998,2020-08-12,338.8
3352,40584,2025-06-13,5649.02
3353,40306,2025-04-09,6898.84
3354,31840,2022-04-11,899.11
3355,16041,2021-11-24,1564.42
3356,46905,2024-05-19,7768.64
3357,38229,2024-06-26,4267.39
3358,44890,2021-03-05,1013.06
3359,24439,2020-06-18,8637.65
3360,14158,2023-10-25,7395.63
3361,2532,2021-09-15,1951.99
3362,44316,2024-11-06,3537.53
3363,4444,2020-04-02,5722.77
3364,14677,2024-05-29,313.74
3365,21179,2024-02-08,4949.31
3366,30697,2022-04-03,3471.9
3367,34166,2025-05-13,9265.82
3368,13294,2020-01-15,2336.17
3369,48934,2020-10-12,4045.32
3370,2881,2022-11-12,1706.57
3371,37146,2022-02-18,1370.56
3372,1267,2021-05-17,2870.02
3373,2838,2021-08-26,8181.07
3374,42415,2022-05-12,3838.77
3375,32229,2024-08-20,1946.37
3376,9199,2020-05-02,267.47
3377,25796,2021-09-06,5527.56
3378,4829,2023-07-19,5000.96
3379,16612,2023-03-27,2185.14
3380,30787,2021-08-02,3696.45
3381,32706,2023-08-05,2955.06
3382,30021,2021-03-16,7146.13
3383,18770,2022-05-14,3739.72
3384,11250,2023-06-29,4750.07
3385,18302,2024-08-18,9894.83
3386,16498,2021-04-13,8963.45
3387,2152,2024-10-08,6615.06
3388,16812,2024-04-10,4878.07
3389,4599,2024-07-18,3586.3
3390,22505,2021-06-09,9437.33
3391,19763,2024-09-16,9134.71
3392,18329,2024-08-05,1734.03
3393,17341,2024-09-25,2596.04
3394,8337,2020-01-16,3965.93
3395,22068,2020-10-19,4627.37
3396,40657,2020-09-07,5467.86
3397,14009,2024-12-07,482.54
3398,12966,2022-02-17,774.27
3399,47685,2020-06-09,4747.59
3400,39461,2023-07-05,9190.14
3401,35051,2024-04-17,7449.76
3402,47179,2022-12-22,5475.98
3403,22476,2025-04-06,381.97
3404,5740,2020-12-05,775.97
3405,26530,2020-10-15,6336.85
3406,26403,2024-12-22,1998.1
3407,44988,2022-10-05,5801.32
3408,35111,2022-03-12,4590.22
3409,25076,2023-01-06,1927.09
3410,20824,2023-12-30,4708.51
3411,47263,2022-05-10,8879.11
3412,29454,2022-08-19,2324.46
3413,38641,2020-08-29,9573.24
3414,49199,2022-08-25,2369.43
3415,38816,2025-04-30,4619.78
3416,6507,2024-01-19,7257.3
3417,7501,2022-04-18,7767.36
3418,37478,2023-05-11,3171.44
3419,29457,2021-01-06,263.2
3420,23532,2023-06-08,6296.16
3421,30076,2021-08-28,3290.2
3422,29820,2021-05-01,5259.75
3423,24248,2023-04-15,740.21
3424,1188,2023-08-19,3972.13
3425,39797,2021-10-22,6348.32
3426,37034,2025-04-24,923.89
3427,16978,2023-05-07,4784.11
3428,31891,2023-05-20,4426.22
3429,9863,2023-09-02,3189.32
3430,35639,2023-10-24,9858.04
3431,512,2024-11-13,9745.64
3432,38220,2025-04-17,4947.41
3433,5323,2022-07-04,1965.5
3434,35779,2024-03-20,4714.77
3435,10402,2020-06-07,8493.94
3436,3746,2024-09-21,3513.18
3437,11231,2025-04-15,3476.85
3438,24406,2021-07-21,8108.53
3439,49051,2024-01-03,6317.96
3440,559,2023-11-20,4112.45
3441,18144,2020-07-12,5234.67
3442,6201,2021-06-21,5986.13
3443,36474,2022-12-27,1695.88
3444,6627,2021-06-25,4823.88
3445,38033,2024-02-14,5278.98
3446,3226,2022-09-23,9953.98
3447,1405,2023-07-23,2601.03
3448,35466,2021-12-06,2554.12
3449,24329,2024-07-02,7632.47
3450,13460,2023-12-13,3417.56
3451,5647,2023-09-20,656.55
3452,44264,2022-03-29,9583.64
3453,18545,2022-01-21,511.65
3454,33419,2020-09-26,9201.57
3455,38366,2023-08-27,8146.23
3456,38294,2022-07-20,6146.69
3457,37266,2025-03-19,8827.63
3458,13972,2022-03-31,2038.18
3459,19720,2024-09-13,1955.39
3460,3855,2022-10-10,4493.63
3461,1613,2021-03-22,9965.39
3462,20452,2022-01-03,191.14
3463,4477,2021-03-17,1506.73
3464,43086,2023-03-24,7217.01
3465,42991,2021-05-28,2657.47
3466,35045,2021-04-13,5588.79
3467,46232,2025-03-22,7170.9
3468,36655,2023-01-06,8421.15
3469,22034,2024-06-14,5612.03
3470,12192,2024-02-01,1099.06
3471,7651,2023-07-26,6969.19
3472,5588,2021-11-05,5060.51
3473,3754,2020-11-13,6971.62
3474,9312,2023-02-09,666.02
3475,43493,2020-11-23,135.17
3476,17061,2020-02-28,9079.77
3477,35823,2025-06-18,5727.4
3478,15905,2024-09-23,1868.84
3479,48513,2025-02-26,7075.41
3480,23388,2022-07-25,7102.81
3481,28571,2022-07-17,9156.86
3482,36113,2020-08-12,7692.82
3483,44078,2024-07-30,8403.23
3484,44021,2021-01-16,8370.25
3485,14687,2020-11-30,3007.37
3486,12962,2025-02-08,5266.51
3487,10499,2023-08-21,449.89
3488,48780,2022-02-08,523.33
3489,15898,2020-05-10,8824.08
3490,5948,2024-08-13,605.7
3491,15586,2020-07-20,5534.24
3492,39176,2022-02-25,9293.6
3493,46843,2022-01-14,2134.21
3494,17865,2020-09-30,4482.66
3495,23066,2021-11-05,6511.56
3496,27578,2023-06-10,5662.16
3497,16806,2025-05-27,3699.93
3498,19505,2022-10-15,7897.56
3499,26411,2024-01-07,4153.37
3500,18875,2021-10-10,3922.32
3501,29907,2023-05-31,313.76
3502,49549,2023-10-05,8659.23
3503,39267,2023-06-06,9994.02
3504,14723,2025-05-25,7458.5
3505,25689,2022-08-03,9712.77
3506,35744,2020-01-12,5005.45
3507,34581,2024-04-01,5858.03
3508,11400,2020-08-06,8857.84
3509,16391,2022-05-02,5287.3
3510,4836,2020-10-31,807.65
3511,8291,2024-09-07,7410.24
3512,1491,2024-11-16,1476.14
3513,10939,2021-06-22,3495.61
3514,36994,2020-09-02,8460.13
3515,46405,2025-04-17,2848.71
3516,28690,2020-07-01,9351.86
3517,37583,2021-05-03,8170.67
3518,3216,2021-09-21,9684.88
3519,18700,2023-11-21,1138.05
3520,26988,2021-05-29,3017.53
3521,39396,2025-06-06,7932.7
3522,39222,2020-08-03,6767.12
3523,29736,2023-06-01,7662.35
3524,37366,2023-01-29,8737.07
3525,16022,2022-06-06,2795.24
3526,18436,2024-05-26,9726.51
3527,37324,2020-12-20,7618.86
3528,40725,2021-10-24,9483.57
3529,11227,2024-10-09,1178.39
3530,34986,2025-03-06,5623.01
3531,39771,2024-10-02,8182.33
3532,8800,2025-01-04,983.43
3533,43556,2022-04-05,4905.63
3534,22138,2021-06-13,7997.12
3535,42257,2021-09-16,589.05
3536,39094,2020-06-30,7203.84
3537,27090,2022-03-09,9687.47
3538,35163,2021-04-30,656.03
3539,11143,2020-11-15,9187.51
3540,1910,2025-01-07,4249.91
3541,33638,2022-11-26,339.72
3542,15934,2023-02-08,3546.46
3543,2678,2024-11-09,3110.01
3544,32867,2021-09-08,2564.66
3545,47599,2025-02-04,8303.94
3546,13051,2022-05-17,4578.36
3547,22042,2022-01-28,3150.34
3548,37464,2020-07-24,3170.07
3549,20248,2024-03-15,9921.87
3550,15647,2023-10-16,6226.3
3551,15131,2023-09-29,511.79
3552,5169,2020-12-18,8890.41
3553,16969,2022-06-01,7294.18
3554,46274,2025-01-07,2196.08
3555,22943,2022-05-31,1224.27
3556,25616,2024-04-13,3833.98
3557,36973,2021-01-07,2158.72
3558,20567,2024-01-17,7048.11
3559,43375,2024-07-24,1825.66
3560,15993,2020-05-25,5285.05
3561,42330,2025-02-19,6407.26
3562,36109,2025-05-02,6723.6
3563,21383,2021-07-17,7680.9
3564,40688,2023-10-28,5078.88
3565,7656,2022-12-01,2189.89
3566,43538,2023-08-24,3461.1
3567,23653,2023-12-14,3859.04
3568,44077,2023-05-31,6905.46
3569,8600,2025-04-11,6295.8
3570,18359,2020-07-26,5000.73
3571,3079,2024-10-15,4786.37
3572,33044,2023-02-24,695.57
3573,6893,2020-01-02,6927.55
3574,15330,2021-07-16,8060.86
3575,43898,2022-06-29,8896.75
3576,22931,2023-10-15,302.29
3577,45422,2022-11-06,8760.64
3578,23230,2024-08-03,8772.65
3579,29710,2020-06-30,6664.81
3580,45984,2021-01-18,2857.56
3581,30473,2023-06-04,8935.57
3582,2916,2021-10-26,3540.31
3583,12977,2024-10-03,5852.26
3584,4698,2020-04-18,4465.41
3585,11220,2021-08-09,8870.88
3586,22109,2025-05-06,2654.84
3587,15888,2021-08-12,3378.36
3588,735,2024-06-21,4138.27
3589,24216,2023-03-19,8562.38
3590,48542,2023-12-22,3250.09
3591,18138,2021-10-05,2957.5
3592,32079,2020-12-29,7981.11
3593,47242,2023-03-23,3938.0
3594,29092,2024-07-22,6682.62
3595,46567,2022-10-30,8768.35
3596,24600,2021-09-03,2333.08
3597,1265,2020-01-02,4696.98
3598,28296,2024-04-13,4920.9
3599,29686,2022-07-09,5725.97
3600,36463,2024-02-03,9192.87
3601,3543,2021-01-15,9807.97
3602,13670,2022-09-16,8031.23
3603,41418,2022-04-07,396.22
3604,22945,2023-01-17,1258.72
3605,38431,2022-02-19,1264.89
3606,4173,2024-08-30,5362.96
3607,11811,2021-11-04,527.11
3608,47788,2024-12-31,5165.92
3609,22550,2021-05-24,7543.05
3610,12240,2024-06-02,3089.08
3611,25100,2021-07-04,4747.24
3612,46025,2021-07-07,1056.16
3613,8104,2022-09-06,781.86
3614,3525,2023-06-12,5384.49
3615,18362,2023-05-22,220.34
3616,100,2024-12-21,7064.08
3617,39754,2024-08-04,1505.01
3618,31945,2023-09-24,8953.41
3619,9869,2021-09-13,8517.65
3620,4280,2021-08-20,2343.32
3621,33939,2023-05-23,2427.06
3622,18731,2024-11-27,463.61
3623,18712,2021-05-23,9837.5
3624,225,2021-02-26,647.39
3625,32471,2024-12-26,4848.35
3626,12243,2024-07-26,8507.37
3627,34209,2024-10-23,1686.18
3628,21335,2021-03-30,7733.59
3629,29324,2024-01-09,1771.04
3630,25646,2020-09-09,3115.73
3631,48239,2024-10-06,2630.61
3632,29383,2020-06-07,565.94
3633,4324,2023-03-04,1317.0
3634,8494,2023-02-24,6785.95
3635,37970,2022-01-27,952.18
3636,35386,2020-10-11,9758.38
3637,5461,2022-12-10,2682.85
3638,4571,2021-12-17,1185.33
3639,6681,2023-06-17,3786.47
3640,30310,2025-03-23,2833.15
3641,46223,2022-10-13,876.68
3642,46666,2020-03-19,6600.42
3643,17822,2023-04-17,7799.14
3644,42028,2025-02-28,121.0
3645,45961,2022-08-24,5761.63
3646,21586,2022-04-16,6491.19
3647,43403,2020-01-14,9835.2
3648,44902,2020-04-03,6636.81
3649,48627,2022-11-12,3058.17
3650,23618,2023-01-08,6728.31
3651,12566,2020-12-09,2840.97
3652,26516,2024-04-27,1481.87
3653,16237,2021-07-21,7440.24
3654,35741,2023-11-29,4890.39
3655,45914,2023-02-04,9523.5
3656,20415,2022-07-14,715.91
3657,6697,2021-04-04,4846.45
3658,15227,2022-01-26,2584.45
3659,3788,2020-12-30,5099.16
3660,32624,2021-02-27,521.21
3661,38237,2020-04-03,500.52
3662,14163,2023-01-30,5407.87
3663,41698,2024-04-06,3596.68
3664,43056,2021-01-20,327.27
3665,31003,2022-07-07,6126.09
3666,46430,2024-06-29,4494.98
3667,17125,2023-05-23,9772.16
3668,48537,2021-04-14,8341.58
3669,945,2020-07-08,7328.64
3670,44742,2024-04-14,4844.51
3671,42688,2020-06-03,4900.39
3672,40327,2024-01-22,9406.52
3673,2630,2022-01-02,7342.98
3674,28579,2020-02-06,993.09
3675,34325,2020-11-21,4414.76
3676,28207,2021-06-11,4239.39
3677,6033,2023-02-21,1212.85
3678,20713,2020-01-20,8471.1
3679,29417,2022-04-21,2887.19
3680,21265,2022-07-30,3799.81
3681,33479,2025-03-08,9799.16
3682,30361,2023-06-06,6852.39
3683,38562,2021-01-13,8078.0
3684,34586,2023-09-15,1142.12
3685,42321,2024-11-06,5446.11
3686,16334,2023-12-03,7184.03
3687,10883,2023-08-31,8151.19
3688,36155,2021-12-26,8859.69
3689,22640,2024-08-22,989.76
3690,2128,2021-10-18,7418.85
3691,47557,2023-05-26,1071.7
3692,18480,2021-04-08,4101.07
3693,48791,2021-01-28,4517.39
3694,32859,2023-03-14,2937.87
3695,24293,2022-06-16,8646.79
3696,4006,2021-07-31,5904.96
3697,26700,2022-11-18,1491.2
3698,35925,2020-08-25,3789.92
3699,24839,2025-03-29,880.32
3700,29073,2021-10-05,4996.36
3701,34026,2023-08-02,3612.89
3702,37865,2023-04-27,3286.11
3703,32984,2022-08-11,8447.65
3704,22475,2020-07-22,8511.85
3705,38949,2020-06-10,6825.87
3706,9745,2023-09-19,9201.08
3707,19319,2023-03-21,6581.57
3708,42793,2022-05-05,6228.16
3709,35136,2023-06-28,1027.44
3710,15673,2024-06-05,203.36
3711,47573,2024-04-09,2177.74
3712,2093,2020-12-10,7889.1
3713,15433,2020-04-14,9299.04
3714,36205,2020-10-07,2373.35
3715,13166,2024-10-21,1769.17
3716,30574,2020-06-06,8372.22
3717,37997,2022-08-08,3857.52
3718,12635,2021-08-23,9781.07
3719,39767,2022-07-08,9612.14
3720,13450,2022-10-14,3409.98
3721,15542,2020-08-19,5642.42
3722,5058,2025-04-02,6829.31
3723,2860,2021-02-26,6435.76
3724,7472,2020-07-23,9756.92
3725,26951,2022-02-08,3655.07
3726,31234,2024-08-24,7286.49
3727,47184,2021-06-11,5851.79
3728,47366,2023-04-14,5253.94
3729,17488,2020-05-31,1568.77
3730,29273,2025-05-23,7560.8
3731,14602,2023-02-27,4035.9
3732,15355,2021-04-21,1379.79
3733,41353,2022-11-28,212.98
3734,16352,2020-12-24,1570.54
3735,27936,2023-05-17,6934.88
3736,14338,2024-01-06,7512.68
3737,18197,2024-08-13,554.13
3738,8067,2021-06-07,1632.18
3739,31458,2023-01-05,9992.2
3740,27997,2021-08-03,4197.24
3741,6890,2020-05-22,8960.57
3742,5076,2024-03-04,4127.37
3743,3784,2020-02-29,5337.54
3744,5668,2020-11-15,8768.53
3745,25102,2022-06-16,9899.63
3746,10711,2022-08-23,802.86
3747,36827,2025-01-29,6359.06
3748,13839,2020-06-12,4737.77
3749,13045,2023-05-23,5438.08
3750,41251,2020-09-25,2097.03
3751,3704,2022-02-08,8954.1
3752,34479,2022-06-06,2939.23
3753,5412,2024-12-01,1479.6
3754,23161,2022-11-29,7117.66
3755,44128,2025-06-22,9806.2
3756,23529,2024-01-11,2479.73
3757,14290,2022-11-28,4742.83
3758,22202,2021-11-05,741.25
3759,41453,2025-05-30,3401.41
3760,868,2024-04-25,8077.25
3761,39769,2020-06-21,8827.4
3762,5869,2020-06-10,2420.18
3763,5962,2025-04-22,5519.57
3764,41456,2023-06-12,7869.78
3765,8218,2021-01-16,283.1
3766,38942,2024-10-19,2201.81
3767,28026,2022-03-20,469.66
3768,3431,2025-03-13,1355.56
3769,43404,2020-01-17,1858.87
3770,46189,2023-02-10,392.86
3771,12143,2020-02-04,4435.02
3772,4946,2023-05-12,4184.23
3773,36098,2023-04-01,2987.61
3774,33102,2020-12-22,3250.5
3775,34196,2020-09-18,5417.62
3776,9658,2023-12-30,8067.62
3777,26772,2020-03-14,9753.67
3778,36386,2022-03-21,8186.84
3779,49724,2021-02-10,3959.21
3780,33570,2024-10-12,8767.78
3781,33957,2020-04-25,8259.42
3782,29155,2023-04-09,9131.01
3783,37089,2023-12-31,749.03
3784,19679,2024-05-26,3599.59
3785,35380,2024-05-27,560.65
3786,37420,2024-01-14,3282.28
3787,9814,2022-05-14,2877.95
3788,37019,2023-05-02,9113.27
3789,47142,2021-02-21,9454.72
3790,45660,2025-05-08,6981.21
3791,36501,2024-01-29,2899.69
3792,15782,2024-08-17,168.53
3793,35221,2024-02-29,6738.49
3794,810,2022-01-17,5044.05
3795,41185,2024-08-17,2152.74
3796,20784,2021-03-23,1840.04
3797,44078,2022-03-17,5642.74
3798,16604,2023-04-26,1389.48
3799,7794,2020-07-27,5535.71
3800,43086,2023-01-01,9168.68
3801,31545,2020-04-05,7935.57
3802,44852,2025-04-26,9420.15
3803,41238,2022-09-30,2557.96
3804,47077,2022-04-25,9525.79
3805,29793,2024-03-26,4804.32
3806,19558,2022-10-24,6343.56
3807,21575,2020-02-20,3010.34
3808,18367,2023-08-10,9942.99
3809,35545,2021-07-16,4433.87
3810,23280,2024-05-02,1956.43
3811,42675,2025-06-22,5781.99
3812,17566,2025-01-01,2630.24
3813,18482,2023-07-28,4416.24
3814,7079,2020-05-12,2159.73
3815,26396,2022-04-21,3928.98
3816,39314,2024-05-23,1016.01
3817,15946,2025-03-11,2919.46
3818,46779,2023-09-23,2562.78
3819,48000,2022-06-05,9482.55
3820,43074,2022-11-12,5966.52
3821,29931,2021-04-30,362.82
3822,27563,2024-03-29,9145.44
3823,16078,2024-09-11,6479.13
3824,14605,2020-03-27,3437.82
3825,21761,2025-03-31,3727.4
3826,8608,2022-12-07,411.04
3827,35929,2025-03-05,9745.8
3828,35338,2025-01-22,8618.79
3829,44943,2021-11-03,747.43
3830,7551,2025-01-03,6847.45
3831,40170,2021-03-24,4547.32
3832,35382,2021-06-01,8102.15
3833,18071,2024-08-11,6271.31
3834,17223,2022-11-16,4186.81
3835,6450,2023-09-10,4420.5
3836,12738,2021-04-19,6550.57
3837,21357,2024-03-09,6581.64
3838,15157,2021-05-06,5620.57
3839,36716,2021-10-07,8853.19
3840,49235,2022-03-18,7815.35
3841,25387,2020-06-01,1274.52
3842,8663,2021-05-13,8731.6
3843,20008,2022-04-16,2097.69
3844,14276,2021-12-02,9509.02
3845,5124,2020-03-19,8092.41
3846,23115,2022-12-05,9100.33
3847,5225,2023-12-26,6797.96
3848,31758,2021-02-25,6550.42
3849,34659,2024-05-15,2566.18
3850,10747,2024-06-04,6298.53
3851,24429,2023-07-20,4260.46
3852,10126,2021-07-13,1618.59
3853,4785,2022-11-22,3665.0
3854,42371,2021-06-13,6655.22
3855,6095,2022-11-25,8769.32
3856,29205,2025-01-19,4436.78
3857,49469,2025-04-06,2970.73
3858,46850,2023-01-17,1694.0
3859,45205,2025-03-05,4089.76
3860,49657,2022-05-26,2916.92
3861,43786,2024-08-10,4527.22
3862,42843,2021-09-03,1097.37
3863,32374,2022-05-24,7381.25
3864,27119,2020-01-31,143.79
3865,13203,2022-11-10,7025.83
3866,28085,2024-07-21,3135.68
3867,8784,2020-12-22,3656.52
3868,27321,2023-08-06,1794.53
3869,40037,2022-01-11,9684.97
3870,49753,2023-04-23,624.33
3871,10216,2021-11-07,2902.24
3872,27730,2022-02-07,1554.48
3873,18837,2024-05-11,4874.45
3874,4360,2020-11-06,5643.99
3875,25235,2024-08-21,2043.57
3876,33883,2021-06-18,6587.52
3877,14564,2024-06-30,5571.32
3878,25572,2024-06-25,8437.05
3879,29850,2021-01-03,9074.77
3880,6516,2020-11-26,6975.69
3881,23291,2022-09-25,6339.7
3882,47438,2022-03-26,6093.39
3883,30177,2023-11-28,1754.47
3884,3785,2020-12-22,8844.08
3885,26839,2025-04-10,3666.12
3886,42669,2020-04-08,6944.92
3887,22046,2021-10-03,4462.51
3888,28597,2020-09-07,9038.74
3889,12466,2024-10-26,4134.69
3890,5566,2020-10-22,5643.88
3891,23722,2021-02-11,1955.99
3892,25756,2020-12-24,5584.99
3893,36410,2025-06-16,2105.55
3894,45696,2021-09-13,7965.69
3895,28475,2022-10-29,3736.41
3896,39279,2021-09-25,4300.91
3897,26852,2020-10-25,6439.11
3898,36980,2025-03-03,950.97
3899,45515,2024-05-05,3216.39
3900,5421,2021-12-25,9340.02
3901,24898,2022-08-31,8634.97
3902,13508,2021-07-15,2389.0
3903,5536,2023-09-28,5177.07
3904,2473,2023-05-12,5874.85
3905,12130,2023-03-19,3086.28
3906,36677,2021-08-26,3541.62
3907,37381,2021-08-25,9781.78
3908,19447,2022-10-30,1471.48
3909,13631,2023-05-18,9122.29
3910,46340,2021-12-07,3607.03
3911,39283,2023-11-12,2466.72
3912,14633,2022-11-19,2679.31
3913,44684,2024-02-01,2904.64
3914,48183,2020-05-29,2940.33
3915,2716,2020-04-01,2615.01
3916,49031,2021-12-13,8440.6
3917,38588,2020-12-29,2751.14
3918,26880,2020-10-23,8632.22
3919,5301,2024-02-21,9695.76
3920,11897,2024-08-06,2860.4
3921,3380,2022-08-09,5694.45
3922,21003,2021-04-29,4615.87
3923,13292,2021-08-03,8482.28
3924,32096,2021-10-15,3151.99
3925,8882,2023-12-30,7671.25
3926,48946,2022-11-03,4808.82
3927,48992,2021-11-17,6346.0
3928,34939,2022-02-22,5808.83
3929,45535,2020-12-24,717.71
3930,12285,2021-07-08,5926.99
3931,45616,2024-05-22,8292.0
3932,45524,2022-02-05,2955.54
3933,6326,2022-07-21,4087.09
3934,38194,2021-10-15,2130.62
3935,2801,2022-11-30,2175.5
3936,2304,2020-03-27,3140.11
3937,15864,2022-04-20,7561.73
3938,49365,2023-12-02,4864.66
3939,4995,2023-01-03,6942.89
3940,1321,2022-11-08,9362.67
3941,43228,2024-12-08,7330.6
3942,43548,2025-01-12,3794.27
3943,24480,2024-06-21,5155.87
3944,32502,2020-05-19,2858.06
3945,14535,2020-05-10,750.9
3946,33983,2022-07-14,6693.56
3947,41089,2023-04-24,6652.27
3948,28833,2023-10-22,8576.79
3949,9249,2023-04-12,1681.26
3950,28683,2020-06-27,8854.33
3951,10747,2022-05-16,7964.11
3952,21948,2024-03-30,1161.91
3953,26354,2022-03-21,9825.77
3954,24045,2021-02-09,486.63
3955,28444,2023-07-12,7968.73
3956,18166,2020-12-13,4342.57
3957,49150,2022-05-10,8667.2
3958,39102,2022-11-28,7310.5
3959,26001,2020-08-18,700.56
3960,46664,2021-05-01,2475.97
3961,30965,2022-09-03,9528.96
3962,17491,2023-09-09,1557.23
3963,46194,2020-02-26,778.04
3964,15112,2024-01-15,1627.17
3965,19790,2023-07-10,7230.79
3966,41773,2024-03-17,492.33
3967,3233,2020-02-23,4384.87
3968,20587,2021-02-24,1004.62
3969,36646,2025-06-16,6902.79
3970,7615,2023-12-06,2604.46
3971,40076,2020-02-28,6878.14
3972,35651,2021-03-05,1835.17
3973,360,2021-03-22,4022.73
3974,23453,2023-12-13,9262.0
3975,22342,2022-05-16,3901.62
3976,32867,2025-03-21,1228.77
3977,7335,2023-01-22,3762.58
3978,11935,2023-05-21,4600.64
3979,14257,2024-05-12,4638.86
3980,9004,2024-10-18,7121.41
3981,30510,2021-10-14,1334.45
3982,42881,2022-04-18,4669.48
3983,47994,2025-04-09,2614.12
3984,48684,2020-07-30,4500.61
3985,18260,2022-03-23,1813.17
3986,29271,2020-05-12,2431.09
3987,31828,2023-04-04,5573.16
3988,48736,2022-07-28,3082.66
3989,9433,2023-06-09,1680.1
3990,27375,2020-01-25,6234.31
3991,47285,2025-02-16,8381.02
3992,11263,2022-09-10,8231.84
3993,5537,2023-11-23,8357.61
3994,49837,2021-12-12,270.58
3995,14430,2025-02-11,6892.4
3996,899,2022-07-23,9987.99
3997,42648,2020-02-17,7292.02
3998,21452,2020-02-21,2731.69
3999,39583,2020-02-29,5683.64
4000,38215,2021-04-17,4832.77
4001,1832,2022-03-01,4644.31
4002,5585,2024-01-16,7254.23
4003,2482,2022-03-30,1355.97
4004,12618,2025-02-20,1281.66
4005,27151,2022-01-20,5114.03
4006,6165,2024-12-18,9742.07
4007,20796,2024-04-09,709.22
4008,27869,2020-07-01,3768.35
4009,33386,2023-06-16,5137.53
4010,45801,2020-03-04,112.42
4011,8341,2020-11-16,3017.3
4012,5303,2024-03-19,1197.33
4013,7887,2025-01-17,7084.88
4014,7790,2021-09-20,4446.4
4015,31799,2022-07-16,6264.23
4016,16497,2024-05-07,6063.94
4017,5333,2024-04-10,3641.82
4018,9262,2021-09-03,450.74
4019,10686,2024-10-08,2750.34
4020,42054,2022-07-19,4863.45
4021,18614,2021-12-31,2106.57
4022,12164,2024-03-29,9383.08
4023,21677,2023-12-12,4194.81
4024,41941,2021-07-25,3586.75
4025,24056,2024-08-15,1164.76
4026,18742,2021-07-19,2833.82
4027,39861,2022-02-05,5827.39
4028,38828,2021-02-14,8214.33
4029,6752,2020-01-21,7756.93
4030,38008,2022-08-01,6882.46
4031,36862,2021-06-30,9331.56
4032,27172,2024-09-11,2505.95
4033,37254,2021-03-29,2424.0
4034,19366,2024-02-15,561.83
4035,24406,2023-03-23,7066.24
4036,45345,2022-10-11,8031.04
4037,21451,2024-08-05,2670.73
4038,12855,2020-01-05,7927.87
4039,27159,2021-11-03,7118.87
4040,3965,2022-07-09,5455.75
4041,20469,2021-09-24,5579.37
4042,4861,2024-10-10,7080.45
4043,21036,2022-08-05,9981.75
4044,1124,2021-11-14,3259.08
4045,42012,2022-02-26,819.6
4046,49968,2022-01-15,7025.53
4047,14651,2020-11-07,385.61
4048,2859,2023-09-07,8959.01
4049,49835,2021-09-22,9729.79
4050,31373,2021-06-03,7291.79
4051,3656,2022-04-30,3496.22
4052,27179,2020-03-04,2334.64
4053,29936,2024-08-19,1191.29
4054,33549,2023-12-26,158.9
4055,29176,2025-03-28,4361.37
4056,34211,2024-08-09,6506.41
4057,47835,2021-10-10,3825.96
4058,40587,2021-08-06,4438.14
4059,4501,2023-10-24,6883.75
4060,19144,2020-01-15,4149.43
4061,22378,2024-02-14,7756.81
4062,43162,2023-09-09,6459.19
4063,32094,2023-09-04,6746.85
4064,43222,2020-03-31,6231.18
4065,3121,2022-07-22,1285.2
4066,35314,2023-08-19,6872.38
4067,20426,2023-07-16,5963.1
4068,16218,2024-02-12,5785.23
4069,38644,2023-01-27,6023.95
4070,25947,2023-10-23,9872.04
4071,2829,2023-08-18,4416.99
4072,14759,2022-03-14,1150.09
4073,17847,2020-01-10,5177.45
4074,40711,2024-01-02,1584.45
4075,47348,2024-04-07,8082.92
4076,30379,2020-10-05,2571.29
4077,33322,2022-12-27,9957.07
4078,23436,2025-05-17,1858.2
4079,43533,2020-05-12,3842.47
4080,22284,2021-05-30,1547.0
4081,41676,2021-02-17,4250.42
4082,32038,2023-02-02,4892.14
4083,32515,2025-05-25,7459.26
4084,36158,2020-08-12,113.79
4085,11935,2023-06-17,2384.96
4086,38088,2024-11-02,2772.23
4087,46373,2022-06-27,6046.04
4088,47384,2023-02-15,2844.23
4089,27740,2024-04-02,4919.72
4090,36420,2021-02-19,4928.98
4091,19520,2021-02-20,8123.42
4092,38032,2022-04-05,8771.37
4093,11026,2021-09-29,9772.62
4094,46660,2025-01-27,8423.88
4095,40171,2024-09-30,8791.79
4096,3496,2025-04-17,9712.67
4097,17722,2024-06-27,8291.52
4098,21473,2020-04-21,2125.91
4099,48941,2022-11-03,7944.41
4100,6197,2024-12-06,7124.46
4101,43382,2024-06-28,5603.01
4102,35780,2025-06-01,1827.5
4103,9357,2024-03-03,575.35
4104,46003,2025-01-04,2249.76
4105,35504,2023-06-06,8781.75
4106,38076,2024-09-05,2769.26
4107,37582,2025-04-21,4525.1
4108,23141,2021-02-06,9975.99
4109,12911,2020-04-16,5143.97
4110,39366,2025-01-02,7698.24
4111,179,2023-06-16,7970.84
4112,17422,2022-10-23,8804.74
4113,20219,2024-11-18,3395.21
4114,23811,2022-08-08,1610.03
4115,22169,2021-10-08,8897.33
4116,22562,2020-11-22,6134.72
4117,37574,2022-01-26,5998.7
4118,23745,2024-05-06,5741.03
4119,43518,2021-03-13,447.02
4120,6332,2022-11-27,2562.64
4121,31470,2021-07-28,6757.34
4122,3569,2022-04-11,426.64
4123,37192,2023-10-31,6106.82
4124,32465,2020-01-06,597.29
4125,45773,2024-10-03,183.92
4126,36755,2021-10-01,8928.0
4127,31011,2020-11-03,9118.4
4128,19698,2024-07-15,2971.65
4129,6241,2023-02-19,8662.73
4130,14189,2020-06-20,841.7
4131,32621,2023-12-14,4174.71
4132,45857,2022-07-21,4816.79
4133,28787,2023-09-05,4144.61
4134,33078,2023-06-24,3548.94
4135,27175,2022-08-01,6152.07
4136,40046,2024-12-23,6795.17
4137,29888,2024-07-02,9588.87
4138,42662,2023-05-01,1353.89
4139,41766,2025-04-04,9013.89
4140,44980,2021-03-07,7994.01
4141,34661,2025-02-19,2899.07
4142,42287,2020-06-13,2082.54
4143,34686,2023-06-28,1253.34
4144,6500,2023-10-03,4294.86
4145,21606,2020-02-18,5546.35
4146,13879,2023-08-27,5740.75
4147,45371,2022-11-28,4225.83
4148,2242,2020-06-12,6884.97
4149,18358,2023-05-02,7107.69
4150,22323,2024-01-13,5198.77
4151,21911,2022-12-27,5561.79
4152,12233,2024-11-28,2029.46
4153,36747,2022-04-12,5584.04
4154,34084,2022-10-05,845.28
4155,29880,2024-06-27,5749.69
4156,48682,2020-09-30,6464.53
4157,28006,2021-11-11,9819.68
4158,15459,2022-05-15,4307.24
4159,30336,2024-10-20,5007.64
4160,27149,2023-02-20,4576.37
4161,13267,2022-01-09,2671.86
4162,31646,2021-05-17,1034.04
4163,26066,2023-04-05,6441.91
4164,39564,2024-08-16,813.83
4165,24780,2024-01-22,4357.63
4166,6549,2021-09-07,209.04
4167,15500,2024-03-18,9411.17
4168,17757,2021-11-19,7004.71
4169,46503,2022-11-17,2309.05
4170,9449,2020-05-23,2833.93
4171,37875,2021-04-27,3290.21
4172,35972,2023-02-20,5238.87
4173,26271,2020-04-25,6354.64
4174,45976,2020-01-22,858.2
4175,31146,2020-12-01,6637.45
4176,2683,2024-06-20,836.9
4177,7923,2020-11-28,9147.53
4178,13266,2022-12-08,5023.47
4179,34906,2024-03-12,9343.4
4180,11768,2020-10-10,6460.05
4181,23532,2023-06-13,4071.82
4182,19191,2023-11-24,7850.01
4183,42888,2020-03-04,774.0
4184,4851,2023-04-26,5911.57
4185,47556,2023-05-02,2650.95
4186,1958,2022-11-15,8443.0
4187,42454,2023-04-08,8917.23
4188,33700,2023-11-11,5896.13
4189,32816,2024-07-01,2682.66
4190,18655,2020-10-03,3950.82
4191,38536,2024-12-28,6242.82
4192,10953,2022-10-13,4309.94
4193,24303,2024-09-29,7793.24
4194,4562,2020-07-15,3752.46
4195,47075,2020-01-24,5104.22
4196,29756,2023-07-02,1971.32
4197,13592,2021-07-30,7008.17
4198,26641,2022-03-01,8665.72
4199,15681,2021-08-14,3729.59
4200,679,2020-01-08,9551.68
4201,12138,2021-07-10,480.07
4202,47055,2021-04-17,2281.39
4203,17975,2020-12-31,4183.31
4204,48205,2024-08-01,4302.07
4205,35287,2024-05-11,7954.65
4206,17951,2022-11-01,8883.13
4207,13413,2022-12-31,3100.46
4208,44295,2022-06-24,6423.68
4209,32974,2020-03-03,5561.11
4210,1806,2023-04-01,1857.33
4211,2121,2021-07-03,3327.75
4212,26038,2023-07-24,295.79
4213,10822,2024-05-05,3107.67
4214,23070,2022-07-02,1144.23
4215,14992,2021-02-05,8993.97
4216,1943,2024-03-09,8999.21
4217,28319,2025-03-28,6834.0
4218,43766,2021-10-27,9928.97
4219,2828,2024-04-04,5840.86
4220,40149,2022-03-03,2084.81
4221,11094,2024-02-11,8858.29
4222,26995,2023-05-18,2163.11
4223,41324,2021-04-08,2743.07
4224,4496,2020-09-01,6621.4
4225,19282,2021-03-04,1383.05
4226,33028,2023-06-25,6137.15
4227,28436,2022-08-11,3097.83
4228,40698,2022-02-24,6298.04
4229,17453,2020-02-17,8001.71
4230,12127,2020-01-14,4003.46
4231,37762,2021-01-25,3377.15
4232,16222,2024-11-22,3374.33
4233,25887,2021-11-08,3641.2
4234,40476,2023-02-10,7857.4
4235,40265,2022-12-23,4362.53
4236,6459,2023-08-01,7164.46
4237,25905,2023-01-15,7424.06
4238,229,2021-05-09,5375.46
4239,37614,2022-01-15,4607.57
4240,1971,2020-09-05,3846.37
4241,22646,2024-07-06,6585.29
4242,40721,2023-06-03,5193.27
4243,45182,2023-04-21,2987.99
4244,31706,2020-03-21,5375.67
4245,4228,2025-05-18,6614.43
4246,27809,2024-12-15,5491.07
4247,18110,2021-01-20,248.72
4248,9809,2023-01-21,9932.46
4249,10090,2024-09-25,7594.15
4250,16072,2021-04-10,2510.54
4251,29018,2021-05-01,7630.45
4252,10324,2020-04-15,7700.55
4253,18867,2024-06-23,6048.19
4254,38054,2020-02-05,6283.63
4255,17835,2021-11-26,1696.39
4256,38960,2020-05-28,3783.86
4257,20665,2024-10-26,5922.09
4258,38710,2021-07-28,868.71
4259,24417,2021-01-20,9782.97
4260,17640,2023-11-07,1108.12
4261,401,2020-07-20,4095.18
4262,46771,2021-10-16,9144.0
4263,38408,2021-03-21,250.84
4264,21737,2023-07-15,6864.11
4265,10175,2020-09-15,3944.96
4266,46448,2020-09-10,7200.67
4267,48750,2025-04-07,6672.65
4268,42936,2023-07-12,6009.95
4269,44614,2021-03-05,8666.68
4270,36233,2024-04-26,149.67
4271,21451,2021-12-14,1546.1
4272,18799,2022-11-20,7888.99
4273,11375,2023-04-03,6386.52
4274,26885,2022-02-17,9264.7
4275,1088,2024-09-20,4445.95
4276,3875,2020-10-09,5542.2
4277,43508,2022-07-30,6280.01
4278,31804,2020-03-10,1844.27
4279,19545,2023-06-12,1520.59
4280,6500,2023-01-22,2611.82
4281,9585,2020-10-25,3920.07
4282,42476,2022-03-23,4928.35
4283,35462,2025-04-21,4697.85
4284,2904,2022-03-28,7940.83
4285,6052,2023-07-09,1424.64
4286,47122,2020-05-20,3750.67
4287,45424,2023-06-07,9465.28
4288,32989,2022-02-18,7742.23
4289,6417,2023-07-10,4337.07
4290,3013,2021-10-15,5854.13
4291,40313,2024-10-02,4755.16
4292,38135,2023-01-27,3900.35
4293,24434,2020-10-29,1414.6
4294,15750,2023-07-10,1756.21
4295,22074,2021-07-04,2953.18
4296,37037,2024-09-15,3715.49
4297,21832,2020-07-31,2591.48
4298,49788,2021-02-06,5815.67
4299,11056,2024-07-16,6021.44
4300,35506,2023-07-30,553.78
4301,13624,2022-12-20,6531.58
4302,2697,2024-05-20,4728.93
4303,28666,2022-03-30,5515.59
4304,9692,2022-10-16,8943.49
4305,11454,2021-03-15,1915.04
4306,25077,2022-06-28,4104.05
4307,34425,2020-12-22,4903.04
4308,19743,2024-12-29,5949.24
4309,6465,2020-04-17,6809.11
4310,1897,2020-05-19,1379.83
4311,34877,2020-08-30,7514.9
4312,9354,2023-09-26,2288.28
4313,126,2021-08-28,9516.76
4314,36544,2020-12-07,1146.21
4315,11478,2025-01-31,9868.48
4316,18625,2022-09-15,9287.05
4317,16973,2024-08-14,8903.07
4318,32398,2020-08-11,400.17
4319,25319,2023-04-11,2094.46
4320,6527,2021-12-16,5721.26
4321,3228,2022-01-28,7240.49
4322,42077,2023-04-21,7374.13
4323,9018,2022-10-19,556.77
4324,25730,2025-03-29,6918.42
4325,15787,2024-01-18,5013.9
4326,26849,2024-05-07,3204.58
4327,44904,2022-08-19,6926.09
4328,26972,2022-05-21,2582.07
4329,25711,2024-12-15,6485.74
4330,39801,2021-11-21,6160.37
4331,10431,2025-02-16,5952.13
4332,19520,2023-01-26,5375.46
4333,6086,2024-07-19,2798.3
4334,47755,2023-05-02,2090.41
4335,12782,2021-07-10,3893.31
4336,23617,2021-01-18,9711.31
4337,47767,2023-10-13,7896.55
4338,14596,2021-02-27,3905.22
4339,40711,2024-10-12,6868.44
4340,49329,2021-01-24,2879.72
4341,17553,2022-08-04,2225.4
4342,49739,2024-08-31,5876.62
4343,16439,2022-07-31,2636.0
4344,6778,2023-03-14,5510.23
4345,31259,2022-07-07,894.46
4346,32652,2021-07-05,8365.92
4347,27311,2025-02-07,3881.36
4348,28322,2024-03-13,253.67
4349,8328,2021-02-24,9586.84
4350,23924,2025-03-08,5498.73
4351,5143,2023-01-13,9167.18
4352,8730,2021-11-28,1960.35
4353,43170,2022-07-05,3072.41
4354,7928,2022-07-11,3893.43
4355,18592,2022-06-25,2034.23
4356,2566,2024-04-23,4594.45
4357,18113,2024-10-23,2886.23
4358,21881,2024-09-22,1341.7
4359,28987,2022-11-17,906.7
4360,15026,2022-05-01,2654.49
4361,708,2020-06-23,9814.17
4362,17625,2023-06-14,2637.06
4363,37128,2021-07-12,8569.0
4364,17960,2023-02-07,4644.97
4365,45518,2021-04-30,2598.34
4366,38912,2023-11-12,8246.11
4367,45370,2023-04-27,7573.56
4368,21364,2023-07-21,6212.57
4369,12419,2024-09-09,2936.4
4370,6223,2024-03-11,7645.69
4371,20545,2021-08-27,292.11
4372,569,2025-05-09,2870.4
4373,31668,2024-06-14,8631.65
4374,26593,2020-09-01,2416.45
4375,947,2021-05-27,6333.33
4376,12237,2020-02-04,4844.78
4377,8244,2020-09-17,4347.32
4378,13232,2024-07-09,6893.43
4379,11852,2023-07-09,477.64
4380,48743,2022-12-19,5029.02
4381,23578,2020-04-09,4456.4
4382,31771,2024-07-26,7532.88
4383,32024,2023-06-13,4321.18
4384,13816,2021-11-02,9057.1
4385,26961,2025-05-12,9927.15
4386,12427,2023-07-02,8770.39
4387,15958,2022-01-18,7981.82
4388,20872,2021-08-29,7198.33
4389,33002,2020-02-09,5652.15
4390,20912,2023-06-14,7889.91
4391,12576,2023-06-13,6068.57
4392,14365,2022-03-20,9622.84
4393,9322,2020-03-14,8905.75
4394,17000,2022-01-04,5806.66
4395,1925,2022-06-22,4306.94
4396,23729,2022-05-08,2049.74
4397,47757,2020-01-29,2522.95
4398,32128,2024-01-07,2266.08
4399,36697,2022-04-25,8926.94
4400,18730,2022-11-12,9176.4
4401,4890,2021-05-30,3269.34
4402,2773,2020-08-31,7048.83
4403,919,2021-06-29,1334.17
4404,48044,2021-09-08,5658.1
4405,5196,2024-08-28,3064.17
4406,24103,2025-01-26,9510.7
4407,27819,2020-01-27,1446.99
4408,48692,2023-01-11,1437.34
4409,37624,2020-06-07,7735.67
4410,32379,2025-04-06,3188.19
4411,13114,2024-02-09,2627.13
4412,16089,2025-02-11,2174.51
4413,47948,2021-10-28,2604.29
4414,22628,2023-04-09,9892.23
4415,26528,2022-08-13,4592.05
4416,49426,2024-06-19,2577.55
4417,2346,2025-01-11,725.79
4418,19458,2024-11-11,1299.22
4419,43297,2022-03-15,6602.18
4420,36526,2021-09-24,2678.28
4421,22737,2020-07-13,5603.34
4422,5691,2023-06-08,5571.79
4423,31332,2021-10-07,3683.44
4424,37561,2024-05-13,7162.99
4425,22974,2023-02-28,429.52
4426,14527,2022-10-15,4228.96
4427,35657,2021-05-14,4398.09
4428,19103,2021-04-05,1332.82
4429,13991,2022-06-25,251.34
4430,41557,2020-01-27,5388.18
4431,48150,2020-09-01,3017.46
4432,15491,2020-05-09,9328.51
4433,48928,2023-09-05,7086.32
4434,20746,2023-06-09,972.35
4435,36613,2023-04-10,6588.87
4436,41796,2024-05-30,8765.03
4437,6387,2021-07-20,9573.23
4438,37542,2023-06-16,3195.64
4439,9184,2024-07-14,4435.92
4440,32358,2025-05-13,6488.26
4441,30932,2023-09-17,9103.89
4442,15945,2023-12-01,6792.87
4443,37684,2024-09-23,3903.93
4444,47112,2025-05-30,993.03
4445,38328,2021-06-05,1527.67
4446,34402,2022-10-09,5523.5
4447,4682,2020-10-17,2459.62
4448,24654,2021-10-07,4550.83
4449,29564,2024-06-12,4132.83
4450,48632,2022-09-17,5748.01
4451,2747,2022-02-05,3401.35
4452,3286,2020-06-30,4660.1
4453,3251,2022-01-03,5861.55
4454,47100,2023-11-04,5981.44
4455,40766,2024-10-08,4731.98
4456,23581,2022-10-02,7169.68
4457,2653,2022-04-14,3963.22
4458,46215,2020-03-22,7901.09
4459,6572,2021-09-23,9847.63
4460,15494,2025-01-21,7616.74
4461,10723,2023-09-22,7821.14
4462,37694,2020-02-29,8735.34
4463,34533,2022-02-20,1124.57
4464,21572,2024-09-05,5655.27
4465,38350,2022-02-22,6751.6
4466,765,2023-10-26,9161.13
4467,22982,2023-07-30,8350.95
4468,23473,2024-11-05,3952.67
4469,4248,2021-02-24,3188.54
4470,25037,2022-09-19,3032.25
4471,12536,2022-12-20,2577.02
4472,16185,2025-03-24,3161.33
4473,14493,2023-11-28,7368.0
4474,28770,2022-03-03,1243.65
4475,21582,2023-04-16,7373.04
4476,41256,2021-07-23,2024.28
4477,46985,2021-08-12,6278.05
4478,6544,2021-02-24,6000.41
4479,14349,2020-05-12,5966.92
4480,4534,2022-04-01,3175.7
4481,1423,2025-01-02,1584.44
4482,10212,2023-09-15,7940.34
4483,25241,2022-10-30,2493.68
4484,14736,2023-07-12,887.28
4485,43382,2025-02-12,1669.79
4486,13292,2023-08-05,1229.89
4487,11871,2023-12-02,7177.0
4488,8751,2022-12-29,7477.57
4489,18917,2024-03-10,3445.45
4490,31137,2022-12-16,7671.3
4491,12771,2021-06-21,8400.45
4492,11560,2021-11-09,4823.78
4493,29511,2020-06-20,8286.98
4494,38829,2020-11-15,5089.29
4495,49258,2024-02-27,8111.87
4496,36447,2021-03-07,4467.18
4497,46289,2023-05-03,683.41
4498,9899,2022-12-07,2281.03
4499,40904,2024-04-24,3106.12
4500,49943,2020-06-22,4461.19
4501,16175,2020-12-17,4797.65
4502,9004,2022-09-12,9758.63
4503,23308,2024-11-29,4805.85
4504,47614,2025-06-18,3778.19
4505,4446,2021-02-01,3671.02
4506,13903,2022-02-03,8870.31
4507,6610,2021-12-23,3910.72
4508,22489,2020-09-16,7872.87
4509,34701,2024-11-25,2567.08
4510,18136,2021-10-13,4346.38
4511,21585,2022-09-21,5781.33
4512,35448,2024-03-14,5687.98
4513,9317,2021-01-08,5837.56
4514,1393,2024-11-21,7439.02
4515,18203,2025-04-26,5150.12
4516,1684,2023-06-17,1914.34
4517,11794,2021-10-04,5852.66
4518,26432,2022-10-23,3050.2
4519,45821,2021-09-28,3075.29
4520,9481,2024-11-01,1373.14
4521,2250,2020-10-24,9108.8
4522,9334,2023-06-26,742.33
4523,46203,2021-04-08,473.54
4524,43377,2022-08-30,7276.43
4525,12673,2023-03-16,7077.97
4526,22075,2020-06-04,3570.23
4527,22436,2023-08-10,7431.69
4528,39983,2020-04-26,4928.66
4529,31055,2024-03-07,7309.74
4530,43352,2024-07-30,5503.02
4531,11585,2024-09-15,7351.26
4532,29835,2020-04-19,7749.43
4533,36971,2022-07-01,2907.28
4534,25498,2024-07-28,3913.9
4535,37857,2024-01-19,5093.99
4536,447,2021-09-04,1986.36
4537,2510,2024-07-09,9706.35
4538,11480,2023-02-16,9248.96
4539,43814,2021-12-16,7792.08
4540,7550,2020-02-23,2063.05
4541,1073,2021-06-23,4585.57
4542,44649,2023-11-08,9280.11
4543,31377,2024-01-13,6160.9
4544,19513,2020-08-27,3915.79
4545,44558,2020-09-12,1006.71
4546,45395,2023-03-25,1091.41
4547,6840,2020-01-25,6815.11
4548,24130,2020-09-10,3184.15
4549,25013,2025-02-25,5017.63
4550,21389,2020-04-08,7540.49
4551,33362,2021-12-19,1909.9
4552,43521,2021-11-19,868.61
4553,13285,2022-08-01,3828.78
4554,277,2021-01-14,1708.09
4555,20972,2023-06-04,5152.53
4556,8275,2022-07-31,5572.4
4557,36152,2021-07-27,1194.67
4558,14438,2021-02-20,7949.51
4559,46306,2021-05-06,331.03
4560,40322,2020-06-18,3506.93
4561,33236,2021-08-21,563.27
4562,15135,2021-06-22,7100.2
4563,5261,2020-08-17,8797.3
4564,998,2025-03-30,3546.88
4565,35148,2020-01-08,3349.29
4566,37817,2020-07-08,6973.71
4567,42253,2021-01-06,8728.2
4568,4096,2022-07-22,8882.73
4569,9560,2022-06-01,5884.33
4570,29672,2022-10-24,5980.81
4571,44895,2022-12-13,6231.72
4572,23410,2023-04-14,5130.29
4573,32862,2021-03-28,5356.07
4574,9115,2025-04-19,1037.33
4575,44102,2025-01-26,9828.14
4576,7294,2020-05-25,712.66
4577,18294,2023-06-26,4855.58
4578,28031,2024-07-02,7875.51
4579,13500,2022-07-29,5872.45
4580,27206,2022-02-24,1051.58
4581,23439,2022-06-22,5598.78
4582,31032,2022-11-18,9062.92
4583,33927,2023-03-18,6257.62
4584,32365,2024-02-19,7815.3
4585,44181,2022-04-01,4678.72
4586,5222,2024-06-14,3189.74
4587,33126,2024-05-01,2081.03
4588,41102,2023-05-02,8507.25
4589,42755,2022-04-15,7094.47
4590,34987,2022-08-01,1861.17
4591,7907,2021-12-16,5562.13
4592,43020,2023-01-08,7125.99
4593,9271,2023-01-17,5723.55
4594,6075,2023-03-20,9499.88
4595,33654,2022-02-23,1929.5
4596,19324,2021-05-23,7172.01
4597,25179,2020-11-12,6203.55
4598,45381,2020-06-28,9197.36
4599,10157,2021-07-07,8639.51
4600,44855,2022-05-28,6519.76
4601,5819,2024-05-05,4415.98
4602,16203,2024-11-08,1724.46
4603,28988,2025-04-04,8048.4
4604,34493,2023-11-29,8262.06
4605,16556,2023-04-23,3684.82
4606,13702,2023-08-08,2339.85
4607,37445,2024-11-28,9323.76
4608,17686,2022-03-01,4742.06
4609,16468,2021-11-30,7388.5
4610,42132,2021-05-02,6254.66
4611,47870,2024-09-18,7026.36
4612,46895,2023-05-02,283.61
4613,41904,2022-12-02,6299.86
4614,4829,2021-03-18,5541.63
4615,47850,2020-07-20,7559.57
4616,6680,2024-06-30,9383.53
4617,18171,2023-01-01,8316.25
4618,14664,2020-08-08,4477.56
4619,25383,2024-06-13,5996.25
4620,24887,2021-09-23,2461.87
4621,1761,2024-08-26,123.76
4622,5492,2022-04-07,1538.36
4623,30174,2024-10-22,815.17
4624,22726,2021-01-22,7523.69
4625,1983,2024-04-05,1957.7
4626,25933,2024-06-20,1202.55
4627,44858,2022-09-17,2921.88
4628,6554,2025-03-25,9342.88
4629,6865,2022-09-14,2820.11
4630,33125,2025-03-06,6603.17
4631,11355,2025-03-03,8352.56
4632,37720,2022-10-24,8306.3
4633,25775,2021-01-22,9442.77
4634,10894,2020-06-09,3688.06
4635,29315,2021-10-15,4931.0
4636,21445,2021-05-10,2451.92
4637,46478,2022-06-23,742.54
4638,35080,2023-01-16,9783.95
4639,21995,2022-04-11,8679.89
4640,10969,2020-07-08,3218.8
4641,25103,2020-03-29,7920.03
4642,39653,2023-03-04,8314.11
4643,44291,2021-05-08,2526.55
4644,33133,2020-09-17,9344.39
4645,40331,2022-05-27,3272.73
4646,45065,2022-11-02,5722.91
4647,3332,2024-11-17,7996.57
4648,32881,2023-11-10,5941.9
4649,11983,2020-09-06,2668.85
4650,10715,2024-03-06,9334.01
4651,46258,2021-08-18,134.14
4652,9040,2025-04-15,5296.3
4653,48632,2024-07-10,543.02
4654,28384,2020-03-31,6582.42
4655,18914,2023-07-10,519.83
4656,42630,2021-11-04,661.21
4657,7685,2024-08-11,4982.26
4658,47289,2024-09-19,6909.6
4659,8152,2025-02-16,4267.61
4660,30513,2021-01-28,9148.34
4661,48862,2021-02-25,9277.68
4662,13004,2020-07-04,4542.16
4663,41541,2024-05-10,6061.87
4664,41336,2024-02-19,9792.77
4665,47783,2025-05-17,8235.28
4666,19362,2023-05-21,1429.76
4667,12734,2022-09-02,804.25
4668,46092,2023-10-26,5736.58
4669,46277,2021-03-23,8442.03
4670,35382,2021-10-21,7596.16
4671,16869,2025-01-15,6302.91
4672,47440,2025-01-19,8365.52
4673,13641,2025-05-19,1388.75
4674,39649,2020-02-09,4761.23
4675,45733,2020-05-31,7914.4
4676,1711,2024-02-27,1683.1
4677,32421,2024-06-08,3796.96
4678,17545,2024-07-01,4646.3
4679,39186,2020-11-09,842.54
4680,25958,2024-12-27,322.95
4681,48981,2024-03-10,5125.43
4682,46764,2021-09-21,9079.08
4683,15822,2020-06-26,1116.0
4684,16615,2023-03-07,1381.69
4685,22759,2023-01-12,670.45
4686,3187,2022-02-20,3685.35
4687,39622,2020-01-19,4000.48
4688,28479,2022-11-19,9834.86
4689,2563,2023-08-29,8246.48
4690,18416,2020-09-28,3718.58
4691,32880,2020-01-22,3869.21
4692,45989,2023-08-26,4220.79
4693,38676,2023-01-12,5944.47
4694,25949,2022-04-17,8777.1
4695,39021,2021-09-12,2372.3
4696,35918,2022-07-27,2531.07
4697,46609,2024-10-26,9905.39
4698,9955,2021-05-03,4942.71
4699,1721,2021-02-06,6876.24
4700,21219,2021-05-31,8102.51
4701,14816,2021-08-05,4944.08
4702,11636,2024-02-14,262.45
4703,522,2023-07-23,7521.69
4704,11165,2021-02-02,5872.84
4705,2424,2024-04-22,8789.49
4706,5243,2023-02-26,8026.41
4707,6732,2021-09-21,4010.05
4708,49787,2022-10-25,521.78
4709,42133,2024-02-14,5542.7
4710,13313,2021-03-13,9813.39
4711,32164,2024-06-08,1797.29
4712,29395,2020-11-12,5121.56
4713,33135,2024-06-01,1286.49
4714,6290,2025-04-20,9398.13
4715,14949,2020-05-04,8290.38
4716,36552,2022-06-12,5418.24
4717,6027,2020-03-16,6423.41
4718,11077,2023-07-30,6494.33
4719,36757,2022-08-23,9543.03
4720,12907,2025-03-09,9711.87
4721,43477,2024-02-28,6685.89
4722,20692,2022-03-03,3010.7
4723,12553,2020-12-12,6430.76
4724,25201,2022-07-29,5604.1
4725,30340,2020-05-09,7911.29
4726,44378,2021-10-23,8645.42
4727,1804,2023-10-07,6412.63
4728,34003,2025-01-19,5216.9
4729,13305,2023-03-14,8583.66
4730,25683,2021-12-01,4518.53
4731,40019,2022-10-12,4823.85
4732,17146,2021-04-29,269.72
4733,41309,2021-07-31,811.57
4734,31015,2023-06-22,4352.88
4735,22716,2023-06-21,175.35
4736,23970,2023-02-16,2114.24
4737,23355,2021-10-27,6827.93
4738,33664,2024-01-03,6325.67
4739,48712,2024-08-23,5711.71
4740,48006,2024-03-16,8268.72
4741,42912,2021-07-05,3677.52
4742,7452,2023-04-09,6632.79
4743,331,2020-10-26,6481.01
4744,28124,2023-04-28,6626.14
4745,3552,2020-10-18,6771.71
4746,14377,2022-08-09,8043.35
4747,27720,2022-07-23,6122.08
4748,47060,2022-09-11,8774.03
4749,46680,2022-06-27,4333.78
4750,31476,2025-01-04,9737.2
4751,17307,2024-07-19,432.8
4752,17903,2022-09-22,1427.41
4753,21813,2022-02-18,928.74
4754,19835,2021-06-16,4438.93
4755,5114,2020-03-27,5920.05
4756,36107,2023-11-26,4481.24
4757,26863,2022-02-19,2180.4
4758,47703,2024-12-15,2397.22
4759,14998,2025-05-08,8091.12
4760,15472,2021-07-11,628.96
4761,40866,2021-09-15,9915.93
4762,6462,2023-04-23,7235.04
4763,41007,2025-05-07,9219.82
4764,13605,2024-03-03,1909.95
4765,21719,2023-04-28,5636.16
4766,24637,2024-05-10,5336.71
4767,28070,2023-02-26,6246.03
4768,39910,2021-03-16,7799.04
4769,43392,2023-02-07,7166.12
4770,19872,2025-02-20,3990.38
4771,30533,2024-08-18,8706.05
4772,12222,2020-05-11,241.07
4773,32638,2024-02-17,2607.03
4774,14233,2023-05-07,5242.7
4775,18209,2023-01-03,8605.5
4776,49908,2023-05-12,4049.21
4777,25152,2022-07-24,7782.74
4778,48528,2020-02-22,2724.53
4779,2225,2020-02-08,9696.49
4780,12381,2023-08-07,253.01
4781,32379,2024-02-14,1850.69
4782,26127,2020-12-03,316.92
4783,6420,2021-01-28,269.67
4784,534,2022-10-16,9066.65
4785,14519,2020-02-20,2831.4
4786,864,2022-06-04,2419.25
4787,46729,2023-04-30,2744.51
4788,25631,2021-12-19,8047.91
4789,3027,2020-11-10,3186.68
4790,26976,2024-12-22,5971.72
4791,22346,2023-02-10,8597.72
4792,11476,2020-04-24,3255.85
4793,30435,2024-11-29,1543.49
4794,17593,2022-04-24,768.03
4795,45983,2025-03-04,5676.93
4796,11435,2024-11-09,6097.69
4797,17482,2022-11-06,8723.35
4798,49405,2022-10-17,4788.09
4799,43913,2022-04-12,8685.6
4800,434,2023-05-14,5193.41
4801,18341,2020-09-13,5943.16
4802,19173,2023-01-16,5422.15
4803,9415,2023-10-29,3074.11
4804,84,2023-08-29,8452.25
4805,25288,2025-03-30,8854.64
4806,5777,2021-06-06,8499.4
4807,3046,2021-08-01,1162.47
4808,24793,2023-05-13,6698.35
4809,40397,2022-04-02,4496.49
4810,21741,2023-01-14,1067.78
4811,36784,2022-11-30,711.9
4812,2559,2021-09-08,7008.66
4813,43266,2025-06-01,4036.61
4814,35045,2024-04-14,3883.2
4815,37162,2020-10-07,2209.44
4816,19050,2020-09-12,6061.03
4817,49657,2025-06-13,1569.11
4818,21131,2023-09-05,140.33
4819,42745,2020-08-04,239.31
4820,39352,2023-01-31,3741.77
4821,42569,2023-12-03,7215.98
4822,26797,2021-03-25,6065.45
4823,4258,2024-08-24,2581.83
4824,22522,2022-08-08,1109.34
4825,37471,2024-09-17,3682.25
4826,37722,2023-07-03,8974.51
4827,1913,2023-01-14,3534.19
4828,16357,2024-09-13,1288.13
4829,42732,2024-07-10,8922.48
4830,12308,2025-04-04,3307.37
4831,23110,2023-06-24,7742.41
4832,33170,2021-10-19,2803.8
4833,13756,2022-02-22,8704.26
4834,30391,2023-04-22,910.45
4835,26932,2021-12-14,2606.59
4836,42521,2023-03-28,7301.96
4837,32322,2021-05-17,4005.67
4838,48412,2024-05-02,5550.97
4839,42474,2024-07-17,2842.47
4840,30041,2025-02-11,3676.41
4841,3348,2021-11-04,6104.05
4842,17734,2024-08-24,7945.03
4843,14885,2023-06-11,8930.46
4844,19472,2021-01-10,3652.45
4845,34999,2020-02-29,6341.0
4846,34560,2021-08-10,5029.86
4847,23566,2023-12-15,6597.59
4848,4120,2021-07-05,6256.53
4849,48723,2021-10-18,6240.33
4850,23334,2023-04-07,4419.13
4851,43244,2022-04-03,3006.06
4852,27474,2025-05-27,4270.32
4853,9993,2025-06-21,8387.15
4854,48884,2025-04-16,3494.26
4855,27127,2023-04-12,8628.24
4856,20735,2022-12-31,1745.93
4857,45433,2025-04-20,5581.96
4858,36813,2023-03-08,1180.35
4859,7475,2024-04-24,4480.34
4860,25709,2023-04-12,9708.27
4861,30515,2022-12-24,6300.58
4862,1342,2022-11-21,276.43
4863,11509,2024-07-01,8243.05
4864,41091,2024-09-11,5055.45
4865,46000,2024-12-06,6748.33
4866,38313,2023-10-19,6457.08
4867,23697,2024-07-08,1966.02
4868,48471,2024-01-06,4115.08
4869,37083,2022-06-29,2227.5
4870,42569,2023-02-28,1867.99
4871,41157,2020-09-06,5614.68
4872,38749,2023-03-06,2115.91
4873,4714,2023-03-05,2094.28
4874,18020,2024-03-14,6302.75
4875,10936,2020-03-14,4081.33
4876,13132,2023-11-04,2106.32
4877,13390,2021-06-03,3897.8
4878,46735,2022-02-22,5836.26
4879,1395,2022-02-17,6027.67
4880,25695,2020-10-05,8990.77
4881,34604,2022-08-09,9308.69
4882,10755,2022-04-03,2109.87
4883,8239,2022-10-14,4954.22
4884,29423,2024-08-12,4511.48
4885,40716,2025-03-10,7696.07
4886,22950,2023-11-26,2007.27
4887,38065,2022-03-17,2338.37
4888,47191,2025-04-06,1666.23
4889,41647,2021-10-09,7349.52
4890,9803,2021-10-06,2352.01
4891,35678,2023-10-02,4254.76
4892,33526,2022-02-11,2671.06
4893,23820,2021-06-14,9824.65
4894,41014,2021-01-15,6515.18
4895,43091,2020-03-01,2927.7
4896,47648,2025-01-11,1248.58
4897,39297,2024-08-08,4443.21
4898,10128,2025-06-03,1893.41
4899,39435,2020-07-06,1755.4
4900,6367,2021-01-20,3020.98
4901,10081,2021-05-17,9667.2
4902,20023,2020-06-26,4058.37
4903,8100,2022-08-16,2182.57
4904,26598,2023-09-12,3351.57
4905,17988,2023-04-15,4829.71
4906,39736,2020-04-23,811.28
4907,25020,2020-07-26,3119.44
4908,11874,2021-03-30,1517.69
4909,31905,2021-06-13,994.08
4910,6911,2022-05-25,9099.03
4911,46238,2021-08-24,2913.03
4912,4365,2024-10-22,2170.45
4913,17292,2023-03-13,7033.48
4914,3452,2024-04-30,668.74
4915,9248,2023-01-31,9735.07
4916,34909,2024-06-17,9851.48
4917,15870,2025-04-28,7672.44
4918,11042,2022-06-22,9871.56
4919,49747,2022-12-23,2635.53
4920,40716,2021-10-15,2620.86
4921,31833,2023-07-25,8702.52
4922,8346,2025-03-22,6114.29
4923,40640,2020-03-18,7258.53
4924,31902,2021-08-25,236.75
4925,418,2020-02-04,4692.19
4926,4349,2021-09-07,2855.6
4927,15649,2025-05-24,1624.43
4928,6912,2021-08-10,5236.03
4929,43167,2021-03-02,2841.15
4930,23327,2023-09-16,5479.74
4931,32717,2020-05-10,874.2
4932,36632,2021-04-01,7997.38
4933,4531,2023-02-04,9500.66
4934,20417,2024-01-02,6331.04
4935,3426,2023-07-22,1513.56
4936,33774,2025-05-15,7515.84
4937,20745,2022-08-14,8795.85
4938,41992,2020-10-05,3728.12
4939,25594,2024-10-09,5186.32
4940,39019,2020-09-16,730.48
4941,2980,2021-08-30,5522.05
4942,11869,2025-06-07,569.94
4943,45795,2022-10-24,3585.79
4944,33208,2023-04-25,2855.14
4945,3210,2020-08-05,1911.06
4946,15718,2022-05-08,8544.91
4947,13130,2024-07-16,6074.1
4948,17035,2025-03-10,6812.86
4949,24180,2022-04-27,4974.0
4950,27144,2020-10-12,7500.05
4951,42052,2023-10-13,3764.13
4952,26613,2023-03-30,4469.6
4953,12434,2023-05-16,923.83
4954,31994,2023-12-11,3264.8
4955,45440,2024-04-04,1144.96
4956,10708,2020-02-17,4868.23
4957,48639,2024-04-11,9393.51
4958,4986,2024-08-22,8129.16
4959,2563,2021-04-14,4428.73
4960,25999,2022-09-22,3077.0
4961,22460,2023-03-24,3361.29
4962,36552,2024-12-21,4779.3
4963,43758,2020-03-06,2503.96
4964,16439,2020-08-17,3447.59
4965,42054,2023-05-23,4973.56
4966,10105,2022-01-25,8426.55
4967,24932,2020-01-12,1044.18
4968,13600,2021-09-04,4107.34
4969,4870,2021-11-16,1985.0
4970,37776,2023-06-06,6406.63
4971,13297,2020-08-29,5750.01
4972,11202,2024-03-13,5814.9
4973,22226,2025-01-13,5374.29
4974,35034,2020-07-31,7362.47
4975,8916,2023-02-09,1625.19
4976,48853,2022-05-23,1939.45
4977,25870,2023-05-11,7118.1
4978,13970,2020-12-06,1404.58
4979,37128,2022-11-26,7297.06
4980,45400,2024-07-25,1727.78
4981,28457,2023-01-18,9916.59
4982,32623,2024-10-13,546.79
4983,9693,2021-03-20,7786.53
4984,47931,2020-11-22,2396.4
4985,32756,2023-01-30,3303.93
4986,7186,2025-05-20,9126.95
4987,18222,2021-04-19,3135.33
4988,46971,2021-07-12,3832.61
4989,15570,2024-07-13,1903.82
4990,8624,2021-06-12,864.02
4991,18204,2024-12-28,1169.06
4992,16165,2022-06-24,5977.24
4993,37140,2023-04-16,563.41
4994,17830,2022-08-28,2334.3
4995,7081,2022-08-12,3995.77
4996,21207,2022-02-24,1174.14
4997,18300,2021-12-06,7508.26
4998,49086,2021-02-22,9717.57
4999,47851,2024-03-21,8960.27
5000,38036,2021-05-29,9541.13
5001,26519,2021-12-11,5494.16
5002,26757,2022-11-24,1565.82
5003,29372,2023-06-16,6701.31
5004,11051,2021-08-11,690.77
5005,3966,2021-09-05,4813.67
5006,16676,2021-03-25,7914.18
5007,21605,2021-07-31,8563.7
5008,31677,2020-02-20,3024.16
5009,9261,2021-09-27,2297.19
5010,5603,2021-12-12,6925.74
5011,19613,2023-01-01,1473.79
5012,14561,2024-08-24,9940.69
5013,47002,2020-06-15,3388.44
5014,39816,2025-03-01,7518.79
5015,44105,2025-01-14,7283.19
5016,9110,2020-06-23,3170.85
5017,11436,2023-08-08,3923.36
5018,20393,2020-01-22,8432.66
5019,40356,2022-09-09,2356.74
5020,43744,2022-04-24,694.38
5021,23966,2024-10-28,1557.92
5022,21041,2023-04-10,6872.38
5023,15596,2024-09-26,2450.64
5024,13933,2023-04-27,5714.45
5025,29559,2020-09-01,3996.12
5026,48913,2024-03-02,8695.32
5027,30366,2020-05-16,4925.81
5028,29935,2020-10-30,1482.14
5029,43388,2023-07-21,8345.06
5030,34308,2020-03-30,918.39
5031,41044,2021-01-16,8299.62
5032,18321,2023-03-26,510.81
5033,19847,2025-05-21,135.99
5034,18791,2024-08-02,7579.8
5035,38261,2020-06-15,5644.85
5036,34366,2023-12-01,2228.66
5037,41018,2024-12-15,9662.88
5038,39596,2022-11-13,6406.43
5039,5946,2022-09-30,2461.81
5040,46070,2025-03-13,4218.29
5041,43772,2023-08-16,9140.47
5042,6984,2022-05-11,2113.66
5043,27273,2020-04-04,9275.92
5044,26350,2024-10-12,2246.16
5045,14854,2024-02-01,332.89
5046,27411,2025-01-14,2757.53
5047,38998,2024-07-04,640.74
5048,11412,2021-04-02,2406.17
5049,9792,2024-03-19,2792.66
5050,44507,2024-05-16,4225.15
5051,6811,2021-06-13,2898.7
5052,44167,2024-01-07,7146.21
5053,45320,2021-09-12,9711.25
5054,22851,2022-06-14,570.36
5055,20491,2024-07-19,5179.07
5056,3940,2020-11-15,2690.6
5057,40514,2024-06-24,4681.11
5058,8455,2023-11-28,7075.47
5059,21388,2021-11-22,8780.33
5060,26431,2020-10-18,8878.15
5061,11080,2021-12-02,1715.18
5062,8646,2020-10-30,5670.11
5063,42215,2025-03-02,2900.7
5064,3672,2023-06-22,5028.44
5065,11380,2021-07-22,9207.92
5066,22808,2024-05-11,700.59
5067,45606,2020-08-31,5982.14
5068,24556,2022-05-08,3661.22
5069,49351,2021-02-28,8694.24
5070,5898,2022-01-02,2261.3
5071,15006,2025-01-18,3396.57
5072,36583,2020-03-28,301.09
5073,22360,2022-12-21,4356.49
5074,40219,2021-02-16,6368.96
5075,16670,2021-07-04,2041.99
5076,33920,2021-08-16,6393.19
5077,42191,2020-01-10,7472.67
5078,49410,2024-01-08,2004.96
5079,49928,2022-12-15,7577.19
5080,45616,2023-07-12,9334.4
5081,33469,2024-09-09,2302.55
5082,37005,2025-06-17,1436.49
5083,978,2020-09-24,3400.73
5084,6037,2021-01-20,1988.09
5085,21220,2024-02-06,7774.94
5086,28620,2021-08-07,1414.98
5087,5762,2022-11-06,323.08
5088,20351,2020-02-04,3582.91
5089,1876,2025-05-19,7868.81
5090,11927,2024-09-26,6547.85
5091,32981,2021-12-10,5352.3
5092,28383,2022-09-29,4633.68
5093,27664,2025-02-21,6529.76
5094,22157,2022-03-13,4972.6
5095,20868,2021-04-07,7771.11
5096,30978,2020-07-18,8677.78
5097,23666,2020-10-16,1818.87
5098,25409,2022-10-31,2396.4
5099,24090,2025-03-16,5185.22
5100,17182,2025-04-06,8671.27
5101,47990,2024-10-22,9192.25
5102,38,2020-01-10,1345.65
5103,11156,2023-01-10,3101.04
5104,25625,2023-09-23,7719.17
5105,15412,2024-12-08,9343.33
5106,13139,2024-02-07,903.76
5107,10153,2022-06-04,4748.18
5108,40145,2020-06-27,5007.32
5109,4157,2024-06-06,185.02
5110,37122,2024-11-03,8557.9
5111,49287,2023-10-08,1163.19
5112,47164,2023-01-17,8391.18
5113,10429,2021-09-11,307.61
5114,2384,2023-04-25,9832.0
5115,27249,2021-05-28,5296.79
5116,15387,2022-02-08,3058.34
5117,30715,2020-05-12,6102.22
5118,3073,2024-08-12,2909.53
5119,41046,2024-03-07,1166.51
5120,23195,2022-07-17,2596.13
5121,39484,2024-02-24,8423.95
5122,10037,2020-11-20,2545.64
5123,5668,2024-08-18,4167.54
5124,32208,2024-01-05,5539.79
5125,15768,2024-08-04,8712.91
5126,11043,2024-06-27,207.26
5127,7569,2023-02-04,8832.72
5128,22341,2021-07-15,7437.18
5129,38355,2024-10-03,3929.03
5130,23403,2020-06-17,9921.31
5131,25442,2024-08-05,682.39
5132,38489,2022-08-27,7403.87
5133,17467,2023-09-09,7226.52
5134,5693,2022-03-21,9473.85
5135,41366,2025-05-28,8261.83
5136,35303,2022-03-27,5798.31
5137,43762,2021-05-23,2401.14
5138,24859,2020-05-25,5147.09
5139,37320,2022-04-28,1116.8
5140,49374,2023-01-23,4936.9
5141,40538,2022-10-12,2020.08
5142,9743,2022-09-19,9352.37
5143,34724,2021-02-12,4125.47
5144,40813,2023-11-20,1579.88
5145,11449,2022-08-08,335.05
5146,33484,2022-03-25,3371.49
5147,33833,2022-09-07,672.43
5148,23981,2022-09-03,4647.19
5149,15019,2024-06-07,565.77
5150,4876,2021-08-27,8349.46
5151,8900,2020-03-07,4709.96
5152,19139,2021-12-11,7949.04
5153,44517,2022-08-17,3704.32
5154,13542,2024-05-14,7701.93
5155,5728,2025-03-03,4112.54
5156,15223,2023-05-26,6746.66
5157,25087,2023-05-20,7161.11
5158,7042,2022-07-27,6064.56
5159,8238,2021-02-24,646.39
5160,42121,2023-03-29,3733.88
5161,9864,2024-02-15,7789.7
5162,24378,2020-12-06,9254.4
5163,1895,2020-06-28,6638.78
5164,26431,2024-05-07,9676.73
5165,31933,2025-03-11,2816.13
5166,17551,2023-07-01,1449.84
5167,17834,2022-10-16,3346.23
5168,35166,2023-04-22,6813.28
5169,28125,2022-04-19,3965.92
5170,19891,2021-01-20,6625.37
5171,44950,2020-08-30,7049.36
5172,41238,2025-05-21,6178.25
5173,23646,2024-03-31,7810.62
5174,46789,2025-02-25,2408.1
5175,12229,2025-05-09,1186.02
5176,1474,2020-05-17,577.73
5177,33246,2023-10-03,9763.37
5178,13888,2021-08-15,7206.43
5179,23702,2024-11-24,2460.55
5180,40589,2020-05-05,4821.63
5181,24295,2023-09-30,716.16
5182,49662,2023-05-15,6680.76
5183,25333,2023-11-26,9674.36
5184,11163,2025-02-26,7087.68
5185,38703,2024-11-25,6263.49
5186,30043,2020-09-14,9229.76
5187,44309,2023-02-25,5172.68
5188,20511,2023-08-12,7476.79
5189,42959,2021-07-07,9334.64
5190,9593,2023-05-31,6504.11
5191,33830,2021-08-29,5307.76
5192,4647,2021-10-26,5846.39
5193,4772,2024-07-22,7717.55
5194,33124,2024-10-11,613.61
5195,3009,2024-03-31,3348.39
5196,32325,2020-06-18,609.47
5197,16674,2021-11-07,7883.61
5198,40709,2020-12-26,9157.07
5199,14399,2022-09-28,4055.06
5200,9708,2021-07-02,2595.57
5201,43178,2021-12-11,501.78
5202,13,2020-05-13,167.67
5203,33157,2024-01-25,5498.34
5204,10976,2023-11-30,3400.88
5205,3678,2021-01-04,9644.64
5206,46769,2022-05-12,8192.77
5207,36188,2024-11-07,4563.98
5208,10597,2024-10-03,2066.4
5209,30364,2020-06-22,3889.54
5210,45689,2023-08-12,809.15
5211,27819,2023-08-26,6264.93
5212,3241,2022-12-05,8664.67
5213,3756,2021-02-23,4410.59
5214,2205,2024-07-12,4855.53
5215,1348,2020-10-23,9384.71
5216,13522,2024-10-31,3164.87
5217,24527,2022-05-15,1106.71
5218,48921,2022-04-14,782.82
5219,9412,2025-04-01,7705.31
5220,22798,2022-03-01,2261.6
5221,11963,2023-04-09,9989.59
5222,24638,2020-11-12,9635.14
5223,498,2023-07-20,8552.4
5224,40593,2022-01-02,5088.49
5225,6261,2024-09-24,5126.77
5226,915,2024-03-18,9328.31
5227,13725,2023-01-06,3043.52
5228,31702,2023-05-11,4918.28
5229,4964,2020-01-30,4085.65
5230,18759,2022-11-10,3649.88
5231,5660,2020-05-23,8929.2
5232,29622,2024-11-08,7271.62
5233,44808,2022-04-09,9450.16
5234,6877,2021-07-25,813.55
5235,12810,2021-09-18,8289.89
5236,23829,2023-11-17,3347.61
5237,46084,2022-01-28,5950.5
5238,10421,2024-05-20,7065.87
5239,29781,2022-07-10,1501.41
5240,35302,2020-12-27,7509.87
5241,33991,2023-09-08,3472.93
5242,7264,2023-07-18,2857.68
5243,40831,2024-12-08,4768.25
5244,29462,2021-06-14,7851.09
5245,11825,2024-11-03,4149.39
5246,16473,2021-06-09,5497.63
5247,7686,2023-03-12,2461.02
5248,19379,2024-06-10,3247.19
5249,39835,2023-07-14,9420.33
5250,25100,2020-03-03,9198.18
5251,14364,2022-03-21,8887.19
5252,22803,2020-07-13,3945.91
5253,14891,2021-11-13,390.53
5254,45155,2024-07-22,9198.59
5255,41615,2023-03-01,4067.44
5256,41413,2022-05-02,8055.37
5257,33060,2022-11-14,5205.2
5258,13921,2025-02-18,8944.58
5259,20053,2020-03-14,1257.65
5260,14307,2020-07-28,8314.73
5261,18218,2020-08-12,8687.32
5262,20059,2024-05-07,2971.75
5263,28973,2021-02-22,6289.89
5264,36382,2021-02-12,644.7
5265,44839,2020-05-10,3202.78
5266,14510,2022-08-04,3789.08
5267,28702,2020-06-26,1039.08
5268,41211,2024-03-28,4389.99
5269,2669,2020-10-17,6514.55
5270,36053,2024-02-05,6527.2
5271,41304,2022-08-08,4752.53
5272,16054,2020-05-25,1321.94
5273,3926,2022-08-04,879.76
5274,7147,2022-11-19,8242.33
5275,10586,2020-02-09,5639.76
5276,5614,2024-07-03,7523.98
5277,21601,2022-11-19,427.08
5278,47640,2023-04-24,4470.83
5279,25925,2023-09-29,9047.52
5280,31064,2021-08-24,7109.95
5281,4963,2022-04-12,7686.83
5282,7802,2023-10-08,4763.77
5283,16470,2022-12-31,7475.75
5284,17425,2022-11-01,6754.43
5285,2292,2023-11-16,1423.73
5286,10174,2025-06-17,1002.2
5287,45836,2020-03-18,1847.97
5288,23770,2023-07-21,887.31
5289,1933,2023-06-13,5821.79
5290,38918,2023-02-01,9655.71
5291,43971,2024-05-19,7757.83
5292,16765,2024-10-14,7478.05
5293,33547,2021-01-28,8317.77
5294,36224,2022-11-26,9021.79
5295,32892,2020-10-11,3109.62
5296,1084,2024-09-05,993.0
5297,18442,2023-02-01,7538.35
5298,23124,2021-12-28,4325.66
5299,26026,2025-03-28,9459.22
5300,46764,2023-08-16,9341.24
5301,19603,2022-07-20,9743.47
5302,20937,2024-04-02,7770.95
5303,37476,2021-08-13,6167.41
5304,16378,2025-05-05,7692.8
5305,1807,2023-06-12,2824.9
5306,13015,2020-12-30,121.78
5307,5671,2024-04-04,4663.87
5308,40435,2022-03-12,6432.99
5309,3670,2021-08-07,8405.34
5310,26105,2023-12-19,602.73
5311,28959,2024-03-06,552.77
5312,45263,2023-10-09,9373.48
5313,14236,2020-06-11,2092.88
5314,11520,2023-04-23,6913.88
5315,19124,2023-10-31,1554.44
5316,32753,2022-03-05,9021.49
5317,39955,2024-11-04,7505.48
5318,10194,2020-09-30,639.16
5319,33482,2025-04-24,2794.8
5320,24335,2021-10-19,9701.05
5321,41842,2021-10-28,8477.7
5322,10840,2022-01-04,571.85
5323,27823,2025-05-01,3142.32
5324,19384,2023-01-25,3356.36
5325,41203,2021-05-19,4849.27
5326,25236,2023-03-12,2831.49
5327,33739,2023-12-23,8310.84
5328,24329,2024-05-01,4761.14
5329,34309,2021-01-09,224.25
5330,33419,2025-01-01,3956.27
5331,31606,2024-04-03,5970.37
5332,6247,2025-03-05,6626.6
5333,5979,2022-01-05,1053.81
5334,27394,2022-12-04,5023.29
5335,20148,2023-01-31,4360.67
5336,42230,2022-10-14,1842.17
5337,34964,2020-09-08,1884.17
5338,32277,2024-05-11,9733.16
5339,25395,2025-02-10,4193.8
5340,11250,2024-07-12,6438.87
5341,9392,2023-03-26,2141.54
5342,33537,2024-02-14,9569.07
5343,37283,2022-11-05,9473.05
5344,34714,2023-03-19,7955.64
5345,19569,2020-11-23,4418.0
5346,48296,2023-08-27,4210.51
5347,21013,2025-04-15,8908.99
5348,8420,2024-02-14,8700.24
5349,13349,2021-10-17,9253.37
5350,18011,2022-04-02,2804.59
5351,42311,2022-03-25,6655.44
5352,23704,2024-03-11,6750.38
5353,4274,2020-03-13,3664.04
5354,48310,2024-12-23,1036.07
5355,18398,2021-09-14,1133.46
5356,45678,2023-01-27,8444.66
5357,10088,2021-01-29,3483.24
5358,15469,2023-05-19,8914.89
5359,22684,2022-05-12,2934.22
5360,15269,2024-08-05,2106.33
5361,43268,2021-03-12,3989.41
5362,16655,2021-09-24,7267.38
5363,29084,2022-05-08,6239.87
5364,7205,2024-04-17,1586.81
5365,16777,2020-07-17,9813.19
5366,48910,2021-12-27,9786.33
5367,32379,2020-12-21,2791.77
5368,23776,2022-11-11,5347.84
5369,32752,2025-01-30,2353.38
5370,47471,2021-07-23,9922.64
5371,37758,2024-12-23,3548.21
5372,8786,2025-03-22,9029.42
5373,5198,2024-01-22,4347.49
5374,32282,2022-10-07,7190.55
5375,24884,2024-08-02,9063.54
5376,15002,2024-01-07,6249.92
5377,33328,2021-04-13,2385.79
5378,6003,2020-11-23,7995.91
5379,4009,2024-01-24,9098.11
5380,34164,2023-06-06,982.23
5381,44417,2024-04-17,3796.16
5382,25714,2021-09-17,9926.96
5383,37141,2023-05-02,6553.52
5384,39534,2023-11-17,1824.26
5385,15432,2024-01-24,8446.36
5386,14327,2023-07-29,4763.99
5387,36249,2024-09-04,8632.28
5388,47119,2021-07-20,7658.72
5389,41002,2021-01-01,7248.73
5390,45076,2020-06-28,2775.3
5391,17424,2021-01-27,5628.59
5392,33415,2023-06-30,8567.34
5393,607,2022-09-01,8556.89
5394,10333,2023-06-26,1788.47
5395,10130,2023-03-04,4071.08
5396,31822,2022-09-29,4652.57
5397,30559,2023-08-29,4860.67
5398,5618,2020-07-03,4632.77
5399,25234,2020-04-28,1049.92
5400,32576,2025-05-10,9044.83
5401,44953,2020-11-24,7836.44
5402,30746,2022-04-25,4370.01
5403,33224,2022-07-14,9517.93
5404,21581,2024-05-05,5459.8
5405,45408,2023-08-19,673.6
5406,26614,2022-05-29,4487.22
5407,923,2020-03-24,2143.3
5408,4058,2022-10-03,9981.79
5409,14639,2021-03-13,1327.61
5410,49479,2021-10-24,3131.46
5411,32891,2024-01-26,6814.88
5412,43186,2021-11-28,2311.34
5413,46382,2023-08-28,1211.09
5414,21512,2024-04-15,3920.54
5415,40962,2020-11-19,8965.04
5416,17554,2022-09-11,5814.08
5417,43556,2020-07-08,7482.57
5418,46680,2024-07-08,2921.65
5419,23010,2022-09-05,8940.0
5420,1066,2021-07-25,5651.62
5421,18059,2021-02-24,3603.49
5422,2619,2022-03-12,6585.49
5423,23220,2023-07-04,4128.79
5424,22749,2023-08-13,2844.67
5425,2097,2024-10-24,7691.06
5426,33720,2024-06-27,1166.63
5427,7622,2023-12-22,6672.68
5428,49904,2022-03-13,5301.43
5429,17024,2023-03-24,5184.31
5430,18250,2021-10-22,3490.75
5431,8119,2023-05-08,2822.67
5432,19123,2023-09-23,6933.92
5433,27865,2020-10-05,8127.57
5434,13796,2021-07-06,3923.84
5435,39451,2020-09-11,1527.66
5436,23167,2021-04-21,312.81
5437,21812,2021-04-08,5839.53
5438,34720,2023-12-28,2575.26
5439,12588,2021-05-19,4187.66
5440,38788,2020-07-20,5617.03
5441,16944,2021-04-09,7263.39
5442,15714,2021-06-17,4293.07
5443,8976,2022-11-29,7055.09
5444,36540,2023-02-27,9144.16
5445,6959,2025-01-07,2845.74
5446,26443,2023-12-08,6999.7
5447,12815,2020-06-20,3109.39
5448,6648,2020-08-18,772.91
5449,25702,2020-08-24,919.25
5450,27230,2021-08-17,7053.39
5451,13496,2020-01-10,1577.95
5452,8080,2020-03-24,9965.62
5453,13977,2024-01-10,5481.59
5454,15680,2022-07-08,3193.68
5455,12892,2025-04-09,6091.96
5456,31502,2021-01-13,992.06
5457,29154,2022-12-04,622.93
5458,30968,2021-09-28,5417.13
5459,9284,2024-08-08,1875.41
5460,11534,2024-08-06,818.28
5461,34512,2021-05-16,6316.49
5462,3983,2025-03-09,4544.42
5463,30413,2021-09-07,5021.09
5464,34449,2020-02-09,7666.95
5465,16476,2023-11-24,6911.96
5466,36788,2024-06-27,8074.31
5467,5770,2025-02-13,975.45
5468,42479,2025-04-03,914.29
5469,25016,2023-10-15,5813.33
5470,26362,2021-12-10,9236.68
5471,41399,2022-09-19,7487.1
5472,39543,2020-08-27,7043.33
5473,5317,2023-11-21,3604.65
5474,21859,2025-06-10,5734.49
5475,40150,2024-02-12,6991.92
5476,42091,2021-07-15,5103.36
5477,8821,2020-06-05,2383.2
5478,19401,2022-08-11,6821.19
5479,39844,2024-07-28,5200.75
5480,3081,2023-06-02,2574.48
5481,37006,2022-02-11,5324.99
5482,30230,2024-11-20,3494.44
5483,44816,2023-04-06,760.7
5484,36521,2021-05-30,4776.19
5485,48835,2021-06-02,9691.29
5486,11358,2022-09-02,2566.71
5487,31645,2024-04-21,4465.99
5488,25281,2024-07-06,8232.37
5489,42326,2021-08-09,9503.26
5490,14624,2020-07-05,653.27
5491,40628,2024-05-04,7521.85
5492,14234,2022-04-16,3286.72
5493,15263,2023-03-26,1162.73
5494,1556,2024-01-02,7581.75
5495,46932,2022-06-05,4762.64
5496,37829,2021-08-23,2150.15
5497,20012,2023-05-03,7202.59
5498,20466,2024-02-12,2288.84
5499,5820,2020-01-30,6329.46
5500,34786,2021-02-07,3409.2
5501,38494,2022-09-16,2346.6
5502,27583,2022-12-26,493.0
5503,34573,2021-07-26,1648.63
5504,16007,2023-08-16,9352.66
5505,8862,2024-05-10,4561.19
5506,47615,2020-03-19,8465.55
5507,38677,2022-08-13,7629.34
5508,49952,2023-04-07,6952.03
5509,16517,2022-04-25,7395.15
5510,6493,2025-01-05,1759.8
5511,25123,2022-03-28,2541.56
5512,22063,2023-03-07,7807.02
5513,29678,2024-12-13,6712.36
5514,29835,2020-01-15,8135.2
5515,23789,2024-06-16,6889.18
5516,24842,2024-09-12,7876.78
5517,10410,2024-02-14,5869.18
5518,1240,2025-06-15,8187.59
5519,49269,2022-12-10,3303.54
5520,44270,2021-12-21,772.65
5521,7924,2023-02-18,2092.89
5522,24400,2022-12-25,1602.21
5523,34743,2022-11-15,4776.31
5524,18866,2022-03-16,9054.34
5525,30112,2022-09-29,3178.18
5526,7108,2022-06-11,5218.76
5527,33377,2022-05-09,8169.22
5528,49682,2023-08-02,8723.86
5529,40047,2022-01-16,2854.3
5530,28369,2022-12-14,5280.71
5531,34645,2021-10-10,2637.89
5532,15937,2022-10-16,4252.73
5533,18043,2022-02-22,3983.92
5534,45294,2022-11-13,734.25
5535,31084,2020-08-01,370.68
5536,16793,2022-02-26,6217.35
5537,42271,2020-03-02,1800.82
5538,47060,2020-02-21,1568.69
5539,32986,2024-07-19,3645.85
5540,27027,2023-09-19,2391.23
5541,15582,2022-12-11,7480.21
5542,47449,2020-10-25,6527.81
5543,18916,2021-08-30,9627.53
5544,4209,2021-10-11,4080.01
5545,29714,2020-11-17,362.66
5546,40388,2020-11-22,8483.81
5547,14555,2025-06-07,1314.76
5548,5190,2021-09-04,2761.09
5549,41985,2020-01-15,6340.96
5550,24422,2020-11-26,4669.79
5551,6243,2021-08-18,6949.62
5552,43607,2023-08-22,2018.49
5553,46672,2022-11-30,5896.31
5554,16699,2020-02-29,4595.0
5555,226,2020-10-15,5913.89
5556,8671,2022-03-30,8831.74
5557,31211,2024-08-28,5381.22
5558,42676,2021-04-12,7435.26
5559,6387,2021-01-12,7466.43
5560,8280,2020-07-10,6654.47
5561,37847,2021-01-28,4885.75
5562,16864,2020-12-17,133.43
5563,16693,2021-09-03,1299.47
5564,39567,2025-05-23,5476.71
5565,16924,2025-06-05,533.97
5566,46548,2020-11-10,548.31
5567,49242,2023-03-09,1348.64
5568,48826,2021-07-23,2408.06
5569,46066,2020-08-04,9996.32
5570,549,2020-01-09,1291.25
5571,2,2022-08-02,2784.89
5572,17442,2024-01-08,6860.34
5573,13626,2020-03-21,6799.04
5574,10466,2024-10-07,8760.32
5575,40521,2021-04-16,6145.65
5576,31677,2024-06-28,2731.49
5577,43893,2022-02-01,2468.25
5578,5627,2021-07-16,8316.02
5579,21430,2021-03-04,1068.03
5580,20596,2022-12-26,4860.6
5581,42526,2021-01-04,4879.98
5582,16979,2020-12-26,7416.19
5583,39391,2023-01-08,9955.39
5584,10960,2024-04-02,5013.21
5585,47419,2024-11-01,7776.55
5586,11962,2022-08-14,8530.09
5587,38776,2020-06-26,437.45
5588,26511,2021-10-15,6393.93
5589,14411,2021-10-11,8855.27
5590,7517,2025-06-16,7232.39
5591,39594,2021-01-24,7757.41
5592,12120,2022-02-09,8128.31
5593,6483,2024-07-06,292.2
5594,23721,2024-06-09,9295.73
5595,16437,2021-01-20,9071.68
5596,49062,2024-11-01,6052.89
5597,16641,2022-04-23,3553.38
5598,31966,2025-03-27,3753.17
5599,7756,2025-04-04,5398.96
5600,34862,2022-08-05,2987.48
5601,19281,2023-01-29,5703.93
5602,35444,2020-05-20,6217.31
5603,34817,2021-06-27,7311.97
5604,2125,2022-07-09,751.31
5605,20170,2021-05-13,760.94
5606,19334,2023-12-16,9232.86
5607,39753,2023-11-13,7470.6
5608,18050,2025-03-07,3485.91
5609,38987,2022-07-02,344.72
5610,29018,2020-05-17,6132.8
5611,12124,2023-04-19,2565.35
5612,31053,2024-10-12,674.9
5613,15180,2023-12-12,7575.1
5614,2899,2024-04-14,9769.04
5615,23826,2025-05-05,7496.83
5616,48638,2021-10-12,1209.89
5617,28563,2021-08-20,3740.64
5618,16028,2020-06-06,2557.37
5619,30988,2024-03-16,3802.8
5620,13792,2020-01-06,5619.87
5621,9524,2021-08-12,6385.0
5622,38605,2024-09-15,3151.15
5623,47703,2023-05-03,6775.15
5624,45668,2020-02-27,6874.85
5625,31418,2022-09-25,9931.48
5626,1246,2023-05-15,4862.76
5627,18710,2024-06-18,3354.58
5628,35134,2023-07-03,8592.76
5629,27690,2024-03-13,1765.06
5630,19523,2022-06-10,4523.87
5631,43913,2020-05-26,6302.76
5632,31936,2022-08-14,1510.6
5633,41103,2022-04-09,640.47
5634,24730,2022-09-08,4031.87
5635,7262,2025-02-05,3563.93
5636,20858,2023-05-27,7475.36
5637,25110,2022-07-19,5378.1
5638,15926,2023-04-09,324.68
5639,44521,2024-03-20,9199.31
5640,39549,2023-02-25,8622.38
5641,23354,2022-12-05,840.0
5642,44751,2022-03-13,2623.55
5643,14317,2020-12-21,6275.89
5644,12981,2023-01-29,1886.24
5645,49939,2024-07-17,9740.84
5646,6306,2021-12-27,4264.98
5647,466,2025-05-09,7075.17
5648,30998,2024-11-30,5161.06
5649,10712,2024-01-08,3152.32
5650,32909,2023-07-05,6999.61
5651,40571,2020-04-10,4806.26
5652,18112,2020-06-11,6394.41
5653,11832,2021-07-11,3991.5
5654,1992,2022-10-24,9973.77
5655,41770,2022-02-01,2145.38
5656,35650,2023-11-08,1912.77
5657,17087,2024-01-07,193.43
5658,26843,2024-05-02,8718.33
5659,2082,2023-10-31,1655.56
5660,43293,2024-03-19,2541.52
5661,26010,2024-09-29,2142.94
5662,9623,2024-05-05,9794.46
5663,37924,2022-11-06,8545.22
5664,44406,2023-07-07,7516.09
5665,33033,2020-12-07,3942.3
5666,41813,2021-11-27,166.92
5667,23850,2022-09-07,9681.74
5668,18148,2025-06-18,2112.77
5669,24131,2021-10-08,751.06
5670,28695,2022-08-01,3864.81
5671,47639,2022-05-09,2859.18
5672,47173,2020-08-25,9446.22
5673,24589,2022-04-24,370.01
5674,48394,2024-02-23,9790.57
5675,22264,2023-03-30,5908.5
5676,30978,2024-02-20,3068.29
5677,33716,2022-04-24,8694.39
5678,11905,2023-05-04,4229.19
5679,3782,2023-02-25,5372.61
5680,26422,2021-03-15,1512.6
5681,3347,2023-07-28,8815.13
5682,27745,2022-10-07,8795.06
5683,46108,2023-01-12,7541.43
5684,14156,2023-10-13,7287.43
5685,16337,2020-06-11,2082.35
5686,25704,2023-09-14,4482.52
5687,23843,2024-06-17,1009.91
5688,11785,2021-02-26,5955.74
5689,6880,2020-01-23,2190.32
5690,4536,2021-01-29,3055.44
5691,19494,2023-01-07,8174.8
5692,46863,2024-11-09,9852.64
5693,20589,2023-02-14,3859.7
5694,2478,2024-12-18,7963.96
5695,26021,2023-09-22,1406.79
5696,22874,2025-05-20,5335.93
5697,16765,2023-07-15,5557.08
5698,42488,2020-08-30,8893.34
5699,46652,2023-12-13,2489.79
5700,35390,2023-08-06,735.66
5701,36350,2020-05-08,3563.78
5702,5663,2023-06-26,7487.44
5703,19486,2023-03-29,555.37
5704,27399,2025-04-07,1546.46
5705,2206,2023-12-02,549.23
5706,44193,2024-01-18,5014.85
5707,36208,2021-05-23,8267.41
5708,1383,2023-09-17,2738.36
5709,25199,2022-07-06,411.18
5710,12838,2023-06-18,1847.2
5711,38291,2022-07-19,929.05
5712,39561,2024-02-01,5579.26
5713,134,2021-02-16,5051.34
5714,4797,2020-04-22,2526.01
5715,45009,2022-07-01,8438.35
5716,5797,2020-06-04,4167.25
5717,27215,2023-08-19,9693.85
5718,42236,2021-02-28,2408.12
5719,12494,2020-01-17,6263.22
5720,41468,2021-05-30,7975.55
5721,530,2024-03-07,1971.92
5722,35007,2022-11-30,7953.28
5723,22461,2021-10-07,8854.46
5724,27833,2025-06-21,6710.45
5725,406,2025-05-17,8969.71
5726,4184,2023-03-21,3985.45
5727,37471,2022-12-13,4077.42
5728,5553,2021-12-12,282.47
5729,4370,2022-10-11,8009.91
5730,31714,2022-05-22,427.87
5731,8253,2020-12-12,2712.39
5732,41042,2021-09-30,6240.36
5733,13390,2024-12-27,6116.1
5734,36548,2023-07-12,4856.69
5735,32647,2024-10-11,6214.83
5736,36743,2022-03-31,3290.28
5737,21825,2021-09-27,2116.62
5738,15220,2020-01-02,3000.49
5739,29208,2023-05-22,2550.83
5740,10912,2021-02-07,4348.37
5741,29962,2022-06-06,7606.88
5742,3111,2022-05-23,3319.28
5743,13893,2024-11-30,3622.37
5744,1022,2023-06-07,7004.61
5745,43404,2024-09-03,9141.38
5746,11543,2022-04-09,2677.01
5747,35775,2023-07-16,7382.92
5748,39246,2023-02-10,6275.83
5749,1216,2023-03-17,5260.38
5750,49473,2025-05-25,288.99
5751,12630,2023-03-03,3869.36
5752,17436,2021-10-16,2133.25
5753,36154,2020-07-18,1487.82
5754,31959,2021-07-29,2827.49
5755,22546,2021-05-24,6565.22
5756,3182,2024-06-17,5430.72
5757,4729,2025-05-09,4425.75
5758,14829,2023-04-02,1536.14
5759,23340,2020-05-10,7805.03
5760,11840,2020-12-12,4863.1
5761,34307,2020-08-09,6487.52
5762,39182,2023-02-20,464.44
5763,46055,2021-04-08,8933.73
5764,39047,2020-02-09,5228.23
5765,43520,2021-02-25,3559.49
5766,35217,2022-09-06,8286.48
5767,34287,2020-02-14,8136.28
5768,5203,2020-07-08,2278.44
5769,26279,2025-06-22,3773.88
5770,29317,2024-10-14,6095.09
5771,20559,2023-05-18,9986.02
5772,1332,2021-09-08,7885.84
5773,43629,2022-06-06,593.98
5774,9242,2021-08-29,7388.72
5775,34983,2024-05-20,4957.59
5776,41645,2020-01-24,281.22
5777,27469,2024-12-02,4583.12
5778,16845,2023-11-06,3341.18
5779,48279,2024-02-26,1133.33
5780,42024,2023-09-22,5379.04
5781,45856,2022-05-07,9422.72
5782,3941,2021-05-14,8759.35
5783,3665,2021-04-29,5648.87
5784,13652,2021-10-03,2145.78
5785,18606,2021-06-21,1234.93
5786,23082,2022-12-03,6869.58
5787,8359,2022-09-23,3980.29
5788,6342,2024-03-16,5266.83
5789,6584,2021-10-03,7797.1
5790,33327,2023-06-02,6065.86
5791,17938,2022-02-17,859.59
5792,37378,2021-02-17,9861.75
5793,24169,2024-04-18,1524.94
5794,38070,2022-04-08,9802.87
5795,32465,2020-12-12,5126.13
5796,47960,2020-04-16,8404.75
5797,2462,2025-05-07,1327.24
5798,35307,2023-05-07,8627.04
5799,36359,2023-10-14,1381.21
5800,48847,2024-11-01,8911.78
5801,13881,2023-07-05,4482.31
5802,27166,2022-12-23,8627.98
5803,10491,2021-08-28,2829.46
5804,34525,2024-11-10,7111.32
5805,39665,2021-01-21,7762.92
5806,19116,2021-01-17,5048.7
5807,40941,2024-01-13,8662.43
5808,25064,2020-06-06,6860.7
5809,30439,2020-04-10,3214.12
5810,34717,2021-04-21,9302.39
5811,48986,2024-08-25,3465.19
5812,45092,2021-09-25,7336.77
5813,27747,2023-06-07,6957.16
5814,369,2024-08-12,1407.16
5815,28592,2023-06-28,4337.34
5816,16275,2020-08-16,5785.23
5817,33727,2021-08-16,1944.12
5818,24834,2025-01-27,1084.13
5819,45710,2024-02-20,5507.63
5820,23248,2024-07-02,1617.18
5821,26212,2021-07-19,7901.92
5822,40040,2024-02-14,8568.21
5823,37104,2024-09-19,1028.17
5824,2416,2024-02-25,7060.16
5825,40227,2023-02-10,7349.05
5826,47253,2021-07-03,755.61
5827,29404,2023-08-02,6003.56
5828,45457,2021-01-20,6255.31
5829,19954,2020-01-20,5168.84
5830,24864,2025-05-17,6929.84
5831,9879,2021-04-08,2544.8
5832,20614,2024-05-22,2686.97
5833,5917,2025-03-18,9245.96
5834,38719,2021-12-17,6823.4
5835,42438,2020-07-24,4030.22
5836,4321,2024-03-24,6749.31
5837,19069,2024-11-06,7507.53
5838,2032,2021-02-01,3091.83
5839,12896,2024-12-07,5244.82
5840,19281,2021-05-20,1235.57
5841,900,2020-09-22,6052.07
5842,32496,2023-05-07,6910.64
5843,38815,2023-08-29,7457.55
5844,7062,2022-10-26,9608.84
5845,49563,2025-04-20,1751.05
5846,24950,2023-07-16,787.45
5847,47189,2021-07-24,9430.73
5848,20564,2022-03-25,6521.25
5849,49634,2024-11-20,5674.92
5850,40279,2023-11-04,4290.41
5851,8172,2023-02-17,4463.91
5852,272,2022-02-10,3040.06
5853,43014,2021-06-21,6284.05
5854,3536,2021-06-27,252.5
5855,20999,2022-08-09,5486.78
5856,47118,2021-03-26,675.13
5857,35843,2023-11-19,7267.49
5858,42721,2022-06-04,9625.22
5859,8180,2021-03-17,1933.48
5860,32548,2025-01-17,2816.81
5861,12775,2023-03-26,5432.89
5862,17181,2023-02-27,4949.78
5863,8167,2023-06-12,8181.06
5864,40324,2024-01-15,1344.19
5865,18919,2022-12-08,5576.47
5866,33705,2021-01-03,9229.83
5867,43140,2021-02-08,6703.88
5868,12794,2024-04-01,2761.7
5869,6098,2023-02-06,719.99
5870,10873,2021-12-17,4248.59
5871,14572,2023-01-24,4723.13
5872,32791,2024-03-02,1417.1
5873,45670,2022-06-17,4854.02
5874,35972,2024-04-26,6799.58
5875,49604,2024-09-07,4807.74
5876,274,2023-02-13,2343.81
5877,17409,2020-12-16,9588.2
5878,28192,2021-11-01,1238.11
5879,10901,2024-07-19,6122.96
5880,24742,2021-01-19,7319.75
5881,8489,2020-12-13,2771.91
5882,40625,2024-06-10,3857.48
5883,13405,2024-07-09,4419.09
5884,9129,2021-05-17,6505.15
5885,33339,2024-05-23,5171.87
5886,15236,2021-05-27,1993.17
5887,24717,2022-04-27,8936.08
5888,6707,2020-07-21,3707.54
5889,31734,2020-02-05,3887.74
5890,33535,2024-06-24,8018.65
5891,1627,2025-02-14,5401.05
5892,30001,2021-11-29,2390.7
5893,33422,2021-07-26,9153.9
5894,47525,2020-11-27,8071.29
5895,12318,2024-10-23,6039.44
5896,38603,2022-01-17,5169.73
5897,5625,2023-07-07,6786.16
5898,38811,2020-04-28,3672.46
5899,35646,2023-08-21,6971.59
5900,4607,2025-01-06,479.12
5901,48131,2024-10-31,4057.78
5902,19910,2023-04-26,6212.6
5903,48679,2023-05-08,6251.78
5904,5395,2023-05-08,806.6
5905,44393,2025-03-27,7224.29
5906,14434,2022-02-27,939.04
5907,29660,2020-02-09,7434.24
5908,31872,2022-08-25,9128.76
5909,9383,2022-05-10,9755.75
5910,12554,2022-04-26,6074.99
5911,7156,2024-06-01,7169.28
5912,16768,2024-06-25,2414.86
5913,2199,2024-01-21,3807.62
5914,5368,2024-10-20,220.92
5915,16955,2023-04-06,7999.77
5916,26842,2020-09-01,6926.76
5917,36500,2025-04-30,2653.85
5918,19373,2020-06-18,4952.03
5919,6475,2025-03-10,7311.22
5920,49914,2023-06-27,6698.73
5921,23787,2022-06-12,3274.14
5922,27137,2021-04-27,3760.48
5923,928,2021-02-23,1626.88
5924,18529,2021-10-12,1462.53
5925,30656,2020-03-17,4108.19
5926,34567,2020-02-04,4848.63
5927,26714,2024-03-04,9511.91
5928,11463,2025-02-19,5103.73
5929,11364,2020-10-19,1978.61
5930,40366,2024-02-24,1775.43
5931,13893,2020-05-19,3518.06
5932,13014,2023-12-28,9196.17
5933,30828,2025-04-28,7959.16
5934,12452,2022-09-14,4988.92
5935,16835,2022-04-10,9562.26
5936,25394,2021-01-09,2233.29
5937,39160,2024-07-01,4401.96
5938,6586,2021-05-18,110.18
5939,30694,2021-04-10,8680.1
5940,36654,2023-07-13,1662.55
5941,44742,2025-01-23,9581.23
5942,18932,2020-04-12,5121.14
5943,43287,2024-03-18,9940.12
5944,29196,2021-12-09,5459.0
5945,17594,2025-01-20,4608.88
5946,32492,2025-04-15,4774.32
5947,12776,2025-06-20,8374.14
5948,12512,2020-10-27,3687.34
5949,20407,2024-08-31,8547.95
5950,45157,2023-10-07,8874.95
5951,11006,2024-09-01,2959.57
5952,27922,2024-04-17,9275.65
5953,14200,2022-04-17,1987.15
5954,43683,2021-04-22,8282.88
5955,43440,2024-03-21,1770.38
5956,4645,2021-04-23,7205.41
5957,9728,2025-04-05,9758.61
5958,10630,2023-03-23,853.64
5959,39123,2020-02-17,2043.83
5960,42880,2024-10-25,3595.28
5961,5206,2025-01-22,3665.25
5962,38393,2022-12-28,1903.27
5963,13051,2023-04-12,5019.07
5964,22736,2023-12-26,7928.18
5965,41946,2021-07-06,8046.17
5966,44327,2020-04-16,4715.45
5967,21252,2024-03-31,3203.79
5968,11152,2023-04-18,2492.55
5969,19057,2022-02-18,7183.63
5970,27923,2020-09-27,943.91
5971,40540,2020-07-31,5498.48
5972,11641,2020-12-22,5460.45
5973,29457,2024-04-05,1216.46
5974,27821,2025-04-28,4765.09
5975,15490,2021-12-21,2572.57
5976,44930,2022-08-25,1748.7
5977,47704,2022-07-14,912.22
5978,38646,2024-12-29,2013.98
5979,43575,2022-08-19,6484.56
5980,19291,2024-12-29,7320.45
5981,25072,2024-11-14,2362.61
5982,22907,2023-03-25,5780.21
5983,20836,2023-01-18,3778.8
5984,15756,2022-03-19,5461.64
5985,20918,2025-04-04,2537.35
5986,36828,2022-12-22,554.79
5987,41788,2023-12-13,3335.8
5988,39924,2023-12-26,1690.74
5989,36910,2021-05-05,7369.26
5990,21089,2022-11-28,7330.82
5991,4145,2020-05-27,819.97
5992,18552,2025-02-11,4027.65
5993,44690,2021-04-23,1019.34
5994,48972,2020-06-14,7176.92
5995,44793,2020-01-23,281.64
5996,35914,2022-06-26,4436.42
5997,32152,2023-07-09,1608.99
5998,14609,2021-12-28,6682.19
5999,41984,2023-01-26,2218.2
6000,48122,2024-02-13,4126.01
6001,23659,2021-06-02,150.17
6002,46944,2025-01-16,9890.26
6003,31065,2020-09-26,7565.53
6004,9012,2024-10-29,1727.6
6005,26183,2020-01-16,4493.14
6006,26269,2024-11-08,5032.64
6007,34131,2024-08-13,2337.16
6008,33227,2023-07-21,941.1
6009,21170,2020-08-08,5737.74
6010,47479,2025-04-10,8367.64
6011,23439,2024-05-22,5760.94
6012,3743,2023-07-28,6344.63
6013,35896,2021-06-28,5948.51
6014,18427,2021-07-16,4618.85
6015,49392,2024-12-19,1558.24
6016,15635,2022-03-28,2103.44
6017,4934,2024-08-11,3344.8
6018,43932,2022-09-25,3011.71
6019,32150,2021-07-28,5263.79
6020,37532,2025-04-24,4266.05
6021,3664,2020-05-01,6405.15
6022,9330,2023-10-23,8419.28
6023,40481,2021-06-22,586.2
6024,26738,2023-05-17,4677.82
6025,1001,2022-10-09,2234.9
6026,47021,2020-06-02,9111.23
6027,17840,2023-07-22,5490.06
6028,22006,2023-06-02,8853.45
6029,9587,2020-02-27,6736.25
6030,5695,2022-02-01,1439.12
6031,26138,2020-08-27,8483.12
6032,12033,2024-03-03,3242.72
6033,9662,2023-07-10,7461.21
6034,37469,2022-09-17,5133.82
6035,20680,2023-06-08,7328.97
6036,30058,2021-02-02,5322.84
6037,46979,2022-12-25,9286.71
6038,15053,2021-03-25,5150.23
6039,12372,2023-05-17,700.98
6040,40555,2021-04-26,4577.08
6041,5367,2021-03-06,9677.86
6042,1908,2020-02-15,7917.03
6043,3589,2025-02-23,6352.29
6044,26892,2024-10-04,1597.89
6045,7984,2024-04-28,1913.26
6046,31758,2021-10-10,7251.28
6047,31541,2022-12-30,7333.54
6048,10458,2024-12-07,3796.17
6049,15326,2024-07-08,9945.72
6050,17642,2021-07-21,6945.47
6051,47149,2020-05-11,8955.47
6052,2208,2021-01-15,558.52
6053,13470,2020-10-19,6273.41
6054,8972,2022-05-07,7520.37
6055,7268,2022-06-03,7993.74
6056,27731,2023-08-06,6756.79
6057,556,2023-09-21,6098.66
6058,40929,2024-06-28,7486.63
6059,39594,2022-12-06,481.45
6060,3093,2020-01-30,7538.23
6061,34042,2024-07-11,3363.05
6062,1213,2022-12-05,7634.2
6063,30018,2022-04-27,7793.08
6064,26469,2024-05-24,2838.19
6065,41754,2024-04-17,7180.26
6066,2720,2022-12-09,3356.42
6067,28891,2024-12-11,7275.15
6068,27665,2022-02-26,1979.66
6069,23044,2024-01-23,868.95
6070,33831,2022-06-13,5923.55
6071,16143,2020-03-28,2011.45
6072,26401,2022-11-29,8957.0
6073,33469,2021-06-27,1667.09
6074,6490,2021-05-03,6109.84
6075,41263,2020-04-06,7002.24
6076,5250,2021-09-15,125.08
6077,22996,2022-01-19,8708.18
6078,29018,2021-06-07,7294.36
6079,39746,2020-09-27,7718.24
6080,32192,2023-04-25,657.49
6081,22722,2021-11-30,3585.73
6082,2992,2021-08-06,6458.78
6083,31057,2024-11-30,2366.3
6084,20242,2020-01-27,8336.49
6085,9395,2023-01-29,4142.04
6086,5872,2024-01-05,8030.76
6087,2692,2021-11-23,8773.81
6088,14497,2022-08-31,4807.43
6089,4503,2022-10-15,2349.14
6090,1205,2021-07-04,3872.93
6091,17677,2023-11-23,5044.07
6092,11753,2020-10-01,4607.4
6093,45550,2021-09-20,146.26
6094,18623,2020-01-14,936.45
6095,30056,2023-09-12,4616.98
6096,33322,2025-04-09,4425.05
6097,29791,2025-05-07,8911.43
6098,46681,2021-12-28,2839.27
6099,15981,2024-07-18,9776.01
6100,10985,2022-03-03,9727.96
6101,36702,2023-12-19,1965.57
6102,14357,2024-06-12,342.25
6103,39888,2025-01-15,2058.14
6104,35183,2020-04-20,4252.69
6105,15046,2024-06-02,3737.53
6106,10794,2024-09-01,4788.52
6107,38600,2020-11-18,6949.15
6108,5505,2022-05-17,5228.88
6109,27981,2024-01-13,3513.3
6110,1690,2024-04-06,6789.46
6111,24528,2024-08-18,3408.49
6112,3953,2025-03-02,3591.31
6113,38951,2022-05-20,3498.01
6114,47151,2020-08-04,3109.67
6115,9528,2021-05-27,7035.03
6116,12273,2025-05-17,1832.31
6117,22487,2021-02-10,7766.09
6118,46808,2024-12-01,9233.45
6119,10350,2024-07-05,2835.18
6120,14509,2021-09-02,7070.38
6121,17729,2023-01-03,6079.39
6122,10756,2024-08-05,3065.33
6123,1981,2021-03-28,2440.02
6124,41021,2022-01-11,9444.21
6125,24425,2022-06-18,7001.4
6126,15507,2022-07-28,6482.13
6127,36182,2021-08-08,9969.74
6128,1892,2022-08-26,3598.25
6129,31379,2022-11-22,2364.87
6130,7743,2023-04-26,3364.76
6131,19741,2024-06-29,1784.47
6132,30681,2025-06-12,9257.28
6133,23808,2024-04-30,6999.23
6134,37911,2022-10-14,6089.01
6135,33537,2022-03-05,8084.97
6136,17469,2025-03-13,5206.86
6137,8399,2020-01-28,1988.59
6138,37657,2021-03-05,1627.1
6139,21357,2020-04-16,5274.02
6140,16376,2022-11-23,8074.1
6141,26476,2023-12-07,2294.4
6142,13313,2021-08-30,7078.65
6143,26901,2020-05-06,2573.05
6144,49911,2025-05-28,4384.95
6145,14251,2024-05-11,705.4
6146,38026,2021-09-27,5082.11
6147,39234,2023-03-19,1775.89
6148,44561,2022-02-01,8458.47
6149,30332,2022-06-29,9578.05
6150,23437,2021-06-22,930.29
6151,34395,2021-12-14,5384.65
6152,30966,2020-05-02,7070.82
6153,45532,2020-03-29,746.84
6154,31857,2021-07-25,5581.35
6155,126,2023-09-16,9373.3
6156,26890,2020-03-12,5312.59
6157,22666,2025-04-24,6247.93
6158,19702,2021-03-31,3342.99
6159,5358,2020-10-19,6189.98
6160,21807,2025-04-27,8891.25
6161,49122,2021-09-13,3360.43
6162,33838,2023-02-23,7744.89
6163,46453,2021-07-13,5749.72
6164,3196,2025-04-26,2646.67
6165,40004,2023-06-29,3974.63
6166,28086,2022-10-09,3643.53
6167,14838,2021-04-16,4737.49
6168,38212,2020-09-25,1216.4
6169,33412,2025-03-24,1593.6
6170,40297,2023-06-08,3846.52
6171,12235,2020-11-10,5663.29
6172,30081,2022-06-19,6217.67
6173,17133,2021-06-10,9112.81
6174,15931,2024-04-08,5732.28
6175,44697,2022-04-22,7324.92
6176,37769,2022-08-09,4869.04
6177,42777,2022-09-03,5281.29
6178,13906,2022-02-14,5940.25
6179,29127,2024-06-29,5269.15
6180,18158,2024-02-04,3163.38
6181,40346,2024-07-12,9775.46
6182,4920,2025-03-08,6225.48
6183,44609,2022-09-13,3526.76
6184,35517,2023-04-08,8006.32
6185,49673,2023-02-12,1721.3
6186,4490,2021-10-08,9925.99
6187,15216,2022-10-15,7909.12
6188,31115,2021-01-06,1065.03
6189,20576,2020-05-31,8497.88
6190,41045,2023-07-30,2659.82
6191,27576,2024-02-17,6414.48
6192,16800,2021-09-30,1734.89
6193,29267,2020-12-30,7136.47
6194,6088,2021-05-29,7598.09
6195,31395,2021-07-13,8530.63
6196,45782,2024-10-31,4929.24
6197,46980,2025-04-25,5579.26
6198,37085,2022-07-24,2228.54
6199,36670,2023-08-20,5205.4
6200,34111,2020-06-25,5365.05
6201,45535,2023-08-01,8111.4
6202,10632,2021-12-14,7141.2
6203,48716,2020-01-17,7013.07
6204,48222,2024-11-04,393.59
6205,37183,2021-06-02,5508.87
6206,13629,2020-06-19,9927.47
6207,16227,2023-08-07,7546.94
6208,28965,2024-08-30,8364.71
6209,11006,2024-09-26,4986.42
6210,4612,2023-05-13,8336.75
6211,17464,2020-05-13,8187.87
6212,11819,2024-01-28,5347.13
6213,41269,2024-11-28,5727.09
6214,2873,2021-07-04,615.18
6215,46431,2022-06-10,8545.52
6216,11131,2024-06-25,1425.87
6217,13856,2021-06-28,3077.82
6218,46192,2023-10-17,7470.48
6219,47329,2020-05-30,3079.9
6220,12051,2025-03-22,5104.7
6221,21332,2020-02-02,1625.83
6222,10032,2023-01-17,2986.19
6223,48202,2024-06-01,7369.51
6224,41114,2024-02-15,4240.91
6225,8302,2021-06-25,5675.07
6226,24914,2022-02-15,3634.73
6227,507,2025-02-28,9313.28
6228,43181,2023-02-23,8576.56
6229,8164,2022-12-30,1216.18
6230,35986,2020-03-02,9779.06
6231,4895,2024-10-01,8112.88
6232,43407,2023-09-12,1667.88
6233,47206,2022-01-15,512.09
6234,33757,2021-12-31,8940.93
6235,48655,2023-03-22,7601.8
6236,44393,2023-04-13,2828.06
6237,30715,2023-08-23,9524.84
6238,42967,2022-09-10,9070.82
6239,49326,2024-12-24,2210.95
6240,42827,2020-12-19,4051.83
6241,34231,2023-10-27,568.8
6242,25630,2023-05-10,3151.68
6243,43561,2021-09-28,5010.16
6244,28739,2022-07-20,727.96
6245,45544,2022-09-01,3434.09
6246,49937,2024-09-20,1593.08
6247,38426,2023-10-13,9242.99
6248,38006,2025-02-01,8312.0
6249,21861,2024-10-05,7686.8
6250,24824,2025-05-06,7767.59
6251,15674,2023-04-28,242.18
6252,34399,2021-10-27,6063.92
6253,10699,2022-08-17,5949.5
6254,15462,2021-05-18,9926.56
6255,726,2024-11-03,6362.18
6256,39918,2025-05-28,6540.7
6257,23683,2023-06-10,3869.97
6258,43384,2023-07-09,5053.76
6259,29566,2022-12-26,4013.21
6260,19868,2023-05-27,9123.43
6261,31200,2022-09-27,2108.35
6262,2692,2024-12-10,1588.96
6263,43110,2024-07-06,9969.45
6264,47051,2022-08-02,9315.17
6265,4153,2022-03-28,5971.14
6266,44225,2020-03-15,7750.65
6267,4527,2024-11-14,1198.76
6268,15103,2023-06-20,7706.67
6269,18896,2024-08-07,4702.23
6270,20642,2021-11-25,8287.51
6271,42156,2020-07-06,5204.31
6272,21486,2020-06-22,7294.84
6273,10337,2022-08-16,3460.03
6274,8331,2021-03-07,7344.57
6275,28813,2022-12-21,2791.64
6276,25913,2024-11-14,9548.27
6277,19412,2023-03-13,6737.15
6278,34213,2021-01-14,4836.82
6279,46938,2020-08-22,6099.3
6280,10605,2024-01-12,6202.75
6281,4634,2022-03-26,8560.86
6282,28114,2021-07-19,5626.84
6283,42253,2021-03-21,5678.88
6284,22600,2023-11-14,5908.69
6285,7585,2025-06-21,7753.63
6286,40144,2020-06-09,4962.6
6287,25770,2020-07-17,2209.42
6288,44775,2023-09-13,4238.72
6289,48000,2021-09-20,3817.31
6290,47391,2022-07-26,680.95
6291,45224,2023-02-20,8018.16
6292,37079,2024-04-14,8379.29
6293,38004,2021-06-02,2745.75
6294,41104,2022-07-24,3307.56
6295,20004,2020-11-12,3277.39
6296,11487,2024-02-25,5220.92
6297,1888,2020-05-21,4743.83
6298,12757,2023-04-27,8879.35
6299,1328,2020-11-15,4986.43
6300,21997,2021-07-20,1861.32
6301,26320,2022-04-14,7500.41
6302,31290,2023-01-18,8695.47
6303,38799,2023-12-22,6133.84
6304,14912,2022-04-05,7669.33
6305,41095,2023-03-31,2322.37
6306,4916,2024-03-15,9007.91
6307,19030,2021-08-28,845.14
6308,31406,2023-07-02,9001.64
6309,31270,2024-02-10,3703.0
6310,4237,2024-01-04,989.9
6311,47066,2021-10-30,1895.78
6312,29996,2023-04-03,9892.32
6313,45462,2024-11-06,3791.48
6314,11975,2020-12-10,7763.63
6315,29172,2020-03-08,4824.14
6316,35,2025-01-27,5809.68
6317,40579,2020-09-07,6401.79
6318,46819,2022-10-21,6067.45
6319,23919,2024-10-01,9983.09
6320,37520,2024-07-10,5559.18
6321,46509,2023-12-30,6250.8
6322,21136,2024-05-11,3558.62
6323,3778,2025-01-22,2481.73
6324,31078,2020-11-17,4545.03
6325,36518,2022-04-28,6181.05
6326,45080,2022-09-27,3215.19
6327,20914,2023-09-02,5046.69
6328,35031,2022-10-15,8167.49
6329,49516,2025-01-17,4296.37
6330,18899,2023-10-18,5824.18
6331,49977,2024-05-03,9257.44
6332,17531,2021-06-18,6269.85
6333,16982,2021-12-25,3176.47
6334,10705,2022-01-02,5740.89
6335,40014,2020-11-20,8622.29
6336,9464,2025-03-02,1612.81
6337,3686,2022-10-20,8252.87
6338,21841,2020-05-28,1094.53
6339,34889,2024-09-17,9576.07
6340,23358,2023-07-12,1679.78
6341,13032,2020-07-17,4714.94
6342,24078,2023-01-10,9514.34
6343,49386,2020-03-19,2166.63
6344,25788,2025-05-31,6454.25
6345,1301,2021-12-29,7399.4
6346,8615,2020-06-24,474.93
6347,18457,2020-12-01,5982.45
6348,34220,2025-06-03,7624.12
6349,21691,2021-12-24,9700.21
6350,30439,2021-05-07,1473.81
6351,26979,2020-02-06,8649.23
6352,15491,2020-04-24,6330.88
6353,4004,2022-10-25,7301.68
6354,4737,2022-07-17,7432.94
6355,30114,2021-03-24,7268.49
6356,29249,2022-01-21,9238.75
6357,12314,2022-05-30,1318.51
6358,530,2020-01-07,2905.29
6359,932,2023-08-14,9042.65
6360,20171,2023-09-01,4618.91
6361,26366,2023-11-12,4118.12
6362,37804,2024-11-30,5437.71
6363,9768,2023-06-14,3174.78
6364,19486,2020-11-28,6017.32
6365,14154,2024-06-22,8805.71
6366,31481,2022-05-24,4017.81
6367,25887,2025-04-21,2157.18
6368,34234,2023-02-13,1646.19
6369,3511,2021-09-28,7007.5
6370,6308,2022-08-03,828.28
6371,4431,2024-07-03,843.82
6372,43422,2021-12-15,9616.74
6373,590,2024-12-09,6703.69
6374,31343,2020-10-13,1973.41
6375,5463,2021-05-01,6361.26
6376,18715,2020-10-24,5829.95
6377,14700,2024-05-24,7813.93
6378,14590,2022-09-24,4294.46
6379,26047,2022-05-31,266.55
6380,48766,2020-05-18,4457.58
6381,36238,2023-03-18,6943.47
6382,171,2021-10-27,9577.22
6383,37067,2020-01-15,8417.47
6384,4376,2023-12-02,329.94
6385,404,2021-03-19,2521.98
6386,3528,2023-09-23,5543.73
6387,29470,2024-01-19,647.77
6388,25982,2020-04-14,5996.18
6389,2066,2025-05-08,4348.03
6390,24054,2022-03-06,6719.6
6391,30541,2021-10-30,2283.2
6392,42106,2020-08-26,1952.94
6393,28142,2022-03-30,9160.82
6394,29822,2021-09-13,3501.19
6395,18287,2020-07-08,9713.44
6396,42724,2024-05-10,1680.83
6397,21901,2020-09-14,7558.1
6398,4585,2023-01-10,2095.82
6399,47536,2020-07-11,7186.66
6400,39100,2023-09-04,2696.85
6401,21658,2021-07-25,3383.75
6402,124,2025-06-08,6448.47
6403,14217,2023-10-20,432.28
6404,32610,2025-03-15,2540.91
6405,23861,2021-02-01,8587.5
6406,8799,2022-03-06,3183.26
6407,12410,2020-02-13,9562.74
6408,42055,2022-06-07,1517.97
6409,18536,2024-01-07,7242.74
6410,19098,2023-11-29,1715.46
6411,48499,2021-04-12,7661.32
6412,45729,2020-10-16,2210.55
6413,46241,2021-04-26,8674.17
6414,13177,2023-10-21,6279.72
6415,34484,2024-01-01,8822.97
6416,26280,2020-06-15,6317.59
6417,36228,2020-09-16,8085.31
6418,13366,2022-01-16,8711.93
6419,43460,2020-06-04,4742.2
6420,39663,2025-01-04,6766.95
6421,34658,2021-12-05,363.21
6422,21041,2020-06-21,5014.0
6423,35696,2022-04-19,2203.85
6424,15137,2020-11-12,1233.62
6425,38021,2020-11-11,9965.02
6426,46035,2021-02-03,9970.99
6427,20626,2024-05-05,2207.9
6428,21635,2020-04-21,8984.47
6429,11618,2021-07-10,8980.64
6430,28282,2024-12-27,9766.85
6431,18946,2021-10-08,3983.94
6432,46145,2023-08-23,9326.87
6433,1827,2023-11-13,7840.26
6434,21316,2023-05-02,7375.69
6435,39971,2022-03-19,2553.38
6436,12616,2024-02-28,4955.46
6437,18860,2024-07-10,7901.58
6438,11037,2024-05-22,8482.94
6439,12196,2022-02-16,2058.57
6440,39246,2024-06-22,3181.31
6441,5418,2022-04-12,1709.27
6442,19569,2022-09-25,1597.75
6443,4722,2023-07-06,2212.32
6444,11783,2023-12-21,9102.39
6445,10637,2022-07-29,3689.25
6446,45590,2021-02-13,5026.37
6447,20537,2023-01-09,215.39
6448,19629,2021-05-20,7554.42
6449,17078,2023-08-14,2956.92
6450,35842,2024-05-26,7071.76
6451,22984,2020-01-30,2068.75
6452,15161,2022-04-19,3832.72
6453,36309,2020-08-08,5224.44
6454,3874,2021-01-05,6349.59
6455,14892,2023-06-27,1732.26
6456,16949,2024-11-13,4380.05
6457,44990,2020-01-24,216.83
6458,41456,2020-11-24,1413.82
6459,42846,2023-09-25,3348.98
6460,48460,2025-03-22,9374.76
6461,44869,2023-12-22,8844.56
6462,49793,2025-04-16,5286.04
6463,49315,2022-03-15,6083.65
6464,4347,2023-07-22,2953.98
6465,7705,2020-09-17,6731.59
6466,25220,2025-05-09,2447.54
6467,20809,2021-12-28,124.85
6468,10358,2021-05-15,9636.03
6469,37233,2025-05-28,3878.13
6470,27372,2021-07-17,5274.94
6471,9331,2022-07-18,1090.92
6472,20093,2023-10-22,5320.43
6473,45251,2023-03-05,9033.3
6474,23134,2023-06-15,8788.72
6475,16522,2022-10-24,5821.61
6476,9876,2024-11-06,8581.72
6477,7107,2020-12-23,3705.98
6478,23627,2021-12-12,2006.02
6479,48143,2020-03-13,4274.15
6480,48500,2022-11-30,8115.36
6481,4252,2021-05-10,7097.93
6482,31596,2021-02-28,3907.95
6483,1059,2024-11-17,3480.86
6484,4615,2024-04-15,9646.81
6485,20662,2020-04-04,2707.43
6486,26593,2020-02-29,3150.6
6487,8362,2023-12-29,3538.2
6488,10737,2025-01-05,7851.38
6489,21798,2024-01-18,8516.59
6490,20288,2020-01-25,2249.16
6491,7225,2022-08-30,4133.03
6492,32669,2021-12-09,8667.42
6493,15996,2022-04-08,3204.32
6494,48834,2022-07-02,4097.94
6495,3052,2022-04-18,5581.26
6496,31741,2025-05-11,6450.28
6497,36435,2024-05-18,3105.82
6498,35529,2024-01-01,5801.1
6499,27526,2020-12-27,7271.76
6500,34129,2023-09-20,991.88
6501,26626,2023-04-15,9993.29
6502,41383,2022-03-23,9334.21
6503,20358,2024-09-21,1613.89
6504,2830,2022-09-19,3386.28
6505,31473,2022-12-11,2886.71
6506,14810,2022-11-20,318.54
6507,146,2020-07-02,5069.56
6508,2374,2020-04-26,1666.46
6509,29260,2023-01-01,1453.81
6510,230,2023-03-16,2186.13
6511,26518,2020-05-03,7619.81
6512,10062,2025-02-04,1378.96
6513,5389,2024-09-13,6321.86
6514,19050,2024-06-23,2978.75
6515,47840,2022-09-18,777.2
6516,12059,2025-05-01,9781.67
6517,35598,2024-01-06,6512.61
6518,19721,2022-04-09,2115.74
6519,24201,2020-06-26,5111.18
6520,5049,2021-11-08,3946.54
6521,3296,2022-10-30,1836.05
6522,9577,2023-04-01,9615.8
6523,19747,2024-04-30,8607.29
6524,48282,2022-03-02,3755.44
6525,17773,2021-09-01,8127.1
6526,11843,2021-09-18,1977.07
6527,41245,2023-09-14,842.99
6528,596,2022-09-13,5313.52
6529,11076,2023-10-09,3985.31
6530,45582,2021-12-19,791.28
6531,45933,2020-03-31,6341.82
6532,30900,2020-12-12,8214.26
6533,9255,2021-09-30,5320.46
6534,44309,2021-02-19,633.74
6535,6656,2020-08-24,3836.57
6536,27654,2024-04-11,2582.94
6537,46263,2020-01-26,1570.62
6538,25128,2023-04-10,5042.46
6539,7878,2024-08-07,747.07
6540,28036,2025-04-19,725.22
6541,13052,2021-04-27,7789.5
6542,39653,2024-08-16,4332.55
6543,29689,2025-03-08,7472.16
6544,14809,2023-08-28,3333.32
6545,45522,2020-08-09,3566.7
6546,44121,2024-02-22,4339.68
6547,19990,2023-12-15,3114.47
6548,45358,2025-06-20,5634.54
6549,7288,2024-06-05,821.62
6550,49848,2023-05-28,5617.94
6551,15054,2023-06-09,7165.95
6552,14452,2021-10-17,9922.97
6553,19107,2023-07-05,6411.15
6554,14736,2022-09-06,7118.65
6555,9876,2022-07-14,5992.48
6556,24526,2020-11-24,9514.46
6557,41070,2024-01-02,8116.76
6558,10440,2023-04-29,6189.97
6559,24510,2025-03-21,3393.52
6560,35408,2023-09-05,3311.9
6561,25563,2022-12-24,7557.41
6562,47867,2021-10-28,9293.14
6563,46300,2020-09-02,9857.65
6564,36652,2023-03-06,2697.12
6565,24649,2022-09-06,5960.3
6566,21358,2025-02-25,7049.81
6567,19149,2020-06-15,4189.1
6568,10675,2020-06-11,1181.32
6569,36758,2021-11-03,2931.27
6570,44766,2023-11-21,5203.34
6571,30368,2022-04-25,1238.58
6572,592,2023-12-31,3198.48
6573,45171,2022-10-21,2651.66
6574,40985,2020-06-26,3608.65
6575,22705,2025-02-05,6900.2
6576,5399,2025-05-20,4814.34
6577,10533,2024-02-13,3824.2
6578,38108,2022-10-10,2820.32
6579,25603,2022-05-20,6917.69
6580,36668,2020-08-31,6776.86
6581,28987,2021-11-22,4520.17
6582,9623,2024-12-30,2859.98
6583,42529,2023-06-15,8108.32
6584,39606,2023-02-14,8536.08
6585,14887,2023-10-03,8476.97
6586,23705,2020-01-07,3987.42
6587,30783,2023-04-12,2616.26
6588,42073,2023-02-13,8475.73
6589,12391,2020-09-11,9799.4
6590,46779,2021-04-16,2016.97
6591,49311,2024-06-02,6401.06
6592,27185,2021-06-19,3363.31
6593,33502,2021-08-25,4909.7
6594,2029,2021-07-04,5765.22
6595,23228,2022-08-15,5432.87
6596,49917,2020-07-13,7640.5
6597,15213,2025-02-08,9719.6
6598,27114,2020-07-22,951.93
6599,32960,2023-04-07,6866.06
6600,24820,2020-06-05,5280.71
6601,39906,2024-10-01,4027.01
6602,29255,2022-08-27,6655.26
6603,28507,2022-02-23,8872.81
6604,17485,2022-06-23,6145.04
6605,16215,2025-03-25,8223.12
6606,8973,2021-05-04,3023.49
6607,49946,2021-05-20,4432.86
6608,21483,2024-12-11,1825.71
6609,27530,2020-01-04,5768.4
6610,10973,2021-10-22,7420.68
6611,8283,2024-05-25,5835.28
6612,6712,2025-05-21,9129.12
6613,27012,2022-06-22,8607.78
6614,34410,2021-07-11,4301.37
6615,3359,2021-12-24,5765.29
6616,3857,2024-07-28,6505.49
6617,41396,2023-02-07,8093.98
6618,26405,2023-05-06,839.99
6619,1917,2021-01-27,8093.4
6620,48020,2022-08-31,759.72
6621,16431,2021-03-07,7223.36
6622,24567,2020-04-09,4706.62
6623,29642,2020-02-21,2448.75
6624,2355,2023-12-07,7099.15
6625,16498,2022-10-23,8716.75
6626,33850,2021-09-12,8304.3
6627,31074,2023-03-28,2021.86
6628,44263,2023-09-29,6080.62
6629,46859,2022-12-22,6664.9
6630,46092,2023-03-21,618.28
6631,47821,2023-04-14,3349.6
6632,34358,2020-04-09,1132.43
6633,24098,2024-12-31,4226.57
6634,4856,2025-03-24,7300.01
6635,9630,2024-04-09,8072.19
6636,38799,2020-07-02,7656.13
6637,34294,2020-12-24,2789.54
6638,46728,2023-06-24,1571.99
6639,28902,2021-06-16,8737.73
6640,12644,2021-10-16,7450.88
6641,22952,2024-10-27,7577.18
6642,37364,2025-06-15,2781.41
6643,23830,2023-02-28,5764.25
6644,38368,2025-03-27,8989.3
6645,28692,2022-10-30,8358.19
6646,41704,2020-06-26,2747.14
6647,10734,2021-12-19,9513.32
6648,34934,2021-05-23,3849.18
6649,9847,2023-02-23,5769.61
6650,44468,2025-02-14,7340.09
6651,21954,2024-03-28,2583.77
6652,5779,2022-12-03,3995.32
6653,11994,2024-11-06,9299.91
6654,20196,2023-11-09,850.01
6655,19854,2024-09-06,302.2
6656,16647,2023-06-27,9650.65
6657,14265,2022-12-14,8764.8
6658,4432,2024-08-23,8024.32
6659,29194,2022-08-25,3401.86
6660,15211,2020-09-28,3828.37
6661,28310,2021-07-13,8983.12
6662,20186,2023-08-07,9752.8
6663,41977,2022-12-10,707.46
6664,14540,2025-06-02,4735.65
6665,17368,2022-04-25,4066.38
6666,7672,2024-06-28,7396.04
6667,17944,2023-10-02,4984.82
6668,35471,2021-03-03,877.95
6669,47960,2022-08-01,1756.03
6670,10456,2023-11-09,3143.61
6671,16282,2022-01-23,7893.83
6672,38455,2025-03-13,7759.46
6673,23906,2020-12-15,7738.94
6674,4498,2020-10-17,7791.06
6675,5803,2021-05-25,4222.81
6676,4269,2025-04-13,6186.01
6677,47897,2020-12-16,1533.63
6678,4049,2024-03-27,2321.41
6679,33275,2024-06-27,3303.3
6680,39056,2021-06-30,5181.93
6681,12215,2020-08-13,1920.14
6682,247,2021-11-09,8757.07
6683,28088,2024-07-21,6251.06
6684,39453,2023-10-07,5416.39
6685,47424,2021-12-16,259.08
6686,40321,2021-03-04,5667.47
6687,28284,2022-03-06,9166.33
6688,29357,2021-12-23,2316.71
6689,14570,2025-04-27,2285.08
6690,44570,2022-07-04,9155.08
6691,28245,2021-04-14,8343.69
6692,45618,2021-06-06,6837.34
6693,27122,2023-07-31,7358.89
6694,9635,2022-01-13,686.19
6695,35408,2020-01-20,7637.03
6696,23069,2025-06-11,7471.44
6697,36926,2024-11-13,594.78
6698,46151,2025-06-05,7918.34
6699,1919,2023-10-27,6444.77
6700,22306,2023-08-30,5756.39
6701,33712,2022-03-18,5193.3
6702,24693,2024-12-03,5183.72
6703,18942,2022-05-03,2420.31
6704,30216,2023-12-15,130.62
6705,25800,2024-11-26,9601.75
6706,33757,2022-09-27,4667.9
6707,30388,2021-02-16,530.42
6708,40705,2020-03-16,3378.37
6709,39462,2023-10-04,3793.39
6710,27399,2021-02-23,8724.19
6711,14673,2021-06-30,3488.71
6712,37048,2021-09-10,8804.87
6713,23545,2024-08-12,4481.22
6714,14616,2023-07-21,1752.7
6715,42697,2024-01-04,2930.17
6716,35882,2023-01-14,8493.61
6717,9516,2021-08-17,1687.06
6718,25092,2021-06-29,6189.0
6719,27616,2024-01-20,7282.57
6720,11628,2020-11-25,3190.44
6721,14326,2023-01-11,8056.36
6722,4215,2024-06-25,3198.39
6723,35917,2024-03-24,2793.38
6724,2887,2022-03-29,843.46
6725,12179,2024-04-12,5896.36
6726,23675,2020-08-09,5371.39
6727,2482,2024-12-21,6658.51
6728,34194,2023-05-18,4733.23
6729,23902,2023-12-30,2136.03
6730,33436,2022-10-20,1125.55
6731,5533,2021-06-21,5042.5
6732,22857,2020-05-26,5418.97
6733,16487,2022-10-11,9329.32
6734,29543,2023-05-27,4996.8
6735,21845,2025-03-06,9333.89
6736,30637,2020-03-08,6389.85
6737,36454,2020-10-31,1587.61
6738,30599,2020-01-26,951.74
6739,21549,2025-01-10,9619.65
6740,22873,2020-11-18,2117.5
6741,32817,2021-09-20,3542.47
6742,28791,2023-01-28,450.53
6743,4948,2024-07-28,2821.08
6744,26002,2024-12-06,9568.6
6745,16168,2021-05-07,1003.86
6746,30226,2024-09-27,8996.61
6747,45057,2025-04-10,748.58
6748,12449,2021-10-23,6544.23
6749,4720,2023-07-01,5004.17
6750,28695,2022-09-16,7333.29
6751,14812,2024-02-02,7799.33
6752,22485,2025-01-18,6810.33
6753,6909,2020-01-29,2044.29
6754,10156,2025-04-14,6381.41
6755,24135,2023-02-24,6217.48
6756,13900,2023-04-29,8519.2
6757,33267,2022-09-02,1230.54
6758,16871,2024-09-20,6073.03
6759,7580,2025-01-21,2138.16
6760,25351,2023-02-18,6669.28
6761,5741,2023-06-13,5231.1
6762,889,2022-04-04,1980.42
6763,21172,2025-04-09,1319.58
6764,31232,2022-11-26,7015.71
6765,11921,2023-07-16,8197.6
6766,28350,2023-06-02,3763.43
6767,20494,2020-02-16,6258.81
6768,43252,2024-03-02,8077.86
6769,28083,2024-01-19,7263.5
6770,7737,2025-02-09,7321.32
6771,23556,2021-04-25,5621.89
6772,1105,2021-12-04,1454.19
6773,30243,2023-10-08,9473.05
6774,25454,2022-07-28,3139.21
6775,16565,2023-12-26,1232.51
6776,4768,2024-02-20,8650.66
6777,44409,2021-08-25,8837.62
6778,32223,2021-05-08,8774.31
6779,8409,2025-03-09,5213.13
6780,2811,2024-08-08,3160.47
6781,25201,2023-02-15,8136.34
6782,22718,2020-06-21,9282.99
6783,47106,2025-05-05,201.58
6784,13887,2023-06-14,9066.63
6785,15835,2024-11-03,2439.15
6786,12748,2020-01-24,7967.89
6787,17016,2023-01-14,8122.56
6788,13045,2025-05-23,5661.73
6789,47888,2021-07-24,4432.23
6790,49283,2024-11-25,2323.92
6791,44249,2020-09-15,2476.54
6792,8722,2022-12-26,5025.89
6793,13543,2022-11-03,1511.63
6794,42794,2023-01-24,6799.23
6795,28904,2021-04-01,414.09
6796,33916,2024-12-12,365.46
6797,33330,2023-05-25,5150.68
6798,19971,2024-09-28,2732.83
6799,48500,2020-07-08,4826.78
6800,34941,2024-01-24,5621.44
6801,10623,2024-09-18,3181.67
6802,23557,2020-12-16,8802.89
6803,14521,2023-03-18,5011.84
6804,84,2021-02-27,8240.38
6805,2988,2025-01-26,8939.9
6806,12953,2020-02-20,8903.88
6807,47814,2021-12-13,750.86
6808,6876,2023-01-13,544.94
6809,21527,2023-05-09,5961.13
6810,5080,2022-10-30,4159.98
6811,33674,2022-07-25,7740.22
6812,6794,2021-05-06,9541.01
6813,19617,2020-09-24,767.2
6814,14019,2025-06-17,6341.91
6815,25697,2020-07-30,6085.27
6816,26186,2024-03-01,8701.37
6817,41499,2021-03-23,3205.92
6818,47267,2021-01-18,5205.17
6819,38974,2020-09-11,9412.93
6820,12551,2023-12-17,9956.15
6821,32967,2020-12-18,5718.41
6822,42492,2020-07-10,2158.11
6823,20507,2023-05-07,7955.37
6824,21485,2023-07-04,3813.67
6825,38083,2020-01-14,9132.15
6826,21943,2022-07-29,7975.39
6827,43824,2023-11-29,9403.54
6828,2371,2024-09-04,2226.97
6829,12633,2022-05-30,4213.06
6830,12200,2021-12-12,2572.06
6831,42594,2022-04-28,9411.39
6832,5322,2024-05-16,7372.42
6833,1372,2024-04-29,343.59
6834,41395,2024-01-01,2866.23
6835,19488,2023-11-07,7402.01
6836,840,2023-10-24,6843.5
6837,6292,2022-04-26,474.04
6838,44677,2022-06-16,3914.26
6839,30590,2022-06-27,7957.61
6840,16297,2023-06-21,3456.09
6841,6413,2025-05-02,2476.75
6842,15051,2023-03-25,7131.26
6843,24186,2024-12-04,6565.34
6844,27746,2021-02-22,350.17
6845,45292,2024-12-20,9068.21
6846,37507,2022-10-27,4916.15
6847,21391,2024-04-12,8588.68
6848,23292,2022-09-08,3968.01
6849,16225,2020-03-30,3816.16
6850,19000,2024-10-10,1308.84
6851,33660,2023-04-29,7998.94
6852,41721,2024-10-31,140.81
6853,1226,2021-06-01,2966.95
6854,35065,2025-03-28,819.08
6855,21294,2021-01-10,7149.12
6856,49102,2023-07-14,7195.3
6857,11509,2022-11-27,3204.06
6858,13537,2021-03-25,7051.84
6859,865,2024-01-10,2559.08
6860,39351,2022-11-21,3208.13
6861,46391,2024-12-22,8090.08
6862,11773,2023-05-31,7418.1
6863,2102,2022-03-10,7761.72
6864,18753,2023-04-01,1216.19
6865,17627,2024-07-23,1413.43
6866,11059,2022-06-17,3102.08
6867,17312,2021-11-03,1124.1
6868,38357,2020-01-07,5260.7
6869,23276,2023-05-21,5356.54
6870,19328,2022-08-01,3541.11
6871,347,2021-08-23,4205.22
6872,6820,2020-03-20,1083.93
6873,33257,2022-07-07,6820.68
6874,42041,2020-12-02,2722.28
6875,7709,2020-12-18,7794.35
6876,1111,2020-12-24,7732.73
6877,2426,2024-02-03,5952.91
6878,9579,2022-02-15,4445.8
6879,4404,2023-09-08,2147.0
6880,34703,2020-06-24,9381.89
6881,3161,2023-04-01,8972.01
6882,29649,2025-01-27,7546.53
6883,37555,2025-04-27,9190.53
6884,40223,2025-02-04,9002.43
6885,49099,2024-10-12,5269.61
6886,44628,2022-01-29,2176.61
6887,30943,2021-08-12,2118.4
6888,6800,2023-07-06,5021.97
6889,164,2024-03-21,7277.25
6890,5415,2021-02-23,4104.89
6891,25227,2020-03-26,4097.51
6892,44692,2022-03-31,821.34
6893,30682,2020-05-11,7809.97
6894,43320,2024-03-25,1799.55
6895,7921,2022-01-05,8995.69
6896,24307,2024-02-27,1824.94
6897,7642,2025-03-19,7448.39
6898,30890,2020-02-18,7481.88
6899,13192,2022-07-27,8630.64
6900,44325,2022-08-21,5260.69
6901,42107,2022-11-02,4086.19
6902,21237,2025-02-17,1061.08
6903,21392,2023-10-21,8364.28
6904,2569,2023-10-30,4229.06
6905,37707,2024-09-02,9892.34
6906,3797,2022-01-27,3058.77
6907,26428,2020-12-23,4436.93
6908,29235,2020-06-24,4222.98
6909,35143,2023-05-26,4829.13
6910,1932,2021-10-31,2303.81
6911,32320,2022-03-21,2810.13
6912,23411,2021-11-01,4659.12
6913,23272,2022-03-29,7732.88
6914,15893,2023-08-10,7470.8
6915,29701,2025-06-18,1926.49
6916,7174,2021-10-20,5361.3
6917,4139,2021-10-24,5270.79
6918,23834,2023-12-28,5750.99
6919,47965,2023-04-12,3214.92
6920,30851,2025-01-06,7210.03
6921,40587,2023-05-10,2875.81
6922,35865,2024-06-02,3355.97
6923,4673,2022-05-31,1997.78
6924,8452,2023-11-25,1689.52
6925,31156,2023-12-30,8824.7
6926,14719,2023-07-16,4000.43
6927,40897,2025-04-27,7579.52
6928,31430,2020-12-01,7609.5
6929,38306,2024-02-19,5751.28
6930,5595,2021-09-05,8276.41
6931,9325,2025-05-03,108.52
6932,12816,2023-02-06,1701.26
6933,19147,2025-03-28,8554.68
6934,42638,2021-07-09,9374.3
6935,870,2025-03-25,5158.77
6936,29258,2021-06-10,6963.4
6937,24509,2024-03-19,1645.8
6938,42549,2024-11-18,6747.16
6939,48314,2020-08-23,6528.61
6940,41535,2024-05-06,1185.22
6941,20479,2023-05-10,7852.53
6942,19757,2025-03-10,432.44
6943,48354,2024-04-30,9801.98
6944,39137,2024-05-13,9664.11
6945,42167,2023-04-12,7890.4
6946,6305,2021-06-27,4920.83
6947,42046,2023-03-18,3051.19
6948,15271,2023-08-01,3456.68
6949,49549,2022-07-14,1121.01
6950,48721,2024-07-14,7279.46
6951,34633,2024-12-03,9612.41
6952,46477,2021-07-07,2464.55
6953,43024,2022-02-05,9779.96
6954,22757,2025-02-08,4584.62
6955,15271,2024-03-05,1487.71
6956,39521,2021-11-20,7743.92
6957,44392,2021-08-20,8317.72
6958,22336,2021-05-22,3443.97
6959,49804,2022-11-06,9672.82
6960,43937,2023-11-26,5409.93
6961,41615,2020-08-25,418.08
6962,17233,2024-07-26,3512.29
6963,25763,2021-03-20,7682.74
6964,48479,2022-07-23,2068.0
6965,8670,2021-12-21,1403.49
6966,30331,2025-03-04,6177.0
6967,33830,2021-12-08,3059.35
6968,33744,2025-05-14,6174.62
6969,48426,2022-12-31,3222.81
6970,12141,2020-01-26,7735.51
6971,31976,2020-03-29,4273.85
6972,43857,2024-02-16,9863.27
6973,5884,2020-08-22,3810.01
6974,49671,2020-02-08,1550.68
6975,44600,2025-06-17,6387.73
6976,35717,2025-02-01,7313.52
6977,29864,2020-02-13,3510.94
6978,20187,2020-12-25,7484.28
6979,47556,2022-12-23,3480.67
6980,36801,2022-07-23,1061.82
6981,9045,2024-09-15,923.67
6982,28842,2024-02-05,4818.01
6983,45794,2024-06-09,9837.75
6984,41922,2022-06-27,5365.92
6985,11545,2025-04-07,5368.56
6986,24582,2020-10-10,8642.22
6987,37128,2024-06-06,9478.54
6988,43027,2022-02-09,1841.7
6989,18697,2024-11-24,1406.93
6990,15521,2022-03-05,6856.59
6991,48904,2024-09-20,6156.35
6992,2854,2024-03-10,3522.65
6993,39072,2020-11-26,8965.76
6994,15522,2024-07-27,5472.09
6995,44375,2023-08-20,1814.53
6996,48046,2024-10-24,3955.68
6997,35201,2024-05-10,8790.67
6998,11271,2024-04-13,284.4
6999,37739,2024-10-01,8395.57
7000,43888,2022-04-22,9521.29
7001,14872,2024-07-13,3726.96
7002,30850,2024-01-20,2919.4
7003,12031,2023-08-03,1741.11
7004,42240,2022-04-12,496.07
7005,43922,2020-03-11,6797.44
7006,618,2025-02-08,1792.46
7007,35128,2020-05-16,8958.93
7008,20316,2022-12-22,4611.96
7009,38371,2021-08-11,9731.84
7010,11853,2022-03-05,9800.34
7011,19270,2021-06-13,8025.31
7012,8285,2022-06-30,4453.56
7013,28170,2025-04-07,4677.43
7014,41851,2022-09-16,9510.7
7015,26536,2024-08-28,7304.13
7016,45908,2023-03-17,4066.53
7017,15983,2022-07-25,8638.8
7018,11211,2023-04-24,2791.01
7019,29281,2021-08-10,9374.59
7020,22841,2024-04-12,2500.63
7021,7830,2020-02-13,7356.93
7022,13232,2022-04-12,6508.44
7023,15582,2021-10-10,5904.0
7024,12320,2023-10-17,4734.39
7025,12925,2020-04-22,5619.71
7026,37587,2023-03-30,6955.5
7027,19885,2022-01-26,6370.52
7028,37864,2025-06-07,2837.91
7029,28674,2024-06-29,2789.74
7030,46067,2022-10-29,6526.32
7031,9678,2024-10-15,1609.32
7032,39417,2023-09-03,9752.87
7033,14074,2025-06-15,8483.13
7034,8403,2023-09-10,4584.85
7035,7950,2023-02-15,5297.49
7036,30660,2021-01-20,3607.23
7037,28610,2020-07-24,1609.0
7038,30154,2024-10-05,5955.56
7039,24123,2022-11-18,9889.09
7040,16349,2023-05-16,1713.07
7041,8975,2023-08-20,5407.52
7042,8095,2021-08-07,9605.75
7043,39905,2025-01-16,9824.9
7044,7371,2024-12-28,4910.65
7045,32880,2025-03-23,823.66
7046,9581,2022-07-08,2575.2
7047,21627,2023-10-28,7067.15
7048,36553,2024-01-05,789.76
7049,28975,2021-02-07,6414.51
7050,697,2022-05-01,4558.96
7051,24831,2021-05-22,1888.84
7052,17637,2024-07-10,1085.81
7053,25941,2020-08-30,6861.44
7054,19359,2020-08-21,1843.23
7055,29014,2023-12-21,5274.98
7056,32576,2023-10-27,4980.95
7057,3410,2023-11-13,6769.03
7058,33026,2021-04-12,4370.04
7059,3132,2021-12-20,9162.5
7060,37846,2021-10-20,8539.04
7061,10469,2025-02-10,8193.3
7062,46420,2024-06-04,2845.17
7063,8624,2023-01-26,9850.99
7064,28464,2021-02-14,5289.2
7065,32886,2020-10-23,9768.63
7066,6077,2021-01-14,8425.6
7067,35716,2021-04-18,8662.73
7068,38938,2022-01-23,7087.4
7069,49492,2024-12-30,1820.87
7070,32406,2020-01-21,9584.41
7071,43179,2024-09-01,4062.12
7072,6521,2023-02-02,9441.46
7073,34365,2024-05-21,8788.73
7074,151,2023-01-28,8241.85
7075,30444,2024-02-09,180.49
7076,829,2024-11-07,5808.59
7077,30950,2022-02-02,2515.67
7078,26960,2020-03-23,8817.24
7079,24255,2021-06-16,7045.13
7080,41235,2024-10-05,6522.14
7081,29387,2021-04-15,9054.67
7082,42188,2021-11-17,3027.17
7083,25828,2024-08-18,1167.9
7084,44211,2021-12-03,3123.16
7085,24395,2022-08-17,1916.69
7086,24833,2022-04-02,2601.17
7087,33449,2024-03-27,5706.14
7088,8074,2025-04-05,4608.1
7089,15875,2022-08-12,9811.74
7090,13320,2022-03-08,4242.91
7091,9835,2023-07-15,1602.85
7092,19367,2024-11-01,8761.29
7093,5076,2020-06-15,2835.99
7094,32175,2020-09-30,1167.74
7095,47991,2025-03-28,6622.49
7096,14012,2020-09-05,2637.84
7097,243,2021-01-16,258.29
7098,30885,2022-03-02,6669.99
7099,21439,2021-10-13,816.74
7100,16864,2023-09-23,122.34
7101,5215,2021-10-07,6854.11
7102,37799,2024-12-04,4586.35
7103,41169,2020-02-26,8063.89
7104,9738,2023-08-21,1726.67
7105,24533,2023-03-12,5155.99
7106,12189,2024-11-06,1248.77
7107,28308,2021-06-02,4156.17
7108,19010,2023-05-29,3628.08
7109,33249,2020-02-27,6418.21
7110,40460,2020-11-04,6271.89
7111,25580,2022-07-09,2656.32
7112,29036,2023-05-13,601.75
7113,34727,2024-01-08,1137.31
7114,34406,2020-08-11,9137.99
7115,20141,2021-10-13,7293.08
7116,35029,2023-02-09,9429.9
7117,17577,2024-04-09,6215.49
7118,25808,2024-08-09,8804.97
7119,2018,2022-03-20,7751.07
7120,13886,2020-09-03,2523.06
7121,49673,2023-01-08,7522.77
7122,21420,2021-06-07,6132.9
7123,48765,2024-09-19,1781.11
7124,46754,2022-09-21,1031.72
7125,40979,2024-04-20,3729.96
7126,30554,2020-05-31,5898.4
7127,48215,2022-03-11,5611.24
7128,37394,2021-02-23,4863.8
7129,35053,2020-05-11,4840.11
7130,31918,2021-04-27,263.27
7131,2152,2023-12-28,313.67
7132,17321,2020-02-25,4136.98
7133,49389,2020-04-27,5200.23
7134,13950,2021-01-04,6787.9
7135,31281,2023-07-11,6685.69
7136,35942,2021-12-01,9852.69
7137,28234,2021-06-03,3978.81
7138,29867,2021-10-08,1354.81
7139,48266,2025-03-10,3079.66
7140,28326,2023-12-03,7688.89
7141,9135,2022-08-01,2514.19
7142,391,2020-02-04,8193.1
7143,2809,2021-08-13,8079.96
7144,3852,2024-08-08,4745.19
7145,12905,2020-09-23,7327.71
7146,47521,2023-05-30,8031.93
7147,21465,2023-12-07,7290.5
7148,12124,2021-08-21,3196.13
7149,5144,2020-09-11,1781.87
7150,46367,2021-09-01,1280.43
7151,15442,2021-04-11,9637.93
7152,25855,2022-02-22,1035.39
7153,43335,2021-06-01,4464.61
7154,7666,2020-08-20,1106.11
7155,47688,2022-11-04,7968.49
7156,33398,2020-11-24,5576.05
7157,20879,2024-04-13,1839.56
7158,11814,2023-04-30,9601.02
7159,38747,2022-01-15,8498.75
7160,3052,2021-07-31,1356.94
7161,7087,2025-03-17,8151.47
7162,7736,2023-01-25,8459.75
7163,24559,2020-08-17,7740.81
7164,8829,2020-08-02,3576.36
7165,17258,2024-07-13,2639.55
7166,45033,2020-05-20,5296.7
7167,25486,2024-01-31,4795.05
7168,49173,2022-12-30,5878.28
7169,5361,2022-04-04,4238.08
7170,15942,2022-10-20,2186.37
7171,25116,2024-09-10,5745.09
7172,13533,2021-12-25,5422.07
7173,5734,2024-04-12,9093.2
7174,14403,2025-02-28,6388.66
7175,27260,2024-08-13,7717.89
7176,10017,2020-05-04,4328.9
7177,33010,2023-09-26,8242.11
7178,19438,2022-05-30,3165.73
7179,11788,2023-07-04,9781.24
7180,16780,2022-09-03,8175.28
7181,37084,2022-05-13,143.28
7182,15027,2020-12-09,8197.56
7183,37283,2020-07-17,5426.56
7184,36066,2023-04-01,5842.49
7185,38102,2023-08-08,9983.46
7186,8693,2024-03-29,7204.06
7187,3543,2020-07-02,1389.97
7188,7948,2022-12-21,7565.22
7189,46099,2022-06-26,2075.17
7190,32059,2024-06-26,9355.87
7191,12149,2025-02-21,2711.09
7192,43789,2024-03-12,4671.26
7193,45732,2020-05-21,8146.9
7194,35030,2023-04-28,9645.85
7195,35308,2021-09-21,1655.38
7196,8414,2024-10-18,783.52
7197,34692,2021-06-17,7921.76
7198,22797,2021-05-07,8641.06
7199,17492,2021-09-16,6060.4
7200,4839,2024-06-24,1791.46
7201,34860,2020-01-29,1656.06
7202,34380,2024-01-19,4659.9
7203,5072,2024-05-29,2019.62
7204,36717,2020-12-15,3533.38
7205,32648,2021-11-29,7963.72
7206,16545,2022-05-03,1147.02
7207,9593,2021-06-10,3106.48
7208,37172,2024-08-11,4026.46
7209,28789,2020-04-20,2351.89
7210,32716,2024-06-12,7113.23
7211,13914,2020-09-03,4741.13
7212,18771,2025-02-11,9471.56
7213,33656,2020-03-11,3464.57
7214,32510,2020-04-22,9262.69
7215,38538,2021-04-10,5725.86
7216,22434,2023-11-20,5433.52
7217,13919,2022-04-08,2425.04
7218,43675,2020-02-16,9482.94
7219,13242,2022-03-04,3251.49
7220,17324,2021-08-03,5511.56
7221,44357,2020-08-30,9400.36
7222,19877,2021-03-31,8521.37
7223,30791,2022-07-20,3156.97
7224,34920,2020-07-01,8070.9
7225,24632,2023-09-10,6839.81
7226,9523,2023-09-27,430.4
7227,1165,2024-05-26,4979.31
7228,36898,2022-10-07,4282.06
7229,5476,2023-11-27,6623.29
7230,30114,2024-08-24,7057.99
7231,41013,2022-08-23,7075.24
7232,3075,2022-02-01,4653.34
7233,330,2021-12-03,9478.26
7234,32506,2021-09-29,803.44
7235,40555,2023-04-16,6523.47
7236,15971,2023-06-18,4447.2
7237,13093,2024-12-13,2401.91
7238,44724,2021-09-24,1453.0
7239,1670,2023-01-09,4678.31
7240,41109,2025-02-13,3122.65
7241,46381,2020-10-21,2270.53
7242,2307,2021-09-04,459.53
7243,34068,2020-06-07,3196.76
7244,27614,2023-11-30,9326.13
7245,47820,2020-02-27,5430.25
7246,7229,2024-04-09,2490.0
7247,43680,2020-10-01,9759.88
7248,22675,2022-12-13,6546.6
7249,37706,2023-05-07,5120.16
7250,33593,2022-10-22,9341.49
7251,5786,2023-09-20,7832.28
7252,20976,2022-11-11,5370.91
7253,23151,2021-05-08,169.8
7254,4698,2020-06-14,4199.03
7255,12419,2020-04-26,8016.73
7256,29395,2022-02-13,2920.52
7257,46308,2025-03-11,638.71
7258,5214,2020-12-08,6120.81
7259,35493,2024-05-20,9005.79
7260,40557,2025-03-22,9888.96
7261,3988,2020-10-15,1234.45
7262,16956,2020-12-03,9624.14
7263,48315,2023-02-18,3898.23
7264,9809,2022-05-25,7481.02
7265,37418,2023-03-04,2121.22
7266,1687,2020-11-10,6758.56
7267,19017,2024-10-17,6747.64
7268,2587,2021-05-18,2893.93
7269,26345,2023-07-14,4510.67
7270,18606,2020-05-19,4204.63
7271,16258,2024-08-08,6584.65
7272,47866,2021-04-29,9773.96
7273,763,2023-11-09,5744.04
7274,30223,2025-06-03,5489.25
7275,10102,2023-02-18,3446.57
7276,46009,2020-09-13,6810.28
7277,31205,2022-03-05,8476.34
7278,37449,2020-09-03,1076.83
7279,49934,2021-08-07,2489.4
7280,13064,2021-03-24,5971.22
7281,11084,2022-09-14,931.76
7282,44935,2025-02-10,3541.81
7283,2627,2023-09-05,4847.16
7284,8622,2024-05-03,8077.49
7285,30852,2021-12-20,5313.36
7286,17337,2022-05-30,3862.74
7287,44156,2022-08-24,1559.17
7288,24288,2024-11-20,2104.0
7289,42158,2023-04-01,5229.44
7290,40718,2025-05-30,8066.13
7291,14723,2020-06-17,4050.83
7292,46221,2025-04-26,2355.29
7293,2696,2021-06-30,3851.92
7294,32486,2024-06-03,647.42
7295,36738,2023-08-20,5355.09
7296,45670,2021-11-12,835.27
7297,37236,2021-03-31,8514.33
7298,47918,2022-01-21,7656.17
7299,287,2022-04-27,7062.99
7300,12263,2024-12-02,9456.24
7301,35931,2023-10-11,8902.68
7302,35363,2025-03-26,126.98
7303,5694,2023-10-06,7814.08
7304,9134,2023-02-08,5894.34
7305,22680,2021-08-26,4411.63
7306,37441,2020-10-17,2943.07
7307,10461,2020-09-29,2041.85
7308,9050,2021-11-17,8835.29
7309,46380,2020-10-12,3694.37
7310,9779,2022-01-25,4537.0
7311,23148,2020-01-09,7158.83
7312,856,2022-03-01,7879.77
7313,15022,2022-12-04,6291.11
7314,38689,2022-12-24,4253.51
7315,42176,2023-03-09,734.46
7316,42663,2020-12-02,6155.75
7317,13055,2021-11-16,8478.14
7318,22586,2021-11-03,551.09
7319,12147,2024-07-21,3596.7
7320,29722,2023-07-25,2551.73
7321,22770,2022-10-30,5449.13
7322,17227,2023-10-01,207.28
7323,36605,2023-11-22,8837.44
7324,46173,2023-05-25,7937.55
7325,11971,2024-02-27,1131.39
7326,24803,2024-08-01,8935.23
7327,1606,2023-11-27,7696.91
7328,36600,2023-06-12,9570.82
7329,19017,2023-08-23,2660.63
7330,25343,2022-11-17,8566.54
7331,4872,2020-10-09,1541.49
7332,23131,2021-05-22,6993.22
7333,13438,2022-01-28,810.98
7334,39411,2022-06-25,7170.51
7335,43845,2020-05-29,1602.41
7336,15382,2023-03-22,7376.61
7337,49132,2022-09-16,4453.33
7338,7325,2024-12-15,1432.79
7339,26271,2024-01-11,5756.33
7340,8454,2022-07-23,344.55
7341,47214,2023-07-10,2448.33
7342,42759,2023-06-26,2993.37
7343,41461,2025-04-09,9921.45
7344,40801,2024-07-30,7965.39
7345,43983,2024-07-11,3189.33
7346,26637,2022-07-02,3713.11
7347,12351,2023-12-09,4439.38
7348,46433,2024-09-29,7909.67
7349,46099,2025-01-27,6840.26
7350,49733,2020-11-12,5462.81
7351,21654,2020-06-22,4525.55
7352,34620,2020-09-01,2617.34
7353,22294,2020-12-07,4589.61
7354,18524,2020-01-09,7786.31
7355,22367,2021-04-23,4532.21
7356,19601,2020-01-22,5286.6
7357,26558,2025-01-18,3451.84
7358,6279,2020-10-03,4906.41
7359,49693,2022-07-19,7623.24
7360,20717,2022-02-05,9228.76
7361,1736,2022-07-13,5008.95
7362,11012,2023-01-13,1565.95
7363,5707,2020-02-22,7765.23
7364,22203,2024-05-16,7612.16
7365,37929,2024-09-17,6790.8
7366,25404,2022-12-20,5874.33
7367,39371,2021-11-05,3272.88
7368,41925,2022-05-04,7506.39
7369,38890,2021-02-27,9842.18
7370,40678,2023-01-10,4745.39
7371,37488,2021-07-24,1711.73
7372,14540,2022-05-04,2327.12
7373,32296,2022-02-07,2646.18
7374,21977,2024-03-02,6397.2
7375,6829,2023-04-10,7692.4
7376,47693,2020-02-27,3558.61
7377,14384,2023-05-20,7344.02
7378,29786,2020-06-30,971.19
7379,42507,2024-10-09,8981.52
7380,7656,2025-04-12,770.19
7381,29463,2024-12-21,8043.29
7382,4045,2022-07-22,7131.6
7383,31265,2021-02-12,6489.1
7384,46196,2021-04-30,701.98
7385,49180,2020-01-07,5241.23
7386,42099,2021-03-05,1314.46
7387,2948,2023-09-21,4450.25
7388,12508,2021-09-21,1779.65
7389,38643,2024-04-19,1630.73
7390,48307,2022-10-15,5765.43
7391,10634,2023-01-23,2909.74
7392,49137,2025-06-03,7730.5
7393,39732,2022-10-21,2602.35
7394,18194,2023-11-28,3424.42
7395,8898,2024-11-11,5958.2
7396,18088,2024-01-05,182.43
7397,3094,2024-10-20,8431.65
7398,7269,2025-06-07,1007.22
7399,32096,2025-01-02,366.59
7400,32586,2023-12-02,7754.1
7401,28521,2024-07-06,8017.49
7402,36016,2024-07-26,6406.44
7403,16656,2025-04-14,8332.33
7404,5169,2023-10-31,9180.93
7405,22522,2025-05-08,2322.37
7406,24165,2024-04-13,4547.89
7407,6719,2025-03-24,4108.24
7408,13224,2021-10-24,1767.0
7409,47416,2021-04-02,2726.84
7410,42338,2022-09-16,4149.55
7411,47980,2024-10-24,1105.7
7412,19277,2025-04-27,7591.86
7413,1968,2023-01-06,6127.64
7414,29733,2023-10-26,9235.7
7415,9100,2020-05-04,408.99
7416,37583,2022-04-22,6539.65
7417,3806,2025-01-30,7873.66
7418,39266,2024-09-03,5153.31
7419,34336,2022-07-10,9661.54
7420,24940,2023-04-22,479.46
7421,21066,2024-04-04,5290.72
7422,38165,2020-11-17,3197.85
7423,203,2022-11-22,9738.11
7424,1932,2023-12-25,9574.18
7425,23473,2022-10-01,1059.35
7426,27133,2024-03-05,3992.28
7427,41575,2025-01-10,2284.5
7428,37039,2021-11-15,8316.4
7429,38141,2021-12-21,9126.45
7430,13666,2023-05-06,8866.0
7431,28454,2024-12-08,3634.03
7432,19822,2021-12-19,3091.67
7433,33946,2020-11-07,6795.18
7434,42280,2020-11-18,9317.41
7435,40592,2022-07-06,711.2
7436,19378,2025-05-11,668.85
7437,26141,2025-02-19,4095.18
7438,2413,2024-10-28,4242.93
7439,25510,2022-05-25,4979.3
7440,41226,2020-02-12,5043.04
7441,27607,2024-06-14,4695.69
7442,16892,2021-01-24,7848.23
7443,17772,2022-06-25,7671.44
7444,4030,2021-06-12,7531.88
7445,16635,2020-08-15,3333.03
7446,8678,2020-08-10,282.3
7447,32965,2024-06-30,8242.22
7448,5486,2023-11-21,9278.79
7449,28193,2021-05-18,5783.72
7450,27627,2020-06-24,1292.79
7451,11799,2023-05-29,1663.7
7452,14591,2021-02-25,8582.03
7453,37974,2022-05-01,6662.96
7454,43876,2023-08-10,2535.98
7455,10421,2023-08-21,1946.32
7456,28526,2023-01-27,2991.7
7457,34965,2023-06-08,3149.09
7458,39461,2025-01-30,8192.17
7459,18329,2022-05-25,8981.99
7460,17447,2025-01-15,2591.51
7461,12843,2021-06-08,2000.26
7462,1230,2022-05-08,5574.47
7463,31742,2020-05-10,5718.27
7464,41186,2020-07-30,2346.12
7465,35254,2022-11-17,8199.09
7466,30752,2025-02-04,9208.6
7467,32382,2025-05-19,905.59
7468,40031,2020-10-28,7618.35
7469,1457,2021-10-10,5064.89
7470,24578,2021-03-21,2036.64
7471,34303,2025-01-10,4349.53
7472,24879,2024-08-23,5110.95
7473,4583,2021-05-30,5900.67
7474,35427,2023-11-21,434.2
7475,46615,2022-12-11,6996.2
7476,24966,2024-08-28,5135.62
7477,28501,2025-01-30,6434.2
7478,23258,2023-08-18,8513.75
7479,10974,2021-04-17,5698.85
7480,2560,2025-04-04,8965.72
7481,39722,2021-11-02,7951.3
7482,42997,2020-12-27,6333.85
7483,17374,2023-04-15,5856.33
7484,32693,2021-06-14,4378.54
7485,2698,2024-06-04,8809.01
7486,48338,2021-05-24,4193.43
7487,35952,2023-04-18,305.66
7488,49892,2023-12-17,434.17
7489,40681,2023-04-28,9263.02
7490,49655,2021-07-06,1276.16
7491,38450,2022-04-23,7890.59
7492,47435,2023-03-17,8514.49
7493,45448,2024-04-06,5557.72
7494,31489,2024-11-07,8415.54
7495,22216,2024-08-21,1152.98
7496,23237,2021-09-01,9990.49
7497,6595,2020-03-27,6012.61
7498,41243,2021-09-11,8544.41
7499,31085,2020-11-07,2805.01
7500,41149,2020-10-01,3181.39
7501,20144,2023-02-10,1620.42
7502,17324,2025-01-31,7194.64
7503,21416,2020-11-17,333.7
7504,31597,2020-10-20,1170.58
7505,23179,2021-07-04,1812.3
7506,3940,2024-10-30,6941.1
7507,35430,2025-06-18,6578.76
7508,42783,2024-04-12,6252.91
7509,34748,2021-06-06,4183.57
7510,41368,2024-11-04,9351.84
7511,42302,2022-05-30,9633.34
7512,43509,2023-01-21,3759.65
7513,48480,2021-06-16,5309.87
7514,29030,2021-10-30,6974.51
7515,41233,2021-08-27,2752.5
7516,2915,2022-10-18,7652.89
7517,33804,2022-09-26,7718.19
7518,33959,2021-07-07,5058.67
7519,33037,2021-10-13,4215.19
7520,32768,2020-01-02,6444.94
7521,18526,2020-02-09,261.58
7522,22291,2023-01-30,8572.69
7523,1337,2020-11-14,8659.34
7524,12524,2021-11-03,5101.34
7525,20540,2022-05-26,264.96
7526,44779,2022-07-30,3777.05
7527,17080,2022-02-16,4605.75
7528,1384,2021-05-03,8421.43
7529,31977,2022-06-25,439.22
7530,36740,2022-11-05,5127.97
7531,11911,2020-09-20,4649.37
7532,31465,2022-12-06,2294.8
7533,10327,2022-06-03,2509.85
7534,41708,2021-11-16,5851.05
7535,3180,2023-07-07,9690.14
7536,2697,2021-03-03,7950.03
7537,49529,2021-08-26,5051.36
7538,48905,2024-04-01,5783.44
7539,45013,2020-12-03,5784.08
7540,8579,2020-09-01,7044.83
7541,46925,2021-05-31,3439.45
7542,28735,2020-03-12,6793.1
7543,4326,2020-05-05,2617.99
7544,36818,2023-04-19,8049.23
7545,18807,2021-05-31,9409.52
7546,35054,2022-11-24,5653.45
7547,36831,2020-01-23,807.46
7548,39159,2021-10-23,7147.01
7549,8578,2023-10-23,9281.87
7550,48799,2020-04-26,9447.89
7551,33830,2025-06-01,9116.68
7552,17485,2022-04-13,5677.57
7553,26043,2021-11-06,9189.08
7554,9985,2021-08-01,2753.47
7555,20517,2020-01-28,1524.19
7556,4505,2020-08-23,4818.32
7557,15710,2022-09-09,405.78
7558,36418,2021-04-01,864.87
7559,48740,2022-09-05,6053.61
7560,28632,2021-02-10,7069.79
7561,33612,2024-08-03,1473.12
7562,5583,2024-02-26,3479.29
7563,4650,2020-07-19,8097.23
7564,11712,2024-05-23,2089.41
7565,44026,2020-08-19,8916.82
7566,22577,2022-03-08,5659.59
7567,42798,2025-05-29,5974.04
7568,3143,2024-05-14,1585.33
7569,16630,2022-05-04,710.31
7570,5111,2024-06-20,3691.12
7571,47939,2022-07-05,1038.67
7572,22404,2022-05-29,1087.84
7573,14398,2025-02-11,9494.21
7574,29552,2020-02-11,773.18
7575,47643,2023-02-02,4450.15
7576,8534,2025-01-13,7584.82
7577,31601,2025-03-11,2917.57
7578,46458,2024-10-05,5028.37
7579,32401,2020-05-29,3664.24
7580,25302,2024-03-14,7162.3
7581,38836,2022-01-29,6137.05
7582,2887,2025-06-10,3157.88
7583,42440,2023-09-14,6353.49
7584,9939,2023-01-23,130.56
7585,40391,2020-02-19,6743.06
7586,37057,2024-09-22,7839.07
7587,46992,2024-09-07,168.14
7588,23154,2025-01-31,6640.61
7589,15865,2022-05-27,5542.59
7590,25722,2024-01-02,2900.49
7591,10088,2021-07-01,2059.92
7592,17051,2022-08-28,9578.68
7593,49738,2022-03-07,4867.88
7594,33122,2024-02-16,4633.69
7595,10415,2021-09-01,8481.41
7596,30734,2023-04-13,3888.87
7597,27303,2021-09-24,8076.4
7598,3098,2020-02-19,5718.6
7599,24620,2024-03-24,2186.82
7600,9797,2024-05-30,3572.48
7601,30758,2024-06-08,327.78
7602,41484,2021-03-21,4455.3
7603,25705,2024-03-20,9372.75
7604,13676,2022-10-27,6356.36
7605,44305,2022-07-28,5821.39
7606,16064,2022-11-26,8709.64
7607,23640,2025-03-31,1309.78
7608,39563,2023-06-23,7984.48
7609,25234,2024-03-02,7005.97
7610,40612,2021-05-29,5341.71
7611,14083,2024-08-05,3912.88
7612,2387,2021-08-17,451.07
7613,39511,2025-03-19,6218.41
7614,18247,2022-02-09,5736.12
7615,44399,2020-12-05,2918.78
7616,7020,2023-09-20,2818.1
7617,49929,2021-09-05,3640.42
7618,22210,2023-05-11,4390.59
7619,18048,2021-02-01,7407.19
7620,44154,2020-01-04,5171.96
7621,49908,2021-02-22,1587.4
7622,27570,2025-04-11,8924.94
7623,45376,2021-11-05,4844.25
7624,23917,2020-11-19,8983.04
7625,36464,2024-04-20,6168.74
7626,49455,2023-01-06,5734.77
7627,24003,2021-11-14,3408.63
7628,1405,2024-05-18,9715.41
7629,33073,2024-09-26,9834.47
7630,21925,2024-03-08,3692.15
7631,28501,2022-11-09,7916.58
7632,49160,2025-02-06,2772.37
7633,33983,2023-07-01,6176.59
7634,31872,2023-04-23,6741.6
7635,12544,2024-11-26,9845.64
7636,43241,2020-02-24,2953.45
7637,39289,2022-02-20,7088.76
7638,698,2024-07-22,2530.24
7639,14969,2021-07-22,457.58
7640,20386,2020-12-05,2921.68
7641,35495,2020-01-14,7885.51
7642,6800,2022-12-10,9375.46
7643,29511,2023-10-03,358.68
7644,34692,2025-03-09,1209.46
7645,19808,2022-10-01,3761.24
7646,9829,2020-02-27,4579.9
7647,16814,2023-11-01,9288.57
7648,13334,2023-02-16,306.34
7649,38157,2025-03-29,8505.12
7650,42666,2024-12-05,5193.16
7651,28578,2022-05-04,2225.98
7652,6157,2021-04-08,2041.5
7653,46050,2021-07-13,594.84
7654,23453,2021-02-14,2537.0
7655,28542,2024-06-27,9748.36
7656,11183,2021-12-12,7999.9
7657,33989,2022-07-12,9627.72
7658,38495,2024-01-03,1636.8
7659,45323,2022-09-04,5536.65
7660,38719,2021-11-04,9327.92
7661,20326,2021-05-28,6635.45
7662,35891,2022-10-11,298.26
7663,46268,2022-11-13,789.78
7664,303,2020-03-14,4276.36
7665,26628,2023-08-21,3904.99
7666,46855,2022-03-18,8907.96
7667,7511,2020-09-07,7824.55
7668,18463,2022-10-28,1408.31
7669,30326,2023-09-10,986.03
7670,46801,2020-03-07,8682.54
7671,36438,2023-06-02,4552.61
7672,25118,2021-02-17,1776.1
7673,14033,2021-07-17,8996.04
7674,13355,2022-03-17,7231.66
7675,6550,2024-05-25,1722.92
7676,21864,2021-05-07,6102.12
7677,2480,2022-10-19,4745.92
7678,42864,2023-01-13,2636.92
7679,26774,2023-06-07,5951.61
7680,27547,2024-03-28,4458.02
7681,32727,2021-08-23,5660.35
7682,23812,2023-10-30,3001.02
7683,11098,2021-10-03,7279.61
7684,28538,2024-03-13,4323.67
7685,36587,2024-01-13,8149.91
7686,35155,2022-08-19,6120.09
7687,27623,2024-01-26,2510.17
7688,11858,2020-09-27,3474.01
7689,25340,2022-08-12,2937.65
7690,49052,2023-07-21,3657.1
7691,46965,2022-12-28,1797.83
7692,21391,2023-10-01,4808.46
7693,13978,2024-12-26,586.17
7694,27939,2020-03-18,3544.74
7695,12047,2020-05-12,4326.4
7696,4997,2023-12-18,7663.82
7697,8216,2023-11-29,8638.07
7698,24251,2021-12-04,7752.02
7699,15860,2023-10-18,911.2
7700,17392,2022-02-14,6652.64
7701,38239,2024-12-02,8538.1
7702,1118,2024-06-13,5336.14
7703,40059,2020-07-14,9361.4
7704,8229,2025-01-23,8848.0
7705,48057,2021-11-22,8793.33
7706,9045,2025-05-03,9644.11
7707,23692,2022-01-08,7677.12
7708,33402,2022-08-10,6890.45
7709,42213,2023-07-30,7552.47
7710,37283,2025-02-25,3643.78
7711,44950,2023-04-10,182.62
7712,26093,2021-09-10,534.91
7713,22244,2024-05-23,8541.55
7714,21365,2023-10-15,4159.12
7715,24904,2024-08-01,3687.89
7716,32475,2022-02-04,6165.85
7717,29851,2020-02-12,1485.76
7718,23908,2022-10-08,5485.1
7719,33799,2021-09-29,8373.14
7720,43012,2023-08-07,4311.91
7721,29448,2023-11-19,5228.08
7722,26669,2022-09-24,1728.34
7723,26829,2023-06-07,7395.54
7724,9417,2020-11-05,5663.19
7725,39828,2023-08-22,5563.71
7726,14586,2024-03-05,2333.69
7727,11397,2023-04-27,9181.32
7728,686,2023-11-13,3509.68
7729,3141,2022-01-10,9615.88
7730,47395,2023-02-12,3482.93
7731,38849,2020-12-22,9013.09
7732,43663,2020-06-02,5629.35
7733,5649,2020-12-18,734.48
7734,430,2021-11-03,9547.81
7735,23268,2023-03-20,3392.54
7736,12666,2022-08-11,8158.5
7737,22107,2023-05-07,5700.47
7738,11890,2022-09-18,2518.09
7739,27670,2022-06-23,1488.61
7740,44335,2023-07-19,2421.28
7741,30421,2024-01-20,5495.17
7742,47107,2025-05-17,5130.16
7743,35853,2022-01-16,2772.47
7744,45570,2021-06-23,1655.58
7745,9583,2021-02-10,3571.58
7746,13085,2024-08-02,1673.82
7747,45956,2021-07-07,5111.23
7748,48260,2022-10-29,4391.72
7749,11096,2020-02-27,4543.46
7750,7061,2023-10-20,2686.22
7751,26355,2020-11-27,1024.22
7752,23213,2023-05-09,5903.91
7753,39176,2024-08-09,9742.56
7754,12842,2024-08-26,6721.54
7755,21897,2024-02-13,8890.97
7756,45550,2023-09-18,1054.09
7757,22973,2024-05-20,701.69
7758,25428,2022-05-21,7684.14
7759,44357,2024-05-11,4601.36
7760,47098,2025-01-22,8286.41
7761,35683,2021-09-11,4859.75
7762,3997,2020-10-07,839.04
7763,38454,2020-05-20,4592.29
7764,19679,2023-04-25,6694.15
7765,23263,2024-12-09,5213.83
7766,27585,2024-02-13,2249.57
7767,1579,2021-10-28,9248.85
7768,21061,2022-07-24,6687.45
7769,46180,2024-10-30,5312.25
7770,34064,2023-01-11,4801.64
7771,26517,2023-09-27,6164.04
7772,10401,2020-06-28,4699.37
7773,41626,2024-08-07,3153.51
7774,29571,2020-06-27,3947.01
7775,3863,2021-05-28,2004.46
7776,16473,2020-05-19,7637.42
7777,32438,2022-01-06,8081.21
7778,12628,2023-03-25,7371.28
7779,11311,2022-09-12,4685.84
7780,30452,2022-07-09,2227.05
7781,22265,2023-05-28,9629.85
7782,38564,2020-08-10,7730.56
7783,36643,2022-09-30,7781.66
7784,43179,2023-03-28,6282.19
7785,33185,2022-07-11,2893.39
7786,27141,2024-03-02,1911.59
7787,23300,2023-10-19,1208.01
7788,10674,2021-03-18,6270.91
7789,32155,2024-11-27,1873.76
7790,7818,2020-02-04,3813.17
7791,12667,2020-12-18,8214.79
7792,15226,2022-10-21,2969.94
7793,29844,2020-01-09,2730.32
7794,5920,2025-05-06,7201.61
7795,1243,2021-07-09,5254.99
7796,21970,2024-05-07,5667.33
7797,13082,2022-01-10,1376.1
7798,890,2023-04-13,2928.9
7799,40099,2022-09-01,3757.23
7800,42817,2021-12-19,9702.72
7801,45943,2023-02-10,510.47
7802,23226,2024-10-22,8567.12
7803,43014,2021-05-03,1339.64
7804,23602,2021-08-19,9878.62
7805,30766,2022-12-05,2010.15
7806,41177,2022-02-24,2962.13
7807,8538,2020-09-07,8311.52
7808,34197,2025-04-19,3644.29
7809,35424,2022-09-27,6517.85
7810,43033,2024-10-20,5882.44
7811,40809,2021-11-29,6894.27
7812,11766,2024-07-17,8251.44
7813,37951,2020-11-30,3063.63
7814,16723,2025-01-17,8750.84
7815,322,2023-12-31,9753.14
7816,20643,2021-03-19,6759.93
7817,16720,2020-04-20,5704.43
7818,31184,2022-02-15,9836.09
7819,5272,2022-03-06,1007.2
7820,37983,2021-07-31,3907.66
7821,8599,2024-10-14,2436.91
7822,16481,2023-09-16,909.12
7823,18788,2022-05-13,8660.42
7824,3135,2020-10-04,3495.76
7825,36600,2021-06-30,1466.7
7826,10680,2023-02-03,3891.33
7827,39699,2021-02-28,3860.1
7828,917,2021-12-20,1348.99
7829,28264,2021-11-01,5369.2
7830,2131,2024-09-22,1111.29
7831,30408,2023-08-31,2104.73
7832,21914,2021-10-11,7258.75
7833,26729,2025-03-10,3106.53
7834,5692,2022-11-25,6486.83
7835,31488,2023-05-21,2185.66
7836,47442,2023-09-13,5338.7
7837,37070,2020-02-16,1119.99
7838,6354,2022-08-11,527.79
7839,29413,2024-11-06,5546.01
7840,13148,2024-05-01,7805.16
7841,33402,2024-06-20,7065.93
7842,30332,2023-06-09,7752.17
7843,37217,2024-04-06,4898.34
7844,21894,2023-12-08,6995.61
7845,12935,2021-02-10,907.79
7846,1724,2025-03-22,8367.52
7847,21949,2024-01-26,3455.47
7848,33894,2025-01-12,8751.65
7849,44985,2020-05-03,5821.4
7850,32381,2024-11-05,1090.16
7851,30501,2024-09-13,4246.44
7852,49295,2021-12-30,8065.08
7853,44817,2021-02-03,2501.47
7854,24101,2024-12-06,1904.04
7855,26013,2023-04-02,271.26
7856,25859,2023-07-31,6915.42
7857,12235,2020-06-18,3816.92
7858,34408,2022-09-12,1833.37
7859,4909,2020-04-04,6048.69
7860,19078,2021-10-18,1523.22
7861,32867,2023-08-20,7273.96
7862,16600,2025-01-17,5874.03
7863,18163,2023-01-24,2547.22
7864,44775,2021-11-30,8756.41
7865,31458,2021-02-26,5634.5
7866,6582,2022-10-12,1376.27
7867,10712,2024-05-05,7215.82
7868,43021,2023-08-23,3213.64
7869,37099,2020-05-12,7771.07
7870,40019,2020-12-27,4074.73
7871,37107,2024-03-09,847.86
7872,1760,2021-09-22,6338.84
7873,17632,2020-03-04,3172.22
7874,47289,2023-12-14,9424.82
7875,12974,2022-07-23,8316.16
7876,47884,2021-01-04,3603.26
7877,32157,2023-07-14,356.98
7878,17505,2023-06-02,5422.51
7879,49473,2021-07-19,6493.39
7880,18225,2021-05-30,6859.47
7881,28799,2022-03-26,3558.2
7882,4996,2020-02-24,1501.36
7883,31693,2022-11-22,5638.16
7884,10455,2020-05-08,4925.91
7885,19947,2021-12-25,9941.77
7886,1074,2024-01-28,5789.11
7887,22796,2021-02-21,1898.49
7888,36947,2021-06-24,3678.94
7889,6388,2024-09-26,5359.46
7890,41185,2023-10-24,8392.33
7891,24290,2023-12-02,4861.38
7892,35806,2024-05-20,8024.53
7893,15723,2021-08-29,1641.66
7894,14447,2024-02-20,3881.86
7895,20870,2024-07-20,5239.02
7896,19020,2021-08-05,334.12
7897,49308,2024-11-13,7616.67
7898,36043,2022-05-10,8339.21
7899,32296,2024-05-15,3308.9
7900,49250,2023-06-20,9585.57
7901,20784,2023-05-11,7333.66
7902,22690,2023-12-21,8312.05
7903,16085,2022-06-03,6582.91
7904,14308,2020-03-29,8211.11
7905,45660,2023-05-19,9831.92
7906,24254,2022-04-22,8510.41
7907,42426,2021-07-10,4789.19
7908,46137,2024-12-31,6398.56
7909,19177,2020-10-15,5838.8
7910,21021,2024-05-23,5133.25
7911,47962,2022-09-21,7721.07
7912,30413,2020-07-13,4443.23
7913,31356,2023-05-31,3166.09
7914,39348,2021-10-13,517.99
7915,6498,2022-04-15,970.75
7916,5587,2023-03-29,2293.85
7917,39773,2023-02-11,1623.71
7918,30300,2020-08-29,383.35
7919,41630,2020-01-24,6991.41
7920,24919,2020-11-02,7627.75
7921,24660,2024-10-29,3608.39
7922,21329,2023-05-02,9863.88
7923,18842,2025-06-11,5921.12
7924,38841,2024-03-27,1090.15
7925,20463,2022-07-09,3712.24
7926,39975,2024-06-28,5866.71
7927,4093,2021-02-11,9560.24
7928,2081,2021-09-24,6858.7
7929,14158,2023-05-25,187.53
7930,44831,2024-07-21,6727.77
7931,34512,2024-09-03,6584.78
7932,21269,2020-10-27,8631.67
7933,30691,2020-07-03,1403.06
7934,36018,2020-02-14,8091.0
7935,4480,2021-09-25,8768.84
7936,40636,2023-07-21,8040.12
7937,41175,2024-05-05,4163.24
7938,46281,2023-11-28,6941.57
7939,43405,2023-01-25,8192.89
7940,31546,2025-02-27,9472.02
7941,41644,2022-03-07,3407.25
7942,6351,2020-12-07,2152.35
7943,25888,2023-01-04,7590.57
7944,16955,2023-04-29,1063.73
7945,40807,2023-03-31,5671.38
7946,38481,2024-05-22,8618.31
7947,2477,2022-02-11,2306.46
7948,14141,2023-10-27,3941.51
7949,552,2024-03-05,8259.67
7950,45138,2025-03-28,5071.78
7951,23714,2020-11-25,1860.36
7952,24689,2025-04-25,930.92
7953,9740,2021-09-24,5616.64
7954,48527,2020-06-01,315.29
7955,34814,2023-04-28,3465.26
7956,44907,2021-01-19,6159.37
7957,6616,2021-12-14,154.08
7958,44776,2024-06-02,8694.2
7959,37977,2021-11-10,9573.9
7960,21871,2023-08-03,4166.06
7961,216,2020-04-26,502.69
7962,49114,2021-12-21,2871.84
7963,32638,2023-05-12,6664.06
7964,43824,2024-12-01,523.02
7965,9017,2022-01-11,8556.2
7966,16221,2022-08-01,8052.8
7967,45628,2024-11-01,4680.84
7968,30152,2020-04-24,7727.32
7969,47441,2020-03-13,1783.57
7970,6902,2023-08-23,9570.6
7971,41259,2022-04-28,5028.42
7972,1238,2024-08-19,9852.87
7973,10834,2024-09-10,5311.91
7974,39771,2025-01-20,7124.65
7975,6208,2025-05-15,8017.07
7976,49922,2024-06-04,7932.07
7977,32513,2023-10-21,7393.64
7978,39542,2022-04-25,1453.36
7979,6976,2025-04-23,4147.34
7980,9705,2023-06-24,5463.57
7981,8520,2020-04-20,7112.39
7982,47957,2022-05-08,4019.43
7983,6680,2022-10-18,5615.55
7984,34178,2021-03-19,4295.8
7985,37478,2023-02-12,7163.89
7986,22492,2022-11-28,884.44
7987,418,2023-06-17,7170.59
7988,22840,2025-06-03,8403.05
7989,9676,2024-01-11,225.45
7990,16754,2020-07-30,5392.08
7991,18437,2025-04-26,2580.77
7992,49261,2023-07-12,4381.42
7993,34684,2025-03-28,7481.36
7994,16567,2021-11-23,7776.3
7995,13943,2023-04-17,4076.02
7996,19748,2022-01-22,1006.28
7997,2888,2020-12-04,6133.93
7998,24414,2025-05-05,2863.17
7999,25685,2021-07-17,1250.47
8000,9390,2021-10-13,3216.92
8001,8756,2022-04-13,5845.5
8002,30654,2023-10-11,9093.89
8003,44770,2023-07-24,2233.54
8004,644,2024-08-30,7662.98
8005,20664,2023-06-12,8636.56
8006,34059,2021-06-06,1564.88
8007,35945,2021-07-26,155.03
8008,47282,2020-10-10,9458.98
8009,40318,2021-04-04,1072.99
8010,3185,2023-07-08,1697.41
8011,45026,2021-01-04,4137.29
8012,24862,2024-01-10,3020.86
8013,32891,2021-06-10,9815.77
8014,49240,2021-02-19,8273.97
8015,12825,2025-02-15,6525.0
8016,33310,2020-10-23,361.79
8017,29351,2025-05-09,2496.72
8018,8172,2023-01-06,2012.66
8019,36816,2025-03-11,2682.38
8020,11850,2022-06-23,9498.44
8021,45023,2021-05-24,4125.79
8022,41852,2023-09-22,8752.46
8023,38795,2023-04-10,4783.23
8024,42569,2021-10-08,6670.13
8025,37284,2024-11-21,9420.2
8026,20080,2023-10-07,5864.51
8027,46803,2022-12-03,3630.75
8028,17076,2025-05-17,4780.56
8029,4613,2022-02-12,4740.49
8030,12108,2022-06-30,8020.22
8031,34048,2023-05-02,3423.73
8032,12942,2021-04-02,525.21
8033,916,2024-03-19,6763.91
8034,11796,2022-12-23,8565.35
8035,10156,2023-07-08,5062.71
8036,20580,2023-04-03,1485.68
8037,39924,2020-04-12,1535.23
8038,14505,2020-06-02,8931.78
8039,48494,2021-10-31,824.35
8040,44415,2022-06-16,5078.69
8041,45381,2023-10-26,3373.71
8042,17641,2025-04-21,2824.5
8043,19202,2020-09-19,1804.8
8044,25484,2025-03-16,3067.35
8045,49180,2024-07-04,7185.86
8046,27277,2024-06-10,6016.36
8047,30293,2022-10-13,918.18
8048,6455,2021-10-21,7563.11
8049,20360,2022-02-21,3609.57
8050,38780,2022-08-05,2250.54
8051,34165,2022-06-04,8192.76
8052,12044,2021-10-29,6395.58
8053,31017,2022-10-02,7251.68
8054,33836,2025-06-06,3126.44
8055,8203,2020-11-18,7514.08
8056,45843,2023-02-28,2826.56
8057,14140,2023-04-23,6832.53
8058,3784,2020-02-24,2259.11
8059,25499,2023-11-20,6375.27
8060,45255,2021-12-04,4619.28
8061,21973,2021-07-22,1648.63
8062,8091,2021-04-26,5978.83
8063,7182,2022-11-25,213.58
8064,16352,2021-01-26,6931.77
8065,39389,2022-02-15,9456.27
8066,45788,2021-11-05,8971.21
8067,5878,2023-11-06,9755.35
8068,34690,2023-01-16,4438.42
8069,4020,2024-02-04,8312.05
8070,10335,2023-12-13,1502.42
8071,8460,2020-05-18,268.51
8072,20673,2021-01-10,1670.77
8073,5085,2025-04-09,4490.25
8074,49246,2021-02-12,1710.94
8075,8490,2020-01-01,4596.44
8076,8705,2024-12-05,2433.86
8077,23958,2023-02-22,2240.02
8078,48490,2021-09-23,9202.98
8079,2254,2025-06-18,5249.75
8080,13505,2022-04-24,6778.24
8081,20704,2021-06-24,4047.85
8082,38950,2022-03-24,1734.62
8083,45504,2023-08-04,7170.71
8084,33588,2020-06-07,4491.21
8085,19949,2020-08-05,8429.9
8086,47356,2025-03-10,908.76
8087,48976,2021-04-16,3897.29
8088,36312,2023-05-15,1696.47
8089,39404,2020-12-27,6971.7
8090,11755,2022-06-05,3440.08
8091,31904,2024-11-13,4221.15
8092,27136,2024-12-02,3560.08
8093,667,2021-10-30,8423.31
8094,34914,2020-06-07,5679.6
8095,5821,2022-06-30,7114.46
8096,23126,2024-10-03,7435.52
8097,20030,2023-07-02,7101.89
8098,259,2024-07-13,9451.01
8099,10321,2021-05-07,6558.0
8100,44926,2025-03-10,6524.1
8101,36302,2022-02-05,8113.29
8102,45915,2024-07-25,262.05
8103,39271,2022-05-10,676.87
8104,22996,2023-02-25,2558.91
8105,26990,2024-07-29,1897.43
8106,13407,2020-12-25,1616.84
8107,26089,2021-04-03,5570.41
8108,48415,2022-04-12,2040.64
8109,30429,2025-03-13,9668.59
8110,5690,2020-02-06,1920.26
8111,42142,2024-06-10,1748.59
8112,31195,2021-02-17,5773.28
8113,34643,2021-12-19,1893.65
8114,25471,2023-05-29,6686.09
8115,957,2025-04-27,8598.51
8116,38300,2024-01-20,4414.21
8117,16173,2023-04-09,3563.72
8118,37258,2023-03-08,6926.84
8119,2058,2023-01-07,8076.04
8120,15871,2023-04-27,3098.28
8121,18762,2021-09-11,8133.8
8122,44892,2020-04-19,7690.47
8123,11532,2023-08-10,4880.59
8124,25756,2023-04-14,4634.32
8125,16914,2021-02-13,1136.06
8126,48028,2023-02-25,968.01
8127,10983,2023-10-20,7504.04
8128,16648,2022-09-23,5891.86
8129,478,2022-11-13,4942.57
8130,41316,2020-08-01,555.55
8131,11523,2025-02-16,653.23
8132,30922,2021-08-07,9216.07
8133,29743,2024-10-22,6642.52
8134,24639,2020-12-17,3921.09
8135,29608,2020-05-19,7030.49
8136,36941,2023-02-02,2653.72
8137,45910,2021-10-18,4151.75
8138,18328,2021-12-29,4671.51
8139,18445,2023-12-31,404.76
8140,31110,2024-12-10,9928.24
8141,18099,2023-03-22,3878.43
8142,14140,2021-04-19,9675.02
8143,41629,2024-12-09,6513.79
8144,19984,2025-01-02,9298.79
8145,20821,2023-07-13,637.59
8146,19511,2021-01-08,9611.8
8147,28061,2023-01-01,4129.83
8148,40270,2024-01-24,1453.66
8149,14524,2022-06-21,6744.57
8150,37545,2022-06-28,7649.89
8151,1744,2023-02-21,6531.39
8152,30217,2024-06-23,5446.7
8153,27654,2021-01-08,8182.27
8154,38301,2022-09-26,6892.43
8155,44690,2020-09-17,6223.55
8156,16664,2020-01-13,3236.81
8157,22579,2022-11-09,8786.15
8158,45841,2022-11-17,6949.2
8159,23829,2024-07-08,9004.92
8160,19415,2023-12-30,6100.7
8161,24923,2023-05-15,8018.56
8162,12405,2023-12-17,8855.93
8163,17781,2021-01-13,5462.2
8164,11574,2024-12-17,7179.05
8165,12459,2020-07-10,5807.29
8166,2774,2021-06-12,7234.08
8167,35539,2024-09-29,5276.31
8168,22408,2024-07-03,8020.37
8169,25595,2021-06-20,8092.45
8170,3735,2020-03-14,560.47
8171,10480,2024-01-25,2116.04
8172,11897,2020-01-19,2015.78
8173,31541,2025-03-22,3291.93
8174,16087,2024-12-07,4816.0
8175,17192,2022-11-21,7376.8
8176,18185,2020-09-22,3075.42
8177,42136,2020-08-26,6547.08
8178,48972,2024-10-27,8625.98
8179,41036,2021-09-18,4530.3
8180,49888,2024-04-28,6607.39
8181,35458,2021-05-15,8491.91
8182,21755,2020-04-02,7276.55
8183,43846,2021-08-27,1123.92
8184,35076,2020-08-01,1601.92
8185,22845,2025-03-20,913.71
8186,15053,2020-11-29,2894.34
8187,49700,2025-06-01,139.34
8188,11817,2020-09-14,6135.66
8189,25959,2020-09-24,362.66
8190,22866,2020-03-26,4542.89
8191,46735,2024-05-19,4987.37
8192,36586,2024-11-12,6490.05
8193,16798,2021-08-10,2469.57
8194,36580,2023-09-17,8691.07
8195,33471,2021-08-02,5091.86
8196,21529,2022-02-23,6932.41
8197,41732,2023-04-19,3526.59
8198,32274,2020-08-27,2743.2
8199,32685,2021-02-06,5881.85
8200,29304,2021-09-25,8962.91
8201,17910,2023-11-09,7200.77
8202,19809,2021-07-17,7018.16
8203,28244,2024-04-01,4989.7
8204,31210,2022-09-20,168.55
8205,31445,2020-08-22,8798.85
8206,46562,2022-08-11,2487.23
8207,29001,2021-03-30,4793.48
8208,26991,2020-11-13,2009.51
8209,34331,2023-12-11,8158.2
8210,24271,2022-04-17,433.34
8211,19388,2023-08-24,6598.04
8212,11195,2023-07-09,581.15
8213,3308,2021-08-30,9190.47
8214,20530,2022-01-01,644.01
8215,41143,2023-10-12,8908.91
8216,49546,2022-04-11,2595.66
8217,15326,2022-05-10,6566.44
8218,35693,2024-05-13,6405.61
8219,18153,2023-02-04,8531.9
8220,37050,2024-02-10,4088.08
8221,41049,2020-01-22,5339.03
8222,32643,2025-02-03,3914.88
8223,16470,2022-09-15,6589.02
8224,3688,2022-06-16,3175.48
8225,15982,2021-04-02,6437.86
8226,32888,2022-12-05,7557.8
8227,8280,2024-01-31,1386.35
8228,42139,2025-06-04,3859.21
8229,3366,2022-12-11,446.8
8230,45417,2022-01-26,1000.19
8231,40885,2024-01-29,573.76
8232,31428,2024-09-04,7084.18
8233,18967,2025-03-31,9800.81
8234,37560,2020-04-08,6154.42
8235,18127,2020-06-29,3460.01
8236,735,2022-11-25,7746.36
8237,44120,2023-12-29,5130.05
8238,23499,2024-04-02,1471.22
8239,53,2021-06-07,8973.09
8240,14019,2023-08-29,1347.34
8241,29075,2024-07-07,9767.66
8242,36765,2021-03-05,3683.42
8243,37737,2023-05-25,7297.28
8244,32277,2022-09-22,9597.72
8245,11062,2023-11-08,5975.31
8246,13556,2022-09-28,9760.65
8247,37502,2022-11-30,1874.66
8248,8905,2025-03-27,664.6
8249,45108,2024-11-20,6480.86
8250,29939,2021-09-20,1132.52
8251,6128,2024-03-06,5104.1
8252,45458,2020-01-20,7793.89
8253,38611,2023-02-21,8274.6
8254,32401,2021-09-15,5676.97
8255,28204,2021-12-15,4704.51
8256,25195,2023-02-19,1008.71
8257,29336,2020-05-27,6831.72
8258,7281,2021-08-31,7480.6
8259,47327,2024-07-31,3963.38
8260,10210,2022-12-21,5427.39
8261,20654,2022-12-23,2611.02
8262,6329,2023-05-25,3941.36
8263,4492,2021-12-14,5984.58
8264,10553,2022-11-13,7610.6
8265,8101,2022-03-19,691.66
8266,15431,2021-02-20,4988.42
8267,37574,2021-02-21,804.91
8268,28174,2025-06-01,9020.11
8269,42517,2024-10-08,6444.54
8270,20942,2022-05-05,4852.1
8271,29544,2025-02-13,514.6
8272,45920,2024-11-11,5328.93
8273,36570,2024-07-31,6328.25
8274,6527,2022-02-11,4267.78
8275,32597,2022-09-08,2971.04
8276,36272,2024-08-27,9587.13
8277,40441,2023-10-29,2146.35
8278,26607,2023-08-03,9705.26
8279,38328,2021-10-24,226.39
8280,27303,2024-11-25,5245.3
8281,23141,2021-06-06,3554.03
8282,35248,2023-01-02,2852.64
8283,38556,2025-03-24,3591.78
8284,11030,2022-09-21,6196.03
8285,10231,2024-08-12,4175.14
8286,15815,2023-06-10,1873.76
8287,9964,2025-04-03,6297.96
8288,32384,2021-01-08,9494.52
8289,29024,2020-10-19,9796.15
8290,14459,2021-06-22,8232.66
8291,33469,2022-10-21,1884.83
8292,6992,2021-03-22,2090.57
8293,44324,2024-07-26,207.76
8294,9154,2022-10-31,8031.61
8295,20817,2022-01-06,1779.76
8296,20273,2020-12-01,9522.96
8297,27395,2021-02-27,4570.71
8298,22807,2024-02-10,553.5
8299,29541,2024-04-12,6468.32
8300,46748,2020-10-11,1193.2
8301,36973,2020-05-23,6603.54
8302,34665,2025-04-04,6852.92
8303,43848,2023-09-04,594.45
8304,28193,2024-01-19,8790.69
8305,1150,2022-10-24,3927.25
8306,31300,2021-07-16,3289.38
8307,3829,2023-01-28,6595.37
8308,39239,2023-11-06,9364.16
8309,21771,2021-12-01,9706.35
8310,24040,2020-03-22,8333.34
8311,6792,2024-10-12,7715.69
8312,3348,2020-12-21,5492.52
8313,45118,2025-02-07,5441.13
8314,28263,2020-10-08,6145.39
8315,27740,2021-10-03,9833.85
8316,3147,2024-01-14,433.71
8317,44658,2023-05-28,4765.9
8318,20601,2020-02-14,2191.91
8319,28374,2020-11-11,6107.82
8320,24575,2025-04-23,5881.3
8321,6282,2024-04-03,9359.97
8322,38056,2021-12-23,3540.97
8323,39428,2020-04-14,7797.5
8324,35017,2025-01-02,7276.37
8325,2150,2024-08-05,4451.45
8326,19441,2023-02-20,5317.53
8327,14355,2021-05-03,4669.31
8328,13734,2023-05-06,9358.44
8329,32278,2022-05-23,1210.6
8330,15719,2020-09-04,5957.77
8331,10881,2022-04-12,3897.83
8332,45937,2023-07-16,1040.94
8333,2197,2021-07-21,2517.06
8334,11655,2025-03-19,6174.46
8335,17134,2020-04-19,7510.09
8336,33815,2020-07-03,5163.4
8337,34748,2022-10-23,5126.87
8338,11222,2025-01-10,6479.8
8339,22618,2024-11-19,1572.11
8340,3602,2023-09-13,1873.66
8341,31303,2023-05-23,9596.6
8342,10293,2024-08-18,9630.32
8343,12691,2023-08-05,7783.14
8344,4800,2021-01-09,7926.03
8345,20622,2025-03-04,1022.11
8346,17433,2020-04-07,3769.54
8347,49914,2023-07-28,4598.17
8348,35504,2025-01-27,1518.61
8349,34170,2025-03-11,341.16
8350,30064,2025-03-30,2292.09
8351,7380,2022-04-12,9668.63
8352,15212,2022-01-16,9274.63
8353,25733,2021-08-05,2406.95
8354,40561,2023-02-14,9405.2
8355,10389,2022-07-22,3470.13
8356,13115,2020-06-04,7594.67
8357,48504,2020-12-02,3838.15
8358,3149,2020-12-23,570.4
8359,4622,2025-03-29,9657.68
8360,3007,2020-04-21,2785.79
8361,8758,2020-01-30,628.17
8362,34557,2024-07-22,9935.25
8363,42960,2020-04-09,6440.74
8364,39597,2021-02-05,4511.91
8365,24050,2021-01-20,8264.34
8366,33714,2024-06-20,7223.83
8367,40617,2020-11-22,4329.73
8368,31836,2020-04-21,1567.85
8369,28031,2024-11-07,6663.06
8370,29313,2020-02-28,8891.84
8371,8700,2022-08-03,5207.85
8372,20610,2022-09-25,5633.85
8373,21576,2020-09-30,8469.66
8374,47871,2023-07-10,9456.15
8375,37517,2020-07-07,5468.28
8376,44006,2021-01-16,549.82
8377,24063,2024-09-27,1608.52
8378,38014,2021-09-24,9501.03
8379,38651,2024-08-07,8346.43
8380,42489,2024-06-06,6383.6
8381,4610,2021-12-09,4742.08
8382,23007,2023-10-14,4167.47
8383,1034,2023-04-21,536.73
8384,37335,2023-06-07,8702.9
8385,40310,2022-09-23,3799.51
8386,11038,2020-01-13,5237.36
8387,8928,2025-06-18,5426.79
8388,7233,2023-01-29,8402.67
8389,34925,2024-01-15,2050.89
8390,31020,2021-12-29,4802.63
8391,46122,2021-04-23,9564.65
8392,23811,2025-01-05,7128.12
8393,39535,2020-05-22,4048.6
8394,22942,2020-01-28,6358.63
8395,4124,2021-03-16,5921.52
8396,2611,2023-04-30,5497.04
8397,28019,2024-11-17,5392.38
8398,12501,2023-05-11,7209.72
8399,36477,2020-08-08,8831.18
8400,27405,2020-05-02,4168.82
8401,45210,2023-03-02,9754.19
8402,19304,2022-04-09,4089.22
8403,158,2020-08-22,6800.56
8404,15256,2020-06-18,2775.45
8405,43302,2025-01-31,7500.81
8406,30057,2022-11-09,3944.26
8407,3438,2024-06-09,3882.93
8408,11024,2025-05-13,2096.29
8409,21102,2022-07-11,791.26
8410,43242,2022-07-05,3556.07
8411,10417,2021-09-24,6038.33
8412,33407,2023-07-23,554.62
8413,52,2024-12-28,1987.37
8414,40752,2024-09-13,2526.05
8415,330,2022-11-25,1956.2
8416,11858,2025-05-31,1119.9
8417,8977,2020-04-21,1909.19
8418,48681,2022-05-27,9361.93
8419,15158,2024-05-21,7853.89
8420,24872,2022-10-15,9219.97
8421,31519,2023-05-08,8910.96
8422,16730,2024-04-14,4063.48
8423,34970,2021-12-08,3755.82
8424,26956,2023-03-04,7796.16
8425,7314,2020-05-01,9021.3
8426,17890,2024-08-14,7537.75
8427,3875,2023-07-12,5856.26
8428,29051,2020-10-16,5615.18
8429,19832,2021-12-13,4689.69
8430,10187,2024-05-09,4601.03
8431,3957,2022-05-20,659.12
8432,40990,2021-09-19,2232.65
8433,39410,2024-06-02,1523.42
8434,20043,2021-01-03,4746.29
8435,18926,2024-03-27,2960.62
8436,10804,2021-05-18,3845.35
8437,44228,2020-02-27,9717.68
8438,6884,2024-03-08,7667.39
8439,19594,2021-03-18,1482.13
8440,49846,2021-08-02,8109.62
8441,10235,2022-02-23,4477.92
8442,20258,2023-05-09,8558.56
8443,21695,2022-01-04,7621.25
8444,1504,2021-02-17,5234.36
8445,178,2022-01-26,7224.59
8446,47516,2021-03-22,9377.95
8447,30059,2021-03-21,5429.87
8448,48677,2025-06-04,1575.41
8449,42705,2024-10-31,5725.96
8450,37667,2024-04-02,564.58
8451,31165,2021-02-08,4592.4
8452,26965,2023-05-17,2308.35
8453,29472,2021-11-05,6490.43
8454,5346,2023-11-25,4053.21
8455,46088,2022-09-03,5195.25
8456,26576,2021-08-23,8928.26
8457,6051,2023-04-20,4648.27
8458,25111,2022-08-30,9973.59
8459,40957,2020-05-31,1451.5
8460,735,2022-11-04,8587.5
8461,38237,2020-12-06,3697.55
8462,40211,2023-06-29,7973.72
8463,46893,2021-08-10,5037.73
8464,41508,2021-06-09,5278.84
8465,48817,2024-09-06,5376.28
8466,48828,2023-10-21,2492.4
8467,33080,2023-01-20,628.39
8468,41929,2023-05-25,6567.9
8469,35043,2020-04-01,354.16
8470,43777,2023-08-03,7292.21
8471,37985,2020-04-09,3304.37
8472,721,2025-06-22,4020.9
8473,8013,2022-12-17,7553.55
8474,18693,2024-08-30,1593.9
8475,44089,2024-01-09,6530.35
8476,11946,2023-04-20,5769.3
8477,49225,2024-03-12,4228.42
8478,48518,2021-11-30,6293.47
8479,47957,2022-05-10,3665.59
8480,43577,2023-11-19,2717.91
8481,29566,2022-10-18,984.66
8482,4199,2023-03-23,5947.01
8483,42096,2024-12-23,9605.25
8484,17203,2023-08-02,8076.1
8485,46853,2022-03-31,1031.73
8486,20850,2023-08-09,2272.51
8487,39744,2022-02-09,6528.88
8488,17434,2024-11-14,120.28
8489,45893,2020-03-14,5674.72
8490,33696,2020-12-17,9742.44
8491,32008,2020-03-09,3586.01
8492,11785,2021-10-10,8945.95
8493,1846,2023-03-23,1167.4
8494,48348,2021-02-22,560.13
8495,27076,2020-11-20,3538.64
8496,12995,2025-02-14,5830.09
8497,30633,2024-01-24,8362.24
8498,13482,2022-01-03,1935.19
8499,30091,2023-03-08,2689.35
8500,31856,2023-02-18,4840.37
8501,40925,2025-05-03,3524.11
8502,31615,2025-03-19,142.76
8503,18312,2022-07-05,3372.69
8504,17070,2023-07-07,2681.62
8505,26591,2020-05-24,5100.5
8506,6724,2022-09-19,1248.87
8507,26258,2024-03-06,6882.15
8508,139,2025-06-02,3011.16
8509,38107,2024-08-21,2375.91
8510,15763,2024-03-21,3115.47
8511,41458,2024-10-26,4647.52
8512,33817,2020-04-25,8887.35
8513,41366,2021-07-04,6905.22
8514,5372,2023-02-04,1856.04
8515,18135,2021-09-21,6759.29
8516,43454,2020-02-11,1616.05
8517,7050,2022-03-28,3254.4
8518,27444,2021-06-22,4685.1
8519,42061,2023-05-25,6397.96
8520,16864,2024-06-29,4753.78
8521,28956,2020-03-23,5877.0
8522,1710,2025-04-05,6859.32
8523,23701,2023-09-06,9620.98
8524,5263,2020-09-26,9067.47
8525,14979,2020-04-17,5114.83
8526,38225,2022-11-04,7453.66
8527,28769,2022-08-04,4443.48
8528,49605,2021-10-23,9663.78
8529,15624,2025-01-23,869.19
8530,26490,2025-02-15,2131.43
8531,1370,2021-12-02,2659.53
8532,43394,2022-08-03,2891.28
8533,39077,2021-11-11,2819.13
8534,7564,2022-03-10,6085.59
8535,33299,2020-06-09,8948.27
8536,39707,2024-01-12,766.12
8537,43458,2025-01-06,8337.28
8538,1552,2020-03-23,3071.87
8539,39426,2024-06-25,5934.18
8540,49557,2023-11-04,6621.65
8541,33386,2020-04-24,5662.83
8542,18449,2023-06-19,1033.64
8543,12492,2020-02-28,4890.79
8544,15367,2020-04-08,721.66
8545,9929,2021-03-17,125.53
8546,30254,2023-11-12,2096.9
8547,41994,2023-01-03,3044.82
8548,34561,2023-06-18,6896.58
8549,28297,2021-05-29,3904.66
8550,2237,2021-01-09,4944.66
8551,7600,2020-03-06,6023.99
8552,10526,2022-10-11,438.18
8553,24904,2022-03-14,3544.08
8554,33463,2024-08-13,4325.82
8555,15883,2022-06-25,2690.56
8556,35697,2023-04-01,3820.92
8557,10676,2020-09-03,4982.61
8558,37855,2022-01-31,5925.24
8559,13803,2023-08-01,2976.21
8560,41291,2020-11-12,7009.38
8561,25351,2020-07-08,8618.73
8562,23478,2020-01-07,1419.97
8563,29783,2024-04-03,2973.11
8564,1056,2020-11-21,3527.69
8565,26942,2020-03-29,1142.67
8566,27791,2021-12-20,6152.25
8567,19410,2022-06-09,2185.81
8568,9308,2022-04-09,9078.88
8569,4285,2020-10-05,1465.81
8570,37966,2022-03-31,7293.52
8571,25421,2025-04-14,6608.09
8572,39352,2025-03-03,4738.65
8573,32886,2020-03-12,5212.42
8574,14360,2024-02-16,1679.94
8575,7708,2024-03-10,385.46
8576,13067,2022-05-31,9437.56
8577,46835,2020-08-04,454.76
8578,11228,2024-04-19,5801.07
8579,46806,2025-04-16,8153.46
8580,14033,2024-01-17,150.91
8581,40569,2020-04-19,3884.61
8582,41172,2022-04-08,3116.61
8583,1601,2023-04-05,2163.67
8584,46508,2021-05-12,1737.13
8585,27712,2021-08-02,3831.49
8586,29705,2022-01-18,1525.8
8587,8224,2021-03-02,2032.3
8588,46362,2021-01-18,5516.32
8589,5950,2023-12-20,2472.58
8590,37485,2024-12-12,864.35
8591,27818,2025-03-27,8662.48
8592,48304,2020-09-23,4390.39
8593,33670,2021-08-22,8317.44
8594,38774,2024-10-07,612.43
8595,26880,2023-10-15,6405.9
8596,44830,2022-12-22,8203.31
8597,40087,2025-06-14,6993.96
8598,26727,2021-01-09,8446.91
8599,11225,2021-04-22,1211.06
8600,31885,2020-10-13,1796.21
8601,16025,2021-03-29,1676.53
8602,36113,2020-10-06,6382.38
8603,43628,2024-09-14,9973.33
8604,20507,2025-04-04,4209.78
8605,12422,2022-07-22,9144.35
8606,9807,2024-03-15,8935.21
8607,48496,2025-05-29,8138.23
8608,29400,2024-09-05,4849.94
8609,4811,2024-02-01,3250.15
8610,8669,2020-05-13,654.5
8611,35784,2025-02-13,4841.9
8612,27512,2022-07-16,8748.84
8613,23754,2022-04-29,4862.27
8614,11579,2022-05-28,116.12
8615,3082,2022-05-13,7974.55
8616,40193,2021-10-13,1377.25
8617,14061,2025-06-17,1728.95
8618,28212,2020-02-03,2414.37
8619,10967,2020-03-06,2023.68
8620,22674,2020-06-20,7194.9
8621,48983,2025-02-20,9412.77
8622,16133,2021-06-16,1259.07
8623,44928,2021-12-10,3961.07
8624,24560,2022-10-26,6054.11
8625,19814,2024-12-08,4779.07
8626,15222,2024-07-25,3556.32
8627,15733,2021-06-02,2313.3
8628,23655,2021-08-10,5573.26
8629,21204,2022-01-03,5131.9
8630,16221,2022-04-20,9915.1
8631,36912,2024-03-22,4690.98
8632,43111,2020-08-27,8856.74
8633,34016,2022-12-06,9448.21
8634,40748,2022-02-28,3350.56
8635,4207,2020-06-03,3060.34
8636,41282,2020-09-08,9426.96
8637,44672,2024-10-28,5820.34
8638,4859,2024-04-22,2000.34
8639,7154,2023-01-16,2630.87
8640,35993,2020-09-26,301.33
8641,27565,2024-08-30,3288.23
8642,10007,2020-12-21,6248.18
8643,22505,2024-10-06,3186.23
8644,7081,2021-09-04,2362.29
8645,42401,2023-02-13,681.39
8646,40825,2020-02-19,8481.67
8647,22812,2021-04-03,6508.42
8648,29448,2020-02-01,9095.2
8649,25313,2025-02-03,317.05
8650,29438,2023-05-17,9227.18
8651,1181,2023-05-02,5281.54
8652,17264,2022-09-18,1439.21
8653,39608,2023-01-15,2594.12
8654,19237,2020-09-17,1535.2
8655,35731,2021-09-25,2341.02
8656,12280,2022-03-18,2700.53
8657,3507,2024-08-28,5873.63
8658,23893,2022-08-25,2687.37
8659,8440,2021-04-19,4965.18
8660,19363,2022-02-04,6456.62
8661,34266,2023-04-28,7807.0
8662,26742,2023-07-05,8841.06
8663,20572,2022-03-18,1672.9
8664,12246,2021-05-19,6477.53
8665,21328,2021-05-18,1219.08
8666,17932,2021-08-05,2422.86
8667,30236,2023-06-09,5743.38
8668,18375,2021-03-09,9478.57
8669,31704,2021-02-09,6125.74
8670,3147,2022-06-21,8771.36
8671,14415,2025-03-31,6750.54
8672,1747,2021-05-09,7518.04
8673,31415,2024-05-27,2292.55
8674,48207,2023-06-15,4913.3
8675,19145,2024-11-21,8063.63
8676,28877,2020-12-30,6639.14
8677,6962,2023-12-13,408.31
8678,37405,2023-10-13,6714.19
8679,25402,2022-11-13,2001.66
8680,29978,2020-06-12,9316.5
8681,49175,2022-03-31,9298.38
8682,28805,2020-07-28,8463.87
8683,24635,2021-09-10,2033.53
8684,34448,2022-07-10,1229.98
8685,40551,2020-08-18,8919.12
8686,34398,2024-01-26,4877.99
8687,42901,2020-11-07,8784.65
8688,29445,2025-02-20,8571.63
8689,39354,2021-08-23,8608.32
8690,47386,2021-07-08,2390.34
8691,14192,2024-06-12,6622.77
8692,27774,2022-03-19,9394.76
8693,45022,2024-06-12,3418.72
8694,15291,2025-05-11,6627.66
8695,19542,2021-04-17,3725.72
8696,5818,2024-12-03,2716.31
8697,17005,2025-01-05,8162.62
8698,4652,2024-11-18,1972.37
8699,716,2025-03-14,1174.23
8700,8298,2022-07-08,2818.66
8701,47323,2024-06-06,4527.16
8702,24173,2023-03-19,8017.94
8703,39468,2020-10-28,2408.96
8704,17113,2020-01-23,9081.02
8705,12593,2024-06-07,5543.48
8706,43099,2024-03-14,7161.79
8707,2544,2023-09-25,2586.31
8708,3153,2022-10-20,8445.51
8709,49849,2024-07-28,409.5
8710,20614,2022-07-18,2191.68
8711,8599,2021-01-29,7821.49
8712,31058,2022-07-27,742.09
8713,32555,2023-09-13,5971.34
8714,23550,2023-10-13,7257.64
8715,42540,2023-11-19,5771.94
8716,44529,2022-03-21,1103.66
8717,37954,2023-07-28,6024.09
8718,35117,2020-01-31,6151.7
8719,46611,2022-01-10,4903.54
8720,44280,2023-07-03,3708.3
8721,33284,2025-04-29,2511.26
8722,36194,2021-04-02,859.65
8723,23648,2022-09-19,448.61
8724,1746,2023-09-12,7935.64
8725,34953,2024-02-16,5302.69
8726,36197,2023-04-11,1562.41
8727,1072,2020-07-04,1034.17
8728,1188,2024-05-18,1001.52
8729,16884,2020-10-02,1528.27
8730,43203,2025-02-13,382.38
8731,12562,2021-08-14,7673.91
8732,30504,2025-03-05,3731.33
8733,2550,2023-04-28,2948.26
8734,6082,2021-03-20,4663.94
8735,7148,2025-01-19,3176.53
8736,14657,2022-03-13,7002.7
8737,49112,2024-06-27,3045.66
8738,29592,2023-10-23,6245.49
8739,14517,2024-12-30,3805.49
8740,5746,2023-10-14,4150.82
8741,27050,2020-05-04,7852.16
8742,17205,2024-07-22,5234.42
8743,9192,2020-01-09,4114.67
8744,8766,2023-02-02,3347.19
8745,1699,2020-04-03,6590.2
8746,19427,2024-04-05,6304.27
8747,3257,2024-10-11,924.88
8748,2188,2020-01-22,6779.17
8749,1779,2020-12-29,4575.84
8750,32817,2020-12-11,9742.36
8751,34263,2024-10-05,4737.49
8752,47601,2025-05-04,9439.16
8753,42134,2021-07-02,8058.54
8754,13914,2020-09-11,9680.82
8755,39236,2022-01-16,2138.41
8756,25927,2022-09-22,3389.96
8757,351,2023-12-26,5924.72
8758,34695,2022-09-30,1063.86
8759,34686,2020-05-09,7143.01
8760,28950,2022-01-10,2764.35
8761,12442,2021-09-07,1579.5
8762,38779,2024-08-06,683.56
8763,12713,2020-11-01,4208.84
8764,20344,2021-01-15,1360.16
8765,5270,2024-12-19,5040.42
8766,23625,2023-11-04,4149.56
8767,10542,2024-06-22,8721.5
8768,21562,2021-06-01,822.09
8769,31261,2024-09-20,8611.33
8770,24288,2025-01-01,7178.39
8771,15925,2021-10-23,6495.54
8772,11154,2022-08-15,9755.16
8773,23840,2022-06-25,587.02
8774,4105,2021-04-26,4956.23
8775,34270,2021-09-25,7319.77
8776,31200,2022-09-07,5390.85
8777,2824,2020-03-17,3272.54
8778,46488,2021-11-15,359.42
8779,68,2020-07-28,6555.75
8780,25908,2020-11-07,8668.67
8781,12590,2025-05-18,7211.55
8782,43281,2024-09-03,605.72
8783,23061,2025-02-28,7039.93
8784,24329,2020-04-14,7401.4
8785,49916,2023-05-24,6666.95
8786,5573,2024-07-22,5930.88
8787,41438,2020-08-16,7044.17
8788,27366,2024-12-24,5803.89
8789,13256,2021-05-30,4843.16
8790,37808,2023-11-12,5410.11
8791,12334,2020-11-29,813.51
8792,46689,2024-10-04,5302.9
8793,17408,2020-03-27,7065.73
8794,14960,2021-05-08,4987.81
8795,10085,2024-01-23,5614.08
8796,21961,2023-06-17,7663.94
8797,29119,2020-11-09,1499.37
8798,37507,2020-04-20,7523.65
8799,6815,2024-04-26,3798.35
8800,39527,2024-11-26,7877.07
8801,21127,2020-07-14,2274.76
8802,34300,2024-01-12,7961.71
8803,21084,2022-01-24,7935.8
8804,5859,2021-07-05,3280.54
8805,49807,2020-09-10,7980.64
8806,41735,2020-03-14,1326.53
8807,14691,2022-06-21,8113.53
8808,28272,2024-07-23,1550.03
8809,6623,2021-12-27,9857.18
8810,38822,2023-08-06,5914.74
8811,5512,2025-03-24,7838.78
8812,11448,2021-09-23,5677.83
8813,45030,2025-01-16,5830.17
8814,40400,2022-02-18,4880.34
8815,8802,2023-06-20,1468.88
8816,49537,2025-01-21,2792.26
8817,47635,2025-02-10,9364.89
8818,14084,2023-06-14,3789.15
8819,192,2024-12-12,656.78
8820,40930,2023-03-05,7993.94
8821,6786,2024-09-01,7161.62
8822,44236,2024-03-21,3144.26
8823,35512,2024-01-26,3774.29
8824,44533,2023-12-27,4963.33
8825,15840,2020-05-18,1512.27
8826,12211,2022-08-15,9923.62
8827,41119,2023-03-27,3842.07
8828,19770,2022-06-24,8592.22
8829,14244,2024-06-10,8300.8
8830,39927,2021-06-13,2725.0
8831,18394,2025-01-27,884.24
8832,30988,2024-03-24,4532.78
8833,19107,2024-05-27,2266.62
8834,37892,2021-09-17,3854.45
8835,23324,2020-05-13,9195.79
8836,30181,2023-01-08,5891.68
8837,13642,2025-02-10,4281.39
8838,9422,2024-07-23,5976.31
8839,48133,2021-04-09,1134.48
8840,36618,2025-04-29,7627.77
8841,11417,2024-12-05,5706.13
8842,34217,2022-02-11,9702.89
8843,33773,2021-08-26,4003.47
8844,9971,2020-12-15,1951.19
8845,16596,2023-03-14,1876.35
8846,22332,2022-04-09,8587.97
8847,27937,2021-07-12,4661.84
8848,30345,2020-10-21,2988.65
8849,8370,2023-02-25,7906.35
8850,44703,2022-04-06,7397.77
8851,30597,2024-01-30,9112.0
8852,45230,2024-12-02,8674.57
8853,22493,2024-09-27,1068.23
8854,45811,2024-02-24,1799.9
8855,41583,2023-10-26,4660.8
8856,49796,2024-11-24,8957.96
8857,31,2023-04-04,7487.76
8858,8196,2021-11-26,1389.18
8859,13179,2023-06-23,1977.99
8860,18,2023-11-22,4694.84
8861,25938,2025-02-14,6915.08
8862,37096,2024-09-13,2034.51
8863,1826,2023-01-29,925.46
8864,24624,2024-08-22,283.41
8865,6207,2020-06-07,1392.76
8866,19546,2023-05-05,4158.26
8867,34816,2021-10-18,8659.18
8868,7767,2022-10-24,502.56
8869,24865,2021-09-10,6829.55
8870,7249,2020-08-03,1426.34
8871,24746,2022-10-26,4966.96
8872,16032,2024-01-11,2945.55
8873,28771,2023-03-27,8401.22
8874,23411,2022-06-05,6675.76
8875,40414,2022-04-22,3038.84
8876,18575,2021-08-25,5081.98
8877,39284,2023-07-12,7591.14
8878,44787,2021-02-11,8682.82
8879,13895,2024-12-16,6233.94
8880,47497,2020-01-13,6184.29
8881,32397,2022-04-02,1119.35
8882,21608,2021-08-26,5260.82
8883,42130,2024-02-27,8171.1
8884,11939,2024-10-24,6856.17
8885,32769,2024-06-19,570.82
8886,39640,2024-10-28,7025.75
8887,5245,2020-12-22,4086.09
8888,29042,2023-07-22,6871.26
8889,7204,2020-10-29,8131.18
8890,49394,2020-09-08,1827.03
8891,32464,2021-08-05,8719.21
8892,21458,2022-04-14,2026.41
8893,44799,2022-03-18,2943.75
8894,11203,2020-04-03,6837.12
8895,48942,2024-05-12,7300.4
8896,21245,2020-01-31,4315.48
8897,21669,2020-10-27,1215.47
8898,12286,2024-02-28,9182.91
8899,27621,2023-02-01,3532.15
8900,49115,2020-11-05,9675.67
8901,18220,2020-11-24,8506.98
8902,16196,2023-01-26,3024.6
8903,5196,2024-02-02,7504.97
8904,20302,2021-02-14,2805.76
8905,3763,2020-02-21,349.63
8906,15050,2021-07-20,2702.98
8907,41737,2022-11-16,1685.34
8908,26072,2022-05-14,3147.63
8909,49522,2020-04-25,4830.66
8910,22865,2023-10-20,1590.16
8911,49733,2021-11-15,1058.45
8912,31650,2021-03-02,5135.42
8913,13377,2021-07-07,3541.89
8914,34331,2024-11-14,4523.6
8915,13224,2022-02-12,9904.09
8916,34822,2020-10-30,3581.82
8917,42805,2024-01-05,6073.83
8918,8630,2024-04-11,4890.39
8919,34759,2023-03-29,7398.74
8920,36736,2024-08-28,9849.94
8921,36150,2020-12-07,5281.74
8922,39074,2024-03-03,3569.35
8923,7456,2021-11-23,1708.7
8924,16193,2025-06-19,8142.39
8925,22270,2024-06-19,827.86
8926,23893,2023-07-30,5855.92
8927,13837,2024-11-06,7662.87
8928,45576,2020-10-22,1999.8
8929,27038,2020-04-03,4859.37
8930,5384,2023-04-01,4029.61
8931,49978,2024-01-24,2182.9
8932,17276,2021-09-21,8831.9
8933,36187,2022-08-15,5369.88
8934,28007,2023-11-09,8577.38
8935,32599,2023-06-11,8528.78
8936,13448,2020-06-03,9803.42
8937,33085,2020-10-04,9203.58
8938,14799,2021-05-19,7352.06
8939,41982,2025-03-31,6786.6
8940,17484,2021-09-14,1723.98
8941,18852,2025-05-21,4351.21
8942,23915,2024-12-20,5679.28
8943,11710,2024-11-15,712.53
8944,42668,2020-05-30,1631.22
8945,10609,2020-06-29,6443.49
8946,35476,2023-08-07,1555.76
8947,30,2025-02-07,3450.24
8948,435,2025-04-30,469.08
8949,25772,2024-03-22,1780.45
8950,44282,2023-12-02,5589.36
8951,13803,2020-07-26,6455.85
8952,49199,2020-05-07,1119.07
8953,42507,2020-01-23,2489.93
8954,19926,2022-10-27,4016.91
8955,26026,2021-05-02,6855.85
8956,20867,2020-11-07,842.67
8957,13828,2021-10-23,4543.9
8958,3555,2021-08-27,7394.07
8959,23407,2021-02-07,1491.0
8960,10953,2022-02-12,5501.89
8961,10696,2024-04-15,4463.87
8962,4258,2024-02-07,3969.2
8963,19763,2024-06-28,9345.39
8964,27375,2024-02-17,4016.04
8965,26015,2021-04-01,4523.14
8966,29288,2022-08-15,716.44
8967,33107,2020-12-10,3714.49
8968,46117,2021-10-01,5284.45
8969,38971,2025-03-26,193.59
8970,11116,2020-02-11,591.21
8971,5340,2021-09-05,2466.35
8972,2409,2020-08-12,7448.96
8973,11026,2024-03-28,7855.09
8974,6169,2021-09-04,8035.54
8975,18314,2022-07-11,5775.06
8976,18885,2022-04-30,8371.88
8977,23759,2021-08-14,1457.1
8978,26649,2020-02-16,9244.55
8979,9300,2024-01-04,8082.12
8980,18680,2025-02-12,6035.61
8981,7416,2024-11-08,5851.46
8982,7219,2022-02-10,1204.63
8983,7093,2024-06-26,8029.96
8984,42506,2021-02-09,5032.64
8985,18609,2025-03-17,8232.76
8986,6269,2024-05-08,3224.32
8987,24742,2024-10-30,604.44
8988,11612,2023-02-26,5105.03
8989,36209,2023-04-17,8825.33
8990,17266,2021-04-13,979.04
8991,5934,2020-04-23,4175.04
8992,7415,2021-07-28,8357.43
8993,4166,2024-12-26,2362.99
8994,6138,2024-06-14,2696.84
8995,33291,2024-02-26,6251.51
8996,31827,2023-03-31,8659.83
8997,42384,2020-01-29,5812.63
8998,43680,2024-05-22,1108.68
8999,42370,2021-12-11,9300.85
9000,14311,2022-04-04,5399.76
9001,3130,2021-04-04,3492.53
9002,19366,2020-10-15,7559.91
9003,35919,2020-12-31,6942.9
9004,22713,2024-02-04,3133.16
9005,13389,2023-01-30,8568.97
9006,33863,2021-12-05,932.8
9007,17524,2020-04-28,8803.23
9008,27833,2023-12-12,1098.28
9009,6467,2021-04-09,457.27
9010,8207,2020-04-13,8661.69
9011,15188,2020-02-19,752.48
9012,39354,2024-09-16,9915.78
9013,34307,2022-05-03,916.31
9014,37946,2022-03-27,8303.77
9015,6543,2025-05-21,9644.08
9016,45827,2021-04-19,5770.9
9017,7580,2021-12-19,1775.29
9018,26287,2024-06-02,1701.38
9019,43585,2023-04-22,7626.57
9020,42421,2022-05-04,766.45
9021,5012,2023-03-09,6890.48
9022,13323,2024-10-20,2953.04
9023,34585,2020-04-22,9273.79
9024,26815,2024-05-10,5583.6
9025,5636,2022-01-23,2301.32
9026,6995,2020-08-19,8481.66
9027,28214,2020-05-16,9834.11
9028,38972,2021-09-14,7469.29
9029,4252,2022-05-26,7009.07
9030,44170,2022-07-13,8583.93
9031,46075,2023-04-03,300.17
9032,39381,2023-11-29,8900.38
9033,42660,2020-04-28,2572.8
9034,13904,2024-03-16,5945.87
9035,19361,2024-03-04,4527.69
9036,24891,2020-11-27,4391.08
9037,29875,2024-05-19,4558.66
9038,46126,2021-10-28,6869.41
9039,44429,2023-07-27,6792.51
9040,35227,2023-09-29,3821.3
9041,16520,2020-06-25,9929.23
9042,49966,2021-06-29,9666.51
9043,11144,2023-01-31,1656.5
9044,6657,2025-03-25,6909.58
9045,31211,2023-02-21,5166.82
9046,32624,2025-01-22,2781.76
9047,23521,2021-04-27,8102.05
9048,6077,2022-12-09,2322.91
9049,12756,2021-11-16,6736.12
9050,2770,2020-09-22,7385.97
9051,36442,2025-04-03,4086.54
9052,28699,2024-10-17,474.45
9053,41158,2023-01-19,3267.81
9054,15252,2020-09-19,8109.89
9055,9190,2021-02-01,6762.31
9056,15078,2024-10-28,4902.52
9057,15888,2022-01-16,7146.72
9058,47044,2021-02-02,2238.27
9059,14358,2023-08-23,9266.31
9060,46153,2021-11-25,8409.77
9061,1720,2024-07-18,420.22
9062,28536,2020-12-29,6729.63
9063,41352,2025-05-05,2846.38
9064,42316,2020-07-05,5007.63
9065,31158,2025-03-07,2051.76
9066,21388,2020-11-24,7365.88
9067,35024,2022-10-14,544.37
9068,12302,2025-01-04,5580.21
9069,5342,2021-03-06,1190.0
9070,2027,2022-11-22,3142.78
9071,4340,2021-06-28,2014.02
9072,1299,2022-11-27,4393.85
9073,34381,2022-01-05,4865.33
9074,32876,2021-06-16,6625.11
9075,1354,2021-08-03,4551.9
9076,34415,2022-07-27,7274.35
9077,4221,2020-09-23,8086.88
9078,17501,2021-04-21,9937.65
9079,41372,2023-04-26,1324.36
9080,3021,2021-11-16,4149.11
9081,237,2023-11-06,2616.47
9082,35471,2021-03-31,7274.96
9083,41169,2021-12-31,5205.48
9084,13631,2022-12-15,1202.24
9085,12298,2024-02-26,721.65
9086,15104,2025-01-06,5058.1
9087,16270,2020-12-28,3572.1
9088,35106,2023-08-15,5315.04
9089,38495,2024-05-06,2562.42
9090,10023,2022-10-09,3937.62
9091,18336,2020-10-30,9742.46
9092,10320,2024-12-08,2487.37
9093,40657,2021-10-08,331.74
9094,27748,2020-04-08,9234.42
9095,39331,2021-07-09,8054.5
9096,26647,2020-05-13,4599.36
9097,48921,2020-05-26,5371.46
9098,41207,2020-08-15,3420.22
9099,22106,2025-03-12,1516.83
9100,47036,2023-06-09,2753.42
9101,18918,2025-03-12,3643.22
9102,13331,2021-02-03,5599.46
9103,28139,2023-11-19,2895.03
9104,41747,2022-05-17,3297.89
9105,21614,2024-05-13,5526.24
9106,15215,2021-08-26,2896.3
9107,38495,2022-10-01,9722.09
9108,29669,2022-06-10,4518.98
9109,43404,2024-07-09,8098.69
9110,342,2023-01-15,6837.24
9111,28594,2021-02-22,1439.06
9112,39500,2022-12-19,7840.55
9113,42143,2024-08-25,2554.15
9114,30029,2021-05-21,8921.73
9115,17431,2021-10-18,7246.43
9116,1021,2020-06-15,7200.24
9117,46797,2024-02-23,3128.33
9118,30534,2020-05-11,3989.32
9119,49021,2023-04-14,7342.0
9120,27888,2024-01-18,3698.38
9121,2243,2024-05-02,4583.74
9122,8903,2020-12-03,5633.37
9123,27637,2024-03-04,3053.43
9124,2558,2022-05-25,7656.65
9125,21727,2020-03-02,2818.58
9126,5548,2023-02-24,623.7
9127,46930,2020-01-23,7889.14
9128,30151,2023-04-26,3775.56
9129,29666,2024-08-18,8474.33
9130,41687,2023-02-02,6274.5
9131,29704,2020-10-24,8327.06
9132,14194,2024-10-29,3876.79
9133,12572,2023-04-04,5639.18
9134,9709,2022-04-30,225.36
9135,12727,2022-10-06,2644.85
9136,46847,2020-02-27,8757.81
9137,6467,2021-03-22,4464.03
9138,22221,2021-03-18,6395.26
9139,22439,2022-10-06,2870.96
9140,6859,2024-03-14,8540.42
9141,39325,2024-04-05,5975.95
9142,23697,2022-09-21,9088.8
9143,48774,2024-05-04,2511.47
9144,19726,2022-06-16,7300.97
9145,28627,2022-01-24,302.87
9146,37541,2020-12-02,6018.13
9147,18027,2025-02-09,3084.41
9148,30540,2020-09-25,1319.62
9149,34643,2020-02-25,6304.79
9150,17237,2022-09-27,388.18
9151,3101,2020-08-07,1647.19
9152,21724,2022-11-06,3770.35
9153,42705,2025-01-10,4523.51
9154,7217,2023-08-25,9091.82
9155,18425,2020-03-28,3417.2
9156,5122,2022-10-01,606.36
9157,41670,2021-04-26,9626.57
9158,43609,2022-11-26,8324.95
9159,70,2021-10-15,2351.6
9160,4801,2023-02-10,5202.7
9161,24405,2020-07-16,1638.15
9162,17301,2022-07-25,9560.99
9163,31212,2023-04-22,5210.65
9164,43505,2025-05-17,4769.72
9165,1051,2025-04-25,8305.71
9166,17599,2022-05-01,1376.97
9167,1815,2021-02-10,2716.94
9168,36068,2024-09-03,7353.28
9169,21348,2021-02-19,6178.24
9170,1082,2024-10-15,1674.38
9171,41773,2022-01-12,2185.65
9172,37585,2023-02-11,8810.49
9173,39566,2023-09-28,8254.9
9174,32406,2021-01-17,247.34
9175,6673,2024-03-09,9519.91
9176,9117,2020-03-24,5858.57
9177,20976,2024-08-27,4765.23
9178,39664,2021-05-05,3620.34
9179,16159,2022-03-24,3820.46
9180,18490,2021-07-04,4996.43
9181,529,2020-09-06,2184.66
9182,41592,2021-09-10,1401.64
9183,25111,2023-12-12,5653.99
9184,20962,2023-09-22,4586.3
9185,19154,2024-01-26,6802.12
9186,8405,2021-08-19,4977.49
9187,2196,2023-02-19,3984.96
9188,22788,2023-07-04,3501.2
9189,20811,2020-12-30,5816.0
9190,36913,2023-04-04,2859.39
9191,23917,2025-03-04,8195.25
9192,49946,2022-07-13,7956.68
9193,37369,2024-09-25,6474.77
9194,27164,2022-07-04,3918.66
9195,35635,2022-12-01,6061.48
9196,33448,2024-05-11,6256.38
9197,22565,2023-06-13,6806.77
9198,10986,2022-06-01,3876.61
9199,15343,2022-04-24,4235.68
9200,17587,2024-03-23,9116.19
9201,8249,2023-05-23,1195.16
9202,24297,2020-02-28,1402.95
9203,43504,2022-01-21,9907.08
9204,33352,2023-11-19,6271.16
9205,36031,2020-12-08,4640.91
9206,42892,2023-06-21,1288.1
9207,5231,2021-07-01,6474.93
9208,48475,2020-10-10,7778.5
9209,2611,2020-03-21,5358.75
9210,10990,2021-08-06,587.89
9211,9099,2021-05-27,5155.41
9212,35974,2023-10-04,1611.4
9213,42892,2021-03-11,4381.49
9214,2002,2022-02-09,2997.24
9215,34073,2023-07-16,1393.9
9216,38114,2025-03-03,569.72
9217,8122,2020-10-05,6028.5
9218,2640,2021-12-27,5770.17
9219,11556,2023-08-06,1680.47
9220,3093,2024-08-16,9186.39
9221,21844,2024-12-01,8757.26
9222,34364,2025-04-11,2763.77
9223,37738,2021-08-15,5091.3
9224,8946,2022-06-11,5115.14
9225,41406,2024-08-15,1884.19
9226,47483,2021-04-15,4017.44
9227,37259,2021-03-14,6413.6
9228,36430,2024-04-12,5055.27
9229,38244,2024-12-04,3875.23
9230,643,2024-11-05,4444.11
9231,27065,2022-06-10,6467.51
9232,20694,2023-07-22,9216.5
9233,20608,2020-05-20,9186.03
9234,18027,2025-04-29,8460.17
9235,13765,2021-11-09,4544.22
9236,45762,2023-08-23,9909.85
9237,11582,2022-02-12,1672.59
9238,43065,2020-09-25,4672.94
9239,37250,2024-02-29,5447.96
9240,20325,2020-02-21,9737.42
9241,5907,2021-05-19,4862.53
9242,13629,2020-09-03,6561.56
9243,2565,2022-05-04,2420.56
9244,48794,2020-02-05,5279.92
9245,3091,2025-03-28,6608.55
9246,9247,2020-04-16,2358.61
9247,28627,2025-04-20,5266.48
9248,1515,2022-08-18,6613.76
9249,45996,2024-04-27,2843.48
9250,48787,2023-03-10,4709.47
9251,7018,2020-04-01,8161.49
9252,18257,2023-04-29,5428.06
9253,41379,2023-04-21,2231.25
9254,16218,2020-07-24,2220.86
9255,38261,2022-05-29,7095.57
9256,19069,2024-08-04,2895.53
9257,15688,2021-12-11,339.6
9258,7016,2024-06-24,8538.78
9259,47641,2020-02-10,284.96
9260,15085,2023-12-21,5535.95
9261,38541,2021-12-03,2305.43
9262,1322,2023-09-23,7793.36
9263,19599,2024-08-31,1474.96
9264,11799,2021-06-04,8563.79
9265,48924,2022-01-11,5749.33
9266,24845,2021-10-21,1774.45
9267,38060,2025-04-24,6520.72
9268,9678,2021-09-05,389.9
9269,23476,2025-03-06,6043.72
9270,37155,2024-04-09,7473.24
9271,37099,2024-11-05,4850.67
9272,13731,2025-06-08,1575.02
9273,45362,2020-10-12,2054.61
9274,30184,2023-11-08,1548.15
9275,4183,2021-08-06,4101.17
9276,27432,2024-04-09,1854.51
9277,38221,2020-09-12,3066.74
9278,33478,2020-04-03,1455.87
9279,17117,2021-10-31,1856.47
9280,29994,2024-01-24,9351.0
9281,44175,2020-01-31,241.82
9282,48188,2021-08-30,5278.12
9283,18209,2023-08-08,4366.0
9284,42920,2021-11-11,2883.73
9285,4513,2021-07-26,8000.25
9286,44185,2022-07-13,2269.64
9287,13566,2025-05-07,8929.47
9288,31643,2024-04-03,6858.08
9289,46008,2022-02-11,6672.77
9290,22267,2021-10-21,9630.1
9291,26992,2022-08-31,8668.49
9292,3097,2023-06-12,4925.39
9293,30853,2020-10-11,5813.78
9294,19699,2021-05-29,7780.84
9295,30782,2020-12-05,2134.28
9296,46696,2021-06-20,6492.7
9297,8644,2020-08-20,2798.05
9298,17486,2020-11-20,789.6
9299,34921,2022-12-14,9825.59
9300,10916,2024-01-03,7056.87
9301,48508,2022-07-13,7078.61
9302,28514,2023-06-19,4455.84
9303,18826,2021-09-28,2054.18
9304,17523,2023-08-13,8861.46
9305,47849,2020-05-09,6344.79
9306,8790,2024-03-21,2563.58
9307,13852,2020-08-15,1722.75
9308,36912,2020-07-05,7445.4
9309,28860,2023-05-01,1853.4
9310,15345,2023-08-03,2254.0
9311,38463,2025-02-25,1106.48
9312,27699,2023-10-20,7544.09
9313,35042,2023-01-29,6350.65
9314,11632,2022-12-05,4299.15
9315,25500,2021-07-25,1843.48
9316,30454,2024-04-30,5592.76
9317,42190,2020-10-01,6496.99
9318,4724,2023-07-04,2548.67
9319,11009,2022-01-04,3257.56
9320,11263,2020-01-18,2217.09
9321,25577,2025-04-10,3631.09
9322,7567,2025-03-19,2524.52
9323,9433,2021-02-19,4914.97
9324,15403,2020-08-14,9382.99
9325,8648,2023-06-01,2891.27
9326,28263,2020-11-10,4199.59
9327,15229,2020-03-05,3786.58
9328,48422,2022-09-19,2063.06
9329,20479,2022-02-18,9735.4
9330,34535,2020-06-21,5232.39
9331,26099,2024-08-14,6061.0
9332,10478,2021-03-13,1892.17
9333,8107,2024-11-30,8088.62
9334,42291,2023-01-07,8757.54
9335,35578,2020-08-11,5141.89
9336,13902,2023-07-27,3248.93
9337,32339,2020-01-23,2637.24
9338,47258,2020-12-10,980.96
9339,27366,2025-05-22,4257.78
9340,25697,2021-12-30,5881.7
9341,31918,2020-10-03,4751.91
9342,41612,2024-09-29,5282.74
9343,37981,2020-05-29,8921.56
9344,21132,2021-09-25,2775.16
9345,42013,2020-04-18,5890.86
9346,9065,2024-11-01,1611.87
9347,25661,2024-10-30,6321.07
9348,10281,2021-12-15,997.54
9349,28142,2025-01-02,1524.0
9350,23188,2020-10-12,1675.0
9351,5934,2023-08-03,6288.52
9352,35575,2023-08-05,6873.01
9353,42654,2022-05-26,206.32
9354,28637,2020-03-16,8291.52
9355,26919,2023-12-05,8018.4
9356,12271,2020-09-06,2249.14
9357,32502,2020-03-18,984.83
9358,13608,2022-02-05,5865.5
9359,5299,2022-06-03,8701.37
9360,26882,2023-08-30,3574.12
9361,27354,2022-06-15,9655.45
9362,3379,2024-05-18,9746.51
9363,31864,2022-10-14,245.87
9364,25864,2023-02-06,6589.68
9365,43295,2024-07-07,3575.16
9366,26151,2025-03-19,1490.82
9367,42172,2022-04-19,7433.26
9368,43250,2023-09-13,7187.0
9369,34387,2023-06-09,604.96
9370,8848,2024-02-09,1478.69
9371,43287,2021-06-21,857.83
9372,33163,2025-02-24,5981.27
9373,33240,2021-11-19,2935.28
9374,30073,2021-03-03,5662.33
9375,9910,2021-07-08,6880.91
9376,46026,2020-02-18,3558.14
9377,13637,2020-06-28,3550.21
9378,4153,2020-11-22,7509.61
9379,31898,2021-11-02,3600.12
9380,15964,2024-06-29,3565.25
9381,25040,2025-01-20,6061.08
9382,16986,2020-04-22,794.54
9383,37380,2023-06-27,3484.98
9384,35549,2021-06-13,1397.46
9385,23184,2023-02-20,8820.56
9386,49174,2025-06-01,3367.02
9387,29376,2024-12-25,4731.74
9388,29579,2024-08-22,963.17
9389,18858,2020-06-30,4997.34
9390,7407,2021-05-11,6614.53
9391,30037,2021-08-18,541.56
9392,40999,2024-12-27,3390.02
9393,20213,2021-11-13,5611.25
9394,45999,2021-11-11,9963.61
9395,24214,2022-06-22,7685.52
9396,8222,2022-03-21,5712.23
9397,23966,2022-09-22,2167.45
9398,2209,2022-08-04,9691.15
9399,33384,2020-05-15,2096.33
9400,38558,2024-07-18,1631.82
9401,26933,2024-03-24,4314.79
9402,22426,2024-06-01,7426.79
9403,2182,2023-12-24,1005.44
9404,20408,2021-06-28,1925.73
9405,12324,2020-11-09,6284.89
9406,45887,2020-03-19,338.87
9407,40761,2023-05-30,6635.58
9408,32848,2020-12-15,737.67
9409,29456,2023-06-09,3752.49
9410,44968,2025-05-04,4210.95
9411,29109,2025-06-11,6467.17
9412,39899,2020-03-23,3369.58
9413,21624,2023-08-20,1033.55
9414,45461,2022-05-23,1482.28
9415,12521,2021-10-12,4473.15
9416,447,2025-04-03,5769.3
9417,31147,2021-04-29,9365.19
9418,13256,2020-11-25,5593.32
9419,25628,2022-05-29,7036.67
9420,38189,2021-10-01,1980.75
9421,9786,2023-10-11,9911.42
9422,33747,2025-05-06,1544.86
9423,32797,2021-03-20,5673.82
9424,18809,2023-01-16,9473.5
9425,18358,2023-07-18,4721.72
9426,27961,2024-04-13,9040.29
9427,16417,2024-11-01,5914.66
9428,5056,2023-03-24,8534.98
9429,35716,2024-12-16,7161.72
9430,40437,2025-05-09,5921.42
9431,9488,2020-01-14,1245.96
9432,18933,2021-05-23,2981.86
9433,41859,2021-07-02,1298.06
9434,4799,2024-02-16,5525.63
9435,18326,2025-03-07,4436.11
9436,11346,2023-05-24,4359.85
9437,43616,2022-12-08,2900.04
9438,3218,2024-11-05,8192.46
9439,23097,2025-05-09,4307.85
9440,29402,2024-01-05,2877.53
9441,44953,2022-01-31,2714.42
9442,39196,2020-01-15,3145.62
9443,49148,2025-05-12,8307.02
9444,27304,2021-05-31,3729.22
9445,21399,2022-10-02,2513.5
9446,39048,2024-06-20,8903.36
9447,29325,2022-01-12,8963.6
9448,3244,2022-10-01,6843.92
9449,4985,2025-01-10,8277.24
9450,42543,2022-06-15,8332.96
9451,23562,2020-10-29,6998.48
9452,35113,2020-10-16,4706.16
9453,33098,2022-09-26,9460.62
9454,22976,2022-10-13,3350.81
9455,2264,2020-05-15,7937.12
9456,5373,2020-08-25,2350.84
9457,20810,2024-05-08,6549.55
9458,35380,2020-03-27,8316.25
9459,30677,2020-08-15,7262.21
9460,38318,2024-05-14,7109.06
9461,33851,2022-08-30,4710.76
9462,6320,2022-03-15,9009.96
9463,46454,2021-03-05,3201.32
9464,45030,2023-07-21,9073.02
9465,12583,2024-03-25,466.16
9466,46718,2022-02-01,6040.92
9467,46634,2024-05-22,6264.25
9468,14643,2024-09-30,2701.11
9469,20274,2024-02-16,7566.85
9470,36188,2021-08-20,2001.37
9471,4457,2025-03-13,4189.91
9472,1790,2021-05-05,9003.07
9473,7234,2025-02-10,4003.05
9474,19002,2023-12-02,8280.57
9475,41599,2025-01-12,1078.74
9476,35332,2020-02-06,1232.0
9477,43243,2020-07-18,1862.89
9478,18865,2024-01-31,1733.28
9479,45443,2020-02-12,9787.09
9480,21536,2023-05-18,1205.61
9481,27642,2023-07-28,1579.95
9482,22191,2022-01-23,1787.86
9483,1598,2025-02-21,6024.89
9484,2274,2021-04-30,4976.37
9485,22672,2021-10-19,7260.28
9486,26052,2025-05-24,3495.65
9487,35548,2022-02-02,504.15
9488,6890,2020-10-28,3526.3
9489,21894,2021-12-15,7762.29
9490,33515,2025-06-01,8163.32
9491,18794,2023-04-05,7164.56
9492,45377,2020-11-29,4099.26
9493,27216,2025-03-18,6142.35
9494,47177,2023-07-01,1519.66
9495,22463,2022-05-03,2592.74
9496,4945,2020-08-24,2543.97
9497,13794,2023-12-16,846.76
9498,37120,2021-11-25,9401.9
9499,38203,2020-11-30,4372.51
9500,25439,2022-02-11,8752.74
9501,10402,2020-04-22,2295.78
9502,43301,2021-01-23,7701.82
9503,49314,2022-06-07,8060.5
9504,4013,2021-11-20,145.33
9505,47973,2025-01-07,437.54
9506,22145,2023-11-27,9218.3
9507,30270,2021-11-04,5731.29
9508,3215,2020-11-04,2916.88
9509,22751,2025-06-22,1941.78
9510,45070,2022-11-10,8196.87
9511,16236,2023-08-17,2016.56
9512,42594,2022-09-18,8453.08
9513,16955,2024-05-14,6260.76
9514,15540,2025-05-26,6636.0
9515,28161,2022-10-10,4430.96
9516,46539,2024-04-03,457.23
9517,3896,2021-04-16,5591.84
9518,13957,2022-03-13,7166.45
9519,41746,2025-02-16,130.27
9520,44889,2022-01-30,357.51
9521,823,2020-01-14,9079.93
9522,6627,2024-06-09,6835.45
9523,26159,2021-09-06,7928.12
9524,32495,2020-08-09,362.47
9525,26866,2023-07-15,4066.9
9526,7063,2021-11-19,7496.55
9527,20757,2024-10-05,1005.93
9528,20125,2024-02-10,1964.91
9529,29884,2022-10-23,5137.69
9530,35502,2023-02-16,8944.34
9531,22628,2020-04-13,3355.55
9532,45578,2023-10-07,8295.37
9533,44116,2024-08-17,191.03
9534,5173,2022-01-01,1902.12
9535,31871,2024-01-29,2974.18
9536,25223,2023-10-28,7120.27
9537,42270,2021-10-26,5834.98
9538,12343,2024-03-14,2717.4
9539,43764,2025-04-18,5856.82
9540,21057,2022-06-01,8908.64
9541,5141,2024-02-25,4747.02
9542,47879,2022-01-21,6991.12
9543,40236,2022-11-16,3520.48
9544,45892,2024-12-11,7154.91
9545,6503,2020-06-06,8683.57
9546,24312,2024-10-04,5710.22
9547,8335,2021-11-29,3923.01
9548,4706,2025-05-18,7567.11
9549,7170,2023-04-19,9565.57
9550,12645,2021-08-12,774.76
9551,49795,2020-10-27,5212.39
9552,40624,2025-02-26,1901.87
9553,4143,2023-05-08,2812.81
9554,27377,2021-03-20,6397.83
9555,25003,2020-09-23,9601.95
9556,868,2020-03-18,8545.09
9557,2948,2024-09-10,2650.27
9558,30244,2021-09-14,339.3
9559,43859,2024-10-15,6033.39
9560,27490,2023-05-10,5385.19
9561,35508,2020-08-15,4656.73
9562,5037,2023-12-17,4804.77
9563,9779,2022-11-13,5957.91
9564,31490,2024-07-27,4030.79
9565,16913,2021-06-28,1795.36
9566,3351,2021-02-09,2665.6
9567,47276,2025-01-25,732.36
9568,42380,2023-11-28,654.89
9569,4662,2022-10-31,8687.28
9570,8717,2023-02-12,1341.27
9571,44746,2022-03-13,782.33
9572,41924,2025-05-08,8281.11
9573,13639,2022-12-24,9540.09
9574,6902,2023-10-17,2136.81
9575,34532,2025-02-24,7597.17
9576,26686,2023-05-14,1709.18
9577,46150,2023-12-27,6839.42
9578,30397,2022-12-25,6829.41
9579,16881,2021-03-05,4350.1
9580,19271,2021-10-06,8831.92
9581,41168,2021-11-09,1298.39
9582,5585,2020-03-19,4817.83
9583,17886,2022-09-07,6057.25
9584,13443,2022-01-02,7614.54
9585,27293,2023-12-29,1512.59
9586,15637,2021-02-08,5395.82
9587,6198,2023-04-04,4604.1
9588,1780,2021-05-14,4222.5
9589,25990,2023-12-14,3657.46
9590,9081,2024-12-10,9969.57
9591,6359,2021-02-20,1784.03
9592,42994,2021-06-18,7554.54
9593,2502,2020-03-12,3831.4
9594,26317,2023-05-20,6525.96
9595,20349,2020-06-14,9884.16
9596,44745,2025-01-12,4829.63
9597,31304,2024-05-18,8262.05
9598,36973,2024-10-31,851.8
9599,49179,2021-03-06,5590.58
9600,31069,2022-02-07,3883.32
9601,42273,2022-03-20,7021.74
9602,31237,2020-11-19,464.99
9603,44518,2025-06-20,4532.4
9604,44297,2023-05-22,4996.18
9605,10465,2021-12-16,8462.46
9606,6006,2024-04-09,3908.27
9607,13401,2024-07-09,3274.08
9608,13415,2021-01-02,3951.94
9609,8522,2020-07-03,4434.3
9610,6052,2020-06-28,2619.88
9611,13437,2025-04-10,548.04
9612,4018,2022-06-21,9903.99
9613,19389,2022-08-09,7678.24
9614,27952,2025-05-12,9855.95
9615,22611,2022-08-23,6661.22
9616,44807,2020-03-23,8841.16
9617,5177,2022-01-20,4558.07
9618,39711,2024-01-05,3556.63
9619,44409,2023-03-20,9938.47
9620,35003,2024-11-22,1778.14
9621,43487,2020-04-27,2245.82
9622,43694,2021-10-11,6714.89
9623,40273,2022-05-25,2627.49
9624,18255,2025-06-14,4365.37
9625,28295,2021-11-06,9328.79
9626,44126,2025-06-13,2731.25
9627,38375,2025-03-25,5155.68
9628,10638,2021-10-04,7393.06
9629,13151,2022-12-31,811.14
9630,9737,2020-11-28,813.79
9631,22641,2024-02-11,7484.49
9632,28794,2021-01-31,9208.58
9633,38901,2022-09-12,5959.1
9634,29058,2023-04-14,477.86
9635,19798,2021-09-15,4573.08
9636,7938,2024-05-20,7232.55
9637,7631,2021-10-04,6354.7
9638,20166,2024-05-17,2061.99
9639,27006,2022-11-04,625.94
9640,20086,2024-07-23,8904.13
9641,41116,2025-06-03,2336.22
9642,27776,2025-06-01,9958.17
9643,27691,2023-03-14,1242.66
9644,17983,2024-02-18,1232.09
9645,43389,2022-02-17,6714.48
9646,42641,2023-07-08,2774.33
9647,27923,2022-04-17,9746.49
9648,43397,2022-04-14,2446.48
9649,33815,2024-12-19,6273.75
9650,20332,2021-08-30,4123.54
9651,11648,2024-05-17,993.92
9652,15489,2023-11-12,7109.13
9653,3483,2022-01-20,7925.22
9654,42795,2021-06-24,8283.02
9655,27929,2020-05-24,4950.88
9656,7942,2022-09-17,9761.43
9657,32996,2021-11-05,8017.72
9658,19020,2024-09-07,4457.21
9659,36121,2023-09-26,1084.63
9660,45770,2022-10-17,2618.38
9661,6775,2023-01-15,7744.19
9662,35580,2020-10-30,8808.62
9663,14970,2022-10-13,6658.09
9664,15931,2025-01-18,3940.42
9665,23607,2022-08-18,3624.25
9666,40600,2021-09-20,3652.01
9667,3403,2023-05-11,4965.54
9668,3736,2023-07-04,7285.57
9669,2435,2024-07-28,1715.09
9670,15016,2023-06-10,306.93
9671,3220,2021-08-11,856.89
9672,29015,2021-01-08,6691.9
9673,17532,2024-06-07,8502.2
9674,4836,2024-09-29,4125.08
9675,31053,2024-12-26,3442.88
9676,28132,2025-03-19,297.89
9677,49858,2025-03-22,702.79
9678,11613,2024-05-24,7571.99
9679,10693,2023-01-26,987.02
9680,6223,2021-09-02,8300.9
9681,10248,2020-03-24,7832.75
9682,10082,2020-06-14,8212.69
9683,18981,2020-06-06,6890.73
9684,48986,2021-05-13,308.27
9685,3529,2023-01-25,4489.93
9686,4808,2020-11-05,1656.07
9687,14768,2025-02-22,3447.2
9688,41561,2025-04-19,5618.29
9689,27971,2024-06-27,7346.19
9690,13732,2023-07-19,2398.54
9691,30703,2020-10-09,3414.8
9692,44933,2021-09-03,2178.62
9693,476,2024-12-18,9844.0
9694,29458,2023-11-23,9298.86
9695,41197,2022-12-05,6571.79
9696,19211,2021-01-19,8265.84
9697,42628,2021-05-16,7216.82
9698,8574,2025-05-01,8501.11
9699,23956,2024-08-23,9366.24
9700,3265,2024-06-23,9311.42
9701,45517,2023-11-23,5788.26
9702,45270,2020-11-08,9650.13
9703,3725,2020-11-21,4134.85
9704,18895,2024-09-27,2015.25
9705,25161,2022-08-11,2391.62
9706,49667,2024-12-16,4639.62
9707,3468,2021-05-30,2605.9
9708,32088,2022-10-30,1358.37
9709,49362,2022-02-13,4027.97
9710,23352,2022-09-13,5854.17
9711,12772,2020-11-08,9683.15
9712,9945,2022-06-20,6243.37
9713,16271,2023-08-27,7761.75
9714,20225,2024-08-21,6853.75
9715,36808,2023-09-05,3908.25
9716,38001,2021-02-23,1971.95
9717,20551,2020-03-31,2894.36
9718,42467,2022-11-02,8777.68
9719,13926,2023-01-03,1641.39
9720,1069,2023-10-28,1065.89
9721,10896,2023-09-14,8547.02
9722,48763,2025-06-14,5527.21
9723,36625,2024-09-20,6856.76
9724,18150,2022-10-30,8275.71
9725,39454,2021-03-25,3466.28
9726,43794,2021-10-25,7526.16
9727,15332,2020-12-20,6346.74
9728,4572,2022-07-18,345.66
9729,16956,2021-03-09,7231.44
9730,31467,2023-09-16,3508.45
9731,29943,2024-07-09,2158.9
9732,16379,2021-10-02,9614.62
9733,29264,2024-03-20,7718.56
9734,26150,2021-02-14,342.47
9735,12937,2020-01-07,7622.38
9736,4562,2023-06-19,8518.54
9737,32993,2023-01-29,3627.46
9738,43977,2021-05-14,3331.87
9739,25134,2020-08-17,4294.44
9740,15020,2024-11-27,4715.63
9741,38442,2020-10-14,3867.83
9742,19913,2021-10-18,5111.23
9743,14835,2020-09-30,9728.43
9744,34666,2021-08-02,417.57
9745,35618,2024-05-03,9827.31
9746,33510,2024-12-09,8509.37
9747,10134,2022-12-28,7993.68
9748,8901,2025-04-25,4557.9
9749,12481,2022-07-10,843.24
9750,41114,2023-09-09,6226.28
9751,41426,2023-01-15,8953.11
9752,41527,2024-07-26,4307.95
9753,36826,2022-06-23,786.12
9754,35583,2023-01-05,153.52
9755,15375,2024-05-16,1282.09
9756,38338,2020-03-13,6098.84
9757,48821,2022-12-27,9909.96
9758,40971,2020-08-05,7149.87
9759,45626,2024-06-01,1655.79
9760,17389,2020-09-02,8640.4
9761,45012,2024-11-28,6636.61
9762,26863,2020-04-04,3085.42
9763,37674,2021-11-20,5066.56
9764,4945,2022-03-29,4089.77
9765,47301,2024-02-06,8725.01
9766,39073,2020-01-02,9537.81
9767,33267,2025-05-14,1324.5
9768,39084,2021-05-08,1559.63
9769,39769,2022-04-11,916.34
9770,29831,2021-11-14,3862.31
9771,43983,2021-07-17,9713.46
9772,38708,2021-07-02,9874.36
9773,12320,2020-03-06,5999.86
9774,37159,2023-01-20,4688.75
9775,46670,2023-04-22,3093.55
9776,40255,2024-12-19,104.83
9777,13844,2020-07-17,2702.16
9778,17936,2024-08-29,1548.4
9779,46238,2022-01-13,119.64
9780,46185,2021-01-06,8970.34
9781,44947,2020-03-26,934.94
9782,33494,2025-01-25,7115.51
9783,48485,2020-11-07,9252.8
9784,4682,2023-10-31,1358.05
9785,6728,2021-02-23,2480.85
9786,29405,2022-06-15,2426.88
9787,4430,2023-10-09,952.54
9788,46795,2023-07-07,9106.23
9789,23265,2024-04-25,8505.68
9790,37226,2020-04-08,3869.52
9791,935,2025-05-26,7717.55
9792,9265,2020-06-07,5143.2
9793,15973,2021-02-20,6822.89
9794,32120,2022-10-17,6922.55
9795,37354,2023-11-13,7775.66
9796,36581,2021-03-02,9001.89
9797,45189,2023-06-12,7912.0
9798,33641,2021-01-29,7094.66
9799,24875,2022-11-21,6257.78
9800,3269,2023-10-22,2169.96
9801,12031,2023-11-09,2903.05
9802,3985,2022-12-02,846.05
9803,23925,2024-12-02,2651.99
9804,38042,2021-08-26,5485.02
9805,24770,2023-05-17,9541.45
9806,14734,2022-05-31,1355.38
9807,18820,2022-02-17,4483.66
9808,47747,2024-08-31,7533.32
9809,43343,2020-10-09,7957.18
9810,49520,2024-09-20,1991.49
9811,32234,2023-01-04,1865.26
9812,18994,2022-11-02,6145.97
9813,7616,2020-12-16,9149.07
9814,23507,2021-06-30,8063.15
9815,29410,2021-06-20,3905.66
9816,7946,2022-03-14,6617.8
9817,14845,2021-10-22,2622.85
9818,27320,2023-02-09,4770.24
9819,18274,2020-11-06,5401.21
9820,25104,2020-02-05,6413.63
9821,48933,2025-05-01,4063.55
9822,32241,2023-03-24,416.93
9823,24854,2023-11-20,9287.76
9824,45484,2023-05-10,9566.78
9825,16713,2021-06-21,6901.22
9826,1024,2023-04-11,2737.06
9827,41724,2025-04-09,5987.95
9828,49185,2022-09-11,2833.43
9829,47224,2024-03-23,7018.44
9830,35937,2022-04-22,3666.83
9831,386,2024-07-18,5618.73
9832,39525,2025-04-20,683.56
9833,19773,2023-12-16,9962.3
9834,31457,2020-08-26,6655.28
9835,22849,2023-05-13,9406.42
9836,28399,2024-08-31,7471.02
9837,2590,2023-11-23,5662.66
9838,28469,2021-08-17,7390.75
9839,8272,2024-06-06,4746.04
9840,394,2021-05-23,9597.03
9841,33435,2020-03-14,7765.89
9842,28325,2022-03-06,1298.3
9843,46978,2021-04-29,9511.5
9844,46430,2023-03-22,5800.09
9845,7979,2023-09-20,4559.63
9846,18643,2021-11-05,7942.69
9847,40035,2025-02-14,2363.95
9848,47742,2022-11-26,9586.19
9849,32800,2021-10-28,1746.72
9850,17405,2022-02-11,3027.26
9851,14289,2025-06-01,8901.5
9852,46877,2024-06-11,6122.5
9853,4564,2021-12-06,8559.75
9854,33060,2025-03-10,2073.41
9855,40367,2022-05-30,8057.46
9856,41560,2022-01-26,1866.06
9857,171,2022-09-21,7457.88
9858,6512,2024-05-11,1630.01
9859,14404,2024-09-20,3495.43
9860,23685,2024-07-20,4814.48
9861,25683,2022-10-16,9196.44
9862,28848,2024-03-10,7344.11
9863,2931,2021-04-25,2889.41
9864,2940,2022-06-04,4519.87
9865,42878,2024-02-12,3565.4
9866,16496,2022-04-07,9404.57
9867,46849,2024-01-11,1828.82
9868,49507,2024-04-16,9165.3
9869,24458,2021-02-03,8295.83
9870,36411,2025-03-15,1374.06
9871,31336,2020-12-30,2804.1
9872,48870,2020-10-26,7133.18
9873,26324,2023-05-23,7102.14
9874,9555,2020-12-11,2413.51
9875,31408,2020-05-01,6372.69
9876,15780,2025-02-03,6905.99
9877,23600,2024-09-20,812.97
9878,37789,2020-11-22,3871.43
9879,30840,2021-11-04,9071.56
9880,45993,2020-08-29,9014.94
9881,20312,2022-08-27,6652.16
9882,43392,2021-09-23,6561.68
9883,4425,2024-06-09,8568.58
9884,28192,2020-10-03,3487.33
9885,35688,2022-07-03,591.61
9886,13053,2021-07-17,8479.15
9887,41733,2023-02-17,3190.63
9888,34833,2025-05-15,6760.3
9889,22040,2022-11-28,4932.89
9890,29056,2025-01-10,1533.34
9891,40795,2023-09-30,4242.12
9892,22128,2022-06-27,2698.88
9893,6226,2021-11-13,181.81
9894,22022,2025-02-17,5286.8
9895,19228,2021-01-08,5684.2
9896,6250,2024-09-30,3128.8
9897,34452,2024-02-11,3012.49
9898,49299,2023-05-02,4525.03
9899,35848,2023-02-05,6215.34
9900,47378,2025-05-18,9688.52
9901,36645,2024-07-25,4829.88
9902,26301,2023-11-09,9342.44
9903,11949,2022-01-25,9752.07
9904,2559,2023-02-08,6121.88
9905,49135,2025-04-03,5650.21
9906,41695,2024-05-14,696.53
9907,20518,2023-08-22,2309.74
9908,15874,2020-12-08,9981.79
9909,22455,2023-08-19,7486.33
9910,8079,2020-01-17,6712.98
9911,41531,2025-02-20,5709.92
9912,20043,2021-11-05,6859.8
9913,7530,2021-06-03,6839.48
9914,11485,2021-07-21,2293.27
9915,42708,2024-09-19,7869.14
9916,26706,2023-04-21,4706.25
9917,17804,2020-09-19,7045.48
9918,48313,2022-12-24,3540.45
9919,17233,2020-10-07,5816.56
9920,32324,2021-05-13,7378.12
9921,39699,2024-04-08,6156.57
9922,13561,2024-07-07,6370.11
9923,25341,2020-04-06,1933.78
9924,28247,2024-01-22,5108.37
9925,22811,2024-06-19,2815.85
9926,10226,2023-10-04,3765.07
9927,15988,2021-07-30,8038.11
9928,40373,2023-08-19,571.85
9929,5802,2021-10-09,2648.8
9930,20732,2020-06-21,7912.84
9931,29678,2021-02-16,8478.84
9932,9588,2020-01-31,2208.41
9933,21805,2025-01-22,1736.1
9934,27982,2021-04-27,8012.75
9935,42308,2020-05-14,7201.77
9936,8900,2020-06-07,5675.67
9937,29592,2021-09-12,4634.27
9938,9047,2020-08-29,8765.27
9939,40395,2023-04-26,2865.44
9940,32737,2023-04-22,6510.7
9941,25830,2024-08-22,9307.05
9942,26245,2021-08-28,1802.22
9943,9823,2023-09-02,2012.8
9944,23884,2020-07-07,1275.67
9945,11439,2024-05-30,2743.61
9946,7104,2023-10-10,5731.64
9947,35718,2021-03-23,3360.71
9948,23628,2020-09-22,5637.29
9949,36280,2023-12-04,4881.83
9950,47862,2022-12-28,5356.27
9951,44430,2021-08-21,9524.04
9952,49430,2023-09-14,2149.02
9953,8523,2023-01-25,6739.62
9954,39272,2020-09-10,4801.19
9955,40500,2022-03-15,6827.51
9956,871,2022-07-14,6021.66
9957,30136,2025-03-03,7587.48
9958,39014,2024-03-17,5384.16
9959,8569,2023-08-14,7047.53
9960,19021,2020-07-14,7379.27
9961,43782,2022-09-12,1863.1
9962,28052,2025-02-28,9256.56
9963,4094,2022-07-19,7273.37
9964,9014,2021-10-11,1058.17
9965,28674,2024-04-15,8622.67
9966,38747,2024-10-08,1988.42
9967,20608,2021-04-13,5905.09
9968,30646,2024-03-21,3199.87
9969,27780,2022-12-24,5800.04
9970,25519,2022-01-30,8892.61
9971,15704,2024-10-03,8917.67
9972,6496,2022-06-16,7881.92
9973,48531,2024-03-07,8165.74
9974,46435,2023-11-17,5126.36
9975,3754,2021-08-15,8696.97
9976,48947,2025-02-14,4723.99
9977,9426,2024-01-13,2162.5
9978,33953,2020-12-01,8989.71
9979,15714,2025-03-05,4649.56
9980,28081,2024-05-13,6047.77
9981,34647,2025-03-27,6302.33
9982,830,2022-01-01,914.44
9983,21789,2023-06-20,3604.44
9984,22338,2021-10-14,3652.05
9985,14205,2020-09-18,7195.58
9986,22834,2023-12-03,6804.57
9987,12302,2024-01-10,9890.34
9988,32816,2023-04-25,7337.46
9989,3576,2022-01-12,2304.99
9990,9314,2024-06-13,3522.82
9991,29822,2025-03-14,1753.87
9992,30880,2022-07-30,8633.87
9993,38153,2020-09-02,8474.25
9994,13559,2022-06-29,9144.52
9995,26595,2025-01-31,6631.57
9996,22713,2023-09-27,2761.74
9997,32046,2020-02-11,8977.11
9998,30266,2021-10-18,2799.8
9999,42680,2021-01-17,3902.36
10000,6927,2022-11-12,316.54
10001,14967,2024-08-05,5822.22
10002,41695,2025-05-11,4412.14
10003,19901,2024-05-10,6514.21
10004,16016,2023-12-12,9682.64
10005,1263,2024-10-23,667.09
10006,16942,2021-07-30,1005.67
10007,39239,2023-10-16,5684.78
10008,19747,2022-04-27,9979.15
10009,12354,2023-05-25,2951.15
10010,14649,2021-09-15,5410.85
10011,8048,2022-10-02,2116.75
10012,16674,2022-01-31,5344.37
10013,18659,2023-01-15,1915.36
10014,48065,2022-09-19,1853.48
10015,20655,2020-10-16,3452.98
10016,11485,2024-01-20,9402.23
10017,17231,2022-06-30,6628.5
10018,10510,2023-10-12,3779.56
10019,47286,2025-05-23,6422.87
10020,43914,2024-07-05,2075.03
10021,26964,2025-06-11,6410.93
10022,43904,2024-11-11,9210.48
10023,40242,2025-05-15,9375.73
10024,4983,2021-03-21,5906.15
10025,18304,2023-07-15,8808.02
10026,40548,2022-08-22,3934.36
10027,6897,2024-06-10,8867.29
10028,17524,2021-08-06,3408.27
10029,24228,2024-10-28,7061.07
10030,22255,2023-02-25,9197.22
10031,41995,2020-03-20,5693.61
10032,27523,2020-03-24,2818.38
10033,41127,2021-06-23,7009.55
10034,7178,2023-12-08,1216.33
10035,26586,2024-01-22,3522.96
10036,27187,2025-01-15,8969.21
10037,34740,2021-02-04,7396.41
10038,8520,2021-10-11,640.98
10039,37935,2022-09-10,5780.44
10040,13690,2021-05-17,2557.29
10041,5955,2020-12-16,233.91
10042,17205,2021-06-06,2746.83
10043,12085,2024-09-06,7762.43
10044,29109,2021-10-09,4083.49
10045,32725,2022-11-20,2731.94
10046,44153,2020-12-22,9989.33
10047,11050,2024-08-27,5811.85
10048,45853,2020-06-09,2297.43
10049,24309,2021-10-10,2108.77
10050,29743,2021-11-16,1122.63
10051,19163,2022-10-15,6156.01
10052,15134,2025-04-06,8805.12
10053,35451,2024-02-29,8613.33
10054,29198,2020-09-25,9404.94
10055,489,2023-06-21,328.56
10056,26365,2023-12-06,5657.01
10057,48207,2021-07-17,9177.12
10058,1339,2023-04-27,9012.97
10059,33902,2025-04-27,2782.68
10060,43882,2020-01-10,5069.26
10061,37420,2021-11-12,1049.75
10062,43417,2020-06-13,2814.52
10063,3163,2021-06-10,9920.62
10064,49391,2020-12-27,5892.48
10065,23852,2024-08-18,9987.63
10066,28989,2021-11-07,263.82
10067,41730,2020-07-11,9716.43
10068,7411,2023-11-21,3603.75
10069,7121,2022-04-06,920.88
10070,26703,2025-06-10,986.74
10071,14811,2022-12-15,3504.73
10072,36855,2021-05-02,4789.44
10073,32683,2020-10-12,944.2
10074,16110,2023-06-21,8530.27
10075,49929,2022-12-23,4911.32
10076,46781,2022-04-14,3712.75
10077,20163,2023-07-23,5263.01
10078,37784,2023-06-23,4926.7
10079,14502,2023-01-27,1121.39
10080,2949,2024-03-13,596.25
10081,40004,2023-07-30,6818.16
10082,48835,2022-05-29,4927.7
10083,47341,2023-03-09,342.59
10084,18078,2020-04-18,6700.99
10085,10711,2020-08-30,7086.12
10086,11326,2022-11-30,9703.2
10087,17331,2024-10-09,6337.26
10088,20640,2023-06-01,2822.71
10089,47723,2020-02-20,2463.23
10090,37706,2023-10-08,4629.04
10091,6899,2020-03-20,1014.46
10092,10995,2024-04-13,5010.33
10093,1125,2020-12-12,3345.71
10094,25825,2024-10-24,8315.75
10095,15642,2020-02-20,6979.98
10096,1389,2023-08-31,2641.1
10097,24030,2021-08-22,4837.32
10098,21527,2022-06-14,7197.04
10099,3648,2023-03-28,1813.06
10100,16349,2021-10-10,9693.22
10101,49992,2023-02-06,1007.98
10102,33975,2021-03-29,9537.34
10103,9848,2023-08-02,265.25
10104,37641,2020-03-30,4886.19
10105,46852,2023-08-12,2952.78
10106,16935,2024-03-22,9679.72
10107,8492,2021-03-31,8569.77
10108,5389,2022-08-12,9035.4
10109,29260,2023-03-08,4967.88
10110,43977,2024-03-18,1147.45
10111,20364,2025-04-07,2546.86
10112,13592,2024-11-23,5356.06
10113,16382,2023-06-02,3950.81
10114,49357,2022-11-09,3343.94
10115,14947,2024-12-01,3097.74
10116,24998,2021-11-04,2418.27
10117,13262,2024-08-04,5425.49
10118,1986,2023-11-21,6913.42
10119,10166,2021-03-20,6941.83
10120,44821,2021-03-08,542.28
10121,32415,2020-02-14,366.79
10122,22848,2025-01-18,963.62
10123,36515,2023-07-27,275.66
10124,7312,2020-08-09,4460.06
10125,22618,2023-04-29,631.34
10126,12838,2025-06-17,4412.75
10127,30467,2024-03-24,3435.32
10128,11429,2021-12-03,680.23
10129,8166,2020-11-07,938.91
10130,34562,2020-11-28,7743.67
10131,6102,2023-09-18,7272.09
10132,21763,2020-07-17,2932.7
10133,30312,2023-11-08,1385.78
10134,42671,2024-10-04,3627.76
10135,32602,2021-05-25,4891.52
10136,38427,2020-05-07,5222.52
10137,22463,2023-02-10,343.38
10138,44582,2022-12-01,6050.0
10139,33452,2021-05-27,6338.36
10140,32791,2022-12-23,6465.16
10141,10681,2023-05-28,6301.17
10142,27706,2021-08-06,9572.56
10143,22416,2024-03-30,7126.9
10144,26394,2022-04-16,3237.42
10145,4783,2021-02-09,8140.18
10146,11360,2023-11-28,4373.88
10147,19880,2022-08-21,698.14
10148,12750,2021-05-20,6523.47
10149,12917,2025-01-10,3884.36
10150,752,2023-01-17,9310.28
10151,7596,2024-06-03,3483.58
10152,3427,2020-06-16,545.67
10153,25242,2021-03-05,9473.19
10154,41268,2024-06-14,8340.61
10155,47525,2021-07-28,9795.54
10156,24879,2025-02-27,1892.0
10157,33480,2025-04-15,310.04
10158,16910,2024-09-11,9515.88
10159,40090,2024-12-03,7449.0
10160,12335,2020-08-03,8584.51
10161,25336,2023-08-27,139.18
10162,4702,2023-11-13,6604.61
10163,24296,2024-05-01,7142.34
10164,24682,2021-05-04,3500.28
10165,24461,2022-05-14,4786.97
10166,21220,2023-04-04,1415.27
10167,907,2022-05-21,892.11
10168,43379,2025-01-08,8124.11
10169,45848,2024-09-29,8239.58
10170,47100,2020-05-15,2379.4
10171,39157,2025-02-20,8186.8
10172,36434,2021-11-20,3704.59
10173,38423,2022-06-04,2960.78
10174,30837,2021-08-12,7942.55
10175,2926,2025-04-12,7096.08
10176,28658,2023-03-10,6387.78
10177,16519,2022-03-28,7975.64
10178,737,2023-01-24,8645.31
10179,23418,2022-04-25,9491.42
10180,8330,2020-06-11,6272.85
10181,34645,2020-01-25,1000.35
10182,39625,2021-03-20,3602.94
10183,36727,2020-01-31,1403.36
10184,21936,2024-11-17,1303.58
10185,6681,2021-07-14,9892.33
10186,32985,2021-11-13,1930.09
10187,23035,2020-10-27,7405.25
10188,33155,2021-09-19,7839.9
10189,38022,2020-07-30,4964.81
10190,5435,2024-02-22,145.66
10191,33691,2023-10-12,7304.34
10192,12883,2022-10-27,9525.48
10193,11080,2024-03-04,7720.43
10194,25405,2023-05-10,5332.93
10195,46823,2021-10-07,5916.55
10196,26212,2023-05-25,1668.46
10197,11730,2025-01-15,8846.47
10198,45767,2021-03-29,6010.38
10199,3265,2020-10-27,2556.85
10200,32133,2021-11-24,1094.33
10201,6826,2021-09-27,2749.8
10202,21646,2023-03-14,7685.16
10203,39160,2025-02-20,9556.48
10204,22028,2020-12-08,2410.88
10205,29395,2021-02-16,3165.98
10206,36226,2021-12-04,8074.32
10207,27406,2024-01-18,7313.05
10208,27971,2021-09-02,1323.05
10209,42445,2021-09-23,9114.18
10210,26609,2022-05-20,2417.09
10211,15630,2020-04-25,7703.36
10212,13218,2023-11-28,6546.44
10213,38701,2022-03-04,4735.28
10214,22589,2021-04-21,965.29
10215,42934,2025-05-02,8936.42
10216,27559,2023-07-10,5350.67
10217,11262,2021-01-17,1220.98
10218,18209,2023-03-31,4820.5
10219,35735,2021-05-31,1127.73
10220,6472,2023-05-13,3799.35
10221,27519,2021-01-24,1271.06
10222,18600,2021-04-24,2695.42
10223,46615,2020-10-15,8132.65
10224,27707,2021-11-13,2402.78
10225,32178,2022-08-12,6415.92
10226,42944,2024-12-29,2380.28
10227,42808,2023-05-19,6200.07
10228,17067,2025-03-11,7467.5
10229,32639,2023-04-27,1122.58
10230,10488,2023-03-15,8492.84
10231,37690,2020-05-21,9145.28
10232,38384,2025-04-24,3786.37
10233,3968,2022-07-23,8787.68
10234,44428,2025-05-07,1249.43
10235,25508,2023-03-28,4311.76
10236,11209,2020-03-21,1695.07
10237,35297,2023-03-04,9616.33
10238,40224,2023-09-26,7765.54
10239,37057,2022-12-30,6238.03
10240,8692,2024-07-22,804.42
10241,12440,2020-12-07,1741.35
10242,41629,2020-10-04,3570.26
10243,13832,2023-01-15,2354.86
10244,43277,2020-04-01,3180.02
10245,22041,2020-07-09,9687.31
10246,2039,2023-06-09,8036.12
10247,14493,2024-01-09,792.92
10248,33085,2023-07-03,655.16
10249,2648,2024-04-30,553.77
10250,41947,2021-07-22,7223.0
10251,13555,2022-01-03,5185.11
10252,5658,2020-06-21,1565.08
10253,14420,2024-10-03,9402.53
10254,28868,2025-02-10,2088.0
10255,46215,2022-10-01,7246.57
10256,38718,2021-04-08,9985.13
10257,4474,2021-04-13,9906.35
10258,34934,2024-03-28,6231.44
10259,16138,2024-02-27,1615.71
10260,36639,2022-08-21,9928.84
10261,22554,2025-01-02,7294.66
10262,44727,2024-06-17,8286.55
10263,20719,2022-09-12,9815.35
10264,23661,2023-03-11,2111.7
10265,5210,2020-10-19,3289.74
10266,35609,2024-11-21,2534.71
10267,18040,2024-02-05,9910.45
10268,7860,2024-06-26,6579.19
10269,37906,2020-12-12,3174.69
10270,17048,2023-07-17,3766.38
10271,502,2021-03-25,4595.3
10272,49772,2021-12-06,4442.29
10273,23304,2021-11-03,1818.29
10274,16601,2022-06-16,8579.22
10275,11235,2022-09-20,7746.67
10276,22552,2023-07-03,9144.89
10277,38650,2024-09-12,5302.63
10278,21480,2024-06-12,6752.58
10279,22901,2020-02-24,7564.4
10280,13781,2024-03-10,5983.51
10281,15862,2020-06-21,7070.97
10282,22337,2025-01-02,5387.04
10283,22042,2023-03-24,4054.49
10284,8522,2021-12-30,9830.57
10285,23706,2023-04-18,4827.64
10286,17320,2022-10-03,8395.29
10287,16142,2022-05-03,6020.53
10288,42425,2021-09-30,2796.32
10289,38529,2023-10-27,1217.73
10290,27230,2022-10-18,9159.0
10291,15397,2024-09-06,3439.18
10292,3346,2022-12-17,3023.82
10293,4796,2021-10-08,7497.43
10294,20593,2023-03-10,6495.22
10295,45598,2020-02-17,6640.8
10296,9133,2025-03-21,1404.14
10297,40548,2021-10-29,2556.24
10298,46613,2021-03-04,5008.76
10299,36278,2024-09-15,8701.0
10300,16402,2024-02-08,4311.42
10301,47266,2020-08-03,1503.9
10302,30156,2021-11-05,4063.12
10303,49311,2023-02-22,2986.82
10304,17418,2023-08-27,9946.46
10305,13161,2021-05-25,3821.08
10306,16375,2025-03-03,6194.28
10307,5882,2022-07-21,5789.87
10308,13327,2023-03-06,1783.84
10309,16949,2022-05-31,1388.3
10310,8891,2025-04-06,274.93
10311,44087,2023-02-13,1460.37
10312,47018,2023-02-27,7294.09
10313,42729,2021-03-17,6363.24
10314,44188,2020-10-04,2911.99
10315,9082,2021-05-24,2230.66
10316,8583,2023-05-21,411.01
10317,39051,2021-04-29,2902.69
10318,46754,2020-10-06,3429.66
10319,19194,2023-05-14,8664.48
10320,34941,2025-01-19,235.11
10321,32606,2022-01-06,2712.93
10322,12569,2022-07-01,9534.01
10323,27064,2024-09-17,8533.98
10324,7920,2020-07-04,8829.82
10325,22630,2023-11-29,128.2
10326,35880,2023-09-18,3686.35
10327,27095,2022-12-22,4861.5
10328,46685,2020-07-09,1166.66
10329,24439,2023-10-19,895.48
10330,2482,2023-10-26,3636.98
10331,2059,2025-01-09,9215.76
10332,38588,2023-12-18,4064.41
10333,38134,2023-01-03,7591.51
10334,39044,2021-12-06,6020.78
10335,6628,2020-08-16,8885.42
10336,415,2020-12-13,3401.27
10337,47926,2024-07-11,1417.89
10338,28496,2023-05-03,1455.0
10339,37432,2021-04-07,1963.5
10340,32629,2025-05-19,8106.35
10341,11102,2023-03-21,5755.08
10342,35171,2022-04-19,5502.08
10343,34348,2021-12-10,1317.78
10344,42705,2022-09-18,1858.93
10345,24837,2022-09-27,2132.24
10346,23120,2021-03-10,7551.79
10347,46067,2024-06-22,6986.1
10348,21060,2020-04-29,5876.95
10349,32393,2020-09-10,1107.17
10350,39940,2023-05-13,1625.92
10351,30325,2022-09-14,2647.16
10352,95,2020-12-27,8325.59
10353,11985,2025-04-07,7250.84
10354,38928,2025-03-28,9156.52
10355,47079,2023-07-01,437.31
10356,5231,2024-08-21,8230.31
10357,7439,2022-08-18,337.83
10358,9067,2020-10-12,6688.15
10359,43679,2025-06-14,6534.2
10360,45150,2024-04-24,2752.51
10361,41296,2023-06-15,7513.7
10362,31532,2021-09-20,4280.62
10363,26101,2023-11-03,6370.47
10364,16548,2024-03-29,6339.32
10365,27518,2021-07-09,8827.04
10366,38274,2022-01-01,6774.13
10367,39324,2021-11-04,6739.29
10368,15656,2020-06-15,6004.79
10369,8511,2021-10-05,1091.58
10370,17663,2023-05-24,3080.0
10371,34623,2023-12-05,4648.14
10372,42769,2020-10-24,2578.19
10373,31209,2023-03-08,1739.22
10374,34212,2022-06-04,5165.8
10375,30624,2022-05-04,8368.18
10376,3766,2024-06-29,6377.44
10377,16571,2024-12-28,6977.23
10378,47129,2023-02-20,1500.31
10379,6286,2023-08-22,7995.56
10380,49580,2021-07-18,1198.87
10381,33916,2024-07-25,2892.14
10382,36889,2024-08-09,8781.79
10383,23375,2023-09-12,9225.79
10384,3759,2022-11-22,968.1
10385,13743,2021-08-12,1704.99
10386,13544,2022-06-11,3648.34
10387,1681,2022-04-24,7193.0
10388,15705,2021-03-29,1575.82
10389,21527,2024-07-16,1631.85
10390,36576,2021-08-17,5499.99
10391,41082,2024-05-09,5942.56
10392,9446,2024-03-24,970.73
10393,24593,2020-07-08,4110.31
10394,46365,2022-09-21,7349.05
10395,20482,2023-09-03,3481.52
10396,8459,2022-06-01,2497.81
10397,38416,2021-07-13,1232.0
10398,12211,2024-11-19,4700.13
10399,26449,2020-12-11,9407.0
10400,30229,2021-08-02,6179.15
10401,37141,2025-01-13,758.85
10402,46086,2022-05-09,2658.17
10403,5934,2023-12-05,7433.03
10404,5357,2022-06-01,7592.37
10405,6077,2023-08-27,3819.95
10406,18656,2023-04-10,762.95
10407,44583,2020-11-22,5414.96
10408,33709,2023-12-30,7352.24
10409,40422,2023-08-29,3384.75
10410,44445,2023-11-17,7907.82
10411,46111,2020-12-19,3360.77
10412,8665,2022-10-11,1771.83
10413,16898,2020-09-20,8009.11
10414,5462,2021-11-26,1423.28
10415,8492,2021-06-05,2518.36
10416,39887,2021-12-05,8548.63
10417,18886,2023-10-25,5276.52
10418,10879,2022-08-25,1626.74
10419,44863,2020-09-12,6194.73
10420,20346,2022-12-04,5900.87
10421,35297,2024-08-29,5557.44
10422,34891,2023-08-18,3471.41
10423,18741,2024-11-01,4125.99
10424,4172,2022-02-23,7633.2
10425,12248,2020-03-22,9270.06
10426,27011,2023-06-03,5821.79
10427,44307,2022-09-21,9331.11
10428,7469,2020-05-07,1840.55
10429,27581,2023-10-26,2971.68
10430,35563,2023-09-08,8375.5
10431,15415,2022-04-23,9635.93
10432,12748,2023-04-28,8915.24
10433,32754,2024-05-22,4965.0
10434,26141,2021-11-06,8127.41
10435,22320,2022-10-29,2091.23
10436,10056,2020-06-11,3241.14
10437,36337,2022-08-20,9985.82
10438,14491,2021-12-29,1868.44
10439,33988,2022-12-11,2501.56
10440,30144,2020-04-27,7256.06
10441,3177,2025-02-24,6723.91
10442,34569,2020-04-10,7208.75
10443,37962,2021-09-15,9506.08
10444,9291,2022-05-08,1285.73
10445,42081,2021-02-15,5820.78
10446,23793,2025-01-23,2645.33
10447,13703,2021-04-11,4003.24
10448,20107,2024-08-14,3310.08
10449,11366,2021-07-24,9313.95
10450,12407,2022-11-26,9468.93
10451,42568,2023-02-01,5032.41
10452,11291,2024-11-06,7315.14
10453,49302,2024-04-22,2193.41
10454,8874,2022-07-09,3446.13
10455,30368,2022-09-20,6616.41
10456,29838,2020-01-15,6757.52
10457,48620,2023-03-13,9098.74
10458,41143,2022-04-02,7569.11
10459,7371,2020-09-06,8442.48
10460,46151,2021-01-22,8251.36
10461,10423,2020-10-08,2785.73
10462,8365,2022-01-20,8155.01
10463,10782,2023-08-11,2142.78
10464,23129,2024-01-04,224.76
10465,43393,2025-04-02,6196.21
10466,25309,2021-01-18,3707.32
10467,9112,2020-02-16,6733.1
10468,25911,2024-02-06,2300.76
10469,24422,2022-08-01,2580.22
10470,48961,2021-08-26,9005.59
10471,46105,2024-09-08,6681.55
10472,21602,2023-04-03,983.27
10473,38188,2022-11-27,3568.4
10474,22412,2021-09-03,6537.52
10475,47880,2022-12-21,7193.5
10476,41834,2021-07-26,5020.59
10477,42047,2021-12-14,2594.31
10478,17102,2020-04-27,6724.26
10479,10735,2021-04-25,930.8
10480,45480,2022-10-28,7941.69
10481,48508,2025-01-03,7582.68
10482,44795,2023-02-03,2948.11
10483,4357,2020-10-18,701.36
10484,523,2021-07-21,984.29
10485,30710,2024-04-29,4323.64
10486,38788,2025-01-15,1918.06
10487,14758,2021-06-15,4421.28
10488,38417,2025-06-05,665.7
10489,19012,2020-07-01,4485.89
10490,8608,2022-07-18,9036.79
10491,19461,2024-06-25,6815.0
10492,33686,2025-03-13,741.69
10493,41166,2020-12-13,935.01
10494,22997,2020-10-14,5126.18
10495,43090,2020-07-22,2710.24
10496,42051,2024-10-02,4472.25
10497,21237,2022-12-02,7703.93
10498,45807,2020-11-30,3993.48
10499,9956,2023-11-21,3075.1
10500,37339,2022-10-22,8963.62
10501,26086,2022-08-14,7164.37
10502,49305,2023-05-20,6380.87
10503,16938,2025-04-17,811.61
10504,37351,2021-11-12,5058.72
10505,7971,2020-05-22,8958.06
10506,7759,2020-04-02,8241.54
10507,43579,2020-05-01,737.35
10508,27253,2021-12-25,7534.85
10509,47865,2021-01-28,8750.78
10510,11989,2024-01-03,2515.28
10511,12035,2022-06-03,5257.72
10512,23576,2023-07-03,8867.44
10513,34167,2025-05-26,8818.17
10514,42732,2020-09-06,4186.54
10515,3429,2024-06-28,5120.95
10516,47279,2022-04-05,1151.21
10517,2613,2023-06-07,5390.01
10518,25543,2021-04-13,8624.6
10519,36565,2025-03-05,1810.56
10520,13510,2021-05-06,4637.01
10521,40744,2021-04-09,6468.02
10522,25598,2023-10-29,580.83
10523,7171,2024-11-20,461.9
10524,19505,2020-04-17,8504.81
10525,19470,2022-12-21,9654.06
10526,15764,2020-02-26,7631.56
10527,28366,2022-02-01,9635.56
10528,11458,2022-08-16,1618.97
10529,11033,2020-05-11,8714.81
10530,42921,2023-01-06,9068.18
10531,16631,2022-05-21,2972.35
10532,49719,2025-03-02,6516.89
10533,45314,2025-03-29,3127.88
10534,22636,2023-12-12,1182.1
10535,20656,2024-12-28,8149.32
10536,33237,2022-04-25,9068.91
10537,36727,2022-09-22,1189.7
10538,45875,2023-03-31,6517.09
10539,4248,2022-08-23,9713.28
10540,21780,2025-01-05,2803.9
10541,13112,2021-06-30,7534.85
10542,10521,2021-06-10,4181.7
10543,34390,2022-03-29,730.71
10544,19380,2022-11-09,7027.15
10545,41391,2021-04-20,2534.56
10546,12286,2025-01-02,6004.53
10547,28240,2022-10-07,799.88
10548,37184,2022-11-27,1290.22
10549,27819,2024-08-11,157.11
10550,2119,2023-05-24,2256.65
10551,28729,2020-01-10,1393.73
10552,2215,2020-04-09,3007.27
10553,4727,2024-01-01,2120.72
10554,17181,2023-11-17,2709.62
10555,3308,2021-12-26,1374.36
10556,2970,2025-05-15,1858.19
10557,9614,2020-04-10,2891.7
10558,22848,2025-04-19,4419.14
10559,5935,2023-10-18,2701.46
10560,4628,2023-07-27,1955.66
10561,20487,2022-10-24,6401.68
10562,26322,2025-05-17,3689.57
10563,43466,2024-07-11,6073.25
10564,24814,2020-05-30,4055.03
10565,24414,2020-02-11,4195.6
10566,35267,2023-10-31,3824.06
10567,48000,2022-08-19,8540.14
10568,5234,2025-02-26,3898.94
10569,12780,2024-07-10,6054.14
10570,41409,2020-01-19,4721.51
10571,19614,2022-07-04,5964.78
10572,41965,2023-12-06,2038.27
10573,8002,2025-03-12,1276.02
10574,17023,2024-04-08,5946.49
10575,43211,2023-06-13,9833.17
10576,7904,2024-11-28,2653.24
10577,48582,2021-05-19,115.18
10578,11100,2022-10-27,9137.24
10579,28792,2020-05-03,1402.85
10580,4761,2021-05-27,8685.36
10581,1559,2023-11-19,5191.47
10582,32396,2024-09-10,1870.28
10583,13232,2021-11-30,2049.14
10584,10864,2021-11-01,5319.05
10585,24202,2022-11-19,7967.1
10586,2961,2020-03-17,8125.52
10587,34996,2022-07-08,2456.44
10588,29303,2021-06-13,7138.87
10589,45698,2020-07-04,4848.05
10590,9728,2024-01-24,6241.73
10591,33261,2021-05-17,1383.66
10592,40649,2022-02-23,4400.05
10593,19375,2020-10-28,1320.21
10594,36167,2020-04-21,5075.24
10595,10637,2020-01-19,708.39
10596,48714,2022-11-01,1422.73
10597,19968,2023-05-26,3318.72
10598,13980,2023-09-23,5160.5
10599,31927,2025-04-15,1234.77
10600,6066,2020-11-01,8802.56
10601,25706,2022-09-28,2875.19
10602,28540,2022-08-19,5879.84
10603,15858,2021-02-07,1505.91
10604,2382,2021-06-01,7412.48
10605,25974,2025-04-04,5442.71
10606,28123,2023-11-15,9348.57
10607,2500,2020-12-17,6903.44
10608,4280,2020-11-06,9817.52
10609,32654,2021-04-25,8143.09
10610,39616,2025-06-16,5347.35
10611,32343,2023-02-21,2327.81
10612,29590,2022-05-26,3470.09
10613,14208,2022-05-22,3816.97
10614,45228,2021-06-10,9140.2
10615,43386,2022-05-12,2647.88
10616,37475,2023-12-02,7249.47
10617,10276,2020-10-11,5922.48
10618,32993,2025-02-16,1801.23
10619,10233,2020-07-17,2756.13
10620,7000,2024-12-30,2911.16
10621,3545,2024-01-25,1874.03
10622,15613,2024-01-31,7866.42
10623,13363,2020-04-02,3201.12
10624,14489,2021-07-02,5384.35
10625,22358,2025-05-15,7394.31
10626,35565,2024-09-23,9690.33
10627,40197,2020-04-04,9110.71
10628,34440,2021-02-06,2199.87
10629,39733,2025-04-26,8951.54
10630,4463,2020-03-11,8476.73
10631,38171,2024-03-21,396.18
10632,833,2022-01-28,8857.62
10633,29780,2020-12-20,5391.03
10634,22215,2022-09-15,1996.6
10635,41984,2021-07-20,9953.7
10636,29741,2022-08-30,3187.69
10637,34179,2022-03-17,1957.79
10638,33981,2023-07-28,1812.78
10639,12280,2020-04-07,5310.65
10640,22578,2023-01-11,1830.35
10641,45872,2020-09-16,5246.27
10642,2249,2023-05-24,7398.44
10643,8367,2024-12-29,9491.56
10644,26766,2020-08-22,3739.23
10645,3347,2020-11-17,9761.43
10646,49115,2022-06-16,9890.21
10647,2238,2021-02-01,5921.48
10648,40839,2021-11-20,3094.56
10649,18021,2024-12-07,8545.27
10650,9050,2024-04-18,627.16
10651,43789,2023-06-24,4462.58
10652,15205,2025-05-11,6374.41
10653,7982,2020-08-07,9815.01
10654,34337,2022-07-23,6984.38
10655,1652,2021-10-23,2388.22
10656,29737,2022-03-20,8549.46
10657,11205,2024-02-13,6611.4
10658,40437,2022-01-11,8658.14
10659,34165,2023-06-21,6989.13
10660,3583,2022-09-17,3541.63
10661,35591,2021-03-16,1254.13
10662,15030,2021-12-18,6948.35
10663,35298,2024-08-28,2111.37
10664,26635,2023-07-12,747.71
10665,9770,2024-11-25,2998.16
10666,5587,2022-05-05,3238.38
10667,15109,2020-01-29,9925.92
10668,431,2022-08-22,5678.2
10669,19970,2021-03-01,9901.08
10670,46123,2022-04-07,7747.18
10671,38916,2021-02-26,4995.2
10672,20817,2025-02-25,2913.49
10673,45431,2021-03-31,2319.51
10674,25695,2023-09-01,2419.6
10675,40383,2025-05-26,8628.45
10676,36894,2024-07-19,4024.16
10677,25474,2025-02-10,4566.24
10678,15448,2021-10-09,6210.22
10679,26844,2020-04-15,654.84
10680,22656,2024-06-28,4800.04
10681,27819,2020-05-28,258.26
10682,34656,2021-11-26,7474.04
10683,36114,2024-09-07,326.2
10684,49560,2023-08-19,7080.33
10685,23205,2022-02-15,2088.11
10686,18590,2020-03-18,8144.16
10687,32571,2022-06-15,3232.71
10688,39319,2022-04-02,9054.67
10689,12318,2023-08-03,7412.69
10690,43827,2025-02-14,2179.1
10691,1423,2022-09-25,8858.32
10692,12472,2020-03-31,302.52
10693,48878,2021-01-29,6245.67
10694,15297,2020-11-17,8428.6
10695,19658,2021-03-19,1382.11
10696,31820,2020-01-31,547.8
10697,45377,2023-04-16,8898.92
10698,26626,2023-09-01,3034.47
10699,18427,2022-09-10,6685.7
10700,48651,2025-01-27,8392.2
10701,36428,2024-08-29,1191.81
10702,27740,2022-06-17,3836.73
10703,25770,2025-03-18,7296.48
10704,19203,2022-08-11,859.57
10705,30505,2022-12-27,7509.11
10706,42289,2021-06-25,8818.23
10707,4178,2022-12-26,7968.73
10708,34085,2024-05-22,2466.85
10709,15708,2020-07-04,8402.27
10710,12511,2020-03-17,6932.04
10711,39687,2020-06-29,7497.14
10712,9254,2021-06-09,7500.83
10713,49747,2020-05-17,4554.24
10714,15565,2024-01-25,9020.74
10715,29607,2024-12-18,1326.74
10716,26652,2021-12-03,9591.29
10717,20665,2021-07-26,166.46
10718,46210,2020-06-22,7705.9
10719,47174,2020-10-19,1942.71
10720,31439,2022-02-27,739.36
10721,17052,2023-11-11,5042.91
10722,16601,2023-11-27,5186.32
10723,6008,2024-12-28,6720.12
10724,37472,2020-07-25,5985.83
10725,45751,2020-09-10,409.38
10726,43748,2022-03-02,2123.43
10727,24542,2022-08-26,7188.48
10728,14317,2023-09-15,9429.98
10729,12760,2025-05-21,7684.25
10730,42322,2023-10-07,9857.55
10731,37249,2025-01-23,1330.47
10732,12291,2021-02-27,9588.71
10733,14919,2023-03-04,3802.77
10734,4193,2021-07-11,5647.98
10735,35567,2021-01-04,9766.72
10736,37552,2020-05-05,4530.71
10737,21123,2023-11-23,3215.42
10738,36347,2024-02-24,7928.43
10739,29285,2021-12-25,7076.87
10740,38328,2023-01-02,316.21
10741,700,2020-03-27,4902.91
10742,49149,2024-03-20,9239.53
10743,19702,2020-08-28,5516.34
10744,33121,2024-09-18,6173.2
10745,48397,2023-06-27,4929.43
10746,47285,2021-12-10,5901.12
10747,10034,2020-01-22,3027.99
10748,8669,2020-01-28,2112.2
10749,42387,2024-01-01,3982.53
10750,20475,2020-01-19,2399.76
10751,15541,2023-02-10,9115.32
10752,44089,2024-03-29,1571.13
10753,22519,2023-04-14,2476.27
10754,43430,2025-04-10,7914.56
10755,31625,2020-07-25,1110.03
10756,33838,2022-07-16,7988.83
10757,862,2021-10-23,5825.0
10758,86,2020-10-28,4659.48
10759,39659,2022-05-02,8718.87
10760,28036,2021-12-23,4047.01
10761,16327,2021-05-25,2807.39
10762,15229,2021-10-14,5475.85
10763,35410,2020-10-04,5621.86
10764,42822,2020-05-17,1316.11
10765,44125,2020-12-31,7874.65
10766,6021,2021-05-19,3804.63
10767,28358,2022-12-03,1348.16
10768,15522,2020-10-06,1084.37
10769,14529,2024-01-06,5695.32
10770,5266,2021-03-21,3800.68
10771,7422,2022-12-31,3241.66
10772,15131,2021-03-31,4653.34
10773,47591,2020-04-22,7943.94
10774,12755,2024-09-14,1788.03
10775,39357,2021-03-08,1275.01
10776,41846,2020-08-18,8722.09
10777,21910,2021-07-15,8132.74
10778,3978,2022-07-03,1719.08
10779,29561,2020-08-21,5629.82
10780,36844,2021-07-23,5482.79
10781,26715,2024-06-20,7764.06
10782,41023,2024-09-07,3359.15
10783,12303,2022-01-10,734.86
10784,34546,2025-02-27,1950.2
10785,4031,2025-03-02,2198.44
10786,44023,2020-03-12,4704.42
10787,26473,2022-05-13,5084.82
10788,13528,2022-06-26,2131.37
10789,46854,2023-01-14,3255.93
10790,27357,2025-04-23,7863.09
10791,31014,2023-04-11,529.01
10792,49968,2020-01-26,7458.74
10793,42511,2021-08-15,9779.93
10794,14594,2022-05-23,7639.09
10795,39625,2023-12-09,9325.61
10796,22416,2020-03-22,2706.15
10797,11706,2024-05-13,5226.03
10798,28248,2024-07-24,4204.81
10799,18594,2024-12-14,2803.87
10800,3070,2022-05-01,501.77
10801,8619,2021-01-06,7617.6
10802,24600,2022-07-05,7272.79
10803,46321,2024-01-04,5703.07
10804,37862,2024-02-15,9741.92
10805,5222,2023-06-23,8684.74
10806,34073,2024-04-26,5670.23
10807,11689,2020-11-13,9213.51
10808,10869,2022-01-16,5640.48
10809,14881,2020-01-30,8391.75
10810,36716,2020-03-01,5063.69
10811,24318,2025-01-01,8083.32
10812,20779,2021-07-20,4524.87
10813,46097,2020-09-16,5758.33
10814,3079,2022-02-21,2039.47
10815,7099,2021-09-15,6220.94
10816,40475,2023-05-07,7999.69
10817,25124,2020-04-05,8392.61
10818,21907,2024-06-20,7713.09
10819,43279,2025-01-22,209.99
10820,10310,2020-11-14,9332.13
10821,23737,2022-04-24,677.7
10822,23621,2023-09-05,7121.47
10823,47341,2023-03-14,8238.77
10824,16581,2022-03-31,7694.09
10825,42498,2024-03-07,7741.99
10826,9323,2023-04-06,2314.09
10827,40082,2022-01-11,959.8
10828,19616,2020-03-10,4786.88
10829,29935,2023-02-24,6353.78
10830,16753,2021-05-21,8261.44
10831,15486,2022-12-09,3589.66
10832,19613,2022-04-15,8257.0
10833,9009,2023-07-18,5065.53
10834,1492,2022-12-31,7882.94
10835,44499,2023-12-12,2346.67
10836,23412,2022-01-27,7673.78
10837,17104,2023-06-20,2206.08
10838,35531,2025-05-03,901.9
10839,44348,2024-02-03,7880.52
10840,41756,2022-08-26,7834.46
10841,31697,2023-12-02,1190.9
10842,35976,2023-02-05,4313.75
10843,2504,2021-06-03,407.34
10844,38551,2021-03-16,7247.67
10845,13292,2023-10-25,7811.41
10846,21519,2025-06-12,6744.41
10847,18267,2024-12-21,5314.66
10848,43136,2023-05-13,1446.75
10849,9595,2025-05-07,9875.73
10850,34756,2020-10-07,2635.93
10851,47528,2022-11-07,8402.07
10852,24672,2023-01-01,856.25
10853,32057,2023-05-06,1989.76
10854,49967,2024-03-29,6904.63
10855,19045,2023-11-14,515.41
10856,25718,2024-01-29,170.87
10857,14264,2023-01-31,6194.29
10858,27765,2020-08-05,6771.74
10859,7348,2025-01-01,7120.93
10860,12512,2022-11-25,8653.06
10861,10488,2023-05-11,3238.26
10862,7422,2021-10-19,958.39
10863,15679,2020-01-15,4037.28
10864,4019,2022-02-06,2617.64
10865,17359,2022-09-16,9587.39
10866,34630,2022-09-27,2088.15
10867,649,2020-12-10,7028.94
10868,47966,2020-09-28,9231.17
10869,35368,2020-03-16,6727.21
10870,37648,2020-01-14,757.3
10871,18172,2024-05-01,9268.61
10872,11289,2024-09-13,1566.13
10873,32906,2020-02-27,2077.8
10874,48030,2021-12-17,7315.28
10875,34825,2022-10-18,4977.32
10876,1832,2023-06-08,7802.34
10877,31022,2024-08-20,1727.98
10878,21111,2021-04-28,8580.93
10879,5895,2023-08-18,3111.39
10880,20651,2024-03-31,5261.33
10881,9076,2023-02-26,1224.12
10882,20992,2021-11-11,3575.62
10883,42880,2024-10-22,3668.23
10884,12208,2025-03-27,9671.85
10885,47473,2022-03-05,8327.09
10886,7679,2020-07-23,672.18
10887,24780,2020-03-02,2927.94
10888,20537,2022-09-03,2146.57
10889,17041,2022-07-12,3257.14
10890,25625,2021-02-07,229.84
10891,48751,2020-02-24,7842.87
10892,19847,2020-11-02,1470.02
10893,19511,2021-09-20,2106.99
10894,30867,2022-12-28,6595.2
10895,3025,2025-02-22,6341.3
10896,44576,2020-07-19,8278.85
10897,15447,2020-04-06,1457.14
10898,36512,2021-02-21,2278.8
10899,16456,2022-01-19,8774.55
10900,5654,2021-02-14,6694.74
10901,49902,2021-09-04,881.59
10902,48823,2021-08-31,1030.45
10903,33721,2023-10-23,5380.73
10904,6280,2020-10-20,7531.43
10905,46126,2020-10-11,6469.18
10906,37381,2022-03-13,6811.94
10907,36891,2023-07-23,5762.7
10908,20564,2024-08-09,8825.44
10909,6027,2023-11-13,8979.46
10910,27172,2020-10-07,6095.19
10911,5172,2021-08-27,7339.76
10912,32842,2023-07-29,4678.28
10913,45546,2022-05-27,2766.39
10914,11719,2025-05-24,6398.87
10915,44280,2020-07-12,8169.79
10916,18444,2021-12-01,2699.54
10917,44599,2022-06-29,6296.68
10918,42320,2023-02-25,6263.25
10919,10911,2021-07-10,9196.27
10920,31392,2024-12-02,7616.91
10921,25578,2021-11-28,8131.95
10922,603,2025-04-04,5752.29
10923,22843,2025-02-07,7304.19
10924,29465,2020-02-12,2523.64
10925,10088,2024-12-12,5838.69
10926,49093,2020-01-14,6656.78
10927,17909,2023-01-02,8354.64
10928,42667,2020-01-19,1740.45
10929,33935,2020-02-20,3334.89
10930,9953,2023-11-16,7935.21
10931,4293,2020-10-30,4398.93
10932,30406,2024-08-02,4895.98
10933,25241,2021-12-10,6230.93
10934,44697,2020-10-17,7299.38
10935,47626,2023-05-06,2954.03
10936,22718,2024-03-21,8652.81
10937,33731,2020-12-20,3705.36
10938,9245,2023-06-13,2682.63
10939,41949,2020-09-23,7025.63
10940,39467,2023-06-28,3662.64
10941,16472,2025-05-11,5112.89
10942,21336,2025-02-25,3369.97
10943,8665,2024-04-10,8549.46
10944,45167,2022-07-12,5046.63
10945,14193,2024-05-26,747.62
10946,47223,2020-03-29,661.41
10947,8043,2023-01-11,3711.83
10948,33015,2025-06-22,4135.24
10949,2879,2025-01-15,470.1
10950,6132,2025-05-31,8539.16
10951,37263,2024-04-10,5115.19
10952,20361,2025-05-17,5523.75
10953,326,2024-12-11,6552.86
10954,13504,2024-02-19,2254.07
10955,45408,2021-04-04,5277.0
10956,811,2023-07-27,2306.31
10957,8596,2022-04-24,4211.37
10958,6781,2020-07-05,6305.69
10959,22371,2025-01-22,2435.01
10960,21931,2023-11-25,8847.42
10961,6846,2025-06-19,3007.61
10962,14659,2024-06-04,3107.09
10963,21074,2021-05-05,9219.25
10964,18612,2024-07-22,3953.04
10965,32612,2020-05-18,1451.76
10966,30174,2020-10-02,4332.85
10967,40858,2024-04-15,3456.57
10968,7134,2024-11-06,5001.86
10969,1439,2021-09-02,6165.45
10970,29623,2023-04-05,3363.75
10971,11076,2021-03-22,7141.05
10972,36153,2022-10-26,3097.5
10973,33432,2020-12-20,8402.71
10974,10177,2022-03-06,9624.78
10975,24730,2022-08-04,235.42
10976,33501,2022-12-12,1252.81
10977,806,2023-02-13,5149.59
10978,40841,2022-09-27,6267.81
10979,13738,2023-08-16,9114.76
10980,20064,2022-12-24,6341.92
10981,36837,2023-05-16,8656.53
10982,11346,2024-11-11,5271.23
10983,24914,2020-04-18,6927.38
10984,44296,2024-12-08,9242.78
10985,12519,2020-06-04,6806.97
10986,38070,2024-11-26,4878.33
10987,39787,2022-10-09,5969.49
10988,3299,2025-06-21,4359.9
10989,17112,2021-08-06,1585.5
10990,11764,2022-08-21,7724.55
10991,43981,2024-10-24,4203.09
10992,4959,2022-01-30,1038.28
10993,19322,2023-02-07,7069.39
10994,36792,2020-01-30,7664.07
10995,30207,2022-10-11,1142.23
10996,44957,2023-12-13,4613.14
10997,1834,2023-11-14,4864.68
10998,48902,2020-12-23,2421.65
10999,45059,2021-08-19,8011.8
11000,11594,2024-04-14,5354.45
11001,38436,2023-11-05,5766.03
11002,13496,2022-04-27,3643.95
11003,43188,2025-01-28,2530.47
11004,22392,2022-02-14,8041.51
11005,30368,2021-12-31,5375.92
11006,13752,2023-02-25,2484.78
11007,15755,2020-10-15,4318.42
11008,47489,2025-01-08,5602.36
11009,10237,2023-01-04,5596.06
11010,48240,2020-10-25,5621.56
11011,43654,2024-04-29,1774.16
11012,2011,2022-01-15,5593.15
11013,28495,2024-11-14,3522.91
11014,8856,2021-04-15,5714.16
11015,41288,2025-05-27,6698.23
11016,25425,2022-01-19,2381.61
11017,47512,2024-02-19,1294.1
11018,12877,2021-05-08,6083.54
11019,8457,2020-04-24,6960.84
11020,17851,2023-10-26,8672.67
11021,41214,2024-01-12,2535.42
11022,9286,2025-04-10,1327.0
11023,5655,2020-06-12,9737.25
11024,27990,2022-03-03,496.12
11025,1237,2020-07-31,4220.18
11026,42769,2020-10-19,4984.64
11027,16994,2023-02-18,7136.39
11028,23065,2021-01-30,8131.53
11029,25126,2025-05-05,5620.38
11030,33987,2025-05-22,385.81
11031,26894,2021-02-25,9981.66
11032,45834,2024-05-10,6433.89
11033,31810,2023-01-08,8332.63
11034,4295,2025-06-07,4204.21
11035,25841,2025-03-14,617.07
11036,27774,2023-11-05,918.51
11037,25866,2020-10-08,7733.83
11038,49507,2021-07-22,2204.0
11039,19249,2022-06-28,8577.61
11040,2224,2021-03-15,2598.57
11041,47676,2020-11-21,2665.94
11042,2841,2020-10-23,1068.84
11043,20103,2020-02-20,1490.49
11044,10061,2021-04-12,1359.07
11045,45689,2024-01-14,517.54
11046,41127,2021-05-15,2444.38
11047,36395,2022-05-24,322.61
11048,6702,2021-06-07,7064.79
11049,48345,2020-04-06,6201.0
11050,5419,2022-08-02,1804.64
11051,29469,2024-07-02,8635.4
11052,16470,2022-02-07,2928.14
11053,3778,2021-10-20,5403.21
11054,28374,2024-09-25,8129.12
11055,46947,2021-03-17,3754.79
11056,48354,2020-12-08,2585.31
11057,3573,2023-06-14,8620.65
11058,35483,2021-08-06,833.17
11059,5970,2023-06-03,6539.33
11060,30064,2020-05-05,8402.76
11061,19256,2023-07-07,7130.81
11062,2927,2022-06-22,3805.03
11063,15680,2021-06-22,9513.06
11064,17432,2024-04-10,1444.9
11065,5594,2020-12-18,7144.15
11066,24212,2022-03-21,7209.0
11067,42804,2024-06-27,6162.24
11068,9434,2022-05-26,4907.64
11069,45552,2020-02-09,9527.88
11070,27486,2024-09-09,4716.89
11071,25166,2021-03-26,3397.64
11072,22261,2021-12-13,5197.66
11073,35942,2020-07-20,8029.24
11074,30,2021-06-24,1713.84
11075,36623,2023-09-26,3767.99
11076,6347,2023-06-24,5700.09
11077,49876,2023-02-14,8446.18
11078,45209,2021-01-16,4063.3
11079,18475,2025-05-15,5549.8
11080,14750,2020-08-29,1312.6
11081,35259,2024-12-14,1031.72
11082,38481,2023-09-22,2212.73
11083,17511,2020-09-03,6887.82
11084,26153,2024-08-11,2200.01
11085,46780,2022-08-20,8785.6
11086,44240,2025-01-27,8997.59
11087,36972,2023-12-05,2728.1
11088,3406,2020-04-05,1142.12
11089,26108,2020-04-15,4171.8
11090,31426,2020-08-08,7957.6
11091,7737,2023-04-13,1167.71
11092,37497,2021-04-21,1082.48
11093,48054,2024-04-10,2522.86
11094,4693,2022-06-23,6957.66
11095,4522,2024-06-14,3805.91
11096,11842,2023-11-03,7393.43
11097,44614,2021-01-30,4107.51
11098,29579,2021-06-11,882.47
11099,47337,2022-03-25,9985.76
11100,31171,2022-12-15,6842.45
11101,755,2025-01-31,6349.51
11102,13579,2021-07-16,4986.1
11103,39428,2021-05-01,923.04
11104,47695,2023-07-30,9853.35
11105,36570,2024-01-20,4711.1
11106,46828,2024-07-03,509.33
11107,2532,2020-03-06,3498.29
11108,15025,2022-09-28,425.84
11109,1266,2024-05-16,5117.12
11110,14742,2020-03-11,7565.58
11111,7845,2022-06-22,9576.8
11112,28489,2024-08-28,8449.55
11113,8370,2021-06-01,2784.41
11114,8863,2021-09-23,3535.69
11115,33580,2022-10-19,5245.47
11116,44008,2021-07-24,6881.71
11117,26143,2024-12-15,7389.9
11118,41291,2024-06-02,8510.68
11119,3556,2025-05-29,2324.06
11120,39465,2020-08-24,1206.05
11121,44548,2023-03-25,1857.92
11122,10098,2023-03-07,9439.58
11123,7438,2020-06-21,1410.41
11124,32942,2022-05-12,3257.45
11125,23005,2021-12-05,2038.16
11126,41052,2020-06-26,1196.19
11127,2558,2021-02-19,5314.92
11128,7040,2022-08-14,3856.06
11129,49751,2020-05-23,7293.36
11130,38433,2025-04-09,3985.78
11131,29086,2021-03-25,5600.52
11132,34953,2022-04-09,8224.37
11133,35494,2022-01-15,5322.23
11134,20569,2020-11-17,4429.97
11135,38482,2022-08-20,1408.3
11136,25643,2024-08-09,5637.89
11137,22151,2022-02-10,1081.12
11138,26920,2023-11-01,1138.42
11139,29013,2024-04-27,4566.7
11140,19063,2020-05-25,5242.06
11141,17726,2022-09-04,7490.63
11142,24611,2024-07-04,4619.62
11143,28843,2020-06-22,6252.01
11144,12674,2025-03-15,9206.16
11145,20815,2022-01-27,9406.15
11146,7301,2022-03-24,2712.72
11147,39284,2024-10-14,4615.75
11148,5288,2025-04-24,5358.26
11149,14288,2024-06-26,4525.05
11150,30956,2023-03-27,9637.5
11151,38702,2021-12-04,2974.27
11152,22037,2024-04-25,5240.52
11153,37357,2021-02-04,1344.66
11154,21831,2023-03-02,6335.58
11155,20635,2022-10-25,3348.88
11156,44817,2025-03-23,8074.98
11157,1768,2024-10-02,1390.7
11158,9581,2020-03-15,8809.91
11159,16584,2025-05-21,4357.89
11160,41472,2025-04-03,4132.45
11161,31232,2023-10-15,7657.83
11162,6642,2021-04-06,3091.82
11163,2733,2021-09-23,8588.76
11164,43703,2024-04-22,2845.92
11165,17448,2022-02-12,7342.32
11166,22800,2024-09-17,653.01
11167,31968,2024-12-10,7039.68
11168,39072,2025-06-14,2700.04
11169,38947,2024-10-23,7297.44
11170,43840,2025-06-01,8285.86
11171,44431,2021-03-24,1787.5
11172,27050,2023-09-30,1753.57
11173,43129,2021-06-08,7476.05
11174,13746,2024-08-17,1782.12
11175,43424,2022-07-09,293.6
11176,13267,2021-11-26,710.22
11177,23960,2020-03-08,358.31
11178,35778,2021-11-29,9083.77
11179,24981,2020-08-26,8664.71
11180,48636,2022-02-01,5598.52
11181,20968,2020-04-04,5172.08
11182,25700,2024-09-08,2514.39
11183,14266,2024-04-02,5043.63
11184,19177,2022-09-03,9319.45
11185,9218,2023-05-11,5745.06
11186,528,2025-02-10,662.58
11187,44295,2020-01-03,466.35
11188,23223,2023-05-15,8726.69
11189,7191,2021-07-22,2248.02
11190,24823,2025-04-09,147.3
11191,26565,2023-09-10,7463.28
11192,15617,2022-03-09,8210.96
11193,33396,2024-12-04,2934.39
11194,34885,2024-03-25,8333.3
11195,48781,2020-01-03,8064.18
11196,39476,2022-11-01,4919.23
11197,45453,2022-05-09,9391.46
11198,8800,2024-01-23,8462.14
11199,15927,2021-09-09,392.48
11200,22813,2023-10-05,9007.77
11201,21787,2022-02-25,5457.72
11202,15922,2022-07-05,4739.96
11203,33066,2023-05-17,9577.36
11204,22211,2020-01-14,2919.51
11205,11765,2023-01-31,4444.91
11206,19678,2024-11-13,1917.95
11207,15498,2020-11-26,8731.96
11208,42505,2021-06-24,770.05
11209,14851,2025-03-20,254.08
11210,32086,2020-09-19,1602.62
11211,37958,2020-02-18,6370.2
11212,12958,2024-09-24,1262.94
11213,18434,2021-05-03,9214.47
11214,27784,2023-07-10,6816.78
11215,28542,2021-02-01,6860.57
11216,16467,2022-02-22,9728.88
11217,20835,2024-06-22,668.5
11218,26386,2024-08-06,6563.54
11219,14279,2025-02-19,9001.26
11220,8333,2022-06-27,6206.26
11221,48114,2020-12-03,4656.05
11222,11916,2023-12-07,328.02
11223,34600,2021-04-13,1795.0
11224,23128,2022-04-20,9216.22
11225,38866,2023-11-02,9788.23
11226,26534,2023-11-05,4973.65
11227,5516,2022-09-17,8995.2
11228,23321,2020-03-01,4835.75
11229,931,2022-07-21,1675.84
11230,2289,2023-10-20,945.94
11231,35440,2022-02-23,8344.96
11232,5421,2023-08-03,9385.47
11233,15501,2022-10-19,4156.52
11234,44802,2024-05-13,1356.15
11235,46958,2024-06-11,8483.97
11236,35722,2025-03-17,3496.15
11237,4883,2023-12-25,4923.66
11238,10454,2024-12-02,9932.69
11239,6936,2022-03-10,6812.37
11240,15834,2023-08-03,7244.84
11241,21693,2023-11-26,2885.0
11242,39045,2024-11-21,2644.27
11243,30800,2022-06-04,3007.99
11244,40866,2023-06-17,6020.79
11245,21862,2022-10-29,9380.8
11246,22492,2024-03-18,6884.69
11247,48192,2021-09-29,2944.76
11248,9740,2022-09-23,6454.34
11249,45691,2021-08-05,1475.51
11250,5485,2023-12-04,4326.76
11251,35949,2022-06-27,8897.69
11252,16571,2024-08-24,2564.39
11253,38240,2020-10-25,5625.31
11254,14542,2022-01-02,862.09
11255,27507,2024-08-23,966.95
11256,32815,2020-11-20,782.39
11257,19253,2024-08-26,2177.89
11258,47203,2024-06-02,4611.25
11259,20297,2024-07-14,9157.1
11260,14841,2023-05-10,3548.1
11261,3038,2025-02-02,6352.52
11262,3306,2022-09-25,5604.06
11263,29095,2025-03-07,1538.72
11264,48031,2021-01-17,4802.34
11265,13265,2022-12-06,1485.58
11266,39129,2022-08-14,3160.5
11267,22702,2023-06-06,1097.72
11268,27065,2025-01-10,2243.87
11269,9893,2020-12-23,3781.69
11270,8146,2024-06-19,6282.76
11271,9629,2024-10-17,1464.07
11272,32881,2020-12-05,5988.16
11273,37010,2022-08-01,2501.39
11274,48212,2020-02-10,755.75
11275,12029,2022-07-22,9186.54
11276,10776,2020-12-25,600.71
11277,18730,2023-09-09,8436.29
11278,14524,2023-05-11,7221.16
11279,10351,2023-07-14,2978.26
11280,32824,2022-02-22,7206.66
11281,581,2024-06-28,2701.71
11282,36314,2020-03-05,7960.04
11283,12818,2024-02-13,1095.15
11284,12004,2021-12-11,418.82
11285,12737,2024-01-14,1468.63
11286,40330,2022-04-18,7217.43
11287,10129,2021-05-27,9679.18
11288,24122,2023-06-02,6563.88
11289,46243,2021-03-30,8780.31
11290,1668,2022-10-24,364.63
11291,28588,2021-08-16,4164.37
11292,8411,2020-09-01,5798.93
11293,41852,2021-07-02,4112.15
11294,4427,2023-11-22,7173.34
11295,32195,2020-08-31,2293.68
11296,32028,2025-02-13,2699.85
11297,38027,2024-12-21,5120.67
11298,44547,2025-02-16,6677.46
11299,39416,2021-10-05,1391.4
11300,13668,2025-06-08,3072.51
11301,24323,2023-04-09,2881.02
11302,33612,2020-01-26,4894.28
11303,12300,2023-05-20,9646.36
11304,26545,2021-10-16,3971.2
11305,36280,2025-04-09,8601.9
11306,39477,2020-06-13,4066.69
11307,1120,2024-07-20,3303.48
11308,42096,2025-05-16,1007.04
11309,38803,2022-12-01,7129.75
11310,13359,2024-12-09,2957.46
11311,36534,2021-10-17,7039.22
11312,24299,2021-07-07,3718.45
11313,6398,2022-11-27,255.95
11314,13831,2025-01-31,1664.38
11315,10072,2024-09-24,7797.08
11316,30119,2021-10-06,2245.72
11317,22816,2024-04-14,2378.53
11318,46386,2021-08-29,3400.19
11319,18323,2023-12-21,1927.97
11320,14710,2022-11-21,5431.47
11321,33798,2024-01-14,5189.6
11322,1505,2023-05-03,6353.34
11323,33633,2020-10-24,9672.16
11324,18575,2021-01-16,1283.09
11325,47807,2021-05-31,3906.24
11326,43179,2024-02-15,5045.07
11327,16874,2021-08-30,9048.79
11328,30816,2024-09-18,6362.28
11329,7128,2023-07-26,4276.74
11330,21699,2020-08-17,610.33
11331,26884,2024-03-15,7602.21
11332,9734,2023-10-17,5621.38
11333,31803,2021-01-26,6795.25
11334,22265,2025-06-10,3242.25
11335,28724,2023-09-11,2644.53
11336,4883,2021-12-31,6376.1
11337,5936,2023-07-22,4292.32
11338,36057,2023-02-03,3574.09
11339,15031,2023-12-22,2197.56
11340,30809,2022-01-17,4126.35
11341,46523,2021-05-17,9346.35
11342,24614,2022-05-10,1183.21
11343,28756,2025-01-03,1708.92
11344,42885,2022-07-28,6093.76
11345,15468,2021-01-24,2481.61
11346,21490,2020-09-15,8728.52
11347,48803,2024-02-28,8520.3
11348,31429,2024-06-03,4256.66
11349,3837,2024-11-24,6835.29
11350,21219,2021-02-20,7784.26
11351,22313,2024-11-26,3372.36
11352,25248,2021-07-31,3250.98
11353,20510,2023-11-06,126.94
11354,628,2022-05-24,2425.92
11355,45052,2025-01-23,6845.14
11356,38055,2023-12-04,4483.41
11357,28765,2021-09-02,6344.09
11358,10458,2023-07-31,2335.65
11359,19545,2022-10-17,6132.5
11360,20152,2020-06-19,2521.59
11361,38610,2024-11-11,7090.37
11362,25462,2021-08-09,1649.36
11363,6426,2021-09-13,2965.91
11364,24965,2021-12-28,2143.39
11365,16056,2021-06-11,350.53
11366,21409,2023-01-17,9129.6
11367,31593,2022-03-01,848.17
11368,43145,2020-07-05,4211.07
11369,5453,2020-12-24,3607.01
11370,37483,2020-10-17,1905.88
11371,24988,2023-05-25,4498.9
11372,24983,2024-07-18,5087.82
11373,12888,2023-04-07,2737.02
11374,40957,2021-01-07,5309.01
11375,9341,2021-05-01,6457.47
11376,19054,2023-10-20,5251.12
11377,36347,2020-12-18,8990.82
11378,35888,2021-02-09,1458.48
11379,36030,2024-05-28,8406.33
11380,7791,2023-11-09,1541.22
11381,16384,2022-12-05,4357.88
11382,13809,2025-03-08,1614.13
11383,22597,2020-10-04,6084.87
11384,43704,2023-08-04,3521.43
11385,45940,2021-12-27,4574.83
11386,9892,2021-10-31,1723.85
11387,31741,2020-03-27,4786.26
11388,31453,2025-01-08,7389.16
11389,46299,2021-09-14,9351.25
11390,24122,2020-01-12,2912.78
11391,7670,2020-12-04,4396.16
11392,19732,2021-03-30,7850.1
11393,8610,2021-02-14,5622.12
11394,5540,2022-07-10,7423.61
11395,43735,2020-05-25,7871.16
11396,1185,2020-04-01,7363.1
11397,5187,2025-02-09,9524.89
11398,33083,2022-08-19,7342.94
11399,29005,2024-06-04,1279.89
11400,40214,2021-12-01,8031.5
11401,47160,2021-11-16,982.32
11402,43397,2024-04-13,4030.6
11403,16977,2021-11-02,3576.02
11404,39851,2024-11-12,1651.31
11405,18122,2021-10-16,1163.56
11406,31671,2024-09-19,2964.74
11407,33499,2020-07-28,6895.37
11408,45583,2023-03-25,2138.07
11409,3693,2023-12-05,9704.24
11410,28041,2020-06-17,150.5
11411,4220,2024-07-08,5733.24
11412,3143,2025-01-12,5632.36
11413,42681,2020-10-15,2815.56
11414,19881,2023-08-16,5995.33
11415,2960,2024-05-04,5655.07
11416,41288,2020-09-22,6909.93
11417,6711,2021-02-11,8744.69
11418,5084,2021-09-25,1094.85
11419,8647,2024-12-30,8369.27
11420,23202,2022-05-24,302.67
11421,25313,2022-05-08,710.11
11422,9348,2020-01-20,9084.8
11423,41062,2020-08-20,7085.8
11424,26458,2022-03-03,6462.78
11425,24288,2022-12-14,5226.5
11426,38762,2020-08-28,7822.65
11427,6715,2023-05-26,7316.03
11428,49961,2021-03-02,3504.86
11429,12226,2025-05-26,5003.62
11430,34010,2021-12-25,4875.14
11431,39855,2024-09-09,4394.49
11432,20117,2020-02-24,6849.82
11433,43376,2022-06-27,8129.95
11434,9954,2023-04-15,9557.38
11435,34161,2024-02-13,4188.83
11436,19799,2023-02-21,7015.36
11437,26738,2024-07-31,5674.35
11438,26646,2022-05-09,1891.29
11439,5143,2022-09-19,3124.67
11440,42049,2020-09-23,8506.73
11441,24123,2023-11-02,8096.99
11442,29132,2021-09-22,8529.94
11443,20057,2020-07-24,521.11
11444,1734,2021-08-18,9900.93
11445,8306,2025-03-06,5616.4
11446,18289,2024-11-03,5110.09
11447,26097,2020-01-20,7370.65
11448,26082,2020-03-12,1403.62
11449,2588,2025-02-13,2362.81
11450,9113,2022-09-19,9426.28
11451,28370,2024-06-06,2147.42
11452,14593,2025-01-13,3432.18
11453,16288,2023-01-04,2537.24
11454,42030,2022-07-01,4885.53
11455,30541,2023-08-05,8059.18
11456,4748,2020-08-30,8391.94
11457,4552,2023-07-23,3317.27
11458,6823,2021-03-05,834.81
11459,19669,2020-10-13,1214.15
11460,4508,2021-09-05,8184.43
11461,34748,2022-08-04,4344.64
11462,49703,2020-04-29,8230.3
11463,3543,2020-09-04,240.0
11464,14160,2023-09-24,445.78
11465,47576,2022-02-25,3223.29
11466,42901,2020-11-13,2121.22
11467,3182,2022-07-28,6487.45
11468,6954,2021-12-17,5894.64
11469,25019,2021-11-08,8953.6
11470,14801,2025-01-14,7905.77
11471,34127,2020-11-16,1097.97
11472,35662,2023-07-14,8882.29
11473,17300,2020-10-09,1288.2
11474,47712,2021-04-29,2047.59
11475,36413,2021-07-23,5102.57
11476,16011,2023-06-08,1204.67
11477,31462,2022-08-17,2345.47
11478,33312,2023-05-01,4532.34
11479,13188,2021-06-10,2559.41
11480,48029,2025-02-16,9471.4
11481,17029,2023-09-30,1703.84
11482,46315,2023-07-04,5774.56
11483,15180,2024-04-03,5028.62
11484,26347,2023-04-22,4579.83
11485,44839,2024-09-23,2414.58
11486,3833,2024-12-30,1988.42
11487,24599,2024-05-18,3106.95
11488,32912,2024-12-06,5966.16
11489,43500,2022-04-23,5850.68
11490,3297,2020-07-06,7748.15
11491,1072,2024-08-29,3104.16
11492,43554,2024-11-07,7125.1
11493,6549,2022-12-25,8833.39
11494,23294,2020-10-14,8593.16
11495,13887,2022-12-10,4710.86
11496,29798,2022-03-04,6647.15
11497,1553,2024-05-11,8332.75
11498,4337,2020-03-24,1636.53
11499,11554,2023-04-26,9577.53
11500,34739,2020-07-01,6061.65
11501,10601,2024-12-02,2896.16
11502,6211,2021-05-17,5288.45
11503,26904,2021-06-02,7392.72
11504,30102,2025-06-08,8229.71
11505,4874,2020-12-02,3150.87
11506,1029,2023-03-23,3488.16
11507,45033,2020-04-27,8196.74
11508,20462,2020-12-16,8410.24
11509,13579,2021-09-22,6904.68
11510,5879,2023-10-09,6866.2
11511,22576,2020-07-28,2588.18
11512,2382,2023-06-10,9565.55
11513,30702,2020-05-03,8517.14
11514,49288,2022-09-29,8730.23
11515,4615,2021-08-12,2036.07
11516,24035,2020-05-12,9839.7
11517,19744,2020-08-02,4510.92
11518,19734,2024-11-26,6850.53
11519,44526,2022-10-21,8996.99
11520,29675,2020-12-05,1098.52
11521,36570,2023-11-10,3250.96
11522,41245,2023-06-12,3745.25
11523,25540,2021-09-28,7762.57
11524,7391,2024-06-24,3026.08
11525,26198,2024-05-19,3968.55
11526,34493,2024-12-06,3857.49
11527,8569,2023-06-24,9128.55
11528,53,2020-06-26,133.68
11529,16712,2023-08-23,1489.78
11530,10581,2022-04-16,9290.43
11531,31247,2023-08-13,6136.04
11532,639,2024-01-05,997.97
11533,32432,2023-01-05,4794.23
11534,7286,2021-08-02,9375.19
11535,44214,2022-03-02,7583.17
11536,22084,2024-07-05,2634.04
11537,24042,2021-04-19,4401.88
11538,20986,2020-11-07,4958.16
11539,32069,2023-11-02,7671.24
11540,21348,2020-08-15,7804.49
11541,29376,2022-01-16,3007.98
11542,31938,2025-01-01,7288.38
11543,21448,2022-02-08,9739.96
11544,25135,2021-04-24,818.47
11545,36804,2024-05-10,8171.27
11546,9101,2022-02-18,5975.18
11547,23182,2021-01-30,3868.64
11548,45990,2023-09-26,7918.25
11549,33045,2020-03-12,3326.16
11550,42022,2021-02-09,3417.59
11551,18202,2024-01-21,5054.52
11552,12249,2024-10-13,4631.27
11553,38678,2022-12-21,1416.94
11554,16819,2021-05-19,349.9
11555,32500,2024-01-11,6363.0
11556,9032,2020-01-28,3415.78
11557,7717,2022-10-07,5281.16
11558,39656,2025-02-23,2134.29
11559,14587,2024-02-29,5720.5
11560,29304,2024-08-18,3377.44
11561,42326,2021-05-30,6146.45
11562,39757,2021-03-04,6800.99
11563,38821,2022-05-07,129.95
11564,36878,2021-01-31,4368.72
11565,14610,2024-06-06,7287.06
11566,23535,2023-01-26,7423.82
11567,14689,2021-05-07,3869.76
11568,1159,2021-04-08,8227.5
11569,48074,2022-01-18,6537.84
11570,26300,2020-09-16,9893.01
11571,45022,2025-06-03,5173.97
11572,21883,2023-01-12,3817.35
11573,49719,2022-05-22,9201.29
11574,49279,2022-07-10,4094.31
11575,44333,2020-04-17,6439.61
11576,26371,2023-10-13,8275.21
11577,6056,2023-10-05,4660.18
11578,36452,2021-10-07,4474.06
11579,35999,2022-01-11,2956.57
11580,1559,2022-04-24,9625.13
11581,25800,2024-07-11,9445.44
11582,29367,2021-03-15,4711.89
11583,49891,2022-09-22,3339.53
11584,10863,2021-08-15,1365.01
11585,32847,2024-08-17,4829.76
11586,9973,2020-10-17,8950.72
11587,3164,2022-01-13,8704.91
11588,34956,2021-04-25,1250.55
11589,25601,2022-10-09,4910.29
11590,49419,2023-05-18,8174.51
11591,41189,2021-11-28,8366.6
11592,34161,2025-02-18,9349.8
11593,47554,2024-09-22,2111.09
11594,37987,2023-02-12,4206.86
11595,32237,2023-12-11,9548.78
11596,44104,2022-05-12,2782.33
11597,44831,2023-01-29,3414.79
11598,16981,2023-11-01,2334.02
11599,29877,2025-02-17,5433.15
11600,11181,2023-10-08,5344.41
11601,25411,2021-08-15,8189.82
11602,8921,2020-02-02,4186.91
11603,40745,2024-06-23,2577.22
11604,30876,2023-09-10,8324.39
11605,32702,2024-04-24,6530.16
11606,27484,2023-06-27,1646.94
11607,13128,2021-07-12,5744.76
11608,35393,2025-04-02,4652.7
11609,8847,2021-11-15,8473.17
11610,18359,2020-10-09,6056.34
11611,29064,2020-05-14,7932.37
11612,30056,2021-03-17,4688.97
11613,19476,2021-06-09,9806.01
11614,41293,2022-06-18,8017.93
11615,46426,2024-07-07,6026.15
11616,30855,2024-10-11,8146.93
11617,14539,2024-08-24,3271.38
11618,36511,2023-10-24,9776.7
11619,32418,2025-02-14,4208.38
11620,26315,2023-10-02,3766.83
11621,10328,2021-02-25,7896.91
11622,10585,2025-04-23,6342.79
11623,5816,2022-10-20,7706.17
11624,3869,2021-07-11,7817.55
11625,250,2020-05-26,6401.94
11626,47423,2024-07-22,8460.69
11627,47393,2023-06-13,7291.6
11628,16685,2024-08-13,5816.95
11629,45605,2021-03-21,7635.4
11630,11957,2024-07-05,5028.51
11631,47362,2024-10-02,4904.05
11632,45674,2023-07-31,3462.56
11633,37086,2025-02-18,8486.87
11634,37212,2025-02-14,3063.27
11635,31584,2023-09-18,2588.54
11636,31349,2023-12-11,2273.82
11637,41651,2023-11-11,6638.92
11638,32406,2024-10-08,2074.9
11639,36687,2021-06-11,8688.85
11640,17579,2020-05-06,7010.89
11641,16678,2020-10-12,7919.25
11642,18624,2025-04-28,1494.17
11643,15909,2020-03-18,248.26
11644,44871,2023-11-09,904.57
11645,24607,2024-04-17,6803.51
11646,32556,2024-04-21,1122.79
11647,21262,2020-06-05,4774.67
11648,22008,2020-06-13,8049.8
11649,24575,2023-04-27,3640.81
11650,37986,2022-10-28,565.72
11651,4148,2022-02-07,8845.71
11652,47579,2020-11-14,7111.77
11653,23895,2024-10-17,448.54
11654,19242,2021-05-21,3312.48
11655,11783,2024-07-07,3786.01
11656,29673,2021-12-05,8699.89
11657,45814,2021-11-16,949.94
11658,21522,2022-07-27,7722.54
11659,32441,2021-09-23,9744.06
11660,39142,2021-06-05,3917.35
11661,41674,2021-12-22,335.24
11662,7724,2021-12-25,2477.47
11663,16994,2023-07-13,1354.49
11664,28605,2022-12-21,7911.31
11665,17889,2023-01-14,3578.77
11666,43583,2025-05-24,8993.43
11667,11424,2024-04-29,9147.8
11668,21916,2023-05-09,3750.54
11669,39300,2024-10-02,6086.78
11670,25231,2024-06-27,9447.29
11671,22530,2025-01-10,954.06
11672,151,2024-02-19,7752.08
11673,10171,2024-06-08,585.17
11674,28387,2021-11-28,4492.15
11675,46427,2023-01-23,5173.33
11676,26394,2024-09-25,5538.95
11677,40354,2023-06-20,8505.43
11678,22157,2020-09-01,2144.4
11679,33960,2024-04-08,4466.32
11680,45684,2020-08-12,2816.01
11681,43955,2022-08-28,5944.56
11682,39946,2025-06-07,5625.66
11683,4996,2024-09-14,7896.67
11684,36178,2020-04-22,1857.2
11685,18275,2021-11-21,8179.25
11686,32879,2020-07-18,3550.3
11687,42395,2023-09-14,5730.26
11688,7944,2022-02-27,2361.15
11689,29039,2025-01-12,4827.26
11690,10414,2025-04-25,1748.73
11691,2134,2022-07-13,6884.02
11692,14884,2023-08-12,549.63
11693,34475,2021-10-04,6050.75
11694,14243,2023-12-27,7535.85
11695,21427,2023-07-28,8828.93
11696,16237,2024-10-11,8194.83
11697,40516,2020-05-03,8955.59
11698,12719,2022-02-17,6183.18
11699,38534,2023-01-22,613.38
11700,45714,2023-01-17,9708.68
11701,13686,2020-07-21,7802.77
11702,28936,2022-01-07,5972.02
11703,4265,2023-01-16,4648.84
11704,4413,2025-01-13,1065.59
11705,49365,2023-03-29,203.63
11706,45024,2022-06-17,4408.3
11707,13880,2025-05-18,9736.69
11708,17018,2021-08-23,5304.82
11709,32608,2020-05-01,3983.63
11710,6018,2021-09-12,4606.99
11711,40682,2023-07-23,3054.53
11712,43970,2023-06-25,9769.73
11713,9577,2021-02-07,1419.0
11714,2171,2025-01-16,6982.18
11715,17430,2020-03-21,4569.56
11716,19674,2022-11-09,1610.34
11717,17261,2024-01-29,5918.89
11718,33162,2025-03-27,5987.92
11719,47015,2024-03-29,1879.54
11720,23085,2023-06-03,4663.67
11721,47365,2025-02-14,8996.59
11722,34537,2022-11-21,1229.39
11723,33001,2024-10-01,9757.73
11724,45344,2020-06-18,181.43
11725,36338,2021-09-25,6265.87
11726,27000,2025-06-22,5659.61
11727,48040,2022-07-23,212.9
11728,38674,2025-05-11,6241.65
11729,17216,2024-09-23,7988.38
11730,41047,2022-10-24,678.73
11731,39809,2023-06-04,5067.35
11732,10410,2020-05-03,7327.76
11733,7762,2020-08-07,7950.76
11734,16222,2021-12-03,8245.75
11735,9427,2020-08-22,907.64
11736,25069,2022-04-08,6668.71
11737,30609,2024-02-22,7234.39
11738,38428,2022-04-25,2820.06
11739,24598,2022-06-19,9754.44
11740,3878,2020-07-12,7211.32
11741,12320,2024-04-29,9178.99
11742,33113,2023-08-22,6971.31
11743,22384,2023-01-16,1387.69
11744,1161,2020-05-10,2665.2
11745,484,2022-11-12,4290.72
11746,48640,2021-01-29,4343.79
11747,1829,2022-03-16,6491.51
11748,39489,2024-01-03,5834.37
11749,26461,2025-05-08,949.14
11750,30287,2022-08-18,8421.45
11751,16700,2020-09-18,8548.17
11752,45981,2023-09-11,8527.16
11753,10069,2024-08-30,2276.58
11754,46143,2022-02-05,3257.02
11755,27212,2022-11-24,7385.44
11756,35098,2021-01-31,4115.01
11757,32557,2024-04-09,4529.87
11758,32607,2024-10-15,6008.78
11759,9806,2024-06-04,428.74
11760,37239,2025-06-20,403.43
11761,13575,2023-09-08,694.1
11762,47043,2021-08-02,2305.48
11763,34869,2022-05-16,9815.85
11764,809,2022-06-04,1072.21
11765,4612,2025-05-20,8851.0
11766,25090,2025-01-20,1287.42
11767,18723,2024-10-21,7394.34
11768,40955,2021-11-13,6402.69
11769,5025,2021-05-28,7308.06
11770,1897,2022-12-04,957.98
11771,40370,2024-09-07,7543.03
11772,19085,2022-12-21,3334.63
11773,40051,2022-07-22,2592.96
11774,1139,2024-05-01,6283.13
11775,47879,2021-05-30,1097.03
11776,16508,2021-11-30,2488.94
11777,32506,2024-11-09,5572.6
11778,48423,2020-02-18,7819.16
11779,26479,2023-01-04,8702.23
11780,18011,2021-06-29,4321.97
11781,34353,2022-09-23,9762.62
11782,19843,2022-03-22,7759.23
11783,21145,2024-11-03,4084.54
11784,34174,2025-02-28,3975.85
11785,11486,2025-02-19,4454.25
11786,26615,2022-12-15,7497.24
11787,31886,2023-08-14,3266.07
11788,1245,2025-01-15,1112.27
11789,5893,2020-07-15,5672.08
11790,49351,2023-08-05,6206.9
11791,12275,2023-06-03,9409.25
11792,18515,2023-06-01,1432.54
11793,48033,2025-02-25,5380.84
11794,38391,2024-05-21,2241.59
11795,17715,2020-12-25,7586.82
11796,41943,2022-09-30,3602.77
11797,35901,2024-04-26,6415.66
11798,20827,2024-11-13,1806.8
11799,19983,2022-12-03,5852.85
11800,13672,2025-06-10,251.17
11801,17729,2024-06-23,8423.38
11802,47380,2021-03-16,5945.16
11803,4841,2020-02-05,2283.05
11804,19696,2023-12-19,3412.07
11805,5270,2021-09-26,1584.76
11806,29405,2024-09-15,6762.81
11807,429,2021-01-06,3809.28
11808,38923,2021-05-29,9547.79
11809,35233,2021-01-04,8957.44
11810,49729,2021-07-21,8160.08
11811,11455,2024-01-03,2722.54
11812,8742,2025-06-07,2985.02
11813,45823,2025-01-04,4147.65
11814,20937,2024-08-30,9190.96
11815,42253,2023-08-11,4789.42
11816,15861,2022-07-11,1048.49
11817,43252,2021-09-11,2409.86
11818,37144,2020-03-07,571.33
11819,19604,2022-05-17,669.16
11820,24107,2024-10-30,9236.55
11821,9325,2021-08-28,6208.17
11822,28089,2023-09-06,1102.99
11823,10689,2025-06-16,5878.57
11824,43964,2024-03-18,9716.45
11825,9771,2023-11-07,250.37
11826,852,2022-01-11,7475.93
11827,25704,2023-02-28,1845.97
11828,27841,2020-02-06,3833.25
11829,37491,2022-10-08,1229.55
11830,41534,2025-03-04,163.94
11831,25798,2021-02-07,1094.27
11832,6908,2023-11-19,5770.55
11833,30825,2022-04-30,9020.83
11834,12317,2024-10-20,313.23
11835,45225,2024-08-14,722.21
11836,17935,2023-05-06,1712.53
11837,9061,2020-03-05,9733.53
11838,7699,2023-02-18,1785.19
11839,21368,2020-12-04,4747.4
11840,6601,2023-10-27,514.44
11841,48617,2024-07-15,8521.76
11842,6587,2023-09-15,9480.66
11843,9553,2023-03-29,7586.64
11844,15968,2024-09-21,5676.36
11845,29468,2025-05-28,2563.74
11846,22714,2021-05-10,1870.95
11847,36405,2024-06-24,5204.45
11848,32765,2025-01-01,2976.69
11849,43306,2021-07-31,6737.42
11850,31561,2021-02-24,2724.43
11851,32347,2024-12-10,1785.19
11852,9671,2022-12-05,5857.33
11853,28121,2024-10-06,7632.31
11854,18398,2024-01-03,830.26
11855,44109,2023-08-22,6229.3
11856,39554,2025-01-26,8173.45
11857,17042,2021-01-16,162.74
11858,33013,2023-11-25,2316.92
11859,37882,2024-04-11,3055.91
11860,20149,2022-06-12,239.05
11861,24712,2020-11-05,6812.08
11862,13449,2024-04-13,4251.91
11863,41165,2020-09-25,6509.04
11864,9076,2023-12-27,4108.81
11865,3733,2022-11-14,1821.96
11866,30780,2023-09-29,5206.07
11867,40775,2023-01-28,7260.18
11868,30111,2021-02-10,1631.53
11869,25461,2020-10-08,3602.12
11870,47742,2021-07-13,7371.1
11871,9175,2024-08-26,6598.27
11872,10637,2021-01-24,9995.48
11873,14381,2021-12-20,1817.46
11874,24548,2023-01-02,3506.44
11875,30722,2023-12-17,2061.1
11876,5282,2020-02-26,2517.14
11877,25282,2020-03-31,2037.53
11878,2607,2020-07-12,9892.04
11879,26850,2021-01-28,6498.88
11880,41986,2024-02-28,937.96
11881,36052,2020-07-18,5253.58
11882,34085,2020-01-09,919.92
11883,35920,2025-02-11,3966.24
11884,32887,2023-06-21,6437.4
11885,4694,2021-08-06,569.8
11886,14904,2024-12-23,559.12
11887,39487,2020-02-15,2580.92
11888,12296,2022-04-10,6624.81
11889,34677,2025-05-15,9253.25
11890,20470,2023-05-21,2790.84
11891,39147,2023-08-13,9569.12
11892,33195,2021-02-21,5528.28
11893,10842,2022-05-10,5077.5
11894,5736,2020-06-06,1121.71
11895,26903,2024-09-03,9559.08
11896,48016,2021-04-08,7935.54
11897,47957,2023-07-04,132.1
11898,5882,2022-07-29,7949.99
11899,33408,2024-05-01,5578.08
11900,31080,2024-10-22,1087.46
11901,9396,2020-08-21,7042.53
11902,45661,2023-03-27,6694.13
11903,36534,2023-11-30,6851.85
11904,47316,2020-01-15,8768.73
11905,35532,2021-08-18,7624.86
11906,39461,2024-08-28,9118.74
11907,26842,2022-11-12,3882.94
11908,24003,2022-07-15,5665.55
11909,146,2021-11-27,9859.45
11910,19515,2023-05-17,5942.4
11911,47745,2020-02-04,4281.76
11912,15851,2024-09-25,4725.04
11913,9249,2023-06-16,7413.49
11914,7134,2020-06-29,3715.11
11915,15894,2020-01-31,576.28
11916,34226,2021-02-13,9154.74
11917,44749,2024-12-27,4870.82
11918,31925,2023-05-08,5235.87
11919,17458,2025-06-22,3683.34
11920,43330,2025-04-15,9209.13
11921,34291,2020-06-29,1927.46
11922,27731,2024-09-15,3968.14
11923,33304,2024-06-06,3855.18
11924,48020,2024-01-09,5078.6
11925,33529,2021-07-09,9694.28
11926,13411,2022-12-17,2082.14
11927,48962,2024-01-24,6386.63
11928,47814,2022-08-18,5622.94
11929,47931,2021-10-14,2697.44
11930,24784,2023-09-02,4192.3
11931,8100,2021-08-02,4280.56
11932,45954,2023-04-17,2393.14
11933,3264,2023-02-22,4896.41
11934,1998,2021-12-02,1939.03
11935,20390,2022-08-01,2144.09
11936,26,2023-10-06,8505.23
11937,8699,2023-04-29,9344.79
11938,30868,2020-03-12,3957.47
11939,20858,2024-02-07,203.45
11940,7684,2023-09-13,8913.7
11941,43988,2025-03-26,7933.31
11942,8152,2025-01-16,4218.17
11943,20545,2025-04-27,6232.5
11944,31449,2020-03-26,9149.44
11945,36750,2023-04-06,9876.99
11946,35619,2021-10-30,4713.14
11947,31349,2020-11-24,4744.47
11948,49749,2021-10-18,8724.25
11949,12084,2022-10-21,7483.41
11950,39191,2025-03-14,7981.62
11951,12654,2020-04-05,6228.01
11952,22292,2023-05-20,3712.64
11953,22362,2022-10-21,1988.98
11954,44827,2022-07-09,9533.25
11955,169,2021-11-11,1605.45
11956,47524,2021-12-31,4531.63
11957,34692,2021-10-24,4830.13
11958,13164,2020-09-30,8916.55
11959,15868,2022-01-25,7129.96
11960,39275,2020-04-04,2481.08
11961,40423,2021-10-29,2084.23
11962,22612,2023-10-27,9476.63
11963,7626,2024-02-22,531.86
11964,36845,2020-03-25,8959.04
11965,6985,2021-10-13,2258.48
11966,14674,2024-10-30,990.83
11967,5118,2021-08-22,2911.17
11968,15198,2021-05-13,5566.85
11969,38592,2022-09-25,8620.46
11970,32950,2024-05-03,6798.26
11971,24583,2024-02-13,7754.18
11972,37529,2023-06-20,9146.56
11973,408,2022-09-03,154.43
11974,46379,2021-05-21,6545.8
11975,25999,2024-06-20,3915.99
11976,42575,2020-01-16,6167.65
11977,46632,2022-06-01,623.35
11978,10715,2024-11-26,1588.8
11979,7357,2020-06-03,7207.74
11980,24443,2024-02-21,8826.44
11981,48890,2020-06-29,5026.24
11982,49978,2022-05-09,2018.81
11983,15870,2020-06-12,7394.18
11984,49248,2023-11-15,609.14
11985,27680,2020-10-16,7316.64
11986,44300,2025-03-24,8106.08
11987,43756,2023-11-02,703.72
11988,10633,2022-04-12,4093.49
11989,8591,2021-05-30,1311.86
11990,1262,2023-02-15,8222.88
11991,38792,2022-11-15,8222.74
11992,7701,2020-05-27,9231.0
11993,7981,2022-06-05,1409.71
11994,41689,2021-03-10,7227.25
11995,21475,2021-12-17,8901.9
11996,34425,2023-01-27,4459.98
11997,25384,2021-10-11,3349.88
11998,21854,2022-02-14,7173.45
11999,5471,2022-07-02,4124.35
12000,44806,2022-10-20,4509.51
12001,41727,2023-03-14,7248.29
12002,21515,2022-12-28,4580.03
12003,29760,2020-10-12,8260.15
12004,12202,2024-06-18,7080.79
12005,38010,2022-07-23,9474.02
12006,43195,2020-03-01,5435.89
12007,26824,2023-10-27,6618.62
12008,33150,2022-11-13,686.41
12009,295,2024-06-04,7751.5
12010,47027,2020-09-01,6259.01
12011,55,2023-06-03,4860.7
12012,22348,2021-09-10,9722.27
12013,25219,2020-02-04,4015.24
12014,38315,2025-06-21,1440.58
12015,31661,2023-02-15,2864.03
12016,16464,2023-04-27,9116.23
12017,9705,2021-04-03,2175.39
12018,11995,2025-03-04,9661.0
12019,48400,2022-04-19,6826.82
12020,48389,2022-02-21,2098.18
12021,5371,2020-10-18,757.27
12022,2344,2023-02-19,4780.01
12023,45004,2020-11-06,5076.39
12024,3907,2024-08-27,3553.34
12025,37603,2021-07-27,548.63
12026,28845,2022-04-11,9254.4
12027,17283,2025-05-12,6026.47
12028,11517,2020-08-05,4896.02
12029,3999,2020-12-19,3631.42
12030,34281,2021-12-15,6801.07
12031,34589,2022-10-10,5328.63
12032,35584,2022-02-18,8493.6
12033,34790,2020-11-23,5611.44
12034,36019,2024-11-08,5266.09
12035,21584,2023-03-05,2064.39
12036,45770,2022-03-19,830.35
12037,16414,2020-03-09,2190.13
12038,33762,2023-02-06,1697.4
12039,30269,2022-08-27,7265.47
12040,46524,2022-02-09,2631.53
12041,22179,2021-07-08,6790.2
12042,34055,2021-02-24,5856.86
12043,31375,2021-08-20,2582.54
12044,23264,2024-01-04,6160.5
12045,44764,2023-07-28,6987.6
12046,21333,2021-05-30,281.77
12047,22289,2022-08-11,5628.86
12048,7438,2024-04-21,7744.61
12049,15409,2023-03-05,1228.18
12050,32563,2021-04-22,3980.33
12051,42018,2020-01-09,3026.92
12052,10480,2024-06-02,6416.92
12053,25172,2025-04-04,7640.44
12054,34709,2023-06-20,9648.89
12055,6832,2020-12-29,5026.82
12056,32579,2025-04-16,7212.21
12057,18746,2021-03-27,5285.9
12058,38343,2022-02-22,3649.86
12059,157,2021-05-19,2124.73
12060,27880,2024-09-03,8890.24
12061,17615,2022-01-20,5885.03
12062,30892,2022-12-24,6441.57
12063,23964,2022-11-03,6208.1
12064,33958,2021-12-31,2448.66
12065,14095,2020-05-05,3296.82
12066,7695,2024-04-10,8463.21
12067,26526,2022-05-28,4545.81
12068,33312,2023-12-10,244.55
12069,29908,2022-09-26,4421.78
12070,14939,2023-06-30,2403.76
12071,46102,2023-11-10,8634.61
12072,30874,2022-02-22,5170.34
12073,14760,2023-05-28,9941.87
12074,24868,2023-12-27,422.22
12075,16997,2022-05-07,5564.62
12076,40447,2020-07-21,619.99
12077,43655,2024-04-07,2912.43
12078,14721,2021-08-28,2375.12
12079,8923,2021-05-14,2893.89
12080,6378,2023-09-01,9809.59
12081,24794,2020-08-10,2856.23
12082,30112,2025-06-08,1727.93
12083,42446,2024-08-10,9518.3
12084,7507,2024-02-09,6289.63
12085,44809,2023-09-15,2936.98
12086,13883,2025-04-21,6626.12
12087,32684,2025-04-01,7908.1
12088,24822,2022-12-18,266.67
12089,47253,2020-06-07,2426.29
12090,13182,2021-10-05,5751.8
12091,404,2020-09-12,5157.83
12092,45559,2022-07-11,4270.65
12093,45440,2023-11-04,405.29
12094,2081,2021-06-13,9515.69
12095,9641,2024-09-22,7179.27
12096,43665,2023-10-19,9953.26
12097,12152,2020-08-10,8760.16
12098,24845,2024-01-18,5779.23
12099,26353,2021-06-14,3587.35
12100,39211,2025-05-12,1723.32
12101,8305,2020-11-17,2192.2
12102,37870,2025-02-12,8693.26
12103,9537,2025-03-06,8625.36
12104,15255,2022-05-24,8620.3
12105,11304,2024-07-12,8621.16
12106,15010,2023-08-18,1945.32
12107,24100,2020-08-07,8551.59
12108,206,2020-06-14,1340.64
12109,1910,2025-06-09,4203.26
12110,9173,2020-06-05,9927.55
12111,42219,2024-11-18,7008.18
12112,48220,2023-10-02,6503.12
12113,9952,2022-08-10,2346.65
12114,44446,2020-09-11,7393.03
12115,49192,2021-11-18,5521.06
12116,6540,2025-05-25,4866.55
12117,36445,2024-09-07,2416.55
12118,36737,2022-10-13,1335.16
12119,44506,2020-07-07,2364.12
12120,35828,2021-03-26,5101.29
12121,35122,2023-04-14,9649.53
12122,9962,2023-01-10,2600.58
12123,26667,2024-12-04,6807.62
12124,4028,2022-04-21,1837.33
12125,40069,2024-10-15,4135.32
12126,36757,2020-03-28,2837.66
12127,43585,2023-09-08,3519.71
12128,34386,2023-11-05,2302.87
12129,24725,2024-12-10,9734.45
12130,18503,2024-11-26,3387.45
12131,2369,2024-05-01,8735.94
12132,44823,2022-11-13,3437.32
12133,5723,2023-10-02,5174.6
12134,35260,2024-01-09,9150.98
12135,10114,2024-01-05,2263.16
12136,27391,2024-11-20,4663.37
12137,13474,2021-02-21,9486.21
12138,38248,2022-03-09,8528.21
12139,16842,2024-05-02,5449.07
12140,8880,2021-04-19,2485.11
12141,38885,2020-02-14,5504.87
12142,4889,2020-06-05,8373.68
12143,33988,2020-04-28,6840.65
12144,23712,2022-07-13,5138.76
12145,32250,2024-02-27,2524.65
12146,36956,2021-09-13,6405.95
12147,14989,2023-04-29,3045.72
12148,14597,2024-05-02,222.35
12149,43247,2023-11-20,3859.27
12150,28123,2024-01-25,2097.89
12151,7867,2021-02-14,8948.67
12152,44579,2022-07-31,1295.52
12153,32440,2023-05-02,3457.84
12154,45712,2020-02-06,2226.44
12155,45364,2024-11-21,1771.22
12156,7567,2020-05-05,5003.09
12157,20158,2020-02-14,9812.97
12158,39914,2023-04-23,3881.72
12159,42087,2022-11-07,4935.31
12160,4376,2024-03-14,6400.79
12161,43607,2024-03-28,6959.95
12162,6277,2023-09-14,4564.66
12163,38998,2024-12-25,893.27
12164,12893,2020-11-07,8407.28
12165,33973,2023-05-10,5566.47
12166,13983,2022-11-09,4735.56
12167,26659,2022-01-10,8429.02
12168,1530,2025-05-02,6022.94
12169,25186,2021-01-24,2202.92
12170,14370,2022-01-14,4291.65
12171,4574,2021-02-13,6913.84
12172,34515,2020-07-07,9857.86
12173,49618,2023-01-14,6161.75
12174,24233,2021-09-21,2024.7
12175,25909,2020-06-19,271.52
12176,40144,2021-11-17,3105.37
12177,44537,2021-04-30,4335.78
12178,11968,2024-12-22,6264.99
12179,43382,2021-04-09,2027.64
12180,3595,2020-05-08,930.19
12181,16624,2024-10-24,2314.33
12182,17204,2020-07-19,5390.84
12183,11488,2021-06-21,1389.4
12184,43546,2024-05-18,1619.51
12185,30538,2024-09-21,8971.47
12186,49965,2021-05-12,984.83
12187,20967,2025-03-23,7019.98
12188,31521,2021-01-11,344.39
12189,1614,2020-09-18,5911.22
12190,38409,2024-11-19,8266.4
12191,48462,2023-02-07,5390.16
12192,13559,2020-11-13,2628.88
12193,5634,2024-05-20,301.11
12194,7677,2024-09-01,198.63
12195,13176,2021-06-22,8230.23
12196,9675,2022-04-12,6316.32
12197,46452,2022-03-08,4605.04
12198,32420,2023-01-10,5111.67
12199,16419,2021-09-01,5354.16
12200,9792,2021-12-25,3649.41
12201,38506,2021-07-30,8321.46
12202,7577,2023-04-13,9937.06
12203,35681,2024-08-22,5162.39
12204,1545,2020-12-28,4985.77
12205,46635,2020-06-10,9274.15
12206,5898,2023-12-25,6657.5
12207,4641,2020-04-26,6422.03
12208,5613,2022-02-20,711.87
12209,17289,2024-03-20,4946.28
12210,34358,2025-03-25,6054.69
12211,31464,2024-04-20,8200.98
12212,41112,2021-09-29,7361.36
12213,30888,2020-09-02,9905.44
12214,7552,2022-05-13,875.22
12215,39739,2022-10-10,5514.06
12216,21816,2023-07-12,1198.93
12217,32721,2023-02-06,8057.91
12218,43287,2020-06-11,5793.39
12219,20076,2022-07-09,2812.59
12220,12605,2023-09-16,4458.71
12221,19756,2024-04-30,9318.11
12222,40505,2022-06-11,7817.57
12223,14379,2023-02-02,5364.85
12224,15678,2025-03-31,8030.54
12225,43930,2020-09-25,402.98
12226,2008,2020-03-01,8980.82
12227,40907,2024-04-14,7544.61
12228,38749,2024-06-21,7985.54
12229,22464,2024-04-16,5410.22
12230,28613,2025-05-03,6979.8
12231,43928,2025-02-16,6454.82
12232,45001,2024-11-01,8149.9
12233,38775,2025-01-21,7075.52
12234,43515,2020-07-13,5077.5
12235,32651,2024-01-18,942.13
12236,3807,2025-03-09,9941.16
12237,5827,2025-01-20,3586.74
12238,14809,2024-06-21,7628.21
12239,18101,2024-07-29,6150.33
12240,13569,2023-12-21,9779.91
12241,7217,2021-03-07,9641.99
12242,23088,2022-08-11,4401.75
12243,17872,2021-06-27,8536.84
12244,739,2023-10-15,1291.75
12245,13007,2023-09-19,2193.14
12246,37090,2020-11-20,5775.96
12247,31413,2025-03-25,2198.89
12248,30219,2023-07-10,1277.25
12249,35209,2025-06-16,2108.62
12250,9021,2022-02-26,3390.61
12251,7801,2022-04-09,9827.2
12252,13413,2024-08-11,970.45
12253,44566,2021-08-26,945.7
12254,13928,2022-07-13,534.04
12255,2476,2021-03-29,2469.09
12256,15646,2021-07-03,1206.42
12257,33084,2023-12-20,536.98
12258,49629,2021-09-08,4506.43
12259,31287,2023-11-11,8065.69
12260,22655,2023-04-03,1085.84
12261,33319,2021-06-12,1148.0
12262,2473,2024-08-23,8133.09
12263,8073,2021-06-05,3342.73
12264,29059,2021-07-02,5052.25
12265,9157,2020-05-06,7831.13
12266,34955,2023-12-11,4147.25
12267,4228,2024-11-21,296.04
12268,6305,2023-07-31,4219.98
12269,45473,2021-12-27,8876.2
12270,41517,2020-06-18,1312.49
12271,19860,2024-07-13,6794.4
12272,39077,2020-12-31,5022.87
12273,23380,2020-02-27,5366.29
12274,31893,2024-09-07,8317.52
12275,30010,2022-06-13,7879.95
12276,44871,2024-03-01,9851.08
12277,6880,2021-03-10,1765.09
12278,9636,2023-10-21,2611.93
12279,26955,2022-06-24,7491.85
12280,36344,2025-04-11,8408.18
12281,10928,2024-03-31,8237.83
12282,11805,2024-11-05,4620.11
12283,3370,2020-08-11,1169.12
12284,20066,2022-12-21,3731.86
12285,19643,2023-12-27,2876.31
12286,17335,2025-03-15,5156.86
12287,28490,2024-06-12,1728.25
12288,10691,2022-05-18,6427.05
12289,12908,2024-08-05,9657.24
12290,21588,2021-06-11,7380.1
12291,29954,2022-09-28,9843.38
12292,13960,2020-07-27,7145.02
12293,10354,2022-11-16,7441.44
12294,31529,2021-07-12,5365.25
12295,15449,2023-03-23,9485.42
12296,19083,2024-01-19,3659.92
12297,44568,2021-02-28,7665.07
12298,922,2020-12-26,115.8
12299,21027,2024-08-01,8110.58
12300,4072,2020-03-31,3013.02
12301,10127,2021-06-04,931.28
12302,41578,2020-06-30,7263.73
12303,19214,2024-03-26,5269.84
12304,43429,2021-06-02,2935.52
12305,34578,2024-04-12,7565.68
12306,33740,2022-09-16,4315.23
12307,34755,2022-12-21,6536.57
12308,26216,2022-08-08,9980.03
12309,8366,2024-08-26,139.52
12310,49732,2021-09-18,8494.75
12311,5689,2023-01-01,5631.36
12312,16858,2020-04-08,3785.1
12313,46293,2021-12-03,9518.0
12314,30893,2023-08-23,9396.24
12315,38288,2023-05-13,699.38
12316,14960,2025-01-13,6991.61
12317,2327,2021-08-02,6069.82
12318,32984,2023-07-13,6809.87
12319,4606,2023-11-02,9489.36
12320,37459,2021-06-21,9905.33
12321,48347,2025-04-02,2527.81
12322,6248,2024-01-14,3008.42
12323,3123,2022-01-23,7374.65
12324,41729,2022-08-06,7052.66
12325,25677,2022-07-27,1543.02
12326,29101,2024-08-07,9487.9
12327,48132,2022-05-30,8078.77
12328,1113,2024-08-17,3381.22
12329,37626,2023-07-25,5846.45
12330,14699,2021-09-11,7266.36
12331,2078,2024-04-20,8836.26
12332,24462,2021-03-31,9893.86
12333,18144,2024-12-29,7098.03
12334,8709,2024-02-06,5894.45
12335,6637,2022-05-12,9571.82
12336,44433,2023-04-19,5207.69
12337,12336,2025-04-14,2356.86
12338,5473,2023-07-02,1034.99
12339,34508,2023-10-04,1670.43
12340,18713,2021-10-30,5960.84
12341,13812,2022-07-22,6756.22
12342,41235,2020-12-22,7762.18
12343,25659,2020-05-02,3096.54
12344,43189,2020-11-09,3767.85
12345,4567,2020-09-27,7988.12
12346,33447,2023-04-20,1542.46
12347,33663,2024-11-13,8622.32
12348,28421,2021-12-02,2896.87
12349,26024,2020-02-26,4654.66
12350,14266,2021-10-01,2347.73
12351,8292,2023-01-07,1534.23
12352,31182,2021-08-05,7579.91
12353,38931,2020-02-27,7959.02
12354,20292,2023-12-27,3318.59
12355,29208,2025-05-26,9026.24
12356,47194,2024-03-09,6819.5
12357,6634,2024-12-25,5283.79
12358,5779,2023-12-11,8501.22
12359,5435,2021-07-11,8789.51
12360,5437,2022-01-24,6034.41
12361,40992,2024-05-08,5884.26
12362,17965,2021-12-20,6878.39
12363,2467,2022-05-15,5735.06
12364,19894,2020-03-25,5833.75
12365,17386,2021-06-02,6022.29
12366,44162,2021-05-06,3288.18
12367,37601,2023-08-01,7561.68
12368,43978,2024-07-30,3646.29
12369,42797,2022-12-08,6511.94
12370,41633,2022-04-18,7292.05
12371,48866,2022-04-25,5613.31
12372,40554,2020-12-15,2405.5
12373,26532,2022-05-05,5827.85
12374,23518,2023-12-29,8189.74
12375,15335,2021-04-26,894.19
12376,4677,2025-04-11,6618.66
12377,21703,2023-08-27,1172.56
12378,40585,2023-11-04,6512.24
12379,11508,2021-12-05,2861.14
12380,28537,2021-04-26,8918.17
12381,48489,2021-08-18,4018.79
12382,24602,2023-01-23,3909.27
12383,38379,2022-09-01,8550.2
12384,40219,2021-06-10,9635.09
12385,6313,2024-09-10,384.58
12386,46419,2022-11-23,4958.08
12387,15304,2021-08-03,5703.85
12388,31110,2024-11-16,9270.31
12389,41171,2023-05-22,5983.15
12390,3179,2022-10-11,5816.56
12391,317,2022-11-01,7421.63
12392,31555,2024-09-04,7931.25
12393,37186,2021-11-01,4739.31
12394,15565,2025-01-19,1694.69
12395,45280,2024-10-22,8571.33
12396,40857,2020-05-29,1733.37
12397,35435,2023-06-17,9801.85
12398,46093,2022-12-31,3691.88
12399,24030,2020-07-10,9519.78
12400,36632,2022-04-07,7047.05
12401,44013,2020-08-16,8665.39
12402,21345,2020-10-10,9431.44
12403,36795,2025-04-24,6727.69
12404,8781,2024-01-22,7825.24
12405,39007,2023-09-16,2110.83
12406,41638,2024-02-03,3881.71
12407,24072,2020-08-21,4065.56
12408,18234,2020-11-28,1790.98
12409,45726,2020-02-12,5649.57
12410,48096,2023-12-05,7483.63
12411,17975,2022-03-01,2595.41
12412,11438,2022-01-24,7291.24
12413,28838,2020-04-06,8270.21
12414,48401,2021-01-07,250.16
12415,40290,2021-08-24,8415.62
12416,32720,2020-08-22,2246.78
12417,14135,2023-12-14,267.71
12418,3974,2020-04-06,8034.42
12419,39362,2025-03-23,7909.7
12420,49989,2023-08-10,237.75
12421,9258,2024-12-12,809.02
12422,21759,2024-05-28,9222.61
12423,23507,2022-07-27,9061.7
12424,20545,2020-09-08,5270.02
12425,35814,2021-01-02,8555.86
12426,23001,2020-02-10,3051.42
12427,4432,2023-08-16,1632.12
12428,45022,2025-05-25,9762.95
12429,46090,2022-02-23,5822.46
12430,34728,2020-11-03,3033.22
12431,13080,2023-08-15,5221.79
12432,23483,2024-12-19,6051.43
12433,24597,2020-01-01,3379.09
12434,26804,2020-04-02,7693.32
12435,2407,2020-10-07,495.32
12436,40015,2024-03-21,2490.05
12437,32901,2021-04-02,3190.08
12438,8868,2021-05-02,7262.95
12439,7155,2022-04-01,7985.03
12440,46058,2022-04-25,6288.21
12441,33558,2021-02-10,3382.44
12442,5512,2023-07-22,2689.55
12443,33759,2025-05-29,4030.16
12444,47668,2025-05-26,4448.99
12445,19841,2022-07-15,5985.03
12446,41756,2021-05-01,6808.97
12447,13599,2023-01-31,3843.16
12448,40757,2022-03-16,1288.59
12449,20632,2023-11-27,4450.8
12450,31021,2023-02-04,3679.63
12451,14727,2023-11-09,691.41
12452,39042,2020-08-17,2133.82
12453,30153,2023-05-13,4208.19
12454,6697,2023-11-01,5575.92
12455,18417,2020-06-26,5491.83
12456,40727,2020-04-07,2201.46
12457,42674,2021-07-23,2385.27
12458,36311,2020-12-02,7138.05
12459,1697,2022-07-16,3478.87
12460,43051,2020-06-25,1974.45
12461,42451,2021-09-01,4586.82
12462,35895,2022-01-06,4983.02
12463,25651,2022-01-17,2073.39
12464,36194,2023-01-20,4725.65
12465,8869,2022-07-28,7507.63
12466,22079,2020-09-07,1790.17
12467,24387,2025-05-02,3650.51
12468,32685,2024-03-05,1103.3
12469,1273,2023-10-12,2229.81
12470,24753,2020-08-03,4378.89
12471,12417,2021-03-07,9747.01
12472,32694,2025-02-14,7019.97
12473,40703,2024-10-06,9322.29
12474,4004,2021-06-21,1136.27
12475,36033,2023-03-04,9425.22
12476,32169,2022-12-03,5159.49
12477,25694,2024-08-04,2895.05
12478,26034,2020-02-21,8463.31
12479,689,2021-11-02,6053.38
12480,15999,2025-03-11,998.37
12481,42284,2021-12-15,5399.46
12482,4908,2025-05-05,6454.6
12483,33133,2020-03-15,275.88
12484,16900,2022-05-01,5541.48
12485,49728,2023-04-23,3695.63
12486,37686,2020-02-21,4622.87
12487,44915,2022-07-18,1178.59
12488,6909,2020-08-26,5078.5
12489,40911,2021-09-17,9848.78
12490,25118,2024-09-20,7407.32
12491,23623,2022-12-21,9285.77
12492,40678,2022-01-27,2847.2
12493,47099,2021-12-26,3886.57
12494,34142,2022-09-09,6525.24
12495,24200,2022-09-15,7422.33
12496,27122,2020-11-27,3110.48
12497,6471,2025-03-09,3541.16
12498,18924,2020-06-07,1404.03
12499,23760,2021-02-16,6819.2
12500,46632,2020-10-13,3550.32
12501,26330,2021-06-07,1473.1
12502,42651,2024-12-31,6376.47
12503,18934,2022-09-28,223.44
12504,10151,2022-10-11,9505.74
12505,5243,2020-11-08,6446.22
12506,41692,2024-08-31,6117.7
12507,14113,2020-01-27,6506.53
12508,17218,2025-04-18,3233.79
12509,10345,2024-02-10,2408.81
12510,21071,2022-04-18,5414.38
12511,22503,2025-05-09,9446.19
12512,13511,2023-10-21,2882.55
12513,14861,2021-02-11,7192.37
12514,13152,2020-12-03,9735.3
12515,16669,2021-02-11,5538.89
12516,40260,2023-01-04,4640.16
12517,3539,2024-08-18,7506.0
12518,4234,2020-03-15,1499.72
12519,49228,2020-09-15,427.6
12520,15034,2020-12-22,3583.41
12521,46806,2024-03-18,8388.61
12522,9088,2020-10-11,867.45
12523,46435,2023-12-10,5951.79
12524,12986,2022-12-13,610.01
12525,23400,2023-12-16,5059.6
12526,34513,2023-05-31,1387.68
12527,40006,2024-01-03,6115.02
12528,23085,2022-04-12,3170.77
12529,23730,2022-01-10,3769.68
12530,21168,2024-08-11,723.3
12531,36110,2024-11-08,7782.83
12532,28916,2024-04-25,6066.27
12533,4252,2022-01-15,5857.57
12534,46269,2024-04-04,6615.08
12535,13222,2020-09-02,6671.11
12536,46279,2024-05-14,3587.68
12537,46155,2024-10-04,2817.37
12538,48673,2022-08-12,3045.41
12539,3779,2021-04-02,8132.51
12540,37782,2020-07-01,1778.01
12541,27533,2020-09-15,4918.97
12542,6237,2024-07-17,6294.01
12543,646,2022-06-04,5210.84
12544,35008,2020-09-26,5578.11
12545,25706,2022-03-23,8406.56
12546,42422,2021-09-12,3361.05
12547,39863,2020-12-16,3523.97
12548,25628,2024-10-28,1742.01
12549,47418,2023-04-26,7528.04
12550,41487,2021-05-16,2152.23
12551,10904,2023-04-15,5245.68
12552,4459,2023-11-17,8556.16
12553,18802,2024-01-01,1071.67
12554,18522,2022-04-17,1768.36
12555,9918,2022-10-18,1916.55
12556,42689,2023-10-04,1430.35
12557,31258,2025-01-17,9454.34
12558,39534,2024-02-26,7425.53
12559,47455,2022-12-22,4604.21
12560,20925,2024-11-15,3046.66
12561,4055,2020-06-28,1240.38
12562,11244,2024-04-06,334.38
12563,32897,2023-08-27,6534.37
12564,41169,2021-09-16,5100.15
12565,41006,2023-02-07,5965.08
12566,39404,2021-05-29,1757.99
12567,45020,2020-09-14,5928.47
12568,32769,2024-09-18,2123.83
12569,19620,2021-06-23,506.19
12570,21317,2021-02-24,8734.33
12571,40773,2020-09-04,8290.8
12572,31554,2024-01-16,5929.48
12573,47563,2022-10-29,9156.73
12574,1635,2024-09-21,7745.18
12575,25374,2023-08-04,2817.61
12576,32736,2021-04-09,9155.44
12577,9096,2023-01-03,3942.44
12578,44132,2020-04-11,9835.12
12579,1895,2021-05-25,7006.84
12580,38425,2020-10-17,2162.61
12581,38035,2024-05-01,4016.17
12582,4851,2025-04-21,6686.8
12583,2062,2024-04-20,7905.11
12584,24452,2024-08-09,5806.85
12585,15137,2020-05-02,7429.52
12586,3365,2024-08-15,4868.06
12587,9067,2021-03-05,2923.37
12588,24559,2023-09-01,7077.1
12589,26318,2023-02-18,8264.07
12590,37787,2020-08-19,3246.06
12591,25464,2024-06-18,4332.75
12592,33037,2022-11-12,3444.39
12593,7623,2025-03-28,1540.89
12594,36178,2024-07-08,7689.33
12595,13748,2021-04-06,5150.12
12596,22503,2024-08-17,1703.89
12597,12375,2024-08-25,3528.12
12598,29023,2021-08-11,7433.38
12599,36264,2022-08-08,3847.14
12600,22182,2023-08-08,810.49
12601,26409,2021-12-28,1143.97
12602,17639,2021-08-31,9981.3
12603,38592,2022-05-30,4336.81
12604,25144,2020-07-17,6397.61
12605,20695,2020-05-16,6231.29
12606,44731,2023-10-25,1744.42
12607,44640,2020-01-21,4050.06
12608,13045,2020-06-08,7172.78
12609,21159,2020-11-17,4305.02
12610,12240,2020-10-26,5933.83
12611,8186,2021-09-24,3771.74
12612,9015,2024-02-05,2724.3
12613,46027,2021-12-05,285.44
12614,12238,2021-04-03,4300.4
12615,43456,2023-09-21,4025.65
12616,28661,2021-12-27,4659.04
12617,2184,2021-10-16,164.62
12618,22223,2021-10-28,5221.88
12619,4857,2020-01-16,1269.36
12620,43262,2020-10-28,5012.63
12621,16713,2024-02-13,3486.54
12622,43536,2023-10-14,533.35
12623,10010,2024-10-01,1739.37
12624,32416,2022-08-01,2654.41
12625,6408,2024-05-19,2410.14
12626,36711,2020-01-19,6074.91
12627,41972,2021-08-24,537.01
12628,37948,2024-04-21,4493.57
12629,34784,2024-09-17,8182.63
12630,35274,2024-01-02,2926.25
12631,25356,2020-11-04,6087.64
12632,44492,2020-02-16,9231.43
12633,41659,2020-05-10,7906.43
12634,11641,2020-03-28,8330.72
12635,11678,2020-12-07,4435.84
12636,48607,2020-03-02,928.31
12637,31897,2020-05-08,4918.49
12638,49853,2020-02-08,821.6
12639,48265,2025-02-07,5023.15
12640,22868,2023-03-30,5021.55
12641,40752,2022-03-01,8189.86
12642,3270,2024-08-24,5509.93
12643,40384,2022-12-08,1096.8
12644,13860,2021-09-28,4624.15
12645,14298,2022-08-02,7349.64
12646,15720,2022-01-08,1133.11
12647,23474,2023-08-21,4951.43
12648,12812,2021-01-28,5097.9
12649,37767,2020-12-17,9317.47
12650,28886,2022-04-13,7794.1
12651,34264,2020-03-11,2519.98
12652,1091,2022-09-10,8096.93
12653,48050,2025-02-01,4344.38
12654,37338,2024-11-17,5036.76
12655,43205,2024-01-23,3763.98
12656,28685,2020-02-08,998.34
12657,24738,2022-07-26,9901.5
12658,14951,2023-01-28,956.55
12659,39555,2024-02-07,926.32
12660,41568,2021-05-27,1284.43
12661,49880,2024-09-05,2841.0
12662,44745,2021-11-06,5496.22
12663,49795,2022-09-13,7766.35
12664,23448,2025-03-30,7661.32
12665,44746,2021-11-14,5069.61
12666,45859,2024-04-15,8472.9
12667,30484,2023-01-25,308.79
12668,29744,2021-09-13,498.38
12669,31275,2021-11-28,6493.72
12670,36812,2022-09-18,4702.16
12671,40529,2023-11-12,5096.41
12672,9284,2021-05-26,2259.22
12673,43249,2022-12-12,8388.69
12674,25599,2021-04-17,5081.41
12675,42695,2024-06-26,2187.11
12676,3767,2025-02-27,1470.12
12677,15570,2020-07-03,9953.99
12678,16538,2020-07-19,7301.46
12679,30879,2020-03-18,5373.28
12680,2616,2020-09-04,5708.22
12681,5320,2023-12-28,1191.73
12682,34749,2022-02-11,7242.98
12683,23598,2022-03-30,9200.56
12684,32464,2022-07-01,8982.27
12685,31060,2020-02-01,7900.05
12686,35658,2024-07-27,6561.87
12687,43570,2021-03-28,2745.41
12688,8901,2024-06-16,3512.61
12689,15856,2024-03-09,8334.82
12690,12811,2021-01-15,7195.44
12691,38771,2025-02-26,9904.88
12692,40934,2022-08-14,943.15
12693,30951,2023-11-18,3543.54
12694,30539,2021-02-10,8808.67
12695,27794,2022-05-30,356.62
12696,12242,2023-04-19,3426.04
12697,24532,2020-11-12,9744.77
12698,27159,2021-10-20,5511.91
12699,42344,2024-07-25,3151.79
12700,3646,2022-07-30,9308.33
12701,34890,2021-11-02,3535.82
12702,31249,2025-02-18,1421.43
12703,35710,2023-08-18,5834.15
12704,20265,2021-07-27,7171.81
12705,10504,2022-05-09,885.4
12706,49055,2023-08-26,6258.71
12707,27441,2025-03-30,3781.25
12708,49337,2025-03-06,1333.56
12709,21173,2021-12-27,6393.89
12710,19390,2025-02-01,2763.96
12711,40424,2022-03-02,1780.16
12712,730,2024-05-20,1028.04
12713,21610,2021-06-13,4073.42
12714,12268,2022-01-22,6245.07
12715,567,2024-06-19,9757.25
12716,1312,2021-07-13,3446.58
12717,20823,2025-05-19,6163.71
12718,11616,2021-07-13,1264.2
12719,7737,2022-04-09,9367.42
12720,12293,2023-06-17,7432.41
12721,14199,2020-08-09,7144.48
12722,624,2022-01-11,5522.13
12723,40385,2024-08-17,5677.62
12724,8690,2024-05-16,4523.04
12725,38834,2023-01-30,551.91
12726,32575,2021-01-15,797.95
12727,8415,2020-12-23,1999.77
12728,25529,2023-09-19,1962.81
12729,18291,2022-04-12,666.28
12730,17545,2023-08-24,5017.02
12731,3835,2020-01-01,5138.09
12732,22371,2022-08-03,6034.06
12733,29210,2021-07-05,7893.7
12734,25279,2021-08-06,9366.76
12735,23330,2020-05-24,9485.78
12736,38718,2022-10-21,9007.11
12737,28511,2021-08-12,7441.8
12738,10453,2021-05-05,6737.05
12739,41547,2021-05-06,1263.67
12740,35753,2021-12-17,6598.24
12741,19254,2022-07-14,1653.12
12742,11769,2024-10-06,7481.13
12743,35492,2022-04-14,1703.9
12744,15591,2024-03-06,6846.86
12745,33773,2024-04-06,815.25
12746,34544,2024-12-31,3202.96
12747,17499,2022-04-03,3804.39
12748,21105,2021-01-16,3205.31
12749,43650,2022-06-28,3176.64
12750,49765,2023-06-09,5371.14
12751,11803,2024-04-29,8253.63
12752,43538,2025-02-20,8746.04
12753,48845,2020-10-15,827.42
12754,23762,2023-11-20,2004.49
12755,16395,2022-07-08,3162.05
12756,1998,2024-09-28,6869.29
12757,24492,2022-08-10,4084.12
12758,46596,2022-06-23,4820.13
12759,40551,2023-02-27,7865.89
12760,24147,2023-08-31,6454.92
12761,555,2024-03-13,5915.83
12762,41724,2022-05-12,5841.76
12763,4647,2024-11-08,2073.75
12764,46907,2022-03-07,1196.05
12765,48793,2024-10-22,3333.76
12766,33523,2021-05-16,7707.48
12767,19540,2022-04-02,8547.14
12768,41297,2022-05-11,7994.47
12769,24631,2020-05-29,1662.28
12770,11585,2025-03-25,9197.07
12771,17501,2024-10-14,3937.02
12772,36972,2021-09-08,8392.83
12773,23379,2021-11-19,6298.79
12774,36190,2021-01-30,7954.59
12775,39321,2024-09-30,399.91
12776,30428,2020-08-04,4403.59
12777,29221,2025-04-11,6103.07
12778,35562,2021-04-25,3761.47
12779,46714,2024-03-31,7915.01
12780,45643,2020-06-16,7263.82
12781,38096,2023-04-11,3959.21
12782,21330,2021-07-29,4445.53
12783,20969,2024-09-22,4964.99
12784,36937,2024-09-10,5496.69
12785,44123,2020-08-24,3053.11
12786,26478,2022-10-30,2367.85
12787,2868,2020-03-16,1216.08
12788,49600,2023-05-22,1489.23
12789,24407,2023-02-18,4729.41
12790,7403,2022-08-24,6678.06
12791,45886,2023-04-11,6692.4
12792,29252,2022-05-02,4619.29
12793,27872,2024-05-10,6226.02
12794,36056,2023-06-07,9594.1
12795,16550,2022-09-08,9824.62
12796,16818,2024-05-27,8463.65
12797,15421,2024-10-13,9152.32
12798,18204,2020-01-13,1446.01
12799,4166,2020-03-04,2859.86
12800,2233,2024-07-08,9544.44
12801,47231,2021-12-28,1389.68
12802,26250,2021-10-31,8758.63
12803,32908,2022-09-27,4448.19
12804,32344,2025-01-17,9752.27
12805,37020,2024-07-07,7193.76
12806,43339,2021-07-19,3436.69
12807,26080,2022-04-04,1268.88
12808,40724,2021-06-13,2464.92
12809,37185,2024-04-09,7071.79
12810,46992,2021-11-23,3278.64
12811,28836,2022-02-26,9496.1
12812,32487,2024-03-26,5394.6
12813,8083,2024-08-30,5294.32
12814,41162,2021-04-26,8090.79
12815,20570,2025-04-26,7992.76
12816,46050,2024-06-13,6901.62
12817,21953,2020-03-27,9525.68
12818,12874,2024-02-29,5839.76
12819,17854,2023-12-20,9014.83
12820,37665,2021-11-17,4757.24
12821,3554,2022-12-15,7643.48
12822,25253,2022-03-11,2417.47
12823,37517,2021-12-29,8519.71
12824,47462,2021-09-01,3592.55
12825,8030,2022-03-04,7287.12
12826,1890,2025-03-09,3291.65
12827,34597,2023-09-10,9537.0
12828,48147,2024-04-13,1987.97
12829,15170,2024-02-10,5318.02
12830,39966,2022-05-26,4006.15
12831,23766,2020-11-11,5394.56
12832,13728,2022-07-21,2384.07
12833,21135,2024-03-04,5086.42
12834,32454,2024-08-15,1405.32
12835,10596,2020-04-16,2387.79
12836,13676,2022-08-27,6752.18
12837,1360,2024-09-03,4741.46
12838,32853,2021-02-21,5019.37
12839,1142,2020-04-30,9323.55
12840,45539,2020-01-12,2228.91
12841,23009,2020-12-14,5562.39
12842,37000,2021-07-04,5362.09
12843,39207,2023-03-16,4507.24
12844,16700,2024-08-09,8317.17
12845,25073,2020-01-29,5711.97
12846,25197,2024-09-25,8222.16
12847,3640,2021-08-24,8614.26
12848,48122,2021-05-07,805.21
12849,40978,2023-10-12,9384.54
12850,25192,2022-05-29,7654.96
12851,149,2022-01-24,4894.86
12852,37304,2023-06-03,8217.49
12853,20699,2024-10-23,2375.86
12854,44940,2023-09-17,8212.17
12855,6150,2024-04-04,5607.36
12856,25247,2025-05-30,4497.89
12857,9211,2022-05-14,5751.99
12858,19327,2024-12-05,7193.62
12859,25851,2021-05-28,2845.8
12860,11325,2023-03-25,1065.1
12861,26079,2021-06-29,9077.38
12862,6006,2020-10-03,9510.18
12863,10308,2023-09-24,6284.38
12864,21945,2021-12-18,5155.44
12865,45309,2020-12-02,633.77
12866,17268,2021-03-15,4215.78
12867,28317,2023-11-13,3468.9
12868,21571,2023-09-26,3895.54
12869,22331,2022-02-28,7221.61
12870,12248,2021-11-29,3676.37
12871,35331,2022-07-24,7932.08
12872,11246,2023-01-12,9908.61
12873,43623,2022-09-14,5508.49
12874,24731,2023-04-29,2848.21
12875,21839,2022-07-16,9582.78
12876,43854,2020-10-27,7344.76
12877,33156,2023-09-24,2325.69
12878,16388,2022-01-01,9944.35
12879,41945,2021-04-15,201.46
12880,2428,2022-11-22,5802.33
12881,26315,2021-04-10,6876.35
12882,45089,2020-10-17,1906.0
12883,17419,2020-10-28,608.1
12884,49868,2021-09-30,173.18
12885,24271,2021-04-29,9268.0
12886,34301,2022-05-23,5869.62
12887,6329,2021-11-06,1793.9
12888,42138,2020-12-29,6195.1
12889,45912,2021-12-02,124.9
12890,1903,2023-01-11,3799.46
12891,17306,2024-10-19,7702.57
12892,694,2022-05-17,1086.9
12893,47616,2020-12-28,6077.02
12894,41627,2020-01-26,3225.61
12895,17636,2021-10-08,1075.74
12896,31195,2020-12-08,8263.94
12897,49254,2024-07-26,5527.96
12898,22198,2021-01-07,7933.1
12899,45314,2021-12-27,9687.97
12900,49111,2022-07-16,1917.3
12901,34569,2022-04-26,1455.68
12902,32840,2021-04-19,9810.47
12903,24051,2023-01-09,2409.69
12904,47464,2020-12-05,4326.51
12905,17268,2022-08-10,8379.62
12906,35818,2024-10-09,2380.57
12907,36672,2024-07-05,7143.65
12908,7409,2024-02-22,7889.97
12909,28787,2023-02-20,5014.33
12910,29249,2021-03-21,4925.55
12911,24207,2022-07-12,2364.17
12912,21931,2022-06-11,6296.76
12913,9895,2022-01-04,2088.74
12914,38416,2020-05-01,2700.47
12915,6691,2020-03-20,6003.89
12916,14103,2024-07-21,2847.27
12917,3212,2020-11-29,4691.84
12918,40888,2022-10-03,9508.55
12919,24304,2020-03-14,5987.77
12920,16692,2024-01-13,7533.71
12921,13075,2022-01-06,7059.37
12922,10082,2023-08-13,9532.34
12923,10174,2020-03-26,1157.71
12924,37256,2022-04-13,1918.69
12925,46707,2024-09-23,6889.11
12926,16471,2022-02-13,8478.74
12927,21883,2021-05-14,7490.51
12928,33634,2025-05-14,1561.78
12929,31813,2020-05-02,6830.09
12930,11941,2021-09-30,6318.97
12931,8345,2023-12-23,5415.66
12932,23000,2025-05-17,5684.45
12933,19096,2024-04-14,6110.73
12934,618,2025-05-11,1892.01
12935,43298,2020-06-15,3391.42
12936,9711,2024-08-09,6162.58
12937,3922,2024-11-24,886.4
12938,14220,2021-03-06,7130.43
12939,938,2020-02-07,7480.51
12940,13159,2021-02-04,1523.77
12941,1615,2024-06-24,2912.36
12942,7436,2022-08-27,2387.8
12943,18909,2021-08-13,2178.22
12944,48463,2022-08-22,3730.07
12945,22915,2022-01-23,7570.42
12946,36176,2020-04-11,4126.55
12947,44861,2024-02-23,5394.78
12948,14803,2025-03-05,1314.33
12949,36423,2022-02-10,6183.08
12950,1265,2024-08-25,9991.33
12951,20708,2025-04-04,7318.04
12952,18070,2021-04-09,4900.68
12953,20553,2024-06-08,4766.15
12954,45052,2024-07-03,9232.87
12955,11522,2024-01-05,4137.73
12956,46071,2023-11-30,7290.92
12957,37087,2023-11-13,6138.71
12958,5646,2023-04-26,6304.8
12959,16869,2022-01-19,928.96
12960,10431,2022-11-25,6691.26
12961,39178,2022-05-19,6456.03
12962,12845,2025-04-12,7442.64
12963,25558,2020-07-30,6806.92
12964,39128,2023-10-21,8810.36
12965,32044,2020-11-08,9974.54
12966,10386,2022-05-23,1990.78
12967,14859,2021-05-17,8895.93
12968,39666,2022-05-26,2991.88
12969,40118,2022-08-31,2693.71
12970,48620,2021-08-18,2322.73
12971,5249,2020-03-30,5507.36
12972,2613,2024-07-25,5316.67
12973,5984,2020-11-02,8520.17
12974,13345,2025-05-12,4446.45
12975,27015,2021-08-18,7856.78
12976,41043,2020-04-15,9745.51
12977,3097,2024-09-11,2023.7
12978,29125,2020-07-21,928.33
12979,23985,2020-11-22,3563.02
12980,37962,2023-08-27,9586.39
12981,5764,2024-07-01,7850.16
12982,26264,2022-11-20,4597.06
12983,35246,2020-02-19,1021.49
12984,11767,2022-06-22,3033.42
12985,1990,2020-03-27,8879.89
12986,42380,2025-03-18,1624.53
12987,45758,2024-08-05,6577.47
12988,41812,2022-12-24,6169.57
12989,25036,2022-01-20,3174.68
12990,40254,2022-02-16,5945.66
12991,46398,2025-05-14,7398.81
12992,26188,2021-08-22,684.22
12993,21946,2020-11-30,7991.64
12994,39078,2025-03-19,4656.74
12995,21956,2023-04-14,2298.83
12996,39057,2021-10-22,5438.73
12997,10762,2021-04-14,683.83
12998,44321,2022-11-13,8432.39
12999,7205,2022-08-27,9922.56
13000,20892,2024-08-13,6808.43
13001,8578,2025-06-22,3249.38
13002,48046,2023-09-10,8938.33
13003,4134,2022-03-11,3187.84
13004,15893,2020-02-05,3678.74
13005,30881,2022-07-09,9230.15
13006,23770,2020-08-19,6243.37
13007,27892,2021-11-28,3863.89
13008,19499,2024-06-13,4476.44
13009,34934,2023-09-07,6833.32
13010,19038,2023-06-03,6562.92
13011,25924,2024-12-27,3699.79
13012,198,2020-12-25,1282.43
13013,42466,2022-07-28,4267.98
13014,22779,2023-04-29,6732.67
13015,9209,2023-04-11,2731.95
13016,2516,2024-06-06,8854.52
13017,25408,2024-07-14,3459.54
13018,31869,2021-04-10,2126.46
13019,48719,2025-03-26,4260.39
13020,7671,2024-09-09,2452.87
13021,18417,2025-02-01,4601.69
13022,16023,2020-07-17,978.32
13023,17642,2022-05-04,4430.76
13024,22601,2022-01-10,7411.82
13025,15723,2020-05-08,2894.84
13026,5282,2024-11-12,9843.75
13027,5019,2025-02-05,1928.58
13028,29392,2022-10-12,3498.86
13029,29956,2020-12-07,4970.61
13030,31196,2025-06-09,8449.89
13031,16721,2023-01-11,4404.14
13032,5609,2022-05-11,7382.81
13033,14028,2023-03-06,248.64
13034,37061,2024-06-22,353.29
13035,17379,2024-03-05,475.68
13036,11494,2020-06-11,329.22
13037,49127,2020-05-20,2124.3
13038,100,2021-10-27,5999.67
13039,47710,2020-06-21,7924.9
13040,18495,2020-06-27,5719.55
13041,27534,2025-02-26,904.91
13042,35100,2023-03-22,7065.86
13043,48917,2024-05-10,5574.29
13044,24558,2025-01-04,3230.28
13045,46679,2024-07-24,1850.37
13046,40074,2021-04-03,901.95
13047,14874,2024-02-10,4997.81
13048,46370,2021-07-18,8427.75
13049,5890,2022-07-17,1096.8
13050,991,2024-05-16,1150.24
13051,18859,2022-01-07,2817.36
13052,45807,2020-04-14,3862.21
13053,49195,2021-12-07,9930.51
13054,34804,2025-02-03,5439.64
13055,19764,2022-06-18,8297.73
13056,9838,2023-05-08,2332.12
13057,28549,2020-11-10,9108.96
13058,4243,2025-04-20,7463.87
13059,12190,2021-02-09,3409.57
13060,21297,2021-11-08,7568.35
13061,42687,2021-12-28,8876.52
13062,19572,2020-10-13,3658.93
13063,26065,2022-03-27,8332.99
13064,3741,2025-05-25,4506.98
13065,49996,2022-05-30,7479.28
13066,48072,2020-12-31,3014.34
13067,19663,2023-05-25,6939.08
13068,7266,2021-07-03,8773.45
13069,31772,2022-10-11,4848.38
13070,28885,2024-11-23,7807.3
13071,22453,2020-10-31,5612.76
13072,18680,2021-12-30,8506.29
13073,19282,2023-01-28,2447.64
13074,30232,2021-02-14,331.61
13075,3928,2021-06-18,6735.24
13076,7500,2020-12-05,7793.22
13077,11201,2022-10-02,877.51
13078,19492,2020-10-09,6620.64
13079,28576,2021-08-15,2182.93
13080,28058,2024-08-04,9899.03
13081,35000,2020-05-10,7850.19
13082,8259,2020-04-13,1630.6
13083,2081,2024-04-11,4802.69
13084,38055,2021-12-02,7897.81
13085,31060,2020-09-08,5265.41
13086,42508,2022-02-20,9789.02
13087,17653,2024-10-21,4382.97
13088,37460,2021-11-14,8880.14
13089,25425,2020-01-25,1014.29
13090,30763,2023-04-27,5535.27
13091,39531,2022-09-26,9953.24
13092,24077,2020-07-21,6818.01
13093,31177,2024-03-11,1622.87
13094,602,2020-02-21,6640.12
13095,22644,2021-10-13,4311.02
13096,39813,2024-03-09,7071.24
13097,12394,2021-04-12,3579.17
13098,21165,2022-01-27,4994.44
13099,25989,2023-12-12,2249.92
13100,2583,2022-03-01,1693.67
13101,11043,2022-07-03,3055.73
13102,26865,2020-04-29,7780.61
13103,96,2024-10-29,7954.51
13104,48438,2024-02-24,5481.01
13105,8426,2020-09-13,1949.11
13106,12977,2024-01-21,8110.34
13107,4678,2023-05-01,8682.73
13108,46286,2024-07-19,1113.2
13109,28792,2020-05-12,4201.12
13110,16165,2020-07-03,5554.54
13111,23159,2023-03-19,8078.55
13112,19193,2023-12-21,6358.15
13113,34004,2020-09-14,4179.31
13114,48008,2024-01-20,4689.71
13115,40956,2022-01-17,4347.31
13116,15033,2023-11-15,1356.01
13117,46576,2025-03-18,7881.98
13118,45895,2020-10-03,734.97
13119,26812,2023-09-12,6891.94
13120,24994,2024-05-13,1615.56
13121,16937,2024-12-05,4250.34
13122,18972,2020-04-29,1299.17
13123,40735,2025-05-13,5953.77
13124,40469,2021-08-07,9022.95
13125,21578,2020-09-07,6127.13
13126,28467,2020-04-24,3991.4
13127,30106,2022-08-02,9385.48
13128,4066,2023-11-20,3035.35
13129,8723,2024-02-24,2634.23
13130,30470,2024-06-23,7181.41
13131,15375,2024-05-27,9572.99
13132,46702,2020-05-17,7806.14
13133,43132,2021-09-16,3920.35
13134,13617,2021-08-08,2825.12
13135,3090,2024-11-06,4688.82
13136,6228,2024-12-13,7433.39
13137,4801,2022-01-11,2876.75
13138,918,2020-09-16,8408.94
13139,44220,2021-07-29,6400.48
13140,14704,2024-08-06,4882.44
13141,24274,2023-08-21,994.34
13142,22922,2024-02-28,4262.68
13143,2068,2021-09-03,2472.02
13144,25596,2023-03-24,5139.93
13145,26600,2022-10-26,6573.74
13146,30662,2021-09-07,3249.2
13147,46843,2024-03-24,8147.55
13148,25917,2022-04-05,8685.88
13149,35173,2022-02-02,2435.93
13150,23702,2021-06-27,375.55
13151,8964,2023-12-16,1797.72
13152,46675,2022-11-19,4590.44
13153,31133,2025-06-20,6758.71
13154,14394,2023-08-17,6006.83
13155,48182,2021-01-04,5869.19
13156,21865,2022-07-13,2388.87
13157,49869,2024-10-21,1688.5
13158,29095,2023-03-19,452.96
13159,42041,2024-12-27,4366.14
13160,20544,2024-10-10,3082.82
13161,48732,2021-10-01,5528.08
13162,39198,2024-04-01,6062.7
13163,22870,2025-03-19,2951.25
13164,35325,2020-05-04,5576.35
13165,34226,2022-12-13,6125.39
13166,19986,2024-06-02,8811.97
13167,3838,2025-01-12,1549.33
13168,24657,2020-06-08,3901.65
13169,24415,2023-03-25,3246.49
13170,20380,2021-01-29,2622.81
13171,2696,2023-12-17,4311.18
13172,4512,2022-07-01,9430.89
13173,27243,2022-04-23,8447.2
13174,43142,2025-03-21,5271.47
13175,39798,2021-01-05,4052.62
13176,16342,2023-04-05,4375.61
13177,20264,2024-11-14,2600.98
13178,3763,2024-10-02,6611.32
13179,29231,2021-10-26,2715.24
13180,32991,2024-12-22,1201.47
13181,14451,2020-11-19,3277.35
13182,14662,2020-07-08,4922.18
13183,22724,2024-08-09,7310.75
13184,17399,2024-03-28,4924.39
13185,33787,2021-05-26,444.35
13186,18681,2020-10-11,7073.31
13187,41186,2025-01-19,7763.36
13188,31170,2020-08-26,1120.81
13189,27702,2021-08-07,7239.86
13190,31465,2021-11-12,6602.18
13191,37351,2021-03-21,3963.43
13192,5270,2024-11-02,7983.86
13193,16069,2023-05-07,7134.63
13194,11320,2023-05-07,5735.19
13195,20332,2020-01-21,7650.06
13196,39122,2020-09-21,4416.25
13197,4412,2024-03-01,6127.3
13198,9779,2021-11-15,504.51
13199,4496,2023-12-05,4566.45
13200,42476,2025-01-13,6090.19
13201,21632,2020-12-06,138.4
13202,24454,2023-05-05,4029.5
13203,33537,2023-03-02,5388.36
13204,24600,2022-04-19,3767.9
13205,12619,2020-09-27,3687.45
13206,5291,2021-08-11,8598.52
13207,45161,2024-06-20,9648.09
13208,12194,2024-09-03,1056.21
13209,36061,2021-01-13,9116.03
13210,6112,2022-07-31,3849.3
13211,7225,2024-04-16,2454.63
13212,48680,2022-11-25,1581.54
13213,25761,2024-09-08,7500.41
13214,5228,2023-12-31,7262.79
13215,18497,2021-02-10,1037.71
13216,35916,2025-05-07,9598.9
13217,44078,2023-03-15,817.66
13218,3948,2021-01-30,5019.63
13219,43458,2022-05-04,6488.62
13220,38820,2023-11-06,8893.3
13221,48875,2023-02-27,2769.0
13222,9142,2023-06-13,2748.8
13223,20914,2024-08-17,7834.56
13224,47027,2020-06-26,4168.77
13225,25202,2021-02-18,2136.56
13226,40244,2021-03-07,311.19
13227,31727,2025-02-20,7483.66
13228,405,2020-03-09,248.71
13229,5756,2023-03-14,6411.9
13230,44830,2022-12-02,4345.75
13231,24719,2024-01-18,6381.26
13232,36489,2023-03-15,7624.89
13233,19191,2024-11-25,6511.61
13234,49440,2020-07-12,4710.59
13235,36936,2022-03-09,9084.22
13236,1819,2022-12-22,135.56
13237,37418,2020-10-10,572.47
13238,21768,2024-09-26,4916.49
13239,11485,2021-01-27,2547.71
13240,34709,2024-06-20,4361.01
13241,30451,2020-01-28,2943.09
13242,33836,2021-05-22,2389.35
13243,33758,2022-09-14,9238.02
13244,8481,2024-11-18,2244.8
13245,38912,2025-04-21,1005.57
13246,44855,2024-08-05,2334.68
13247,29453,2021-04-03,4329.48
13248,3108,2022-09-11,2310.82
13249,37402,2022-02-11,1067.46
13250,21604,2022-03-19,2759.78
13251,17559,2024-07-03,9073.97
13252,25736,2024-10-20,7551.76
13253,42766,2023-01-04,2409.68
13254,48408,2023-05-10,6110.88
13255,46455,2023-05-09,8575.3
13256,19922,2024-11-26,9712.58
13257,23976,2021-01-07,835.34
13258,40549,2023-09-07,2117.6
13259,48246,2020-11-24,9440.28
13260,32495,2021-01-01,8859.65
13261,11220,2024-07-13,3060.82
13262,29713,2023-04-17,2057.22
13263,17028,2020-05-06,8172.41
13264,30293,2020-05-23,1141.68
13265,22228,2020-07-11,6236.48
13266,24429,2021-04-13,9085.4
13267,37743,2023-06-19,1882.5
13268,12393,2022-12-16,1339.18
13269,47953,2023-12-15,6468.58
13270,31785,2024-08-29,6180.56
13271,26199,2021-07-30,766.04
13272,49707,2021-03-08,3676.27
13273,6070,2020-02-16,9276.35
13274,18228,2023-12-18,2375.02
13275,16917,2023-11-22,5334.69
13276,40600,2020-10-22,3589.97
13277,33402,2020-10-30,9054.36
13278,29176,2020-08-23,5254.63
13279,22188,2021-02-19,4559.2
13280,18565,2022-09-10,8926.37
13281,17341,2025-01-04,6477.54
13282,11654,2024-06-24,3635.79
13283,19441,2024-08-23,9931.94
13284,42318,2021-02-17,9166.51
13285,44609,2023-02-17,2719.5
13286,2719,2021-10-27,435.4
13287,46007,2021-07-08,1296.16
13288,19757,2024-01-02,1631.03
13289,4210,2021-07-09,7375.59
13290,36426,2023-01-06,3823.28
13291,19255,2023-09-17,3458.12
13292,8252,2020-04-17,5632.02
13293,33695,2021-01-21,1441.77
13294,12241,2020-01-07,2831.08
13295,41255,2022-05-02,4900.95
13296,616,2024-05-12,4738.29
13297,17968,2025-02-25,6155.28
13298,10320,2023-11-18,3168.07
13299,25627,2021-06-05,3884.77
13300,36624,2023-06-05,727.43
13301,36276,2023-04-08,6525.44
13302,21737,2020-02-03,5043.21
13303,47477,2024-10-11,513.89
13304,8539,2020-06-02,5097.06
13305,11702,2022-04-07,2685.91
13306,5257,2023-02-27,1552.45
13307,3225,2021-12-13,150.51
13308,12632,2021-07-10,9817.0
13309,18490,2020-01-05,9484.59
13310,16604,2020-01-26,8266.44
13311,21522,2021-05-14,2239.63
13312,14764,2022-01-14,8701.48
13313,29514,2023-09-20,8982.22
13314,1201,2023-12-03,908.03
13315,48610,2024-12-22,5262.84
13316,5835,2023-01-20,1158.27
13317,14839,2021-12-27,5377.77
13318,47726,2024-06-08,8458.75
13319,6054,2024-04-06,6303.83
13320,33473,2023-11-27,723.18
13321,37713,2024-03-01,197.33
13322,46065,2024-12-06,1033.46
13323,36817,2020-02-11,9096.45
13324,29312,2024-02-16,9854.0
13325,48138,2023-03-28,4885.73
13326,29486,2024-08-21,3635.1
13327,22786,2023-10-10,3508.75
13328,2930,2021-05-14,4307.28
13329,35220,2020-09-06,4013.24
13330,1248,2020-11-26,7695.64
13331,49923,2025-02-15,5329.66
13332,18980,2024-10-26,955.34
13333,4357,2023-05-22,969.97
13334,32020,2023-10-18,1200.08
13335,45827,2024-02-06,3952.87
13336,36196,2023-12-14,2765.05
13337,2374,2020-08-27,3764.92
13338,44007,2024-01-13,1027.31
13339,12516,2022-03-10,9077.47
13340,10840,2022-12-26,8299.67
13341,19759,2025-03-26,5638.38
13342,31846,2022-05-19,5754.47
13343,44325,2023-04-29,5090.89
13344,49160,2021-01-04,2359.79
13345,6769,2020-10-05,6578.17
13346,22736,2020-02-19,1007.93
13347,28011,2023-09-06,5886.38
13348,24526,2024-09-28,4457.73
13349,17453,2020-06-20,672.19
13350,14794,2022-10-18,4381.81
13351,41482,2021-11-28,5954.24
13352,6486,2024-09-16,888.0
13353,10472,2024-08-27,3054.32
13354,22249,2024-01-12,2104.46
13355,38367,2020-01-18,335.43
13356,18700,2023-10-27,909.34
13357,41709,2023-11-13,1971.86
13358,46344,2024-01-29,6039.03
13359,25468,2021-09-02,9437.95
13360,44333,2024-07-11,6603.27
13361,25176,2023-06-23,9806.38
13362,16257,2020-04-05,9681.05
13363,43674,2022-07-10,5253.76
13364,10582,2020-10-15,2297.01
13365,45163,2022-03-20,9139.45
13366,3896,2020-08-03,5400.07
13367,19810,2024-08-17,1603.4
13368,43467,2025-05-27,3847.82
13369,32644,2023-05-19,3404.93
13370,2681,2020-03-22,3665.79
13371,27353,2021-08-13,1083.06
13372,21087,2024-06-14,4668.93
13373,27223,2021-09-24,5307.84
13374,30632,2021-04-03,8776.91
13375,24678,2024-12-20,736.19
13376,25956,2023-11-06,8126.59
13377,4039,2020-09-15,6320.91
13378,9610,2021-11-09,9669.61
13379,10822,2022-04-18,8300.84
13380,47839,2023-11-20,4563.88
13381,260,2022-11-22,7814.97
13382,16661,2022-02-28,9234.72
13383,41770,2025-05-08,5010.1
13384,21076,2023-07-17,2735.72
13385,4561,2025-04-29,4106.09
13386,40308,2021-04-11,4286.34
13387,36095,2024-02-01,6055.51
13388,30219,2025-03-31,4319.77
13389,46802,2025-01-19,6041.71
13390,19319,2021-02-28,428.25
13391,14988,2021-03-04,3828.83
13392,36127,2021-06-26,6715.61
13393,47802,2021-08-03,1202.18
13394,44752,2023-01-27,2227.75
13395,47145,2025-04-20,7336.25
13396,18544,2024-01-07,6645.16
13397,2764,2024-06-19,3522.82
13398,14193,2023-10-26,9924.55
13399,3277,2023-03-01,3176.82
13400,47743,2020-09-22,2547.11
13401,22594,2020-08-09,3476.95
13402,30065,2021-09-22,7534.22
13403,28431,2023-10-12,1014.57
13404,33229,2024-03-02,2947.59
13405,8738,2020-05-16,6118.51
13406,47061,2021-12-01,8662.05
13407,4140,2021-12-30,4419.59
13408,14077,2025-04-25,3867.34
13409,17743,2020-05-28,3572.88
13410,28003,2020-05-06,625.07
13411,38236,2023-06-17,9388.1
13412,11654,2020-10-05,538.0
13413,36325,2022-12-20,5662.74
13414,14120,2022-06-26,7955.52
13415,9478,2024-06-18,8581.42
13416,28747,2023-11-02,1928.08
13417,26126,2023-11-25,422.23
13418,8149,2023-10-15,7707.14
13419,30587,2021-03-14,707.85
13420,45524,2025-03-15,4426.76
13421,47405,2023-07-24,3613.95
13422,44510,2021-03-13,1428.93
13423,13802,2021-07-12,5359.01
13424,27947,2024-08-31,1596.33
13425,10726,2020-04-06,6676.67
13426,41909,2020-05-22,7988.47
13427,45723,2023-06-01,2389.29
13428,40312,2020-11-10,7427.38
13429,48325,2022-06-29,6499.93
13430,20549,2020-01-29,2770.6
13431,47664,2024-03-26,2032.0
13432,40952,2022-11-18,8757.36
13433,38137,2022-01-14,2094.79
13434,232,2023-10-26,877.9
13435,36303,2021-08-20,3249.33
13436,34415,2022-09-12,9054.97
13437,43337,2021-12-22,5900.05
13438,14191,2023-09-30,7210.47
13439,49945,2023-09-26,2266.32
13440,21640,2021-04-16,4989.31
13441,35559,2021-09-17,7930.93
13442,21247,2022-02-01,3761.14
13443,26272,2021-07-21,7190.27
13444,8279,2022-01-01,5874.03
13445,2028,2020-06-29,3419.85
13446,24065,2024-03-18,4194.85
13447,15983,2024-03-28,7389.49
13448,29855,2021-02-25,7512.64
13449,31687,2022-04-17,8925.37
13450,2447,2022-02-17,5435.33
13451,6890,2023-10-31,4493.91
13452,22086,2021-02-10,7831.95
13453,17808,2024-01-20,3920.87
13454,47566,2021-05-11,5972.68
13455,49233,2022-12-15,7627.42
13456,10954,2025-04-20,9257.28
13457,10333,2023-07-12,8898.84
13458,43882,2023-02-20,6640.47
13459,24648,2023-11-02,303.3
13460,46603,2023-09-24,7411.09
13461,21933,2023-06-04,3379.1
13462,720,2024-02-08,8351.49
13463,42587,2023-03-25,365.28
13464,31319,2022-01-19,1221.3
13465,31118,2023-01-07,6928.93
13466,27084,2020-10-01,2731.97
13467,39533,2020-12-18,3246.75
13468,36123,2022-09-09,4062.47
13469,10445,2023-05-28,1982.46
13470,27600,2023-07-07,8608.71
13471,14808,2023-12-25,973.92
13472,21964,2022-03-25,1784.28
13473,16649,2021-02-18,3875.29
13474,24845,2025-03-05,3820.56
13475,41901,2021-01-23,613.53
13476,49416,2020-05-03,3450.68
13477,11256,2023-08-05,7666.99
13478,48594,2023-08-20,8916.33
13479,9825,2023-03-29,1326.85
13480,36871,2023-11-06,6549.96
13481,11853,2020-04-21,9273.26
13482,48256,2022-04-26,3069.17
13483,49551,2025-06-01,8777.87
13484,32738,2024-06-24,1649.26
13485,41144,2023-06-03,8623.67
13486,27240,2021-05-02,4324.74
13487,6584,2025-06-06,8271.1
13488,35621,2024-05-01,2184.44
13489,15593,2024-07-30,782.5
13490,28765,2020-12-26,5998.62
13491,14813,2023-04-01,2736.9
13492,18793,2020-02-16,8085.16
13493,24687,2021-08-22,8265.31
13494,37172,2020-12-03,7261.94
13495,29089,2023-07-20,5027.24
13496,20557,2022-06-15,9239.24
13497,39658,2020-02-24,5896.5
13498,607,2020-09-23,1882.65
13499,27916,2021-06-28,5861.5
13500,42030,2025-06-12,5801.4
13501,17734,2025-05-29,6437.19
13502,40395,2023-09-05,1083.05
13503,6359,2022-09-15,6918.0
13504,43847,2022-12-17,4092.7
13505,8633,2021-09-11,6143.47
13506,21268,2025-04-23,9215.87
13507,8772,2020-09-30,3452.5
13508,32085,2020-11-29,5562.83
13509,34092,2021-11-15,7726.43
13510,17694,2023-02-20,1299.9
13511,12927,2024-04-27,3607.22
13512,48514,2020-05-27,1446.89
13513,11732,2020-11-08,8413.26
13514,9961,2023-05-18,7742.23
13515,41486,2022-01-26,3235.22
13516,9830,2022-07-11,389.96
13517,18583,2020-09-30,4154.91
13518,26437,2020-05-24,271.92
13519,23220,2025-01-25,2992.4
13520,45947,2021-08-23,2181.56
13521,23507,2022-02-11,2411.1
13522,33970,2025-04-09,6927.5
13523,14279,2021-01-08,7116.25
13524,16393,2022-09-26,7092.45
13525,38239,2023-10-11,8219.52
13526,6920,2022-01-06,7954.61
13527,16587,2022-02-21,6309.14
13528,10503,2024-04-23,2346.85
13529,12853,2024-01-27,3600.82
13530,12815,2022-09-24,4176.24
13531,21960,2020-06-15,7098.78
13532,3532,2020-12-09,5410.35
13533,28101,2023-03-18,7449.55
13534,7368,2022-01-11,1672.87
13535,15397,2024-12-09,2400.1
13536,40910,2023-08-01,666.62
13537,48987,2023-10-09,5892.83
13538,17999,2023-07-08,9655.37
13539,46036,2024-09-26,5480.27
13540,662,2024-12-17,2282.49
13541,10218,2024-07-30,6202.21
13542,46513,2024-09-26,6831.97
13543,12836,2020-06-20,5820.76
13544,16478,2020-07-08,3783.54
13545,25441,2024-10-23,8314.47
13546,23743,2022-04-14,4966.7
13547,6620,2020-04-22,9892.18
13548,45222,2021-05-09,2509.25
13549,9280,2021-12-02,2310.19
13550,5572,2021-03-21,844.49
13551,14094,2024-09-19,4049.34
13552,35813,2021-03-08,2559.7
13553,22255,2023-04-05,8348.98
13554,14718,2021-11-11,5247.55
13555,4371,2020-11-01,695.17
13556,18557,2022-09-20,3638.79
13557,25097,2024-04-01,6986.58
13558,21793,2024-05-07,4910.01
13559,48756,2023-11-02,3582.7
13560,48619,2023-04-21,1636.36
13561,3649,2020-07-24,6688.94
13562,27221,2024-11-11,1859.81
13563,38969,2025-02-09,8715.55
13564,3352,2021-03-15,9894.37
13565,614,2022-02-07,5571.66
13566,37036,2020-07-11,1259.5
13567,7273,2022-08-17,6886.88
13568,47044,2022-08-05,1415.66
13569,40966,2024-08-05,9028.79
13570,13346,2023-07-05,5901.07
13571,32629,2020-01-12,8023.47
13572,25115,2022-07-29,6286.53
13573,24082,2023-04-23,5307.38
13574,31237,2025-01-07,5299.75
13575,44662,2022-02-08,7420.21
13576,18904,2020-08-02,9035.4
13577,9824,2024-09-21,2267.42
13578,11989,2021-11-04,1227.38
13579,25855,2022-02-23,658.24
13580,33324,2022-03-19,8680.64
13581,11106,2021-12-18,1311.64
13582,45661,2021-04-03,6324.15
13583,4343,2020-12-05,3201.2
13584,39685,2023-10-19,5676.47
13585,8509,2021-12-11,940.92
13586,41714,2020-11-16,5845.15
13587,48476,2024-07-13,8791.65
13588,20102,2024-11-25,2732.81
13589,11339,2020-08-27,3285.25
13590,22311,2020-01-15,2259.31
13591,18659,2022-05-26,1385.38
13592,43900,2023-04-04,816.72
13593,31475,2023-10-09,6735.45
13594,27563,2024-01-20,3529.99
13595,40396,2023-09-06,4635.0
13596,4165,2023-07-12,3285.07
13597,31714,2020-06-18,7468.85
13598,1386,2024-03-14,6858.67
13599,42978,2024-01-13,6690.66
13600,22679,2021-12-26,7682.42
13601,21988,2025-02-23,5871.4
13602,29593,2021-11-21,1062.76
13603,13488,2025-03-30,4285.85
13604,34502,2020-03-18,3236.2
13605,34346,2022-01-08,3490.05
13606,6741,2020-07-26,2040.4
13607,8007,2022-07-03,1694.02
13608,49893,2022-05-22,4716.94
13609,10793,2020-01-31,9715.31
13610,10047,2020-07-12,320.69
13611,2479,2020-06-08,2896.79
13612,31332,2020-04-09,9660.13
13613,32129,2024-03-07,3630.59
13614,13663,2020-07-21,6579.85
13615,2964,2020-01-08,2749.1
13616,36060,2025-03-18,5466.47
13617,31214,2021-12-09,1817.95
13618,25747,2024-02-14,5432.99
13619,43585,2024-04-16,4844.71
13620,18634,2020-10-29,8364.75
13621,26404,2025-06-12,8059.95
13622,30615,2020-01-08,1905.27
13623,3794,2024-08-24,9408.75
13624,2461,2024-11-30,3955.39
13625,23340,2022-03-14,600.86
13626,40319,2023-04-10,857.74
13627,30471,2020-06-01,4244.7
13628,11814,2023-07-29,8885.64
13629,49769,2024-12-29,1647.53
13630,28923,2023-11-17,4858.62
13631,18370,2023-08-19,5434.34
13632,32510,2023-05-08,8923.17
13633,15311,2023-03-14,222.85
13634,19734,2022-11-04,8913.39
13635,41675,2024-09-01,2773.92
13636,27702,2023-08-26,8727.73
13637,27062,2021-01-31,4297.81
13638,44243,2024-11-10,3341.05
13639,8710,2024-03-09,9900.53
13640,44233,2024-02-27,7846.5
13641,13164,2021-11-20,4903.34
13642,23325,2022-12-03,3798.64
13643,35883,2023-07-06,3262.49
13644,8899,2023-04-19,6947.48
13645,2296,2023-08-28,4225.13
13646,13677,2022-12-13,6533.67
13647,21822,2024-09-16,4213.57
13648,41741,2021-10-13,3777.6
13649,48832,2020-12-14,3384.29
13650,38447,2023-11-08,9197.47
13651,28860,2023-04-25,7687.0
13652,41231,2020-11-16,6585.64
13653,36421,2023-10-07,6687.47
13654,29954,2025-01-02,1903.77
13655,45682,2024-08-10,9362.18
13656,38694,2021-03-31,1145.56
13657,38130,2020-10-19,2318.11
13658,6238,2020-06-07,339.4
13659,46044,2024-02-11,3753.44
13660,12583,2020-01-25,3143.85
13661,23008,2022-03-28,8437.08
13662,44797,2020-08-19,6701.98
13663,48148,2024-07-02,7950.58
13664,13050,2021-07-14,1572.19
13665,38292,2024-03-23,5752.21
13666,16157,2021-04-22,4949.0
13667,10656,2024-06-17,4321.57
13668,32628,2024-07-14,9933.56
13669,30259,2022-05-08,4520.81
13670,35976,2021-02-22,1158.18
13671,27285,2021-01-04,428.09
13672,2711,2024-02-24,8000.35
13673,14451,2022-11-02,195.56
13674,21339,2024-12-17,9187.66
13675,48902,2023-01-01,2164.39
13676,1530,2020-05-31,8827.17
13677,180,2021-03-07,7962.63
13678,35464,2024-04-17,2181.48
13679,25187,2020-09-13,8379.41
13680,20805,2020-11-23,3279.64
13681,44833,2020-09-10,2164.2
13682,45246,2022-02-09,2222.8
13683,40127,2025-04-17,8749.72
13684,2776,2021-10-15,244.58
13685,47776,2024-09-08,7424.22
13686,25889,2020-05-01,8044.89
13687,11430,2020-02-02,3768.48
13688,1282,2023-07-07,7089.05
13689,45292,2021-07-03,9060.24
13690,34186,2023-03-22,5479.84
13691,741,2025-01-12,6567.05
13692,44517,2023-06-22,7033.4
13693,23106,2023-03-10,9620.27
13694,4556,2021-09-22,4257.42
13695,44517,2021-05-03,5636.22
13696,27358,2022-06-03,4724.82
13697,19471,2022-07-23,3225.37
13698,33239,2024-12-21,9436.65
13699,23412,2020-08-17,4945.56
13700,42962,2020-07-19,9314.39
13701,29501,2022-05-19,9911.23
13702,27295,2021-07-08,8586.47
13703,45307,2023-04-04,1735.31
13704,9422,2022-11-24,480.3
13705,17529,2022-10-09,5460.11
13706,41643,2024-06-16,5427.71
13707,45335,2022-08-08,6087.85
13708,11801,2022-03-28,664.34
13709,21481,2022-04-25,2966.53
13710,17894,2020-08-17,5021.42
13711,3740,2020-10-16,5192.08
13712,28259,2022-07-09,9471.13
13713,3934,2021-03-01,9658.53
13714,5628,2024-06-15,8906.92
13715,13531,2024-09-10,2578.28
13716,40136,2025-02-28,6445.2
13717,8048,2022-01-28,2813.65
13718,8275,2022-09-25,9511.38
13719,13165,2024-08-27,5110.45
13720,17260,2024-11-09,8300.81
13721,46356,2024-11-04,3990.75
13722,8185,2024-11-22,3876.56
13723,1565,2020-03-06,433.66
13724,17032,2022-05-02,4648.87
13725,44094,2022-11-23,6471.87
13726,17574,2020-08-19,1385.66
13727,5431,2025-05-11,1929.98
13728,15765,2022-07-15,9719.19
13729,37884,2021-10-27,7342.83
13730,13612,2023-09-17,9094.56
13731,27820,2022-09-16,4813.87
13732,27505,2025-04-29,1873.83
13733,48043,2025-06-05,1747.09
13734,32923,2024-09-07,5462.33
13735,1116,2023-02-24,7182.35
13736,25756,2020-05-04,9167.3
13737,12293,2025-03-01,4130.9
13738,12288,2021-01-02,3322.3
13739,40127,2023-01-07,9356.12
13740,13863,2020-01-10,4590.76
13741,31754,2024-04-20,5252.99
13742,23103,2023-04-06,4547.42
13743,35593,2022-07-10,7705.55
13744,37972,2020-05-16,804.58
13745,19933,2020-06-29,8380.35
13746,29551,2024-10-10,3980.13
13747,25629,2024-01-17,9662.54
13748,30108,2022-10-13,3074.72
13749,25995,2020-03-26,4755.89
13750,14549,2021-12-20,4281.71
13751,6615,2020-08-01,8034.11
13752,45277,2023-08-25,6748.52
13753,40657,2023-04-05,6503.9
13754,18467,2023-09-02,7171.82
13755,47165,2020-02-21,9594.83
13756,46356,2020-07-14,4831.76
13757,4922,2024-09-27,6551.68
13758,41919,2021-12-13,6870.57
13759,27236,2020-07-24,8585.09
13760,39627,2021-11-12,2953.31
13761,36062,2023-06-20,8082.72
13762,8892,2023-05-26,5042.65
13763,23975,2024-09-26,259.99
13764,22102,2023-10-07,1615.44
13765,1624,2021-08-09,8409.68
13766,32698,2023-04-17,2756.01
13767,20928,2023-11-11,3040.26
13768,25230,2025-04-16,7378.03
13769,29860,2020-12-29,6890.51
13770,37005,2025-04-16,4558.24
13771,20737,2021-09-23,7327.64
13772,2551,2021-01-11,6143.02
13773,43378,2024-05-15,1911.92
13774,1293,2020-10-06,2840.33
13775,29859,2024-08-10,735.64
13776,8072,2023-01-02,6649.12
13777,34322,2021-12-27,648.8
13778,37538,2021-05-14,7452.95
13779,28998,2024-02-22,5374.77
13780,3730,2023-01-25,4443.83
13781,9273,2025-05-28,6008.55
13782,45436,2022-11-24,6233.6
13783,4978,2021-08-12,5885.95
13784,31753,2024-03-04,7161.07
13785,49743,2022-04-27,6397.07
13786,45719,2023-08-02,4882.51
13787,3779,2023-01-11,8312.42
13788,26105,2022-07-17,9739.35
13789,16073,2022-11-30,6164.64
13790,4374,2022-08-19,7149.79
13791,21938,2021-05-12,5133.65
13792,49236,2021-09-05,4068.73
13793,22964,2024-09-08,8622.0
13794,22279,2024-12-04,2027.22
13795,10385,2021-08-18,6933.96
13796,32643,2025-04-06,1458.54
13797,18311,2020-07-31,7689.5
13798,40909,2023-06-25,2423.0
13799,28585,2024-05-19,6109.46
13800,17129,2021-08-19,1479.29
13801,2249,2020-04-30,105.94
13802,30150,2022-05-31,7440.23
13803,12797,2021-03-31,8764.64
13804,8554,2022-06-16,8015.35
13805,33984,2021-02-28,1415.29
13806,21010,2021-03-12,2423.34
13807,20643,2021-12-15,8261.81
13808,14687,2021-02-03,266.42
13809,1159,2024-07-30,5331.39
13810,7869,2020-08-28,8374.21
13811,45900,2024-06-19,2032.7
13812,29180,2025-03-17,1526.62
13813,31205,2025-01-04,1898.95
13814,17329,2024-01-11,7580.62
13815,37882,2022-07-20,9655.58
13816,30393,2024-08-13,2189.88
13817,4804,2021-03-06,1175.45
13818,30604,2021-11-19,2781.21
13819,12021,2021-11-25,1197.5
13820,20143,2020-04-28,150.39
13821,20939,2025-02-28,4553.07
13822,15457,2025-04-13,7538.68
13823,44187,2024-05-17,3180.3
13824,28548,2022-02-02,3377.05
13825,25192,2022-05-12,2355.71
13826,44756,2024-07-01,1403.33
13827,23682,2021-06-21,761.05
13828,49156,2021-11-18,5745.21
13829,4755,2024-02-19,7664.35
13830,12478,2021-05-04,5086.34
13831,5064,2021-02-17,8458.0
13832,11945,2023-02-27,4671.36
13833,11868,2021-06-24,805.11
13834,34381,2024-01-01,6079.98
13835,47560,2023-03-29,7179.48
13836,4530,2023-02-05,1321.81
13837,15946,2023-06-20,5283.32
13838,15485,2023-06-28,3042.23
13839,24788,2023-04-04,9629.16
13840,35009,2023-07-24,2197.52
13841,46668,2020-10-09,6857.97
13842,4323,2024-03-03,3155.23
13843,24916,2021-12-28,4221.86
13844,5964,2022-11-23,8287.89
13845,7154,2024-12-19,9972.08
13846,27788,2022-01-25,1298.12
13847,8871,2022-04-25,4649.09
13848,28858,2023-04-05,6240.65
13849,37187,2022-12-28,3989.14
13850,11479,2024-07-10,1405.23
13851,29261,2020-03-13,336.37
13852,35325,2023-08-17,409.89
13853,20555,2022-04-10,5025.31
13854,32153,2022-10-28,4170.01
13855,7796,2025-04-10,9794.86
13856,35156,2024-12-26,9129.48
13857,18751,2024-03-27,6151.25
13858,10479,2022-02-26,4799.05
13859,10750,2024-09-23,5775.63
13860,49947,2022-07-13,4697.55
13861,43462,2023-10-31,3532.37
13862,3782,2020-07-01,6142.67
13863,15847,2023-07-15,9310.56
13864,39994,2020-03-24,6495.28
13865,26234,2021-06-17,1856.6
13866,23817,2024-11-08,4811.18
13867,17362,2022-07-07,1808.49
13868,9089,2020-06-24,1282.41
13869,12530,2020-10-27,3363.59
13870,32498,2022-11-15,2071.86
13871,76,2023-02-06,9359.74
13872,32449,2023-10-22,653.09
13873,12636,2020-04-16,9644.98
13874,31640,2022-03-06,8423.96
13875,36371,2021-03-14,2686.63
13876,1658,2022-01-13,1016.48
13877,47246,2024-05-27,5713.28
13878,5850,2023-05-05,2537.97
13879,14168,2020-01-02,2580.45
13880,11936,2021-09-09,5782.2
13881,37638,2021-06-23,4630.85
13882,36977,2020-11-28,5118.44
13883,14829,2024-01-26,3258.99
13884,33118,2020-06-29,3309.82
13885,21245,2021-10-15,9994.24
13886,29463,2021-09-10,3992.82
13887,3091,2020-06-22,2307.41
13888,38617,2024-11-01,7074.23
13889,1524,2021-01-15,7859.32
13890,33410,2020-11-29,2428.74
13891,25290,2020-11-18,1182.4
13892,8191,2025-06-16,3011.07
13893,3497,2021-05-15,5300.05
13894,10751,2024-02-18,3869.78
13895,45164,2023-05-06,1630.35
13896,14441,2025-04-23,343.31
13897,32299,2021-06-30,5106.39
13898,8481,2022-08-01,8718.74
13899,14967,2022-07-27,5994.83
13900,6046,2020-10-02,8698.93
13901,39202,2024-07-06,7685.09
13902,6164,2020-02-25,3497.22
13903,32727,2023-02-05,4190.5
13904,39230,2020-01-03,8637.21
13905,28111,2022-04-15,7083.45
13906,10242,2025-04-14,5638.08
13907,22744,2020-03-02,9478.97
13908,1624,2025-03-11,562.01
13909,16637,2024-05-15,8582.92
13910,12918,2024-02-11,3254.79
13911,22596,2024-09-17,6526.2
13912,47330,2022-06-07,9158.81
13913,20047,2022-11-18,3605.04
13914,39251,2021-02-25,5001.45
13915,5779,2023-09-25,3294.19
13916,16752,2024-03-14,7072.04
13917,13804,2024-11-21,1391.25
13918,42531,2025-02-22,7554.61
13919,47764,2024-06-10,7828.76
13920,2031,2024-12-18,753.65
13921,29031,2024-02-02,4057.4
13922,32041,2025-01-06,6998.43
13923,13946,2020-07-30,1033.89
13924,45469,2020-04-19,7954.84
13925,10639,2022-04-10,6460.65
13926,7559,2021-09-28,4685.16
13927,28538,2021-02-25,1039.71
13928,10038,2023-10-23,806.3
13929,21008,2024-09-09,2527.6
13930,35065,2023-10-16,7923.47
13931,10424,2021-01-25,8911.13
13932,44226,2025-04-27,2552.25
13933,24230,2022-10-19,3113.79
13934,24629,2023-06-19,1784.62
13935,42530,2023-10-19,6890.12
13936,44885,2023-01-29,374.2
13937,5205,2023-12-24,9315.62
13938,34177,2023-12-03,2822.68
13939,17103,2021-04-06,7727.29
13940,49723,2023-07-02,9649.27
13941,7011,2022-03-07,1554.04
13942,22047,2022-04-14,1331.0
13943,20349,2020-12-24,2830.86
13944,3075,2020-08-08,5936.8
13945,33622,2020-12-01,113.35
13946,10854,2024-02-01,6098.69
13947,4290,2023-03-19,5811.39
13948,32377,2022-05-02,554.29
13949,49982,2023-01-14,5278.19
13950,49845,2023-03-06,8360.68
13951,31712,2020-12-08,3064.61
13952,5497,2025-05-22,8199.65
13953,20001,2022-06-14,4479.54
13954,7921,2021-12-13,8436.01
13955,2701,2022-05-31,4762.66
13956,39397,2022-10-02,9018.14
13957,17959,2021-04-24,9147.05
13958,15389,2023-08-08,164.04
13959,18537,2023-06-16,3919.28
13960,7193,2023-07-08,8884.52
13961,29971,2020-08-05,238.04
13962,5569,2020-01-04,1110.62
13963,43107,2021-06-19,4366.27
13964,1552,2025-05-14,9805.45
13965,37448,2020-12-28,9281.0
13966,28871,2024-12-10,5892.11
13967,20427,2021-12-31,2600.74
13968,27580,2024-03-27,6453.21
13969,11727,2024-06-05,3296.48
13970,12985,2022-03-22,6568.75
13971,44205,2020-05-16,1777.04
13972,41396,2024-05-20,6057.82
13973,29958,2024-03-02,6947.26
13974,17852,2020-06-14,7173.58
13975,19749,2023-01-24,9773.17
13976,18230,2021-08-11,359.97
13977,1535,2022-04-04,865.9
13978,15364,2020-06-23,6090.93
13979,34259,2022-08-08,4877.07
13980,20655,2023-05-24,6326.35
13981,6485,2022-06-16,6967.45
13982,44709,2023-11-05,440.25
13983,9214,2024-03-08,4876.58
13984,20203,2021-01-02,5020.72
13985,24018,2025-03-08,6250.26
13986,32938,2020-08-25,3648.45
13987,31408,2020-12-04,773.7
13988,37604,2023-06-16,3295.96
13989,33469,2020-05-25,2255.89
13990,20926,2023-10-19,7884.67
13991,33719,2020-03-06,8808.91
13992,44798,2021-04-18,1820.28
13993,19003,2020-07-03,6131.93
13994,3831,2023-06-21,2089.41
13995,16682,2022-12-23,8336.63
13996,510,2024-10-17,7739.99
13997,47263,2024-02-28,5860.54
13998,38662,2021-10-28,3242.01
13999,45843,2021-05-17,9832.56
14000,27258,2023-08-25,6499.58
14001,17825,2024-01-06,7413.59
14002,44392,2022-10-08,8816.55
14003,21850,2021-09-21,8254.93
14004,29365,2024-04-13,8226.83
14005,46846,2025-03-28,2615.43
14006,7582,2022-05-28,3227.69
14007,26750,2020-03-12,3986.13
14008,48971,2022-01-26,9175.99
14009,5230,2020-08-10,666.62
14010,449,2023-06-03,2665.71
14011,29838,2024-12-10,4484.48
14012,17018,2021-08-02,7179.63
14013,26634,2024-04-27,1705.45
14014,5887,2023-10-24,5124.13
14015,25291,2024-04-13,3417.37
14016,21994,2021-07-22,2241.58
14017,38415,2021-09-21,709.47
14018,23500,2022-09-25,8238.26
14019,27651,2024-04-17,6877.32
14020,918,2023-07-24,2881.17
14021,41784,2023-12-19,3952.86
14022,13499,2021-01-03,5526.12
14023,6938,2020-05-08,3280.2
14024,46695,2023-12-05,1954.61
14025,37042,2024-03-17,2185.54
14026,8791,2022-04-11,8521.61
14027,13264,2024-09-10,4898.19
14028,35133,2024-07-19,4767.86
14029,26877,2023-10-29,3937.27
14030,32055,2022-01-16,7254.69
14031,13504,2022-08-07,8313.49
14032,3,2020-03-14,7233.6
14033,5278,2021-08-08,4897.98
14034,38074,2023-12-08,2085.01
14035,48269,2020-05-08,5464.12
14036,26568,2021-04-23,7290.67
14037,6040,2024-02-15,4191.34
14038,24389,2020-08-27,9909.24
14039,42887,2023-03-26,9357.29
14040,4147,2020-05-20,9333.55
14041,39734,2025-06-15,5976.37
14042,3763,2024-11-02,5572.49
14043,19099,2020-10-25,5384.94
14044,18857,2022-11-30,4746.09
14045,24177,2022-08-28,1694.5
14046,36984,2024-10-17,8780.21
14047,31321,2020-12-10,8195.03
14048,33386,2022-10-11,7453.86
14049,17778,2024-09-17,6930.1
14050,18849,2022-04-24,4718.21
14051,48335,2023-11-22,9956.03
14052,31263,2020-02-10,4464.0
14053,1803,2024-01-14,2700.21
14054,8356,2024-01-01,3402.3
14055,43142,2022-02-12,7180.37
14056,25211,2021-07-11,3081.14
14057,9148,2020-07-23,6719.45
14058,48218,2022-06-15,7136.39
14059,26696,2024-03-11,9058.33
14060,10599,2022-03-07,4651.53
14061,21029,2024-10-07,4947.45
14062,45157,2022-08-29,782.64
14063,14366,2022-06-09,1837.76
14064,22416,2021-02-13,2599.64
14065,33487,2023-04-24,9328.07
14066,31910,2022-05-04,6444.92
14067,42933,2023-02-28,9031.9
14068,19848,2022-04-07,3191.1
14069,17379,2025-04-17,3364.49
14070,21001,2021-09-01,5036.97
14071,13589,2020-10-05,6630.3
14072,31913,2021-12-02,1556.31
14073,49989,2024-12-06,1813.83
14074,11539,2020-01-04,8047.11
14075,10489,2020-02-08,8639.21
14076,10352,2021-09-16,168.25
14077,7760,2024-01-21,7125.4
14078,1042,2022-05-05,3648.36
14079,14205,2021-06-29,3498.69
14080,48005,2023-05-24,5616.75
14081,4803,2020-04-29,7572.13
14082,12487,2020-10-07,9287.22
14083,38004,2022-08-05,204.14
14084,20568,2020-09-27,2736.61
14085,11696,2024-12-08,3937.28
14086,43336,2023-02-26,875.16
14087,18306,2025-03-12,451.51
14088,2870,2021-01-10,9935.92
14089,30823,2022-06-23,6493.76
14090,25251,2020-11-10,2757.45
14091,48742,2020-05-21,3818.73
14092,41847,2023-02-02,7100.9
14093,2237,2022-10-10,1537.53
14094,6515,2022-03-09,4306.6
14095,4924,2021-12-28,8647.36
14096,35066,2021-05-18,2785.61
14097,26850,2020-02-22,1810.29
14098,47091,2022-08-16,8861.17
14099,34782,2020-08-31,9505.24
14100,2353,2021-01-28,8814.72
14101,21271,2021-09-09,9231.13
14102,18244,2023-04-09,4135.89
14103,47907,2023-03-15,4736.58
14104,37262,2024-05-21,6244.3
14105,40094,2023-08-31,681.01
14106,18435,2023-09-17,6849.69
14107,2044,2022-05-16,5470.96
14108,21059,2020-12-29,9380.78
14109,2729,2022-01-27,5486.74
14110,24496,2020-10-05,9911.03
14111,32383,2020-03-26,9697.44
14112,16826,2021-04-03,4075.06
14113,21626,2025-01-11,441.06
14114,8818,2023-04-15,8095.11
14115,47110,2021-10-24,8540.67
14116,43524,2021-01-30,5574.27
14117,31405,2022-03-07,7353.36
14118,39745,2020-08-04,4823.08
14119,44088,2021-08-22,6365.21
14120,6114,2021-07-24,5170.43
14121,7556,2023-08-25,4850.53
14122,49243,2023-09-09,8220.09
14123,34286,2020-12-22,1876.74
14124,28911,2024-09-22,4303.42
14125,22432,2024-04-13,6775.05
14126,3813,2020-01-03,9857.5
14127,42201,2025-03-01,5760.04
14128,8377,2020-03-29,5546.96
14129,8387,2023-10-22,5129.42
14130,15399,2023-12-15,613.72
14131,48168,2020-03-03,6543.66
14132,3153,2020-10-05,9642.19
14133,36443,2022-01-28,7252.78
14134,22154,2021-03-08,3263.81
14135,23221,2023-01-14,6603.64
14136,22593,2024-10-22,5088.77
14137,13427,2025-03-21,6699.39
14138,28210,2020-03-17,9975.32
14139,37149,2024-07-24,6136.27
14140,41106,2024-07-03,290.6
14141,45029,2021-02-09,2610.5
14142,1899,2021-01-03,4291.83
14143,9686,2020-09-01,790.67
14144,18283,2024-04-20,4681.16
14145,22795,2021-01-28,4574.02
14146,13024,2023-02-17,8783.7
14147,48114,2022-02-15,2957.33
14148,22216,2022-04-03,4137.55
14149,15318,2025-05-28,2437.26
14150,29071,2022-07-03,8016.87
14151,39203,2025-02-06,7932.77
14152,41040,2020-02-02,9453.24
14153,12660,2022-07-04,8334.36
14154,7788,2022-03-13,8085.09
14155,33954,2021-01-13,2437.31
14156,31892,2022-11-20,6866.92
14157,22009,2024-01-30,514.65
14158,35828,2023-12-28,319.39
14159,30515,2023-02-16,3108.9
14160,43981,2025-01-11,8705.29
14161,3935,2023-01-06,2826.81
14162,30293,2022-02-16,9297.03
14163,1438,2020-11-18,2283.08
14164,43129,2022-06-05,569.3
14165,21488,2020-06-10,5979.93
14166,44697,2022-12-10,8192.06
14167,8030,2022-09-14,5743.63
14168,25034,2024-01-30,5102.24
14169,48327,2025-01-04,4445.53
14170,27908,2020-08-05,7188.13
14171,38463,2024-09-27,9660.01
14172,24377,2023-11-20,3210.24
14173,29661,2022-07-10,3493.49
14174,22198,2022-08-24,762.26
14175,18436,2022-04-14,1735.77
14176,40129,2020-03-30,5308.04
14177,26367,2022-06-07,3222.66
14178,19760,2020-05-09,8215.28
14179,32919,2020-01-12,6259.37
14180,43014,2022-04-06,7339.95
14181,24435,2023-11-05,4472.72
14182,11717,2020-02-01,1086.1
14183,40151,2020-02-20,5667.33
14184,34534,2021-01-14,2665.92
14185,40263,2023-10-13,5270.99
14186,44677,2020-09-23,1204.58
14187,4001,2024-12-28,7814.15
14188,9114,2024-03-11,4053.94
14189,33723,2024-01-11,6685.15
14190,85,2025-05-18,4974.76
14191,8610,2024-01-26,4720.99
14192,12442,2020-02-23,3880.65
14193,10954,2021-06-01,4879.69
14194,48660,2024-12-22,6165.78
14195,21750,2020-01-08,2318.72
14196,8565,2025-04-11,7173.1
14197,36042,2023-08-10,4907.65
14198,23903,2021-10-09,6206.13
14199,14394,2024-04-01,4778.74
14200,4865,2025-03-09,1720.62
14201,16008,2023-09-24,3344.93
14202,38096,2021-01-15,3471.94
14203,43246,2023-11-11,4111.29
14204,35667,2023-12-19,3258.51
14205,26330,2025-03-19,6779.82
14206,48316,2024-10-02,9942.71
14207,43710,2025-01-18,7091.63
14208,10002,2021-09-13,9593.13
14209,48834,2022-06-07,7409.08
14210,5093,2023-10-08,5907.74
14211,10589,2021-08-30,7086.04
14212,41282,2023-06-01,8185.65
14213,33972,2021-03-29,8353.23
14214,16195,2022-01-22,1369.46
14215,15231,2020-11-13,6292.38
14216,20056,2023-08-25,1683.58
14217,29449,2022-08-12,7327.27
14218,30059,2023-10-04,154.76
14219,32048,2024-11-24,6448.64
14220,7550,2024-06-24,584.58
14221,24398,2024-10-10,9020.77
14222,16510,2024-11-12,7466.79
14223,43382,2022-06-12,9216.03
14224,29876,2023-09-24,4902.02
14225,43723,2020-12-16,127.79
14226,16254,2025-02-17,9350.38
14227,20075,2021-10-24,2758.39
14228,3598,2022-07-31,3411.96
14229,2578,2024-08-25,5578.46
14230,48356,2023-07-17,2248.67
14231,45133,2024-05-19,9602.51
14232,11091,2023-10-24,1383.62
14233,36393,2022-09-19,3406.92
14234,1611,2020-02-18,9622.5
14235,42879,2024-08-26,9914.56
14236,5297,2021-10-02,6451.43
14237,15941,2025-02-18,7867.92
14238,21205,2021-06-17,5811.27
14239,45961,2022-07-19,4696.04
14240,44044,2022-10-23,3521.04
14241,20417,2023-11-20,2429.41
14242,46193,2022-01-16,2733.89
14243,3854,2021-02-24,4923.1
14244,10560,2025-01-23,9438.46
14245,43034,2022-04-24,8713.23
14246,33159,2024-12-08,3340.81
14247,12343,2024-11-28,9525.68
14248,14139,2025-04-01,1659.91
14249,15568,2023-09-25,5477.17
14250,30287,2024-09-24,6925.84
14251,20631,2024-01-05,9423.98
14252,47062,2020-11-11,2429.99
14253,41423,2022-11-30,3149.12
14254,21393,2022-07-19,1258.05
14255,22402,2023-05-24,3428.6
14256,29894,2020-08-31,8392.82
14257,9127,2023-01-30,4217.96
14258,25820,2021-04-18,9888.75
14259,19760,2024-12-07,4026.81
14260,49663,2020-06-28,7205.49
14261,37637,2020-06-28,4057.17
14262,11954,2022-05-24,2459.67
14263,29076,2023-09-03,1864.32
14264,14699,2021-12-03,1819.93
14265,20450,2024-12-11,6495.15
14266,19294,2020-03-10,828.25
14267,37982,2021-07-05,6420.2
14268,35535,2022-10-29,4212.94
14269,12763,2024-07-07,6664.13
14270,41730,2024-01-17,319.56
14271,228,2020-05-24,1462.93
14272,10587,2024-08-13,8737.78
14273,23727,2022-04-05,9999.13
14274,33576,2024-10-24,8436.96
14275,6361,2020-03-20,1344.53
14276,49700,2024-05-05,2092.11
14277,12264,2022-04-04,1845.4
14278,5517,2021-08-20,8690.9
14279,42853,2024-08-06,8288.01
14280,49876,2020-06-21,4173.61
14281,11254,2020-07-07,1327.45
14282,16022,2022-02-18,8896.83
14283,16499,2023-05-09,5862.38
14284,26827,2020-01-06,9773.3
14285,39430,2025-04-07,2893.69
14286,36804,2021-09-05,470.24
14287,46915,2024-01-28,9824.91
14288,6452,2025-03-28,3594.92
14289,26319,2024-11-18,4537.22
14290,40451,2023-05-10,962.44
14291,27537,2024-11-02,5970.99
14292,13183,2020-06-11,2674.88
14293,4162,2022-12-06,6844.92
14294,31673,2021-08-19,7624.51
14295,45264,2020-04-26,2948.36
14296,12913,2023-07-22,4470.74
14297,139,2020-10-09,3515.64
14298,49828,2020-05-18,9792.68
14299,26956,2020-11-21,8496.97
14300,43555,2023-04-25,4271.35
14301,34605,2021-07-06,5185.59
14302,11129,2021-11-13,9841.83
14303,41641,2020-01-28,2793.54
14304,11072,2021-07-28,8863.84
14305,4367,2025-02-01,9421.61
14306,35116,2021-05-03,4653.79
14307,17450,2023-12-23,2551.31
14308,26197,2023-07-27,1637.47
14309,24068,2023-10-12,820.64
14310,46407,2021-12-17,1898.46
14311,21417,2021-03-23,3433.3
14312,22790,2023-09-20,7757.53
14313,26535,2021-04-01,3944.79
14314,22225,2023-08-11,3696.88
14315,44004,2023-02-19,8460.14
14316,36095,2024-04-29,5985.78
14317,49031,2025-01-26,4655.44
14318,8922,2021-04-10,6332.4
14319,21236,2023-04-09,5646.62
14320,8050,2024-03-04,4499.71
14321,23655,2024-09-26,4056.3
14322,22048,2025-02-26,8861.33
14323,42354,2022-09-02,1925.43
14324,19287,2023-12-20,1661.95
14325,32819,2025-01-06,8027.4
14326,23790,2021-07-12,1293.84
14327,24616,2022-07-27,9701.08
14328,22407,2020-05-01,2861.89
14329,6367,2021-10-24,8547.42
14330,41478,2023-08-04,6506.84
14331,8156,2023-01-02,8110.36
14332,12895,2021-01-12,4057.31
14333,45437,2020-12-23,2111.25
14334,30095,2024-09-16,9486.36
14335,30866,2024-08-28,7889.65
14336,14770,2023-01-05,1585.49
14337,10122,2022-02-21,4482.26
14338,20709,2025-05-01,3371.09
14339,38449,2024-03-28,1631.04
14340,29126,2023-08-07,5965.06
14341,42235,2020-05-09,7424.4
14342,20874,2022-12-20,2412.42
14343,23847,2025-01-30,5543.59
14344,2730,2021-02-28,2088.26
14345,42285,2021-08-30,6643.85
14346,47843,2021-04-22,7019.6
14347,29724,2021-08-20,5074.52
14348,16985,2024-03-19,6679.83
14349,45660,2022-08-06,7018.29
14350,31817,2021-09-13,9131.83
14351,34565,2021-04-16,8365.95
14352,8505,2022-11-03,8238.94
14353,37968,2021-10-18,315.12
14354,13341,2023-03-11,2701.9
14355,32055,2022-01-13,2012.03
14356,33431,2024-02-19,9939.03
14357,5778,2022-11-30,5682.82
14358,15770,2022-04-09,1823.61
14359,41455,2022-03-30,5747.47
14360,19432,2020-10-09,6972.6
14361,34963,2020-12-06,8250.73
14362,22757,2020-02-09,2861.45
14363,34500,2020-02-04,5621.96
14364,44594,2024-02-06,3087.99
14365,37196,2020-04-04,4556.58
14366,21953,2024-09-18,4130.01
14367,49928,2024-09-08,2218.3
14368,44476,2024-09-22,3003.38
14369,16826,2020-01-11,2644.64
14370,35817,2022-02-01,8133.58
14371,411,2020-09-06,1540.31
14372,8301,2021-08-14,9723.05
14373,7670,2023-11-14,4077.75
14374,19558,2022-05-15,2334.2
14375,14757,2021-01-15,7650.69
14376,5869,2025-01-06,1011.39
14377,19321,2024-08-22,8171.35
14378,8079,2022-11-10,3176.92
14379,21214,2022-05-10,1800.68
14380,10652,2025-02-09,8463.47
14381,1727,2022-04-04,5993.66
14382,19550,2023-06-25,5431.07
14383,484,2022-10-12,3058.11
14384,6964,2022-06-19,5055.99
14385,20524,2021-02-15,7832.44
14386,22586,2021-04-23,4822.96
14387,607,2021-09-17,6346.14
14388,5262,2021-04-03,484.55
14389,43398,2020-09-07,5970.11
14390,39699,2020-11-28,2385.64
14391,26046,2020-12-28,7379.04
14392,12023,2025-02-04,3204.32
14393,41395,2022-07-11,3013.09
14394,19446,2022-05-11,4204.26
14395,1818,2024-09-12,1265.15
14396,37490,2021-07-13,7560.33
14397,17336,2024-01-30,6317.96
14398,2807,2021-04-06,2878.3
14399,41836,2020-02-27,7747.27
14400,47122,2023-03-06,9619.01
14401,26085,2023-08-27,8584.95
14402,37549,2020-10-27,4201.08
14403,31231,2023-03-25,3014.91
14404,36063,2020-06-04,180.37
14405,39634,2020-06-22,2661.97
14406,47348,2022-07-09,1246.79
14407,28681,2020-10-08,8298.41
14408,11610,2022-02-01,7796.46
14409,19330,2023-09-03,4760.28
14410,36986,2023-05-04,1258.73
14411,29152,2020-07-13,5243.59
14412,7533,2023-12-12,5352.2
14413,7494,2025-04-24,6348.56
14414,31572,2022-09-03,5304.62
14415,35656,2024-10-31,1085.54
14416,9325,2022-07-18,6426.28
14417,19268,2021-07-09,9906.41
14418,31577,2023-09-17,6371.36
14419,21023,2024-10-18,3692.84
14420,2119,2023-07-24,6256.2
14421,17583,2023-11-26,5632.06
14422,31582,2020-02-05,1040.58
14423,44507,2021-08-04,6377.87
14424,34513,2021-04-12,6563.92
14425,42720,2021-11-23,3564.13
14426,19475,2022-02-05,3078.3
14427,26329,2020-05-27,5022.97
14428,11357,2024-02-12,1534.29
14429,44441,2023-05-31,1010.23
14430,25653,2024-01-31,7572.53
14431,25598,2024-07-08,1910.75
14432,32229,2020-05-06,2559.46
14433,33355,2024-06-17,3873.41
14434,24196,2023-07-06,7217.29
14435,3487,2021-12-24,5708.54
14436,37543,2021-06-03,4630.08
14437,29939,2020-09-12,9843.59
14438,48865,2022-03-26,4762.15
14439,3884,2021-02-10,5912.18
14440,36955,2024-07-11,918.61
14441,31635,2024-03-16,2790.91
14442,40825,2020-01-02,2999.28
14443,48492,2024-05-28,2312.38
14444,35962,2020-10-19,3033.47
14445,10599,2022-01-31,4888.07
14446,38753,2023-01-22,8577.2
14447,20262,2020-02-20,6483.3
14448,4042,2023-04-10,8000.81
14449,35521,2023-03-21,4929.52
14450,19570,2020-06-08,5722.6
14451,49571,2020-07-02,785.7
14452,21003,2025-01-15,1500.15
14453,13390,2023-04-30,8328.56
14454,40518,2023-03-27,9928.58
14455,49963,2020-06-14,7850.19
14456,40423,2023-02-16,2047.92
14457,35543,2024-07-19,342.74
14458,20485,2022-04-25,490.98
14459,5786,2024-09-14,2756.7
14460,48850,2022-06-17,8821.43
14461,39712,2023-12-03,2211.14
14462,4399,2020-02-14,6462.68
14463,1976,2023-04-28,1469.36
14464,26581,2020-05-14,7094.74
14465,14426,2025-02-15,1556.05
14466,10802,2023-03-24,3906.08
14467,22883,2024-10-31,2140.02
14468,12490,2023-06-07,2838.93
14469,21434,2020-01-23,7127.86
14470,9884,2023-03-29,5660.33
14471,5215,2021-05-28,1097.94
14472,40527,2023-05-11,8361.22
14473,21175,2021-11-04,6074.9
14474,17210,2022-08-05,2895.18
14475,21493,2023-04-27,4050.5
14476,28346,2023-02-08,8831.91
14477,12285,2023-11-06,3323.54
14478,16814,2022-03-12,2866.59
14479,36682,2024-12-03,2184.59
14480,22189,2020-09-22,7900.83
14481,36490,2021-04-17,2627.34
14482,34150,2021-10-03,4794.49
14483,31442,2024-11-11,198.99
14484,14128,2025-05-03,9595.08
14485,1756,2023-01-09,8348.68
14486,43710,2023-03-26,6562.25
14487,30492,2020-07-28,3138.89
14488,14450,2023-06-15,1957.15
14489,36440,2020-11-11,4436.55
14490,20985,2020-01-17,2314.13
14491,48454,2020-07-02,9376.29
14492,46377,2021-05-09,7361.93
14493,2912,2021-08-20,6926.53
14494,38662,2022-08-04,6819.43
14495,34187,2025-04-28,7675.21
14496,4483,2024-01-31,532.37
14497,37832,2022-02-22,2657.3
14498,18337,2020-06-01,5798.61
14499,2031,2023-07-18,2262.18
14500,27311,2024-06-24,6038.94
14501,17363,2020-03-19,9589.95
14502,17146,2024-01-04,3388.74
14503,38675,2024-12-11,7598.03
14504,48393,2023-04-22,4391.5
14505,49287,2021-08-16,7196.18
14506,2621,2024-04-21,727.31
14507,35342,2024-07-21,3710.03
14508,13718,2020-03-05,7283.85
14509,39356,2023-08-05,8475.25
14510,18733,2020-05-10,4225.75
14511,24340,2023-08-21,5556.41
14512,27588,2025-04-25,9663.18
14513,15399,2021-11-24,4604.11
14514,29942,2020-05-28,2434.15
14515,23528,2020-04-19,304.4
14516,23760,2020-04-14,9226.57
14517,26265,2022-11-16,638.04
14518,39113,2021-01-22,2462.59
14519,11445,2020-04-24,8580.11
14520,49533,2023-06-04,9399.3
14521,42777,2020-05-08,6688.73
14522,13486,2022-02-10,2661.1
14523,11583,2021-03-14,2754.94
14524,17523,2024-04-08,5103.74
14525,22831,2023-02-07,9347.86
14526,49294,2021-10-30,9473.47
14527,30487,2024-04-06,4362.86
14528,37392,2023-03-20,3279.42
14529,5268,2020-07-31,3931.67
14530,17909,2022-04-25,2412.58
14531,13699,2021-06-03,1803.37
14532,22278,2025-01-23,6870.52
14533,25629,2023-01-08,2672.46
14534,6404,2021-04-27,8318.23
14535,13249,2023-01-16,2548.26
14536,2056,2021-07-24,5546.43
14537,3376,2023-01-18,7130.76
14538,14591,2024-12-03,6561.38
14539,30804,2023-07-28,1222.34
14540,23568,2024-03-12,2821.09
14541,36143,2020-04-11,263.69
14542,12063,2024-09-04,5944.21
14543,6240,2020-08-05,6200.18
14544,12410,2023-07-03,4809.3
14545,20706,2021-10-27,6377.44
14546,12317,2023-03-27,8527.72
14547,23671,2020-07-12,2619.44
14548,40107,2021-01-14,5428.69
14549,49186,2020-08-22,1438.52
14550,15548,2020-02-22,2423.91
14551,25651,2021-12-13,3118.05
14552,34313,2021-11-09,7147.69
14553,43141,2021-09-11,1555.08
14554,49680,2022-06-25,6993.49
14555,36027,2025-06-21,1027.13
14556,6328,2021-10-13,6828.88
14557,23745,2024-07-21,7851.28
14558,38282,2024-02-15,9029.52
14559,37849,2020-06-26,8317.08
14560,1527,2020-02-25,6430.9
14561,33372,2021-02-27,7897.7
14562,8995,2025-03-17,7216.42
14563,33854,2025-04-19,4785.6
14564,16527,2020-06-25,7890.08
14565,42346,2023-08-04,152.84
14566,32675,2021-08-16,8062.48
14567,12411,2023-10-28,9248.47
14568,9714,2021-03-04,9145.41
14569,5235,2020-07-31,9985.74
14570,19960,2024-01-27,2860.18
14571,23120,2023-09-12,1454.4
14572,754,2022-06-19,4976.24
14573,31880,2021-01-18,3490.85
14574,47469,2020-06-20,4626.99
14575,24159,2020-06-17,3692.3
14576,37128,2024-06-20,8564.99
14577,31885,2022-01-04,5472.44
14578,34302,2020-12-06,7949.73
14579,34363,2023-05-03,3051.15
14580,3921,2022-08-27,4007.48
14581,3247,2025-03-31,2935.17
14582,17980,2022-08-28,9717.44
14583,3241,2020-05-29,4509.65
14584,39988,2021-02-04,4156.38
14585,36068,2023-06-19,8414.54
14586,23800,2024-06-12,7595.12
14587,35148,2022-05-22,9211.42
14588,2936,2021-11-20,7567.97
14589,29732,2024-10-13,3535.83
14590,40269,2020-06-07,3087.96
14591,99,2022-06-27,6877.22
14592,15429,2025-06-16,1383.5
14593,26312,2020-02-20,979.32
14594,7159,2024-11-18,7965.06
14595,38155,2024-12-29,6395.45
14596,48268,2022-05-22,2266.79
14597,28555,2020-01-20,6728.04
14598,38289,2020-06-24,3163.78
14599,48539,2022-08-31,2913.06
14600,22413,2022-06-10,2806.88
14601,35950,2020-03-12,5117.02
14602,9048,2022-08-25,9419.4
14603,18846,2022-01-11,9489.42
14604,21389,2020-11-25,5509.23
14605,19464,2024-07-14,8698.44
14606,27589,2022-09-26,5101.75
14607,26987,2024-08-04,4971.42
14608,27000,2020-03-02,477.95
14609,38708,2020-06-27,7476.48
14610,3974,2024-10-07,6408.62
14611,38215,2023-02-24,3734.76
14612,1974,2024-09-29,1555.06
14613,37142,2023-01-26,9904.79
14614,25080,2020-05-06,8185.52
14615,26334,2024-06-04,6309.88
14616,12367,2023-11-29,264.6
14617,32293,2021-05-23,8710.76
14618,26552,2024-11-01,6137.06
14619,49065,2025-02-26,1664.27
14620,17084,2025-01-03,8159.78
14621,20575,2023-03-12,6075.41
14622,14789,2024-04-20,5355.11
14623,7853,2022-01-09,1485.55
14624,6778,2020-01-09,2621.76
14625,33445,2022-01-17,6935.67
14626,41182,2022-01-08,3566.38
14627,26535,2023-08-31,3530.83
14628,13059,2023-06-14,1884.64
14629,32333,2023-09-23,2137.63
14630,39499,2025-01-19,6775.38
14631,38858,2020-05-24,9226.24
14632,37598,2021-08-16,637.67
14633,38110,2024-03-19,4974.59
14634,43613,2022-10-04,9565.97
14635,30246,2024-06-07,5398.96
14636,22958,2024-03-28,4291.01
14637,19690,2025-06-17,2974.7
14638,121,2021-09-18,7569.3
14639,24113,2023-08-15,8962.84
14640,29730,2021-04-20,9899.47
14641,16026,2020-09-20,3157.39
14642,28802,2022-01-16,1359.52
14643,3451,2021-02-07,7264.01
14644,44167,2020-05-02,8325.31
14645,11124,2023-05-18,8741.55
14646,30926,2020-07-17,6081.47
14647,28123,2023-09-02,9607.29
14648,25370,2021-07-09,1209.7
14649,16355,2024-02-13,3148.87
14650,43083,2023-04-17,3067.02
14651,23642,2024-01-05,4048.15
14652,29305,2024-01-22,7533.74
14653,5731,2025-04-03,300.3
14654,44357,2023-02-14,271.87
14655,7440,2022-01-28,1458.81
14656,2123,2023-12-08,1938.98
14657,32609,2025-03-05,9892.69
14658,20617,2024-02-25,2653.6
14659,48022,2023-09-25,4629.01
14660,2309,2021-09-04,387.07
14661,36052,2024-03-25,9311.79
14662,22392,2024-10-23,566.33
14663,23138,2021-02-05,9032.98
14664,8990,2021-01-14,2082.94
14665,27210,2020-10-07,9098.23
14666,32384,2024-02-12,3373.6
14667,11749,2024-06-26,4820.25
14668,33132,2020-06-10,7138.46
14669,14403,2020-02-13,7457.33
14670,20711,2020-09-02,436.9
14671,40939,2025-05-12,292.59
14672,49535,2024-02-11,3284.53
14673,12523,2021-04-20,5164.68
14674,15372,2024-06-13,8746.46
14675,37925,2022-05-25,1891.44
14676,44714,2023-05-04,3789.48
14677,21817,2023-04-09,4410.44
14678,20492,2025-04-23,4928.33
14679,43182,2023-09-13,7077.99
14680,40161,2024-11-28,9108.04
14681,2203,2020-04-23,1377.91
14682,16903,2021-05-12,4755.01
14683,21482,2023-03-24,9849.79
14684,49388,2024-12-30,6031.56
14685,22448,2022-04-02,8501.07
14686,37162,2023-04-02,8908.32
14687,9708,2021-04-13,803.29
14688,48795,2025-06-14,4861.2
14689,24458,2020-08-02,9622.45
14690,10538,2021-09-10,1577.65
14691,31478,2022-04-19,1965.5
14692,42938,2020-03-09,5109.97
14693,13353,2023-02-01,1418.38
14694,42249,2020-11-16,8613.02
14695,35948,2025-04-01,7651.55
14696,38114,2024-06-08,8510.75
14697,1198,2022-07-28,4111.71
14698,27753,2020-10-25,6504.61
14699,20317,2023-01-02,3337.96
14700,6482,2024-01-13,725.35
14701,1629,2020-10-03,7770.85
14702,31710,2021-03-20,9719.61
14703,12409,2020-05-20,2930.94
14704,15547,2023-02-05,2947.57
14705,31501,2022-05-31,2144.77
14706,19286,2024-03-05,4323.22
14707,42512,2022-11-17,3819.59
14708,35757,2020-06-06,8860.28
14709,8736,2023-01-10,7923.73
14710,25000,2023-02-03,8817.57
14711,19802,2024-07-23,9202.83
14712,48223,2022-04-05,6824.49
14713,32684,2023-05-19,6469.03
14714,11370,2022-10-14,4714.8
14715,30582,2020-01-21,920.92
14716,994,2023-10-01,4518.15
14717,13169,2023-04-12,3689.53
14718,42492,2020-08-04,3846.44
14719,31046,2022-04-30,5064.16
14720,35772,2021-06-20,5320.26
14721,12579,2021-05-03,2238.43
14722,4427,2020-11-08,2820.69
14723,3516,2021-10-21,2111.62
14724,5654,2022-10-14,7390.31
14725,33680,2022-02-12,9647.41
14726,37180,2024-12-14,2522.94
14727,13354,2021-11-19,8650.26
14728,28301,2022-09-04,7329.38
14729,47383,2025-04-23,3131.38
14730,22688,2022-05-20,5296.74
14731,11504,2020-06-10,6138.77
14732,39782,2023-11-18,7737.18
14733,16540,2020-10-15,5489.14
14734,9121,2024-07-08,6591.82
14735,39656,2022-08-08,3273.14
14736,44442,2025-04-22,1320.69
14737,42996,2023-05-02,694.89
14738,5457,2022-12-06,2989.1
14739,39667,2021-11-19,6710.99
14740,14694,2025-06-09,982.16
14741,27250,2020-01-30,7414.84
14742,41838,2024-02-19,4131.71
14743,18700,2020-07-29,4734.35
14744,11188,2021-04-13,2208.94
14745,17499,2020-11-10,7003.14
14746,43971,2022-01-27,9707.78
14747,357,2024-02-24,4070.73
14748,27956,2022-08-31,1244.02
14749,7166,2020-10-13,269.72
14750,26437,2020-10-03,8675.11
14751,46958,2023-07-20,7082.61
14752,42301,2022-10-18,8479.28
14753,19284,2022-08-06,3987.45
14754,33788,2021-03-10,6369.64
14755,6446,2021-02-11,3939.74
14756,23785,2020-08-16,3353.62
14757,45640,2025-05-13,5944.22
14758,47723,2023-06-10,2262.81
14759,9180,2021-09-01,7316.92
14760,26013,2024-09-06,6373.71
14761,33842,2024-12-16,4124.12
14762,8553,2020-09-28,2924.23
14763,12802,2022-04-05,3661.53
14764,35776,2022-12-08,3183.22
14765,19942,2023-12-20,3677.11
14766,32427,2021-01-30,257.66
14767,39050,2024-08-31,3469.45
14768,17261,2022-08-11,5454.09
14769,28371,2024-05-14,4875.85
14770,1820,2024-12-20,1497.78
14771,43392,2022-02-19,9474.84
14772,29151,2023-08-06,1925.83
14773,2,2021-03-20,5821.52
14774,26269,2022-07-11,3776.27
14775,4916,2020-08-17,6765.91
14776,24061,2023-01-13,4413.81
14777,6172,2021-05-15,506.01
14778,2305,2025-02-01,6374.68
14779,3003,2023-06-18,9264.2
14780,30508,2024-12-10,8708.35
14781,35826,2024-06-30,3350.13
14782,7928,2020-08-17,3318.82
14783,19541,2020-09-02,5917.49
14784,19699,2020-04-10,2047.06
14785,21710,2022-03-19,6314.15
14786,44971,2022-09-28,8031.63
14787,4881,2024-07-01,2114.88
14788,12726,2022-08-10,9583.5
14789,1295,2024-08-20,5081.99
14790,49631,2022-12-04,2255.17
14791,27644,2020-03-14,762.46
14792,5297,2020-09-13,2936.41
14793,12708,2023-01-31,4787.11
14794,37646,2023-01-20,4837.7
14795,20955,2024-11-16,2124.04
14796,3459,2023-06-14,2656.59
14797,41828,2021-12-23,6815.23
14798,23806,2024-06-17,7770.74
14799,30966,2020-03-24,1166.93
14800,36230,2022-08-05,6692.61
14801,34174,2021-06-15,9171.64
14802,42459,2022-11-12,448.61
14803,5654,2022-05-12,6169.52
14804,49686,2024-06-19,5868.35
14805,25799,2022-06-02,2434.15
14806,3303,2022-05-07,8265.14
14807,28082,2022-08-31,164.85
14808,19788,2022-02-12,9298.5
14809,12997,2023-03-30,6021.25
14810,25834,2020-01-08,4960.8
14811,44401,2023-09-04,7427.35
14812,5118,2024-07-17,9427.76
14813,14089,2023-03-01,8236.4
14814,30877,2025-04-16,5721.0
14815,44571,2024-04-19,1347.93
14816,14538,2020-04-02,3868.67
14817,30809,2022-09-11,8743.44
14818,25915,2022-07-18,8527.01
14819,19893,2020-11-07,4255.27
14820,23897,2024-08-01,4783.88
14821,8068,2020-10-20,6874.49
14822,44395,2022-01-02,4449.25
14823,39420,2023-12-23,985.93
14824,14825,2021-08-20,7322.42
14825,20780,2021-03-17,6534.84
14826,24087,2021-09-21,2066.81
14827,27638,2024-08-24,8047.62
14828,32070,2021-09-13,8183.88
14829,28749,2022-04-22,2545.85
14830,12101,2023-01-20,1499.77
14831,45244,2021-01-09,2043.03
14832,41723,2024-10-01,4982.73
14833,2691,2021-10-25,3261.34
14834,48151,2021-08-08,6766.51
14835,37925,2021-04-07,5260.41
14836,16402,2023-09-04,6744.59
14837,20229,2021-09-12,2285.99
14838,35676,2024-02-19,5952.58
14839,13222,2025-05-12,8843.59
14840,32687,2022-07-05,5878.37
14841,16251,2023-06-05,6919.43
14842,46418,2022-07-20,9507.44
14843,14408,2024-11-12,8876.03
14844,38540,2022-03-26,2327.06
14845,42910,2025-02-18,8181.19
14846,34518,2024-11-17,9802.28
14847,34310,2023-11-21,7908.67
14848,13790,2020-01-02,1374.0
14849,27080,2024-07-04,6240.13
14850,37887,2023-12-05,6562.51
14851,45175,2022-02-13,1559.44
14852,26048,2023-02-02,5595.15
14853,15727,2023-05-26,9239.35
14854,7536,2022-09-16,3024.65
14855,37341,2020-10-01,8093.57
14856,4063,2022-07-24,6470.48
14857,8773,2020-01-21,6777.92
14858,39870,2023-08-30,3065.28
14859,28537,2021-02-13,7594.64
14860,15437,2024-01-21,6403.27
14861,43284,2022-03-14,5288.53
14862,32666,2020-10-26,4956.32
14863,20411,2022-10-20,3138.39
14864,35184,2025-01-29,2101.18
14865,43538,2020-01-27,7694.25
14866,43501,2021-10-09,2074.94
14867,19936,2025-02-24,1757.05
14868,27971,2023-11-09,8526.73
14869,9763,2021-09-30,891.56
14870,36966,2024-12-19,1618.29
14871,4367,2020-03-13,1001.51
14872,2355,2022-11-20,9586.04
14873,957,2023-11-15,1137.88
14874,41219,2022-10-29,159.3
14875,3619,2020-07-17,6162.9
14876,13234,2021-04-20,7163.58
14877,21000,2021-01-15,1858.97
14878,29443,2021-04-26,3553.17
14879,27958,2021-03-12,3167.02
14880,20939,2025-03-22,7266.23
14881,41840,2020-05-23,4001.64
14882,31649,2021-12-14,5332.99
14883,11464,2023-12-02,7786.56
14884,13964,2023-09-15,4983.29
14885,36242,2020-06-22,7283.5
14886,2994,2025-05-02,5709.36
14887,8427,2024-10-18,7155.81
14888,18206,2020-08-20,997.99
14889,20870,2024-12-26,9784.37
14890,13441,2023-12-29,960.96
14891,32308,2024-10-12,6397.46
14892,2512,2024-03-04,329.02
14893,18973,2024-08-21,5219.47
14894,5950,2024-04-14,1050.61
14895,26757,2023-08-06,990.93
14896,9939,2024-10-21,2920.7
14897,534,2022-10-08,2492.14
14898,36529,2020-10-01,1454.51
14899,48759,2025-06-17,5834.09
14900,35464,2023-12-06,8865.48
14901,30579,2020-01-06,9182.54
14902,22610,2023-03-14,2974.95
14903,11116,2023-01-29,8659.27
14904,7152,2021-08-25,9678.4
14905,31694,2025-03-13,3190.44
14906,26180,2020-06-12,9378.21
14907,26152,2024-03-16,4317.69
14908,9307,2023-03-13,4694.06
14909,27288,2024-01-15,4855.92
14910,24286,2022-12-06,7338.23
14911,21580,2020-01-23,2680.24
14912,29931,2022-01-05,2479.47
14913,35304,2023-05-03,6332.27
14914,22957,2024-01-09,5620.25
14915,10116,2023-01-13,803.33
14916,15450,2020-12-09,9034.91
14917,17855,2025-04-18,2977.57
14918,21057,2025-06-17,7534.58
14919,13467,2021-08-01,5826.34
14920,36567,2021-04-11,5765.08
14921,31167,2023-08-15,8601.4
14922,1898,2025-04-11,8816.46
14923,32614,2023-10-26,5645.66
14924,12427,2024-06-21,4341.34
14925,21735,2022-09-20,6238.67
14926,10282,2020-06-20,1284.65
14927,34261,2023-06-09,4258.25
14928,30294,2021-04-30,6653.4
14929,22876,2024-04-10,7653.91
14930,43206,2021-12-07,7240.85
14931,25988,2023-03-29,1828.7
14932,23545,2025-01-29,6154.29
14933,25882,2020-02-12,994.25
14934,15591,2023-02-09,6000.36
14935,37237,2022-01-16,7484.75
14936,39323,2024-01-21,6350.72
14937,31399,2024-01-21,6286.65
14938,1237,2025-01-27,6566.05
14939,36117,2023-06-18,4238.74
14940,7734,2023-11-19,3911.41
14941,11960,2020-04-27,4505.01
14942,37085,2024-01-25,2192.05
14943,26210,2021-04-23,4592.93
14944,10815,2023-03-06,9055.35
14945,4650,2024-05-02,2978.25
14946,19193,2022-06-20,4367.61
14947,16494,2020-08-28,6495.39
14948,16026,2024-05-08,7695.27
14949,26821,2022-04-09,189.9
14950,8136,2023-02-24,6674.36
14951,27508,2021-09-24,1519.65
14952,5842,2022-08-07,7464.71
14953,31104,2024-02-15,1445.84
14954,453,2023-10-09,7525.96
14955,24683,2020-08-22,9462.89
14956,32773,2021-07-21,2313.08
14957,32905,2020-12-03,186.42
14958,41753,2021-08-21,1198.06
14959,19897,2021-02-17,9201.25
14960,14502,2023-02-28,4756.71
14961,46728,2022-06-14,5422.86
14962,9856,2024-11-25,1615.53
14963,7233,2022-12-20,9872.16
14964,11703,2025-04-18,1906.64
14965,22908,2024-10-30,6062.31
14966,48256,2021-05-05,5737.24
14967,24773,2023-07-06,747.51
14968,44626,2023-11-23,9964.75
14969,24356,2022-08-20,5545.56
14970,26096,2024-08-19,1640.14
14971,41556,2023-08-03,7572.57
14972,42486,2023-05-07,3985.09
14973,30872,2023-09-12,6734.0
14974,4797,2021-07-20,2311.98
14975,723,2022-08-28,9230.43
14976,24670,2020-04-01,505.3
14977,11239,2022-06-10,300.34
14978,13129,2020-08-15,8661.84
14979,9340,2025-05-16,5487.56
14980,26151,2023-02-07,3480.87
14981,26881,2025-03-10,1497.33
14982,36877,2020-10-07,692.17
14983,27842,2022-08-08,3025.4
14984,18986,2025-03-26,8129.48
14985,33977,2024-05-04,2005.69
14986,31819,2021-07-03,9796.83
14987,49402,2022-04-07,7936.88
14988,46719,2023-01-13,216.84
14989,24514,2021-11-22,5541.79
14990,49399,2023-09-25,4019.03
14991,48848,2025-06-16,4495.83
14992,47929,2023-05-06,4491.16
14993,19890,2023-01-04,8526.38
14994,29999,2022-09-03,6887.72
14995,40556,2023-04-11,2977.87
14996,27997,2023-06-02,5204.68
14997,45184,2021-09-03,4921.11
14998,3742,2021-09-15,2942.33
14999,10180,2020-01-19,6242.85
15000,42333,2022-02-06,6353.47
15001,3308,2024-07-26,1162.61
15002,6778,2020-08-24,982.74
15003,47478,2023-12-20,393.68
15004,42217,2021-09-25,5963.87
15005,5019,2020-04-02,9959.33
15006,44001,2025-03-07,9095.88
15007,31314,2022-10-04,4663.67
15008,5126,2024-04-14,3256.93
15009,8032,2025-01-30,7359.29
15010,1532,2024-05-30,3419.4
15011,6743,2025-06-21,443.82
15012,37021,2024-12-01,5221.77
15013,49539,2025-01-03,3275.01
15014,3681,2023-03-08,537.96
15015,29543,2023-09-25,7621.17
15016,13532,2023-08-01,5774.09
15017,7276,2024-12-10,3554.95
15018,32253,2024-10-19,4226.26
15019,20182,2021-04-26,874.58
15020,39060,2021-08-08,1323.49
15021,19152,2025-02-25,4248.82
15022,37946,2022-01-30,1597.73
15023,15604,2024-07-01,1980.7
15024,24647,2023-06-10,3750.33
15025,41457,2023-06-10,5287.57
15026,48682,2022-09-11,5619.59
15027,46438,2022-02-16,4946.33
15028,23586,2020-02-08,822.22
15029,17892,2022-12-19,890.41
15030,48914,2021-08-30,2136.24
15031,35521,2020-08-13,8772.53
15032,18288,2022-07-07,1204.34
15033,20377,2024-06-20,7249.22
15034,20622,2021-04-24,8211.92
15035,32523,2021-02-09,1139.14
15036,42617,2022-09-08,6007.33
15037,30132,2023-10-28,7713.95
15038,2302,2020-12-08,8051.58
15039,42749,2021-12-23,387.09
15040,45372,2021-02-10,5398.46
15041,9514,2022-02-28,1945.06
15042,3835,2022-08-15,8904.12
15043,42151,2024-10-23,4701.94
15044,3685,2023-07-22,4215.76
15045,26666,2022-11-11,2147.37
15046,12690,2021-09-30,2042.56
15047,35204,2021-01-19,9913.34
15048,13408,2021-11-04,769.55
15049,34250,2025-03-30,516.46
15050,48926,2020-01-26,2732.52
15051,47282,2024-03-19,3728.58
15052,35570,2024-09-07,3943.43
15053,40675,2024-04-29,1998.36
15054,2861,2023-07-15,9397.11
15055,40223,2020-04-01,9031.01
15056,29230,2023-08-09,5022.89
15057,18870,2021-01-21,7560.86
15058,38446,2024-08-18,2325.21
15059,9441,2024-10-22,8562.66
15060,7173,2022-09-06,4178.11
15061,30830,2023-02-27,1421.99
15062,19607,2022-08-09,7951.69
15063,43527,2021-04-29,4859.33
15064,4410,2025-06-07,6109.8
15065,11055,2025-01-11,9174.66
15066,33628,2020-04-20,5766.08
15067,44309,2024-10-29,2735.21
15068,20639,2023-12-22,3494.87
15069,34971,2023-06-11,8578.71
15070,15261,2025-04-21,8148.06
15071,8586,2021-12-13,7422.24
15072,3144,2020-02-06,1376.57
15073,33417,2021-07-19,2023.92
15074,32406,2024-12-21,7059.59
15075,27496,2022-06-13,2852.84
15076,33626,2023-02-02,7142.31
15077,34354,2020-12-04,6965.19
15078,39013,2023-04-28,5927.44
15079,31912,2021-10-26,9884.42
15080,6722,2024-09-11,8756.81
15081,25535,2024-11-11,1294.35
15082,47858,2020-07-09,7359.8
15083,17650,2022-06-29,8501.13
15084,13428,2025-01-11,8732.05
15085,22148,2020-02-25,5191.45
15086,5425,2023-02-11,8590.48
15087,44070,2022-11-15,8558.16
15088,26604,2020-04-19,5583.96
15089,39607,2022-08-17,5457.76
15090,40462,2025-04-23,6191.14
15091,18124,2021-03-26,1656.79
15092,44117,2020-06-01,7415.14
15093,46324,2022-02-27,8914.93
15094,12066,2021-11-04,5643.89
15095,49301,2022-10-08,7394.77
15096,2687,2024-03-04,5270.81
15097,34792,2024-06-25,5663.07
15098,1343,2021-04-16,5813.03
15099,33066,2023-10-16,2630.75
15100,6065,2024-04-09,7676.66
15101,6215,2020-07-11,4226.83
15102,39562,2022-07-13,693.39
15103,41237,2022-03-10,4898.67
15104,31857,2022-02-06,1330.67
15105,5072,2023-10-22,8012.3
15106,10815,2022-06-15,1797.54
15107,28761,2023-04-01,9039.69
15108,6221,2022-08-09,8894.12
15109,12159,2020-09-28,8894.87
15110,26743,2021-06-27,3237.62
15111,23346,2023-06-16,3237.87
15112,28955,2025-06-21,3685.9
15113,16613,2023-11-13,8819.65
15114,29832,2022-10-30,3876.05
15115,43422,2022-09-08,5704.45
15116,40927,2025-03-13,9714.0
15117,28795,2020-11-23,7012.27
15118,1735,2024-06-02,7986.4
15119,10270,2024-12-16,4645.09
15120,45074,2020-12-10,7598.53
15121,43031,2021-01-30,8006.74
15122,22524,2020-03-30,6863.0
15123,44781,2021-03-27,9993.12
15124,40184,2024-01-10,880.97
15125,17769,2023-12-04,8338.86
15126,38686,2021-03-19,2247.41
15127,39880,2025-02-08,6309.44
15128,14796,2024-11-10,8189.8
15129,18506,2021-07-26,6530.76
15130,33351,2021-02-02,2808.76
15131,44967,2020-01-05,3136.96
15132,28945,2021-11-02,6041.3
15133,19781,2023-01-24,9063.64
15134,7530,2022-07-06,6604.23
15135,16085,2022-02-28,4301.1
15136,10207,2024-03-27,8661.75
15137,26447,2022-04-11,3056.82
15138,31885,2022-04-22,5314.49
15139,30705,2023-09-29,3163.81
15140,47111,2022-01-16,7871.63
15141,35544,2021-09-12,2086.0
15142,29173,2024-02-21,6592.83
15143,46148,2023-05-16,6631.4
15144,32572,2021-06-11,9318.12
15145,24169,2025-06-07,4467.84
15146,35246,2020-11-02,5013.67
15147,6691,2024-10-16,6027.31
15148,22557,2024-04-16,1356.44
15149,40567,2024-07-08,4605.16
15150,3106,2024-07-19,1586.05
15151,38792,2022-08-06,7899.21
15152,20418,2020-08-15,3336.88
15153,4958,2023-06-06,4425.03
15154,32057,2021-01-21,2902.98
15155,26461,2023-10-26,2645.98
15156,32388,2025-04-16,9876.66
15157,40277,2023-10-03,8346.03
15158,24265,2022-04-05,4546.44
15159,25026,2024-04-29,8301.33
15160,46484,2020-01-24,6798.79
15161,40545,2025-05-24,4152.02
15162,48951,2022-11-02,377.21
15163,7174,2022-07-08,9143.89
15164,32285,2021-05-31,2345.72
15165,4432,2024-06-04,7274.9
15166,26468,2020-06-26,8172.57
15167,40613,2021-04-04,5909.03
15168,16777,2021-01-09,6602.07
15169,2016,2024-09-08,780.72
15170,10789,2021-02-05,5648.16
15171,29095,2020-10-15,3035.93
15172,23791,2023-04-24,5721.95
15173,3322,2022-07-15,6081.49
15174,24249,2021-05-17,825.76
15175,33015,2023-03-31,4427.82
15176,36829,2022-05-11,8485.33
15177,38976,2025-03-02,1297.95
15178,35551,2024-01-21,7516.98
15179,25722,2020-01-31,5564.01
15180,45699,2022-05-16,6180.8
15181,1835,2023-01-07,315.74
15182,21629,2023-07-30,8651.69
15183,15897,2020-07-05,9036.47
15184,15722,2021-06-22,6273.21
15185,35002,2023-10-30,9882.22
15186,30157,2021-01-19,3089.66
15187,31335,2023-01-04,2167.16
15188,8211,2021-12-08,1553.7
15189,19344,2021-02-10,1888.91
15190,36586,2024-11-24,439.33
15191,18526,2022-05-15,7063.96
15192,36583,2022-03-30,7754.5
15193,30051,2022-08-10,216.23
15194,8320,2021-08-21,2413.62
15195,32705,2025-05-24,2259.5
15196,43323,2020-05-02,6376.34
15197,26605,2024-01-31,7899.78
15198,22910,2023-04-29,7213.54
15199,18268,2020-09-11,7644.02
15200,44507,2020-07-30,7155.33
15201,11416,2024-10-22,7628.49
15202,15779,2022-04-24,5662.64
15203,20450,2020-10-10,5505.28
15204,2559,2020-10-06,8240.75
15205,14808,2022-02-04,6160.77
15206,17145,2023-07-25,1544.37
15207,41662,2021-04-14,8672.33
15208,46559,2023-04-06,4869.63
15209,6648,2023-05-11,2595.74
15210,2304,2025-04-11,3818.08
15211,31012,2023-01-24,5741.24
15212,11549,2021-12-28,3998.46
15213,13453,2024-12-08,5963.99
15214,31624,2022-08-02,5653.72
15215,20111,2021-09-07,5564.07
15216,31483,2024-08-11,5699.72
15217,21337,2023-11-08,3259.86
15218,24720,2025-02-01,8633.25
15219,19124,2021-11-09,5369.63
15220,28773,2023-02-06,552.97
15221,44269,2022-04-09,3015.8
15222,32593,2023-09-23,7199.04
15223,44450,2022-12-17,6689.26
15224,24781,2022-08-15,2027.27
15225,5922,2023-05-06,9982.5
15226,18559,2025-05-09,6296.6
15227,49067,2024-09-04,3338.45
15228,7101,2021-10-01,3986.75
15229,39785,2020-11-30,9204.28
15230,7958,2024-02-29,4368.13
15231,45363,2022-10-01,2486.85
15232,47364,2022-02-21,3502.49
15233,44797,2023-09-03,5348.77
15234,2225,2023-04-04,1661.24
15235,25303,2022-10-07,604.68
15236,36045,2021-07-29,4096.17
15237,8392,2021-09-11,8972.9
15238,23721,2023-11-05,9278.33
15239,16818,2024-07-09,8339.96
15240,47613,2024-11-14,1787.12
15241,12049,2023-09-29,582.93
15242,17672,2024-09-30,5326.05
15243,1885,2022-06-23,6800.36
15244,36950,2021-12-15,6593.77
15245,28907,2025-06-22,2778.58
15246,4418,2022-08-24,3447.57
15247,39170,2025-04-28,9679.15
15248,31728,2021-08-12,4324.82
15249,38929,2025-06-07,6517.66
15250,27297,2023-11-28,5056.6
15251,43485,2021-06-23,8562.3
15252,21174,2025-01-14,8393.12
15253,5484,2023-06-07,6524.31
15254,48377,2022-03-12,9324.02
15255,15814,2021-05-20,2156.63
15256,6763,2020-07-19,5411.87
15257,27526,2022-10-16,2421.23
15258,41908,2022-11-09,1114.84
15259,23653,2023-02-04,7743.21
15260,11053,2022-01-25,6165.75
15261,17153,2025-03-08,1128.83
15262,15155,2024-10-24,9889.47
15263,49547,2021-04-13,928.89
15264,22861,2020-01-22,6904.04
15265,48177,2023-05-13,6080.05
15266,41326,2025-05-17,4200.59
15267,4913,2022-12-06,8622.73
15268,5802,2020-01-25,3560.11
15269,41564,2023-03-19,8247.13
15270,39857,2024-06-25,5974.14
15271,40205,2023-09-02,3985.91
15272,28902,2024-09-11,3504.27
15273,7006,2023-02-16,2684.45
15274,26362,2023-03-17,270.23
15275,22756,2020-07-26,6245.67
15276,26308,2022-10-09,4599.07
15277,19598,2020-01-20,3438.33
15278,25508,2021-09-08,1837.47
15279,4792,2024-06-29,109.36
15280,25943,2020-12-23,6789.76
15281,34426,2021-11-15,8611.26
15282,2744,2020-02-06,3580.39
15283,38155,2020-05-22,5457.68
15284,15047,2022-04-23,6021.74
15285,36759,2023-03-06,2547.04
15286,45741,2021-09-04,4930.86
15287,32361,2020-06-20,6691.03
15288,19867,2024-08-05,8775.18
15289,43183,2021-07-09,8086.94
15290,12789,2024-07-13,8706.37
15291,33644,2021-09-21,9969.21
15292,2416,2022-05-03,2696.38
15293,48095,2021-01-30,7292.87
15294,48701,2022-07-11,5657.09
15295,8968,2022-07-03,5901.25
15296,20289,2023-06-16,2966.2
15297,37273,2020-06-01,8503.11
15298,27409,2020-07-20,7913.17
15299,13982,2022-01-30,8231.97
15300,33176,2022-08-17,9970.07
15301,24179,2022-05-25,3158.52
15302,39678,2022-06-26,9749.76
15303,16692,2022-12-09,2174.76
15304,43069,2022-02-03,997.49
15305,29179,2025-02-06,201.53
15306,41037,2020-05-18,2419.52
15307,44986,2025-03-09,3194.4
15308,30583,2020-12-04,3160.71
15309,36815,2023-07-26,9306.32
15310,28762,2023-01-16,3199.42
15311,24352,2021-10-16,6626.78
15312,16749,2024-05-17,9855.08
15313,26403,2021-10-21,3010.04
15314,45705,2023-09-30,9755.63
15315,25875,2023-06-25,7650.25
15316,36904,2022-08-31,8143.79
15317,14979,2024-03-25,5730.02
15318,14920,2024-07-05,7798.48
15319,12614,2020-08-29,6139.06
15320,19973,2021-03-20,4899.29
15321,8917,2021-04-21,8556.41
15322,28955,2025-05-20,8225.32
15323,24790,2021-01-08,4019.98
15324,41049,2024-05-03,510.64
15325,1607,2020-02-18,9267.9
15326,20864,2022-10-14,7845.24
15327,45882,2023-09-17,8592.13
15328,16337,2024-04-17,334.63
15329,37299,2024-06-10,8753.28
15330,40646,2022-04-25,4741.98
15331,35424,2023-07-26,9112.66
15332,33087,2020-06-29,6952.08
15333,14355,2020-10-19,4313.94
15334,47771,2022-02-28,1324.8
15335,3166,2023-05-29,5620.6
15336,40306,2024-02-16,7118.35
15337,5173,2021-10-03,9050.17
15338,44005,2022-07-04,8864.57
15339,27053,2022-10-25,2660.6
15340,1547,2021-04-19,843.13
15341,27512,2024-11-29,4750.44
15342,12393,2025-02-16,2836.66
15343,24074,2024-10-06,3242.5
15344,4829,2024-02-02,6707.43
15345,29528,2023-05-13,7491.38
15346,988,2024-12-08,7361.93
15347,28927,2023-12-10,8190.51
15348,12930,2021-03-17,530.27
15349,6290,2025-06-13,9657.35
15350,10754,2021-08-04,3450.87
15351,46513,2022-11-29,3734.31
15352,16759,2020-12-22,6357.27
15353,13048,2023-03-03,2331.43
15354,45975,2024-05-17,6810.59
15355,24623,2025-04-28,2698.31
15356,500,2023-01-19,7047.84
15357,24143,2020-07-15,8196.23
15358,35161,2023-06-26,9012.17
15359,37293,2020-12-04,4141.36
15360,37920,2025-06-15,8089.78
15361,2034,2023-08-22,4704.23
15362,37651,2023-12-18,2534.25
15363,25746,2024-03-16,7342.32
15364,3864,2021-11-16,3015.68
15365,43626,2022-04-20,1790.18
15366,47774,2022-07-23,1299.82
15367,36181,2023-03-07,4037.39
15368,9877,2021-09-16,7485.67
15369,304,2024-11-05,8157.62
15370,18409,2020-10-31,8362.8
15371,33218,2022-11-03,4337.24
15372,25517,2020-02-15,474.12
15373,27777,2024-04-24,1865.87
15374,534,2022-09-11,2033.74
15375,10808,2020-04-23,5087.57
15376,2472,2023-03-16,9166.99
15377,6182,2020-08-29,1389.8
15378,18963,2024-04-01,433.32
15379,40851,2023-05-18,104.24
15380,44738,2022-07-30,9015.85
15381,42866,2020-08-19,8239.09
15382,43223,2023-10-25,9633.61
15383,3759,2021-04-01,7033.28
15384,17337,2020-07-11,6145.67
15385,30202,2020-03-10,1319.54
15386,44798,2023-08-10,5799.16
15387,26075,2022-05-19,7929.01
15388,45613,2022-05-20,8706.42
15389,6359,2022-06-11,8713.99
15390,27868,2020-05-24,3104.62
15391,19960,2021-08-07,1980.65
15392,11292,2020-05-04,1569.59
15393,47420,2024-12-07,6476.2
15394,29445,2025-01-18,793.19
15395,33682,2021-01-10,8718.96
15396,19422,2023-03-15,8097.29
15397,20440,2025-03-15,168.67
15398,28581,2023-06-15,5916.26
15399,36048,2022-01-10,6368.32
15400,21470,2023-03-04,9070.49
15401,40729,2023-12-13,5394.85
15402,46589,2020-06-20,611.99
15403,2023,2022-04-18,6865.88
15404,5761,2020-10-21,3560.06
15405,49127,2021-06-06,5144.65
15406,951,2023-02-22,2468.94
15407,47847,2020-09-22,8618.5
15408,9055,2023-02-25,5922.12
15409,13479,2023-10-09,7477.51
15410,9823,2025-02-22,1589.04
15411,41548,2023-01-04,5694.07
15412,48025,2021-01-27,3085.19
15413,44439,2022-09-08,352.85
15414,8875,2020-12-23,7313.04
15415,17712,2024-07-03,9793.39
15416,11484,2022-01-05,7305.81
15417,13793,2020-01-08,932.12
15418,8486,2021-11-18,6336.96
15419,41818,2020-01-21,8304.52
15420,11032,2020-07-26,1696.91
15421,4350,2020-04-06,9810.71
15422,48261,2022-05-06,6273.83
15423,17297,2022-01-24,9822.39
15424,25765,2021-09-06,6338.63
15425,43279,2020-09-18,6720.11
15426,7874,2022-12-18,7619.92
15427,44002,2025-06-10,8057.79
15428,10004,2021-06-18,8796.26
15429,8862,2023-09-14,7545.58
15430,41872,2021-09-03,4648.54
15431,26156,2024-01-22,2613.17
15432,34491,2021-09-21,4031.65
15433,40068,2025-05-08,9206.65
15434,20639,2021-01-30,8644.29
15435,32666,2022-01-08,3686.83
15436,38185,2025-06-13,4290.29
15437,43515,2020-07-03,3013.01
15438,9804,2021-10-30,6258.17
15439,38408,2021-12-25,3664.4
15440,16280,2020-11-18,8054.4
15441,38507,2024-05-15,4812.84
15442,21544,2022-02-03,2279.21
15443,39230,2024-05-15,4513.01
15444,9786,2023-10-29,7378.46
15445,28064,2020-08-03,4592.06
15446,12149,2022-11-19,5763.52
15447,24151,2023-07-02,9149.23
15448,32942,2023-07-30,7158.94
15449,8551,2024-02-09,9968.69
15450,42650,2023-11-04,858.04
15451,41770,2021-06-25,7528.85
15452,14904,2022-05-17,7353.68
15453,943,2023-04-21,1177.81
15454,37298,2023-03-20,9662.79
15455,33197,2023-08-09,8467.85
15456,11844,2022-07-10,5165.53
15457,15660,2022-01-23,2282.4
15458,1945,2022-07-20,1945.61
15459,2356,2020-08-07,1363.66
15460,46738,2024-05-17,2015.59
15461,20758,2022-07-21,9254.63
15462,32516,2021-03-10,6385.53
15463,35997,2022-04-15,1334.39
15464,26998,2020-12-14,9224.26
15465,4264,2024-02-24,632.5
15466,38324,2024-10-07,4149.93
15467,11068,2020-12-29,7452.0
15468,48102,2024-09-22,8237.66
15469,11433,2021-05-07,8446.7
15470,36812,2023-08-09,9457.31
15471,31305,2024-06-20,2752.03
15472,16143,2021-09-18,3886.58
15473,7680,2024-03-14,6375.72
15474,26701,2021-06-26,8778.52
15475,569,2024-10-07,6049.57
15476,2211,2023-03-22,2793.66
15477,40794,2021-04-01,8039.98
15478,39893,2023-03-22,9029.7
15479,27413,2020-12-26,182.73
15480,33112,2021-11-16,150.17
15481,15386,2022-09-11,9544.6
15482,27628,2020-10-12,5609.38
15483,44088,2021-02-07,973.92
15484,12831,2020-10-05,3628.86
15485,46110,2020-05-06,5715.89
15486,2584,2021-01-19,6289.72
15487,27806,2020-05-22,1715.34
15488,19577,2022-11-10,8416.5
15489,32922,2020-10-12,5494.5
15490,11110,2020-09-11,5299.35
15491,23634,2021-06-06,5455.0
15492,32054,2020-04-23,716.33
15493,11121,2023-05-26,7546.3
15494,42876,2025-05-25,897.56
15495,45388,2025-05-03,4686.18
15496,7445,2021-10-10,5931.73
15497,10647,2021-08-03,2193.65
15498,20606,2024-05-01,4873.36
15499,5404,2023-06-16,2935.79
15500,10833,2024-08-24,7125.21
15501,10683,2021-06-28,5382.98
15502,3253,2024-02-14,1016.94
15503,5941,2025-03-28,6038.75
15504,45218,2020-03-05,1448.99
15505,36316,2023-04-17,127.22
15506,20292,2021-04-07,1547.99
15507,42345,2021-02-18,142.54
15508,12418,2021-01-13,9880.85
15509,26905,2020-11-07,6374.64
15510,26456,2023-05-12,6292.58
15511,39775,2024-01-18,9338.9
15512,24189,2022-12-04,1362.63
15513,1476,2021-06-28,373.59
15514,48812,2023-02-03,6857.68
15515,36770,2022-09-18,6216.56
15516,9350,2024-05-05,9056.4
15517,3935,2024-03-06,3299.7
15518,15911,2024-07-26,5569.78
15519,21375,2023-08-10,5689.82
15520,37554,2024-07-26,2640.27
15521,2521,2020-02-25,3664.42
15522,36869,2022-04-28,3549.43
15523,24118,2022-08-24,8460.15
15524,42806,2021-08-23,3817.66
15525,17162,2025-04-28,6268.86
15526,43851,2021-03-26,3801.46
15527,10993,2023-08-24,940.3
15528,9822,2023-08-08,9265.22
15529,34310,2023-10-31,879.06
15530,30414,2024-02-08,199.67
15531,38416,2021-10-24,2784.08
15532,40508,2022-06-22,2848.59
15533,12430,2022-07-15,2973.58
15534,45857,2025-01-28,8035.72
15535,10744,2021-06-16,2940.29
15536,30053,2024-11-07,6347.47
15537,25541,2024-06-22,173.78
15538,38824,2022-09-27,8935.24
15539,44238,2022-05-22,2673.53
15540,47144,2024-06-29,5421.73
15541,32265,2023-11-02,5726.35
15542,39412,2025-01-15,2475.13
15543,6851,2024-03-07,5950.77
15544,15562,2022-07-13,8682.42
15545,11312,2025-01-25,3378.29
15546,16331,2025-06-09,9343.62
15547,25570,2020-10-26,2422.61
15548,36289,2020-08-04,1267.24
15549,15626,2022-02-08,3561.76
15550,22773,2020-04-17,8936.63
15551,24838,2020-12-26,1697.61
15552,26568,2020-12-19,4216.97
15553,37407,2023-03-12,6280.36
15554,44806,2022-01-12,8175.18
15555,19807,2025-05-12,9060.33
15556,16872,2023-12-18,9919.39
15557,46915,2023-04-13,8468.18
15558,7614,2023-05-12,194.07
15559,15116,2021-05-14,3989.79
15560,39206,2020-11-03,8557.13
15561,11399,2025-02-22,9763.12
15562,28224,2024-07-27,689.25
15563,29559,2024-09-29,3464.61
15564,37752,2023-04-14,6543.71
15565,12667,2024-09-17,4146.45
15566,34551,2020-04-10,1651.62
15567,26957,2023-05-26,9004.77
15568,23940,2024-07-24,3111.97
15569,16661,2020-12-17,2632.08
15570,9892,2020-06-22,5759.02
15571,41458,2020-05-25,8462.49
15572,30087,2023-04-22,4818.85
15573,30797,2025-02-26,1210.32
15574,43427,2023-12-11,4534.86
15575,15741,2020-05-24,1080.12
15576,43697,2024-12-28,1821.25
15577,5363,2020-03-16,4419.63
15578,3929,2022-05-18,1232.8
15579,27118,2021-12-25,6733.9
15580,12539,2021-01-20,5484.24
15581,19224,2023-03-23,3498.18
15582,278,2020-06-15,1674.72
15583,4267,2021-03-22,5178.88
15584,46259,2021-02-04,8003.78
15585,34288,2020-04-25,7517.88
15586,28950,2023-01-28,9727.24
15587,10575,2020-02-03,5053.52
15588,42016,2024-04-03,6351.92
15589,34234,2025-01-27,2511.35
15590,33848,2021-02-19,7741.79
15591,42724,2022-03-28,5050.56
15592,15434,2021-08-20,4778.95
15593,44553,2024-03-01,3058.19
15594,35263,2022-03-23,3250.78
15595,31526,2022-01-12,2154.32
15596,25838,2025-05-27,9460.56
15597,32100,2021-01-12,2455.83
15598,33018,2020-03-22,482.05
15599,997,2022-06-01,4283.6
15600,49383,2025-02-22,9688.51
15601,12167,2022-02-07,400.51
15602,48810,2024-02-21,2656.75
15603,42870,2023-09-07,2580.65
15604,25404,2023-04-06,5371.82
15605,44122,2020-05-31,7589.26
15606,16788,2022-01-13,4199.51
15607,43199,2024-05-06,3355.05
15608,4077,2020-01-02,2920.95
15609,3964,2024-09-20,9184.02
15610,36221,2025-04-30,9412.19
15611,8047,2024-09-25,5839.3
15612,7957,2023-09-28,8819.49
15613,20607,2025-05-06,9878.21
15614,38533,2025-05-07,5701.3
15615,31097,2022-08-15,3047.6
15616,43806,2024-12-28,3426.82
15617,12863,2024-11-29,6162.28
15618,8432,2021-07-20,3872.83
15619,48804,2022-03-05,5148.26
15620,24102,2023-05-12,2374.16
15621,45335,2022-10-28,9936.98
15622,44183,2024-12-16,2000.51
15623,39482,2024-09-11,9148.84
15624,41648,2024-03-09,8702.22
15625,30086,2023-07-20,8122.88
15626,41323,2024-07-02,9376.79
15627,37038,2020-10-15,8076.7
15628,37719,2020-11-06,3590.07
15629,27791,2020-07-21,1778.78
15630,2305,2020-11-24,5087.64
15631,34916,2020-04-07,154.0
15632,18919,2020-12-29,9494.26
15633,9564,2024-02-23,8576.02
15634,48842,2025-06-13,8228.52
15635,18977,2025-04-19,3637.34
15636,36206,2025-02-25,1236.71
15637,5272,2023-01-07,7140.06
15638,39566,2020-11-15,6516.5
15639,30966,2023-01-16,8250.36
15640,8288,2020-12-22,5143.5
15641,41299,2023-10-24,1598.6
15642,26054,2020-06-16,8195.75
15643,17492,2020-07-04,7052.74
15644,24025,2021-08-17,9583.68
15645,35156,2022-10-09,988.77
15646,48294,2022-11-12,5909.06
15647,33419,2021-09-06,6401.14
15648,22013,2020-12-16,9998.99
15649,28095,2023-10-05,8341.31
15650,23200,2024-03-22,3194.35
15651,17821,2021-03-18,4780.65
15652,15773,2023-02-06,3639.3
15653,35926,2022-04-06,9186.74
15654,37003,2023-10-25,5288.83
15655,29105,2022-02-09,9027.77
15656,25556,2024-02-18,3683.24
15657,44137,2020-04-21,1879.58
15658,14414,2020-10-12,5461.03
15659,27355,2022-02-02,9872.72
15660,17088,2021-01-28,6321.92
15661,27002,2023-01-26,644.71
15662,17596,2021-06-08,434.22
15663,27332,2020-06-15,4353.59
15664,9607,2024-05-31,469.67
15665,10078,2021-03-23,1135.17
15666,48389,2023-07-28,7559.1
15667,8132,2020-06-17,7606.8
15668,15151,2020-08-13,1928.5
15669,7460,2025-05-13,8525.98
15670,10383,2023-09-03,1838.17
15671,30503,2020-02-09,7666.01
15672,17446,2021-05-02,6063.9
15673,24691,2023-12-12,8579.19
15674,41474,2020-11-30,7558.66
15675,27663,2024-03-18,103.28
15676,28244,2021-03-11,701.34
15677,8503,2020-09-07,418.52
15678,26366,2025-01-11,8351.97
15679,29922,2025-02-20,5999.73
15680,17229,2023-01-26,9683.22
15681,36028,2020-11-20,3946.03
15682,20505,2025-01-06,1870.75
15683,8974,2021-04-14,3466.37
15684,40176,2025-01-25,2779.88
15685,48886,2024-08-19,8500.71
15686,38281,2022-06-22,2733.44
15687,29873,2025-03-04,1420.95
15688,12662,2021-05-30,3396.65
15689,17059,2021-05-16,7997.54
15690,9477,2022-10-08,4066.82
15691,37100,2023-07-28,6190.0
15692,32613,2023-06-29,2134.2
15693,1486,2021-03-09,846.1
15694,45713,2023-07-02,2416.82
15695,26110,2023-12-01,8216.23
15696,5371,2021-02-12,6911.43
15697,14902,2025-03-04,913.4
15698,6831,2023-09-11,2225.92
15699,33503,2023-01-26,2392.26
15700,16049,2023-03-18,2889.97
15701,40266,2020-04-17,6633.4
15702,3568,2020-12-15,1734.26
15703,1021,2020-05-02,1269.11
15704,12862,2023-08-28,5172.63
15705,10135,2020-09-15,3337.36
15706,6493,2024-06-02,2297.84
15707,6160,2021-02-08,1823.52
15708,32977,2023-05-19,2685.68
15709,39979,2020-06-25,480.88
15710,9166,2025-01-11,3189.51
15711,6828,2021-01-16,3894.03
15712,34697,2025-03-25,2334.72
15713,21319,2025-02-12,6488.09
15714,45006,2024-05-22,8602.3
15715,43402,2020-10-13,7414.45
15716,27263,2020-10-28,2065.78
15717,40243,2025-06-17,1393.62
15718,29703,2022-07-28,9251.32
15719,25112,2023-08-17,4598.67
15720,24958,2021-04-03,8654.92
15721,43368,2022-08-02,6551.98
15722,15658,2022-02-10,7328.95
15723,6907,2024-07-18,2029.05
15724,46230,2024-10-09,7951.57
15725,3063,2021-03-16,4092.55
15726,43171,2020-11-07,3759.97
15727,6126,2020-06-14,6198.46
15728,11380,2020-09-18,2841.7
15729,25783,2025-02-16,2769.89
15730,5251,2021-05-15,876.74
15731,5994,2024-10-18,4023.43
15732,36807,2022-07-08,6140.3
15733,24851,2022-08-05,2714.11
15734,46589,2025-01-04,8959.11
15735,44974,2020-04-20,9755.38
15736,36168,2023-01-01,1540.22
15737,23255,2020-06-13,5299.56
15738,7060,2024-06-21,3087.44
15739,3873,2023-12-12,3996.11
15740,41350,2021-01-17,4489.92
15741,8463,2022-11-29,4562.31
15742,45125,2023-06-25,3837.04
15743,3022,2023-04-06,3634.83
15744,457,2025-01-02,863.24
15745,41306,2024-07-19,3945.56
15746,44512,2022-09-14,9886.09
15747,36096,2022-12-09,4638.68
15748,22303,2024-02-28,3765.13
15749,36225,2022-02-17,7635.94
15750,38035,2024-10-07,8912.76
15751,30035,2025-01-24,6657.83
15752,31921,2025-04-29,3665.57
15753,5202,2022-08-13,4100.04
15754,26584,2024-11-22,4243.29
15755,20142,2024-03-23,1122.73
15756,9267,2022-03-06,5418.67
15757,12233,2024-10-13,1935.61
15758,18699,2021-07-25,6714.05
15759,19947,2022-02-06,7606.3
15760,21330,2020-12-10,5920.09
15761,27607,2023-07-13,2857.04
15762,13285,2021-07-28,8221.68
15763,40384,2023-04-27,2098.73
15764,22785,2022-10-10,2264.36
15765,31705,2023-09-16,1454.76
15766,18441,2020-06-02,7620.02
15767,28583,2024-08-13,5491.37
15768,12660,2025-06-05,1186.2
15769,30481,2024-08-09,5949.94
15770,10563,2023-03-15,8597.1
15771,1367,2023-04-16,4573.25
15772,32717,2020-05-26,8321.96
15773,20346,2024-11-01,9366.23
15774,25748,2022-01-13,2739.27
15775,18624,2020-09-27,5686.84
15776,41876,2020-01-16,8923.79
15777,46284,2022-07-04,6136.42
15778,25937,2024-03-15,4412.92
15779,49237,2020-05-26,6003.25
15780,37800,2022-08-28,7494.4
15781,9688,2021-03-30,2819.01
15782,14743,2023-11-27,1515.6
15783,17943,2023-09-29,1977.25
15784,38008,2024-12-27,7300.22
15785,44847,2025-05-25,1200.94
15786,39313,2024-09-07,3302.09
15787,4458,2022-10-28,8354.1
15788,16417,2020-02-19,8863.05
15789,14329,2024-09-20,9683.03
15790,18169,2024-06-11,6122.33
15791,10989,2022-06-22,2465.54
15792,12908,2020-01-13,6685.63
15793,8463,2023-05-10,1971.81
15794,44832,2021-10-20,2481.75
15795,41404,2021-03-09,9294.45
15796,44502,2023-12-01,196.52
15797,12063,2025-05-30,5538.93
15798,46863,2025-03-12,677.48
15799,8340,2025-03-03,2305.36
15800,28266,2020-06-06,3604.01
15801,8735,2022-09-16,1174.69
15802,43266,2022-07-13,442.32
15803,28941,2024-02-17,3619.63
15804,34794,2021-07-26,5167.55
15805,369,2024-04-19,8087.18
15806,14736,2023-11-17,3445.92
15807,45839,2025-06-14,3178.45
15808,38937,2023-10-23,212.74
15809,10345,2024-12-21,6208.02
15810,780,2021-01-11,7679.72
15811,15225,2023-02-03,135.65
15812,31445,2022-04-11,156.16
15813,9676,2021-01-05,8673.7
15814,40435,2020-04-19,2847.74
15815,18870,2022-10-11,5306.87
15816,11633,2025-01-02,6623.77
15817,4170,2020-10-20,6482.46
15818,25592,2023-07-11,5636.9
15819,29634,2020-11-26,2086.09
15820,9268,2021-02-27,7598.76
15821,13086,2020-10-05,5731.77
15822,44641,2020-08-11,3288.32
15823,9232,2020-06-21,6954.08
15824,28861,2023-02-26,1596.16
15825,4623,2025-05-22,3731.22
15826,5207,2022-10-04,2061.6
15827,2274,2020-09-02,3669.58
15828,48803,2021-06-04,5584.86
15829,18027,2020-10-22,4641.44
15830,14465,2020-06-04,5752.71
15831,18777,2021-08-31,3099.08
15832,17961,2020-12-17,991.2
15833,21952,2024-07-29,1233.99
15834,16888,2020-10-19,3694.7
15835,326,2024-10-11,4254.64
15836,9773,2024-01-18,7236.6
15837,28414,2023-07-21,2989.08
15838,37656,2023-02-09,7130.42
15839,10553,2021-12-16,6124.73
15840,33320,2024-01-15,2916.78
15841,41253,2020-03-17,9760.06
15842,34372,2024-05-29,2746.0
15843,29049,2020-03-20,5346.85
15844,35561,2024-04-28,8428.13
15845,13185,2023-01-06,2250.21
15846,29391,2022-06-30,771.87
15847,12589,2021-03-11,4942.02
15848,44319,2024-09-12,6216.99
15849,8485,2024-10-15,1340.4
15850,32882,2024-12-14,1161.7
15851,12229,2025-05-13,910.2
15852,3157,2023-04-27,6608.69
15853,15459,2024-12-21,9347.01
15854,6343,2020-02-04,9253.89
15855,634,2021-08-05,8104.22
15856,10084,2020-07-30,3804.51
15857,7779,2020-10-09,5756.18
15858,7776,2022-01-02,9998.75
15859,41834,2020-05-17,8349.48
15860,43520,2021-08-09,957.81
15861,2804,2022-07-04,121.37
15862,40075,2024-08-23,3906.21
15863,9714,2024-11-05,366.78
15864,43297,2021-04-29,7637.31
15865,14057,2022-01-27,6125.97
15866,5649,2023-05-13,6656.5
15867,38540,2023-09-21,9245.97
15868,29185,2025-04-14,9853.72
15869,45079,2021-03-28,3292.98
15870,32078,2021-04-30,1481.92
15871,43945,2022-04-14,361.49
15872,36332,2021-11-29,8722.95
15873,17973,2025-06-08,2961.84
15874,48903,2023-12-31,433.85
15875,31182,2021-02-25,6010.82
15876,44226,2023-03-07,4070.14
15877,44884,2020-01-06,8721.12
15878,24650,2023-05-21,1109.5
15879,18869,2023-01-23,5993.38
15880,18273,2022-07-18,7918.08
15881,21156,2021-07-14,8673.56
15882,27436,2024-11-25,808.56
15883,36986,2024-12-28,7848.99
15884,4747,2020-10-11,7976.6
15885,41408,2021-01-12,2692.16
15886,45444,2021-05-16,3080.38
15887,21849,2021-03-24,9213.88
15888,27113,2021-02-20,6313.43
15889,23075,2022-01-11,401.62
15890,37667,2022-02-23,8199.1
15891,46247,2023-01-26,9711.1
15892,6945,2021-07-14,4165.92
15893,42061,2024-08-06,7546.41
15894,32580,2020-05-14,7263.77
15895,9593,2024-10-29,4077.41
15896,23980,2022-02-19,4589.27
15897,5864,2024-10-13,6246.53
15898,10547,2021-01-22,1823.63
15899,48376,2023-09-04,5115.52
15900,294,2023-05-05,3424.23
15901,42538,2022-09-02,933.69
15902,4269,2020-05-03,2085.01
15903,7198,2023-09-14,5065.05
15904,20443,2022-01-16,9085.78
15905,5283,2025-02-10,8620.46
15906,7196,2020-03-18,9185.12
15907,44394,2024-12-11,2520.23
15908,27821,2022-06-19,8285.36
15909,41264,2025-01-07,3500.45
15910,26423,2023-07-21,9626.51
15911,2952,2025-02-06,2679.68
15912,21146,2020-05-15,3384.43
15913,9954,2024-02-05,191.28
15914,35699,2023-09-09,9232.65
15915,2717,2021-01-05,6176.72
15916,6967,2020-06-02,3190.51
15917,22210,2024-05-29,1525.33
15918,25926,2022-04-17,6492.57
15919,3376,2021-02-20,1049.76
15920,8144,2022-11-11,1537.39
15921,30471,2020-09-12,5110.65
15922,34379,2022-09-15,1408.31
15923,32891,2024-05-23,999.02
15924,29776,2024-07-22,6969.28
15925,11910,2022-05-03,4665.49
15926,44425,2020-02-04,591.82
15927,23989,2023-04-22,575.32
15928,48733,2023-05-31,9608.53
15929,14453,2023-02-23,636.27
15930,41128,2025-02-01,4500.02
15931,25105,2024-07-24,3954.04
15932,24958,2023-05-07,5079.33
15933,19174,2020-05-08,8816.32
15934,7983,2022-03-20,6792.43
15935,48139,2024-05-12,7805.39
15936,11650,2025-02-22,4343.66
15937,16629,2022-10-08,5693.04
15938,28742,2023-06-06,775.65
15939,30515,2020-08-09,814.06
15940,30449,2022-01-05,8708.77
15941,1353,2022-05-13,5119.6
15942,18114,2024-06-08,1178.71
15943,40772,2024-11-10,841.53
15944,13113,2024-01-11,9203.42
15945,21736,2021-04-08,1788.81
15946,1118,2023-07-07,4373.03
15947,10176,2024-03-10,7848.31
15948,27268,2022-11-06,8685.14
15949,49025,2021-08-11,8656.78
15950,8171,2020-12-20,8845.78
15951,33227,2022-07-24,1588.26
15952,519,2023-12-12,4340.02
15953,42578,2021-03-15,6634.32
15954,4232,2021-06-06,9022.06
15955,26462,2022-09-22,4340.46
15956,42426,2022-09-11,6249.72
15957,43530,2023-08-12,9602.34
15958,17147,2021-10-14,9645.49
15959,8386,2021-10-25,6698.39
15960,3690,2023-01-28,5081.2
15961,43891,2023-08-06,5767.47
15962,31439,2023-03-05,9022.11
15963,41908,2023-06-24,6963.06
15964,36785,2020-07-28,2487.8
15965,10563,2022-06-21,2028.47
15966,21764,2020-11-13,1754.71
15967,19033,2022-10-05,6007.57
15968,8121,2024-04-30,6392.86
15969,40908,2023-05-22,886.21
15970,36149,2023-05-07,7493.03
15971,47031,2020-05-06,5559.17
15972,18259,2023-11-06,3061.63
15973,11232,2020-01-13,9568.63
15974,5503,2021-01-20,4994.21
15975,35301,2022-01-17,4826.28
15976,38447,2024-11-28,4476.4
15977,46738,2022-11-18,5641.22
15978,5081,2022-05-08,573.32
15979,36473,2021-05-02,566.15
15980,43765,2023-09-23,4675.24
15981,23518,2025-05-31,7676.31
15982,48518,2024-03-17,5242.01
15983,29196,2025-06-01,9227.01
15984,47591,2022-08-06,6406.14
15985,44587,2021-12-08,184.12
15986,19785,2020-11-12,4529.78
15987,36356,2025-05-22,5564.4
15988,31909,2021-11-16,262.96
15989,49828,2023-09-13,1156.25
15990,6034,2021-09-03,9985.97
15991,32701,2021-07-24,6788.12
15992,15647,2020-10-30,6788.97
15993,23023,2025-04-12,5739.95
15994,29352,2021-02-05,8970.8
15995,48491,2023-08-22,2956.1
15996,17326,2025-02-20,8545.73
15997,16807,2022-01-18,1057.3
15998,1335,2023-05-11,9751.39
15999,1949,2023-03-24,8193.76
16000,36059,2021-02-19,123.78
16001,11659,2023-09-07,690.55
16002,6497,2021-07-31,939.57
16003,24817,2020-08-09,6869.31
16004,44242,2024-12-18,6876.13
16005,6676,2023-09-27,904.18
16006,28636,2020-05-31,4538.48
16007,14294,2025-02-25,2452.83
16008,35936,2021-12-15,4050.35
16009,24933,2025-04-16,2468.87
16010,18459,2025-03-28,4218.0
16011,17370,2021-12-31,6458.64
16012,10594,2020-05-22,1623.06
16013,4172,2022-10-04,2261.33
16014,7947,2021-01-02,3636.82
16015,11940,2021-03-08,9800.47
16016,31595,2021-10-18,6398.63
16017,46782,2023-08-11,9163.41
16018,32528,2021-12-13,8576.35
16019,2090,2023-01-15,5632.28
16020,49567,2020-01-04,2832.06
16021,43241,2021-03-16,2649.23
16022,32269,2024-03-30,5733.77
16023,12363,2023-04-09,5615.01
16024,33404,2022-06-10,5640.52
16025,42234,2025-05-04,3731.8
16026,18836,2023-07-09,7105.85
16027,32413,2022-09-12,4140.97
16028,17021,2025-06-01,3577.45
16029,43486,2025-01-30,5103.03
16030,22918,2023-09-27,8958.79
16031,15569,2022-11-19,7091.33
16032,12927,2022-04-05,8159.18
16033,17874,2020-03-26,5390.72
16034,12151,2024-10-26,5484.75
16035,35580,2024-05-10,8615.8
16036,7915,2021-12-09,1545.76
16037,15564,2021-02-23,9620.73
16038,35388,2020-10-28,5250.98
16039,29952,2022-08-27,3325.05
16040,20536,2023-11-09,3215.48
16041,49411,2023-06-22,516.05
16042,24018,2023-11-20,2955.54
16043,38955,2025-03-19,4336.0
16044,24988,2024-05-21,7035.47
16045,24490,2020-05-04,2862.75
16046,8532,2020-01-10,6610.86
16047,31482,2024-03-16,6046.86
16048,5141,2023-07-22,4521.76
16049,19437,2025-02-16,196.19
16050,30874,2022-01-18,5927.69
16051,10775,2023-10-27,1190.86
16052,21386,2024-06-18,228.28
16053,31221,2020-07-01,1085.89
16054,17324,2021-11-19,2004.56
16055,30477,2023-04-21,4907.17
16056,40741,2023-05-22,7557.87
16057,15291,2025-02-02,9444.85
16058,2700,2022-03-19,2923.78
16059,38395,2023-04-21,5637.01
16060,29156,2022-08-27,9955.41
16061,20483,2021-04-02,5915.81
16062,25251,2021-12-19,5938.16
16063,43752,2024-05-23,1711.89
16064,45917,2025-03-20,3201.97
16065,8350,2021-11-13,1983.81
16066,6727,2024-02-25,9269.51
16067,16066,2021-04-09,4695.18
16068,8082,2023-01-10,3642.08
16069,15898,2020-11-08,7359.3
16070,41425,2025-01-13,3534.54
16071,31628,2022-03-28,8693.52
16072,12786,2022-08-22,6789.21
16073,23353,2025-04-11,535.24
16074,1440,2021-11-26,5642.55
16075,38513,2021-09-13,8241.9
16076,3037,2022-09-13,9415.01
16077,47344,2023-05-25,3097.18
16078,47306,2020-04-25,2988.23
16079,41700,2023-12-04,5501.79
16080,8514,2024-07-02,264.23
16081,35749,2023-07-26,3021.2
16082,23182,2024-04-25,7687.74
16083,47242,2020-03-27,8645.32
16084,13416,2023-01-21,3989.09
16085,35136,2023-06-02,9170.87
16086,37266,2023-08-31,2900.92
16087,33912,2020-09-11,483.42
16088,22597,2022-10-10,1737.58
16089,6206,2023-07-21,8682.37
16090,9872,2020-11-22,9684.93
16091,16098,2020-08-11,6112.12
16092,18553,2022-09-27,7325.44
16093,23044,2024-09-30,8363.04
16094,32149,2025-03-30,1989.1
16095,43639,2020-05-15,5543.21
16096,13544,2024-07-07,9387.76
16097,11436,2024-01-05,3623.26
16098,5838,2022-09-07,9906.38
16099,44251,2020-12-27,7085.51
16100,19057,2023-07-20,6753.52
16101,24475,2025-01-16,390.74
16102,17570,2023-12-11,202.0
16103,22276,2024-12-26,1665.96
16104,38891,2021-07-31,9337.38
16105,24044,2023-04-26,7944.11
16106,36147,2024-09-05,5212.05
16107,49898,2022-09-22,4965.33
16108,41376,2023-07-25,1367.98
16109,43906,2022-11-21,3929.01
16110,16954,2022-10-05,1584.08
16111,4246,2021-02-12,2796.97
16112,2067,2022-01-22,163.37
16113,24282,2020-05-15,3882.44
16114,22884,2022-12-22,6738.73
16115,16274,2024-04-13,6903.92
16116,39668,2020-07-27,4223.0
16117,34738,2020-02-09,7321.63
16118,11278,2024-09-04,4300.43
16119,49940,2021-05-28,9037.29
16120,35117,2024-11-26,3232.01
16121,5976,2025-01-14,6065.4
16122,23855,2022-09-25,1111.02
16123,29935,2023-06-17,5051.34
16124,12319,2022-01-22,3847.27
16125,35940,2021-06-26,2644.44
16126,43471,2021-08-02,3239.87
16127,42542,2023-06-11,3252.69
16128,9095,2020-12-11,4893.1
16129,37681,2023-11-17,8448.78
16130,9181,2022-09-17,4922.67
16131,43908,2022-10-30,2162.25
16132,2143,2020-02-20,784.36
16133,31314,2024-09-29,3560.72
16134,29805,2023-04-10,1657.08
16135,24735,2022-11-15,8374.0
16136,43055,2023-05-11,9950.29
16137,6500,2023-09-20,8500.84
16138,37066,2024-07-14,3908.41
16139,21767,2024-01-31,902.39
16140,10790,2022-08-31,7123.12
16141,3757,2022-01-17,6714.13
16142,19484,2022-10-16,765.55
16143,32699,2022-10-07,7908.92
16144,33810,2022-07-05,8262.88
16145,43999,2021-09-11,7206.07
16146,3062,2024-06-14,7303.97
16147,9225,2020-01-30,6928.76
16148,33643,2021-12-11,4417.9
16149,42302,2020-08-16,6201.44
16150,4136,2024-08-05,6206.28
16151,37477,2021-08-14,5423.76
16152,23646,2023-02-20,6078.7
16153,48111,2020-08-22,4054.51
16154,24634,2024-01-06,6815.11
16155,43970,2023-01-12,2347.33
16156,22213,2021-09-16,8547.55
16157,6762,2022-05-19,8524.22
16158,39262,2020-12-05,5028.84
16159,46798,2022-04-17,5016.27
16160,3611,2022-05-25,4050.57
16161,34861,2024-03-03,552.85
16162,33742,2021-09-07,1518.32
16163,35231,2021-10-21,7173.43
16164,29607,2023-05-05,1513.14
16165,5426,2025-01-18,4179.25
16166,14374,2023-05-11,3606.84
16167,18671,2023-02-27,2273.31
16168,11147,2024-08-20,5335.52
16169,30282,2021-10-09,3694.4
16170,45840,2022-03-18,7619.37
16171,16051,2025-03-28,6425.82
16172,34251,2024-07-29,4857.32
16173,2215,2024-08-07,5797.23
16174,3835,2024-11-01,4368.67
16175,12124,2023-01-27,7855.54
16176,42197,2022-11-19,9608.09
16177,21212,2021-01-19,7691.7
16178,41976,2020-07-15,8630.88
16179,1687,2020-03-04,7858.27
16180,40302,2024-01-27,4135.36
16181,6465,2020-02-05,8556.16
16182,15665,2021-08-13,475.7
16183,9149,2021-11-19,8866.99
16184,33974,2020-03-21,4753.14
16185,42637,2024-10-06,3366.94
16186,968,2021-06-19,5299.1
16187,21587,2021-09-10,6910.79
16188,4760,2022-01-21,6191.41
16189,2152,2024-07-25,6219.2
16190,40113,2022-01-20,1089.57
16191,26235,2024-02-24,7317.05
16192,28325,2021-01-13,7145.72
16193,45931,2024-07-03,1245.99
16194,12570,2021-08-11,531.53
16195,42922,2024-01-09,9829.72
16196,16347,2024-03-12,7487.79
16197,23008,2024-07-30,6097.18
16198,24323,2022-03-04,3230.87
16199,31337,2022-03-25,2829.01
16200,35261,2025-04-19,1440.19
16201,40265,2023-06-11,6124.58
16202,40513,2023-04-03,5802.24
16203,26254,2020-04-16,9361.48
16204,33216,2021-03-29,6315.37
16205,6432,2023-07-14,4569.44
16206,21692,2025-04-05,8983.2
16207,33381,2024-07-16,6179.15
16208,6506,2024-06-06,7171.11
16209,11419,2024-12-19,6304.01
16210,37443,2023-04-13,1777.45
16211,32726,2022-04-09,1326.12
16212,41684,2020-11-27,6283.29
16213,27756,2024-04-23,9148.66
16214,22530,2021-01-24,9640.2
16215,31787,2022-09-29,9954.64
16216,13441,2023-12-14,8455.58
16217,42903,2021-03-21,3702.48
16218,28607,2020-11-11,6173.84
16219,43184,2024-07-03,6129.65
16220,42777,2022-09-28,5421.77
16221,12378,2023-09-20,7446.44
16222,10105,2022-03-14,1782.86
16223,26435,2024-05-31,1968.02
16224,36092,2023-09-13,9452.24
16225,37983,2023-09-29,8414.6
16226,18011,2023-03-28,8203.35
16227,43725,2021-11-10,4882.76
16228,13231,2022-12-19,5720.9
16229,28129,2021-01-31,6286.49
16230,39992,2025-02-27,3010.35
16231,3472,2021-04-24,3017.66
16232,30639,2022-01-16,1880.77
16233,13030,2021-07-02,5645.91
16234,7258,2023-06-28,1718.81
16235,18486,2020-03-01,2091.34
16236,6907,2021-10-19,9035.08
16237,35764,2022-09-12,5307.01
16238,10898,2021-02-05,6228.79
16239,43217,2025-05-07,1429.52
16240,7214,2020-11-05,2140.03
16241,4313,2023-11-02,1072.51
16242,33946,2023-08-03,2788.0
16243,24064,2024-06-02,8827.34
16244,44562,2024-08-27,8897.63
16245,11457,2023-09-25,6768.54
16246,25454,2022-05-09,8769.28
16247,14215,2024-05-22,1990.32
16248,33950,2022-08-25,1565.13
16249,5729,2022-08-11,7678.48
16250,21273,2022-06-14,9897.53
16251,24611,2023-05-18,7204.68
16252,30034,2023-10-07,466.56
16253,15225,2022-08-06,1920.36
16254,11678,2024-06-10,2550.3
16255,39182,2020-03-02,4285.29
16256,38434,2023-01-07,2287.34
16257,7055,2024-11-06,700.23
16258,15245,2020-09-19,2657.45
16259,43748,2022-05-29,3574.65
16260,2472,2023-03-28,2907.74
16261,32766,2020-09-11,375.26
16262,23330,2022-05-13,9283.37
16263,45325,2020-02-09,5459.76
16264,12282,2024-06-01,8500.64
16265,14221,2020-12-04,252.77
16266,5168,2024-09-09,7991.01
16267,49260,2022-09-26,7074.0
16268,15501,2020-03-20,9773.27
16269,9565,2025-04-12,1235.22
16270,36385,2020-07-11,6462.25
16271,18967,2020-01-25,309.72
16272,29251,2024-07-29,3634.2
16273,19104,2023-08-11,6394.03
16274,3511,2023-03-29,9327.66
16275,47228,2022-02-14,920.79
16276,23864,2021-10-14,4943.58
16277,17604,2024-09-26,2460.0
16278,43553,2023-05-02,2240.78
16279,10897,2022-05-26,6914.23
16280,28596,2022-07-12,369.97
16281,28421,2021-05-30,6354.47
16282,35325,2023-07-26,1707.55
16283,17667,2023-08-06,245.98
16284,16245,2025-05-28,5482.79
16285,21735,2025-02-05,1212.69
16286,37157,2021-08-28,5658.7
16287,33313,2023-04-24,2876.77
16288,31926,2020-11-24,2860.31
16289,44803,2023-07-22,8073.18
16290,9904,2024-07-30,7146.9
16291,27282,2024-04-07,8294.53
16292,43651,2024-10-04,4307.48
16293,48733,2021-06-08,1212.25
16294,48997,2024-02-09,7658.78
16295,33413,2025-05-04,8684.95
16296,5324,2023-09-13,5920.29
16297,22032,2020-12-31,2282.13
16298,45641,2024-12-15,7691.25
16299,23218,2022-10-25,537.87
16300,43003,2022-10-04,3504.18
16301,2233,2021-04-19,3969.03
16302,9785,2023-12-17,3382.33
16303,30059,2023-10-31,9453.89
16304,47190,2025-04-17,8339.21
16305,48145,2023-03-19,5350.98
16306,4929,2023-11-30,9357.94
16307,26629,2022-02-11,1645.02
16308,49558,2021-03-21,1054.4
16309,2945,2023-12-30,3908.36
16310,24751,2025-02-14,9910.05
16311,30641,2023-12-17,9046.63
16312,13444,2022-03-04,2296.92
16313,22422,2020-04-26,9307.12
16314,4696,2024-06-03,6347.98
16315,7968,2023-02-22,3160.69
16316,41070,2024-01-03,8190.96
16317,23140,2021-01-30,8581.44
16318,46533,2025-06-22,105.0
16319,49144,2025-01-14,1433.54
16320,39751,2024-08-02,7519.16
16321,20708,2023-10-07,6159.91
16322,4840,2021-01-23,2687.24
16323,33515,2021-09-03,2818.96
16324,16136,2024-06-15,1199.5
16325,20004,2024-03-05,4330.5
16326,9484,2024-07-17,707.57
16327,27138,2022-01-28,6868.57
16328,47983,2021-03-10,2529.13
16329,41619,2023-06-13,8823.5
16330,9557,2024-03-19,1039.92
16331,45022,2020-12-24,6951.18
16332,2353,2025-03-09,8718.98
16333,49520,2024-06-16,7070.27
16334,16165,2022-09-05,9269.35
16335,40628,2022-03-03,3352.67
16336,49724,2024-10-28,1438.5
16337,40161,2021-10-25,3560.88
16338,6954,2023-04-22,6001.9
16339,8967,2020-10-01,9463.11
16340,4906,2024-12-19,3025.7
16341,31717,2022-05-12,6885.43
16342,36249,2024-06-06,1095.91
16343,46502,2021-08-30,2754.51
16344,24876,2023-05-13,1681.79
16345,36390,2020-02-15,4838.42
16346,29952,2024-08-08,9374.18
16347,24554,2023-04-27,9159.76
16348,47338,2021-08-05,4328.57
16349,31533,2022-12-04,8590.49
16350,22771,2021-12-28,4371.62
16351,4766,2021-09-24,4149.62
16352,13700,2021-03-05,8856.58
16353,29022,2022-11-06,402.84
16354,36052,2023-11-23,8819.08
16355,14627,2020-11-24,8363.3
16356,48638,2024-12-30,2089.07
16357,34437,2024-06-22,4122.98
16358,3693,2025-04-11,8528.45
16359,1358,2022-12-09,5624.84
16360,19328,2023-10-30,7311.71
16361,38313,2021-10-12,1646.01
16362,43817,2025-02-22,4791.66
16363,26472,2021-11-12,5160.11
16364,34588,2021-08-28,1039.24
16365,20618,2023-05-21,3316.59
16366,25213,2022-10-17,7366.49
16367,1204,2022-07-27,1783.44
16368,37086,2020-02-04,6252.02
16369,1394,2020-02-28,841.74
16370,37024,2022-10-19,865.85
16371,1228,2021-10-13,6977.44
16372,27181,2022-08-26,9926.72
16373,16912,2021-06-07,3699.66
16374,6746,2021-06-23,6195.62
16375,8128,2022-01-02,6229.91
16376,39715,2024-09-05,1838.87
16377,37481,2022-05-26,9410.43
16378,14288,2025-01-05,5324.63
16379,26257,2022-05-16,3969.17
16380,215,2022-03-07,1434.15
16381,31146,2021-01-10,5667.02
16382,4834,2023-02-25,9035.18
16383,7214,2024-03-02,5152.29
16384,11321,2025-06-12,1320.63
16385,45829,2024-08-06,2847.52
16386,42470,2024-11-26,9877.39
16387,13876,2022-03-24,4073.32
16388,34207,2023-05-28,9852.55
16389,3203,2020-07-11,5502.79
16390,15925,2022-03-07,7130.44
16391,14931,2022-12-11,2283.03
16392,1976,2024-04-24,9874.01
16393,19474,2021-06-01,185.09
16394,20623,2024-12-23,8580.84
16395,45473,2023-04-03,6916.69
16396,27761,2022-07-06,6626.12
16397,5608,2023-07-10,3221.3
16398,42747,2021-01-19,1941.94
16399,42609,2021-08-11,6275.51
16400,33886,2023-04-14,9160.69
16401,41415,2023-12-29,2579.97
16402,11959,2023-06-13,8082.85
16403,7994,2020-05-21,976.02
16404,40398,2020-11-30,2505.92
16405,27797,2022-02-05,646.53
16406,3640,2025-04-15,3883.63
16407,32326,2024-09-08,6992.97
16408,32846,2021-02-28,5008.12
16409,41607,2021-12-08,5424.71
16410,1103,2023-06-19,5792.1
16411,23484,2024-11-06,2311.08
16412,49400,2020-04-16,3401.73
16413,28336,2021-12-25,4603.33
16414,31754,2025-04-05,5779.99
16415,36061,2022-06-05,8485.99
16416,14377,2021-08-19,4672.3
16417,42899,2021-03-21,7712.56
16418,5000,2023-08-29,1266.25
16419,24990,2023-03-11,1384.8
16420,11442,2025-05-17,2953.01
16421,10322,2022-04-13,3250.1
16422,1410,2020-03-15,6300.01
16423,40453,2024-08-27,2271.28
16424,26286,2021-08-12,1499.21
16425,8525,2021-03-06,6494.57
16426,18728,2023-04-27,9973.35
16427,25017,2020-12-05,9921.36
16428,23307,2020-08-14,9228.16
16429,32374,2023-07-30,714.48
16430,45768,2021-11-19,7666.4
16431,25105,2024-01-07,3903.28
16432,22091,2024-01-17,8239.94
16433,23673,2021-08-05,578.92
16434,1818,2023-12-23,8385.71
16435,28199,2020-09-13,6236.13
16436,7010,2024-12-09,893.91
16437,26819,2023-08-10,9588.58
16438,18930,2023-11-25,8737.74
16439,4249,2022-09-24,6921.75
16440,20824,2020-12-21,3755.06
16441,46837,2023-12-16,5145.91
16442,36980,2020-05-08,370.22
16443,27607,2022-06-15,6751.4
16444,3998,2024-06-06,9558.31
16445,29614,2024-03-05,2264.45
16446,15401,2025-03-21,4134.49
16447,41064,2021-10-31,8632.55
16448,18680,2024-01-24,754.85
16449,9179,2022-10-27,3267.87
16450,49516,2023-10-18,9420.81
16451,48394,2024-08-10,7713.07
16452,17794,2022-12-03,901.12
16453,37752,2022-08-26,4698.14
16454,25749,2021-06-08,5174.11
16455,1227,2022-03-17,7430.18
16456,36214,2024-04-04,2222.36
16457,16330,2022-09-11,2432.13
16458,11289,2022-10-25,8541.55
16459,6120,2023-02-09,2321.81
16460,33733,2021-07-17,4530.86
16461,34582,2025-03-20,6981.73
16462,11717,2021-02-12,5296.39
16463,10251,2022-06-26,9162.03
16464,28588,2022-09-12,5160.39
16465,34053,2024-01-03,2154.49
16466,35576,2024-02-02,8333.23
16467,47150,2023-11-09,7810.24
16468,24590,2024-05-26,2102.12
16469,536,2021-04-28,7734.46
16470,16638,2020-06-25,3290.4
16471,19276,2022-08-20,5696.44
16472,42758,2021-06-17,9711.82
16473,38647,2021-01-04,538.44
16474,4585,2022-09-26,1789.8
16475,28437,2021-04-13,6100.4
16476,19568,2024-06-08,595.85
16477,105,2024-04-15,1188.77
16478,49380,2022-06-15,6168.59
16479,40361,2024-11-03,8430.5
16480,23016,2022-07-11,5502.79
16481,30395,2022-02-08,1948.94
16482,16837,2023-11-01,1400.75
16483,11120,2020-12-14,8224.27
16484,34723,2024-03-09,9037.19
16485,29225,2022-09-28,7571.4
16486,7491,2024-02-26,2273.18
16487,3411,2025-04-04,3585.18
16488,41043,2023-08-14,4364.49
16489,17217,2021-01-26,1329.92
16490,10582,2023-08-07,2608.76
16491,147,2021-09-12,7293.61
16492,25562,2021-06-30,7845.6
16493,28307,2022-06-21,1906.14
16494,23321,2024-12-19,3333.54
16495,19111,2024-04-07,4994.03
16496,14080,2024-11-05,1833.3
16497,18655,2020-10-28,8645.2
16498,4702,2022-09-25,3095.3
16499,28024,2022-02-25,2554.12
16500,11937,2020-03-19,8946.22
16501,45520,2021-08-06,6768.94
16502,14760,2021-08-31,5173.48
16503,29964,2021-04-27,1161.82
16504,16030,2024-11-02,1538.59
16505,28664,2022-11-02,2315.93
16506,42566,2023-12-28,2263.56
16507,41642,2021-02-18,8881.47
16508,49550,2024-09-30,9424.26
16509,26885,2022-05-01,4227.26
16510,13732,2021-09-30,2086.06
16511,17851,2022-07-22,2809.59
16512,441,2020-11-08,331.95
16513,24279,2022-02-14,2229.31
16514,10044,2021-09-03,253.53
16515,21471,2021-05-17,9621.47
16516,37454,2021-06-09,6274.04
16517,992,2023-10-05,6773.79
16518,7615,2023-04-17,915.25
16519,11185,2021-06-04,4663.95
16520,26587,2024-08-03,4373.81
16521,42689,2021-12-16,8382.32
16522,7025,2020-07-12,7816.18
16523,16528,2021-07-03,4212.78
16524,44579,2024-04-05,7304.31
16525,8522,2024-08-19,959.04
16526,784,2021-08-18,2610.69
16527,36001,2022-06-14,1785.08
16528,22835,2023-04-16,7281.98
16529,15677,2021-12-04,8842.38
16530,14927,2023-11-08,6224.97
16531,19259,2022-02-15,6683.87
16532,30567,2020-09-27,5950.78
16533,47560,2022-08-06,5946.49
16534,3564,2022-01-06,2197.47
16535,9602,2020-06-29,281.69
16536,4601,2025-06-13,2003.43
16537,32954,2020-09-15,3258.59
16538,39782,2025-02-21,4062.63
16539,29758,2020-01-22,7241.3
16540,24418,2020-10-21,254.11
16541,12103,2025-06-19,5838.28
16542,42265,2024-12-05,3015.12
16543,9851,2025-05-07,1883.13
16544,46914,2021-06-07,2911.46
16545,36634,2021-06-29,3730.46
16546,19172,2023-08-17,8517.43
16547,19440,2023-10-08,2582.54
16548,29542,2024-11-21,5324.63
16549,10602,2025-01-15,7392.84
16550,43191,2022-05-16,9278.93
16551,25582,2024-08-18,427.92
16552,26755,2022-03-17,7785.38
16553,13981,2020-09-15,2527.15
16554,22714,2023-04-13,8409.76
16555,36501,2021-06-07,1561.3
16556,27691,2024-04-27,6726.34
16557,19781,2020-11-28,7416.63
16558,41750,2023-10-31,5248.63
16559,35694,2021-12-07,3510.08
16560,36199,2024-03-13,1658.06
16561,7174,2024-12-14,1138.88
16562,18382,2024-07-04,7580.9
16563,22166,2020-03-30,694.74
16564,23312,2022-02-16,5867.89
16565,35506,2024-03-03,386.31
16566,24122,2023-07-07,4662.86
16567,33479,2025-03-07,1469.59
16568,37463,2020-09-24,6541.68
16569,28027,2020-02-22,2526.14
16570,33971,2024-09-10,3569.15
16571,48718,2020-09-28,7626.0
16572,44079,2020-05-24,6076.24
16573,15797,2024-02-20,7259.8
16574,45721,2022-05-12,6994.69
16575,40323,2021-02-13,8912.35
16576,12045,2024-11-28,7827.12
16577,11891,2020-01-29,7342.91
16578,8245,2024-03-11,771.18
16579,26354,2023-10-05,1243.93
16580,47939,2024-02-28,5474.44
16581,1311,2024-09-06,3384.43
16582,4675,2022-06-25,5158.84
16583,21841,2023-10-12,7315.89
16584,38071,2021-11-04,3319.23
16585,26855,2021-05-16,8642.71
16586,19906,2022-08-24,4349.83
16587,27013,2023-06-08,3375.11
16588,47497,2024-04-13,5171.85
16589,17693,2022-09-19,5173.92
16590,29800,2020-04-30,8599.54
16591,22500,2020-06-25,1992.37
16592,48291,2024-07-13,5235.8
16593,35122,2020-12-12,8132.91
16594,12062,2020-05-23,6714.0
16595,25871,2020-12-02,5609.8
16596,34333,2024-10-04,8512.05
16597,16793,2022-06-28,7755.76
16598,33867,2023-07-16,724.27
16599,26085,2022-07-19,4537.32
16600,49264,2020-02-21,7071.33
16601,2884,2021-06-20,6433.1
16602,7036,2022-01-13,3445.06
16603,6902,2020-08-23,4444.68
16604,29163,2021-01-15,5123.83
16605,30266,2021-05-05,4341.6
16606,34444,2021-03-18,7442.99
16607,6624,2021-04-04,4971.61
16608,16709,2024-11-09,7996.87
16609,4074,2022-06-03,4584.42
16610,36595,2022-12-27,513.61
16611,23013,2022-07-26,8606.3
16612,14757,2025-05-21,7363.43
16613,38724,2024-11-11,1803.63
16614,21912,2024-10-20,3480.51
16615,27386,2020-04-27,740.03
16616,14466,2021-03-04,4860.28
16617,10019,2020-03-12,4622.88
16618,42109,2022-01-28,1891.19
16619,28516,2021-08-06,1934.85
16620,7944,2020-10-11,2524.18
16621,14524,2024-03-18,7121.06
16622,22966,2024-12-17,3340.6
16623,6014,2022-07-15,5842.08
16624,872,2024-08-03,2473.57
16625,44554,2020-08-10,8617.7
16626,46085,2022-09-03,6973.19
16627,22904,2024-09-07,9882.29
16628,10415,2025-03-02,8693.65
16629,48372,2023-07-27,1435.44
16630,30749,2024-11-28,7093.15
16631,43395,2020-08-21,2925.37
16632,4703,2024-03-18,5987.09
16633,16386,2021-10-27,6509.96
16634,31055,2020-01-02,7555.85
16635,10701,2024-04-17,5133.49
16636,48732,2020-02-03,3798.52
16637,47160,2022-05-07,9458.0
16638,39660,2024-06-21,3418.28
16639,20878,2020-02-07,3001.66
16640,27980,2020-05-06,3201.0
16641,30223,2024-10-07,8262.16
16642,49749,2024-10-24,6384.28
16643,23420,2020-05-27,1923.89
16644,1790,2024-07-31,2032.0
16645,42745,2020-06-09,1207.48
16646,44030,2021-09-25,4253.34
16647,36835,2022-12-04,4818.44
16648,37679,2021-05-10,3572.04
16649,38420,2020-02-29,3991.8
16650,2172,2021-03-25,6142.03
16651,12946,2022-01-19,5517.33
16652,46415,2021-12-01,4443.75
16653,14457,2021-11-21,5014.08
16654,23808,2022-11-01,7947.17
16655,5836,2024-10-09,5209.15
16656,30178,2023-03-06,9581.92
16657,8709,2020-09-23,5569.79
16658,16698,2023-03-18,3338.48
16659,17745,2021-12-16,9441.55
16660,18509,2024-09-27,1071.03
16661,33596,2022-03-04,8746.09
16662,10340,2025-06-05,1309.34
16663,16080,2023-03-16,6458.76
16664,20776,2022-09-28,8896.98
16665,36547,2021-05-09,1151.57
16666,28340,2022-02-23,9995.52
16667,15321,2023-06-28,4870.7
16668,34229,2021-11-14,4955.72
16669,35523,2023-04-27,3494.31
16670,38539,2020-05-08,4010.82
16671,8970,2020-08-27,4606.59
16672,1564,2021-01-12,1874.23
16673,38007,2023-05-08,4913.18
16674,21511,2021-03-17,6008.99
16675,38301,2020-12-15,352.86
16676,21441,2020-04-30,7474.6
16677,48564,2024-07-08,5655.65
16678,25231,2020-02-10,1185.44
16679,28167,2020-05-31,8442.58
16680,34244,2020-06-19,5018.05
16681,43575,2020-12-02,4311.74
16682,39956,2023-10-29,3893.25
16683,1916,2020-04-03,7869.12
16684,8195,2022-09-27,901.67
16685,16797,2023-02-13,7083.87
16686,36860,2024-11-05,6407.56
16687,4541,2024-12-05,4291.5
16688,14563,2024-01-13,9518.6
16689,6821,2023-05-26,5552.13
16690,3412,2023-03-29,5998.22
16691,21555,2023-05-27,7654.8
16692,10613,2021-02-28,6290.77
16693,27306,2022-10-31,8444.54
16694,29641,2022-08-18,2366.52
16695,32715,2020-04-25,7878.91
16696,24929,2022-01-10,729.47
16697,48158,2023-07-21,6864.16
16698,41438,2024-03-05,9855.39
16699,2292,2022-10-28,6905.17
16700,21207,2023-07-30,3363.22
16701,44900,2020-07-28,5114.66
16702,12696,2022-02-15,9928.9
16703,7583,2021-05-28,4841.18
16704,39959,2024-06-04,7899.05
16705,18485,2022-08-28,1904.96
16706,37930,2023-08-18,8424.45
16707,28324,2023-05-06,1845.85
16708,11880,2023-11-13,9937.07
16709,27505,2021-10-13,1167.22
16710,48290,2024-09-03,3878.16
16711,37717,2021-03-01,7053.53
16712,27802,2022-05-16,7476.86
16713,1351,2023-10-26,3132.57
16714,47513,2024-02-04,6021.23
16715,49525,2020-06-06,942.01
16716,39467,2020-02-21,454.28
16717,17874,2024-01-28,1460.72
16718,37766,2023-08-19,4029.16
16719,44598,2021-07-01,4938.17
16720,35636,2021-08-04,1080.97
16721,47629,2024-12-28,4452.77
16722,26224,2022-01-07,9114.28
16723,48184,2022-03-22,5983.31
16724,21608,2021-02-03,3148.98
16725,10415,2024-05-25,1962.53
16726,45378,2025-03-02,5173.29
16727,9284,2024-08-07,2475.63
16728,43806,2021-11-02,9431.57
16729,18764,2020-01-14,3341.7
16730,46753,2023-12-04,546.52
16731,13990,2024-01-20,7857.51
16732,7467,2023-03-10,7935.0
16733,15202,2022-10-06,8912.68
16734,11307,2021-10-01,8210.11
16735,31561,2021-12-29,3040.9
16736,22148,2022-02-18,7643.63
16737,33258,2024-09-04,8596.89
16738,18976,2021-10-17,8470.37
16739,36749,2021-05-11,4600.92
16740,16420,2025-01-17,7055.99
16741,40141,2024-08-11,9303.11
16742,40598,2021-06-19,6293.08
16743,35467,2024-04-27,3283.91
16744,19225,2024-07-16,899.53
16745,6991,2023-11-13,1207.34
16746,9892,2021-09-14,4855.98
16747,28962,2023-08-05,6088.47
16748,36258,2024-02-29,1873.28
16749,22816,2023-03-28,1957.53
16750,49817,2024-03-24,1249.96
16751,18883,2020-08-28,3251.87
16752,42996,2020-02-04,5832.73
16753,12219,2021-06-03,6888.18
16754,16505,2025-02-09,9116.49
16755,17465,2020-05-24,6006.89
16756,28779,2021-08-14,2388.02
16757,34205,2022-11-09,7301.0
16758,40981,2021-04-19,8942.47
16759,41813,2023-06-25,2176.95
16760,36373,2020-11-29,7757.86
16761,23495,2022-11-11,8088.33
16762,11183,2021-03-13,3133.17
16763,30614,2022-05-30,5051.52
16764,23850,2021-08-05,4210.47
16765,11255,2021-04-03,2579.34
16766,3642,2023-05-17,5203.02
16767,22882,2021-08-11,8757.69
16768,42958,2021-01-05,804.83
16769,3824,2020-03-21,9123.3
16770,46889,2025-06-17,647.36
16771,30806,2020-09-04,4516.73
16772,1945,2021-03-27,363.53
16773,29328,2021-12-20,7256.56
16774,31847,2020-06-07,1218.04
16775,39788,2023-09-26,8368.95
16776,33778,2023-03-10,8992.85
16777,6446,2023-02-10,4091.61
16778,29744,2022-02-03,9860.68
16779,29989,2022-11-18,4034.0
16780,37910,2024-01-26,4628.04
16781,8016,2021-10-11,4252.62
16782,14511,2021-02-20,5492.02
16783,48461,2022-06-29,9204.38
16784,38898,2023-02-20,1167.95
16785,12018,2023-10-18,4005.11
16786,24593,2021-05-21,3631.25
16787,2444,2024-05-31,1089.1
16788,45766,2021-05-26,7780.92
16789,3148,2024-03-11,1471.24
16790,8395,2024-04-19,563.18
16791,8425,2022-04-01,9738.64
16792,25363,2022-07-05,7003.07
16793,46076,2023-03-27,7324.31
16794,45727,2025-03-18,5792.92
16795,46195,2024-09-05,1796.29
16796,45826,2024-11-05,5386.76
16797,18157,2025-01-07,7789.6
16798,32864,2024-02-25,7114.0
16799,12928,2023-05-07,6453.83
16800,24850,2020-06-25,914.59
16801,24324,2022-07-08,6511.04
16802,20374,2020-07-26,765.06
16803,31310,2024-05-23,9185.12
16804,10213,2020-05-13,8556.83
16805,47453,2025-04-05,331.35
16806,29474,2025-03-27,2216.97
16807,26800,2021-05-29,5735.46
16808,48767,2020-11-04,544.45
16809,7878,2021-06-05,9106.29
16810,47467,2021-06-19,8997.17
16811,32460,2023-02-09,1773.81
16812,34712,2021-02-20,9213.29
16813,34861,2024-03-13,7060.29
16814,5499,2023-09-25,4673.04
16815,5002,2020-10-04,4647.25
16816,8868,2022-04-08,3217.15
16817,34402,2021-04-24,5898.93
16818,9523,2023-05-30,6056.62
16819,43936,2025-02-01,1784.64
16820,14752,2023-07-07,4890.23
16821,1267,2023-04-17,1192.57
16822,13967,2024-03-19,7753.19
16823,137,2022-03-17,7972.24
16824,21562,2022-11-20,8570.18
16825,9124,2024-01-04,548.27
16826,34710,2020-07-19,6696.21
16827,39693,2020-01-30,8770.95
16828,8361,2023-06-22,3419.48
16829,47724,2022-05-10,7943.67
16830,25038,2022-10-10,156.55
16831,20890,2024-02-05,6686.28
16832,24440,2021-05-14,2482.79
16833,40320,2023-04-05,874.04
16834,28093,2021-09-02,5052.12
16835,8748,2020-01-25,3728.97
16836,39385,2023-06-26,6006.73
16837,11038,2024-05-12,8576.09
16838,28896,2023-06-06,3981.21
16839,25402,2023-04-02,9274.63
16840,42835,2021-01-29,2758.02
16841,26275,2021-04-18,7801.42
16842,1532,2021-09-09,6442.42
16843,38587,2020-10-28,5200.8
16844,244,2022-05-06,4548.05
16845,16419,2022-02-27,9144.79
16846,9383,2021-05-11,6518.89
16847,23814,2021-01-20,3675.3
16848,5454,2020-07-20,5566.92
16849,43740,2025-01-04,5557.35
16850,46145,2020-04-08,8782.22
16851,21614,2021-02-20,511.58
16852,13141,2022-01-14,4463.86
16853,27035,2022-11-20,5150.26
16854,41942,2023-11-12,1604.41
16855,9,2025-02-01,107.75
16856,5002,2021-03-28,121.15
16857,19638,2021-04-09,9845.19
16858,3704,2025-04-16,851.44
16859,15666,2025-03-29,993.26
16860,32881,2021-07-30,1330.26
16861,25518,2020-06-21,9888.65
16862,1343,2023-04-05,7471.97
16863,34225,2024-11-06,4145.86
16864,33534,2021-08-21,9871.73
16865,20711,2025-03-11,5647.64
16866,46560,2022-01-23,8089.49
16867,48543,2023-05-25,848.3
16868,23487,2024-03-03,9399.32
16869,44168,2022-08-06,9529.95
16870,45568,2025-05-04,8649.07
16871,680,2023-03-10,1694.31
16872,39868,2022-06-15,132.56
16873,14003,2021-09-01,8994.99
16874,46981,2020-06-05,3140.49
16875,40702,2022-04-08,3693.89
16876,37805,2023-10-06,4756.18
16877,34863,2021-08-06,3244.69
16878,7310,2021-01-20,5988.41
16879,14105,2024-12-08,4093.9
16880,9301,2025-01-21,7344.26
16881,2141,2022-01-06,415.87
16882,19886,2025-02-28,2130.08
16883,11693,2025-01-06,9155.39
16884,41119,2021-09-24,548.03
16885,5684,2021-02-14,4826.97
16886,9087,2024-02-05,1895.89
16887,47081,2021-02-25,7811.05
16888,4253,2023-10-25,5245.15
16889,3505,2024-02-13,7215.21
16890,7361,2021-03-11,8311.92
16891,11872,2023-09-21,7535.79
16892,33025,2022-10-12,4150.59
16893,1860,2022-02-01,4605.58
16894,43476,2020-06-08,6584.55
16895,19131,2021-04-16,7506.79
16896,7400,2023-11-10,3784.21
16897,35582,2022-04-13,7804.19
16898,41381,2020-05-27,148.82
16899,4474,2020-02-26,9129.69
16900,20148,2022-12-21,5998.04
16901,46328,2022-09-13,5699.59
16902,31095,2024-06-09,5655.64
16903,44878,2024-02-19,495.17
16904,40694,2021-05-26,9499.24
16905,45568,2021-11-18,7664.76
16906,19074,2020-07-29,7186.12
16907,1045,2021-10-08,7041.09
16908,4893,2020-03-07,5482.05
16909,40937,2022-03-28,6264.53
16910,24224,2022-02-02,9251.67
16911,8676,2022-03-12,3669.23
16912,47244,2020-04-14,6017.02
16913,44345,2022-05-04,3964.76
16914,10760,2022-12-28,1275.53
16915,27804,2023-10-18,1530.66
16916,23353,2020-11-18,739.94
16917,17589,2021-08-22,3960.55
16918,48854,2024-10-20,3557.08
16919,49140,2023-03-31,1325.32
16920,24528,2021-09-18,4546.0
16921,12492,2023-08-15,2209.06
16922,13589,2024-04-05,1101.93
16923,8755,2024-03-27,3287.06
16924,7047,2020-02-01,6775.14
16925,20413,2024-09-06,468.76
16926,31444,2023-10-24,6892.49
16927,3044,2024-02-02,1512.86
16928,44020,2023-10-09,9095.68
16929,44598,2021-08-21,1065.79
16930,29097,2020-11-06,1994.74
16931,18236,2021-03-24,2353.49
16932,9772,2025-02-02,6668.61
16933,7913,2024-12-13,8130.08
16934,31773,2024-12-22,5342.45
16935,30379,2025-03-01,7467.17
16936,11173,2020-12-24,8885.9
16937,4027,2022-05-18,6145.25
16938,27709,2022-05-21,3173.44
16939,25416,2023-03-30,1615.73
16940,17428,2020-07-10,5928.24
16941,28728,2021-04-20,8380.73
16942,49840,2020-05-17,1984.63
16943,38218,2025-03-06,9994.83
16944,9103,2025-05-19,1358.25
16945,31481,2021-05-25,487.01
16946,41164,2022-08-26,6890.75
16947,5304,2021-04-18,3714.05
16948,19502,2021-05-11,6737.3
16949,13357,2020-04-19,1891.9
16950,11710,2022-12-10,1949.16
16951,2056,2022-03-12,5073.22
16952,32782,2022-06-28,9458.18
16953,47333,2024-08-31,3816.47
16954,49946,2024-02-06,821.73
16955,2150,2023-10-12,7398.22
16956,45557,2024-02-11,9230.02
16957,13609,2023-08-10,3695.73
16958,28397,2021-07-13,4624.99
16959,37917,2023-12-21,9519.47
16960,6847,2020-01-28,7505.62
16961,1805,2021-01-10,6724.38
16962,12642,2022-07-25,1371.95
16963,13786,2023-06-13,5855.03
16964,26594,2021-05-02,8614.56
16965,20923,2022-08-09,7292.52
16966,28975,2022-09-03,1249.99
16967,760,2023-11-02,6745.94
16968,3861,2021-08-10,8067.5
16969,14860,2023-09-06,3878.42
16970,18026,2022-12-19,7565.53
16971,23576,2020-08-12,7151.28
16972,30728,2024-12-09,3391.53
16973,45732,2024-01-16,7448.64
16974,18210,2020-02-21,6432.34
16975,35954,2024-06-24,3188.95
16976,562,2023-10-15,5407.48
16977,238,2022-03-21,4623.18
16978,5979,2022-01-01,600.46
16979,11326,2020-09-06,6861.55
16980,46207,2024-10-13,1450.08
16981,47837,2021-02-27,2498.42
16982,23852,2020-02-11,9586.65
16983,2208,2023-12-15,2384.42
16984,5558,2022-09-06,3979.43
16985,11665,2023-12-01,9603.14
16986,21388,2020-11-18,7527.89
16987,19034,2020-11-20,6837.15
16988,37482,2020-11-30,8226.32
16989,5579,2021-09-13,687.92
16990,8263,2020-04-26,8882.68
16991,27493,2021-08-03,2597.16
16992,30124,2020-04-07,1620.5
16993,38384,2020-09-06,8312.16
16994,22560,2024-02-19,2875.82
16995,40614,2022-06-09,2461.74
16996,32266,2020-07-04,7929.61
16997,21327,2024-11-01,651.68
16998,33231,2024-03-07,854.04
16999,45766,2025-01-11,8148.6
17000,6391,2025-02-21,4246.85
17001,12417,2021-03-06,8479.09
17002,5830,2024-12-13,7914.52
17003,22861,2023-11-17,5620.3
17004,5195,2022-04-15,7520.57
17005,46040,2022-01-03,1517.67
17006,16340,2024-11-10,1984.81
17007,2841,2022-08-31,8442.03
17008,32820,2023-08-02,3478.6
17009,45876,2025-03-01,149.05
17010,7180,2024-05-15,9538.17
17011,30766,2020-07-11,7147.05
17012,32557,2025-05-31,8469.29
17013,42276,2023-12-05,9136.19
17014,26761,2020-07-12,6349.21
17015,39848,2025-01-10,5080.53
17016,43170,2022-11-29,1593.14
17017,37941,2020-11-12,1966.33
17018,26733,2022-10-12,4561.12
17019,47149,2021-01-11,760.27
17020,21345,2020-10-23,7888.78
17021,36125,2023-05-10,5628.45
17022,20390,2024-06-11,9267.78
17023,49137,2021-04-12,6284.78
17024,17357,2023-04-08,9724.67
17025,46674,2020-07-08,2859.61
17026,41787,2023-02-16,3564.14
17027,49470,2021-08-14,4290.89
17028,767,2021-09-08,3023.84
17029,48419,2021-07-03,7976.98
17030,2479,2025-06-02,5381.91
17031,20283,2024-11-06,4605.65
17032,2434,2020-06-25,4617.97
17033,22105,2024-11-04,8162.92
17034,33786,2022-01-16,2486.15
17035,48006,2024-11-03,3277.14
17036,23065,2022-07-02,9302.57
17037,45109,2023-10-10,4032.87
17038,43988,2022-01-03,9956.95
17039,27004,2021-04-29,4429.81
17040,13902,2024-12-01,4283.42
17041,2162,2023-10-12,5975.01
17042,6020,2021-10-12,8482.13
17043,7112,2020-01-04,7220.88
17044,19426,2020-12-22,7640.33
17045,45916,2020-03-01,9771.17
17046,37122,2020-05-03,7983.74
17047,48836,2025-03-21,4725.66
17048,12080,2024-10-04,6601.15
17049,31714,2024-03-27,8321.73
17050,48027,2025-01-14,1777.79
17051,38867,2021-09-14,3541.35
17052,21340,2023-07-31,6087.3
17053,47718,2023-06-24,3862.57
17054,42274,2023-05-26,635.51
17055,34473,2023-08-06,9409.09
17056,15967,2025-05-29,5444.55
17057,15110,2020-07-11,6383.55
17058,49414,2024-12-02,7222.48
17059,39452,2022-07-17,460.14
17060,33928,2021-03-06,1899.96
17061,42320,2020-05-31,9044.61
17062,45546,2022-11-23,7893.53
17063,18387,2020-03-12,754.15
17064,23826,2020-01-16,7898.05
17065,2270,2023-01-08,9007.76
17066,5456,2023-07-19,1753.77
17067,27617,2022-06-02,720.15
17068,46203,2022-06-01,8643.99
17069,32348,2024-02-14,6047.78
17070,15279,2023-01-12,9900.96
17071,26123,2023-03-11,7082.08
17072,16240,2021-09-25,5159.79
17073,44566,2025-01-24,2531.27
17074,26839,2021-12-02,7027.75
17075,16799,2021-12-30,861.1
17076,32540,2021-03-25,4215.05
17077,7571,2021-02-06,3531.94
17078,8819,2024-09-20,6068.99
17079,15062,2022-08-19,2297.34
17080,39297,2024-03-01,1713.01
17081,4035,2023-07-29,1580.62
17082,6088,2020-08-04,3174.25
17083,33421,2023-12-27,8648.34
17084,45747,2023-07-22,4032.51
17085,16897,2023-11-04,8923.63
17086,28189,2024-02-26,7499.01
17087,2445,2022-06-14,7182.55
17088,9002,2023-08-21,7702.97
17089,31005,2022-10-04,5087.72
17090,12688,2023-06-20,2763.76
17091,28476,2021-12-21,1868.54
17092,25079,2021-06-25,5019.49
17093,24616,2025-06-18,3818.07
17094,43971,2024-05-11,6612.54
17095,12637,2020-03-25,3556.17
17096,222,2023-08-08,665.76
17097,7095,2021-11-10,3854.29
17098,26042,2022-03-06,8856.23
17099,11828,2020-04-06,7092.61
17100,8162,2021-11-16,3921.18
17101,38832,2021-04-01,2183.84
17102,7023,2023-05-18,5705.38
17103,37872,2021-12-28,9358.97
17104,33810,2021-06-27,5843.48
17105,29696,2020-03-27,8904.91
17106,21846,2021-03-17,7085.78
17107,29706,2023-09-17,1289.87
17108,18291,2022-01-07,7058.79
17109,43790,2024-08-16,6101.49
17110,3446,2023-09-11,3668.8
17111,12639,2023-05-05,9540.11
17112,43107,2020-03-27,3364.59
17113,24258,2020-06-26,933.71
17114,23357,2022-05-27,2551.65
17115,898,2024-06-02,4419.77
17116,45405,2024-04-16,8909.33
17117,36678,2020-07-04,384.27
17118,7620,2021-07-29,7994.11
17119,33345,2020-11-28,2839.66
17120,13987,2022-06-13,6064.36
17121,6191,2020-08-20,3847.38
17122,5338,2020-06-04,2711.82
17123,1245,2023-10-26,5123.47
17124,19467,2022-05-14,3807.31
17125,16574,2025-06-14,3993.16
17126,12147,2023-05-16,1694.3
17127,23428,2022-06-05,1507.5
17128,28758,2020-10-21,2685.87
17129,39519,2021-04-24,5925.44
17130,22858,2021-12-20,2406.81
17131,23733,2022-03-23,7756.05
17132,27643,2020-05-20,8164.71
17133,44316,2025-04-23,1698.97
17134,4631,2022-12-17,9763.24
17135,33841,2022-07-03,2737.53
17136,13132,2020-07-21,820.37
17137,44621,2022-05-08,4440.03
17138,15204,2021-12-20,1897.61
17139,3695,2025-04-12,7865.62
17140,37009,2020-11-28,1238.31
17141,18017,2020-05-26,4887.74
17142,1339,2023-08-27,928.39
17143,49878,2022-02-01,8997.25
17144,46914,2023-10-30,3155.16
17145,30282,2025-03-12,6206.22
17146,45863,2020-02-08,7321.41
17147,2586,2024-08-07,417.69
17148,27542,2022-08-15,3876.98
17149,47819,2022-09-16,2904.32
17150,14102,2022-04-07,5506.42
17151,20824,2022-03-20,7732.61
17152,37818,2022-06-16,1392.82
17153,21619,2020-02-19,4804.15
17154,17674,2022-10-04,1390.24
17155,16866,2020-03-07,7920.73
17156,11929,2025-04-23,7871.65
17157,24981,2022-10-21,3374.08
17158,36470,2020-05-12,3347.7
17159,36775,2023-10-08,6032.46
17160,8909,2021-01-16,9973.07
17161,1858,2022-07-23,9807.15
17162,5254,2024-06-10,3225.15
17163,39425,2021-10-19,8312.88
17164,44537,2022-10-19,3223.27
17165,24860,2020-03-08,5163.4
17166,24459,2022-05-22,413.97
17167,49276,2020-04-06,9410.14
17168,23749,2021-04-18,7373.98
17169,42516,2022-02-28,8667.11
17170,42316,2022-03-08,5623.49
17171,22363,2024-06-13,748.03
17172,2362,2022-02-07,4447.7
17173,10162,2020-03-10,3736.8
17174,13993,2021-08-15,5201.63
17175,8802,2022-01-04,2181.23
17176,13970,2023-08-23,4571.32
17177,32418,2022-04-15,391.24
17178,12533,2021-08-08,1576.13
17179,26983,2023-04-27,8727.38
17180,126,2023-04-14,3841.58
17181,25308,2020-11-04,4347.45
17182,35099,2020-12-24,3636.67
17183,45086,2022-03-12,6244.67
17184,1622,2020-08-01,148.83
17185,11008,2024-03-03,9489.1
17186,45441,2024-03-14,5586.68
17187,13305,2022-05-03,3871.57
17188,10609,2020-05-14,8646.87
17189,7102,2020-02-08,5016.47
17190,41729,2022-03-15,1019.87
17191,6789,2020-03-03,9137.14
17192,26245,2024-01-02,3927.25
17193,37959,2020-09-27,5762.12
17194,35098,2021-12-23,9449.52
17195,39217,2023-01-02,3021.63
17196,18246,2025-03-07,1862.18
17197,46682,2021-01-18,8667.2
17198,34621,2021-09-04,5268.05
17199,16643,2021-12-02,6982.0
17200,7335,2021-09-17,1195.37
17201,23217,2023-09-09,6992.74
17202,16916,2023-02-07,5783.39
17203,34234,2025-05-23,3345.14
17204,49580,2025-05-14,8511.19
17205,137,2022-12-20,4659.51
17206,39615,2024-12-21,4146.81
17207,11770,2020-06-04,1915.68
17208,7430,2020-08-28,2620.94
17209,45506,2021-05-06,2805.18
17210,20070,2021-12-22,4117.39
17211,45355,2022-01-21,5058.32
17212,47936,2022-10-12,9903.9
17213,28769,2020-10-17,5495.58
17214,41772,2025-02-17,4724.72
17215,22533,2023-06-11,6433.31
17216,1400,2024-11-16,7580.14
17217,20111,2023-12-31,9796.01
17218,3821,2020-06-15,9981.14
17219,35328,2023-08-31,8622.85
17220,27511,2020-03-05,521.17
17221,45986,2023-10-22,515.07
17222,20664,2021-10-02,3298.8
17223,17609,2020-04-29,8691.92
17224,41306,2022-01-14,7637.33
17225,45880,2022-10-02,6330.41
17226,15848,2022-03-23,2008.7
17227,39236,2020-01-19,9717.53
17228,46895,2021-11-18,8996.24
17229,6428,2023-12-27,9141.79
17230,9206,2020-07-19,5126.7
17231,45898,2022-02-20,3742.02
17232,11515,2022-12-26,6407.63
17233,5247,2024-08-20,6597.36
17234,14116,2020-08-20,9280.85
17235,41857,2020-04-25,5757.92
17236,35038,2021-12-05,8799.84
17237,41291,2020-11-20,3223.04
17238,30873,2021-12-27,520.69
17239,48459,2020-01-06,4419.98
17240,22825,2020-03-24,2078.88
17241,11959,2022-12-05,7802.69
17242,16965,2022-12-01,8067.29
17243,31451,2021-12-12,7852.17
17244,17879,2020-07-07,4681.94
17245,40915,2022-11-20,8939.41
17246,11765,2025-06-21,4511.15
17247,27651,2025-04-29,6039.27
17248,17288,2024-01-05,2213.25
17249,14128,2020-10-15,336.29
17250,39483,2022-10-04,6084.06
17251,35620,2023-08-24,6565.64
17252,14927,2022-05-20,9297.55
17253,38733,2023-08-04,8463.64
17254,41129,2024-05-08,7782.71
17255,44106,2024-07-22,7032.97
17256,571,2023-11-13,4375.28
17257,15522,2021-02-09,4938.38
17258,44574,2022-09-17,7815.53
17259,43097,2025-03-12,1672.34
17260,25918,2025-03-27,7203.03
17261,4166,2021-10-06,6286.96
17262,40436,2021-06-03,2321.38
17263,4965,2020-03-10,4510.46
17264,40913,2022-04-10,7844.32
17265,2660,2021-06-05,1244.91
17266,9192,2024-11-08,6278.62
17267,4192,2024-09-21,4266.85
17268,33558,2025-01-05,2580.56
17269,42359,2023-01-30,8925.03
17270,37217,2024-11-03,4827.63
17271,29687,2021-03-06,9879.75
17272,3606,2020-12-01,6387.67
17273,27492,2023-08-28,3372.87
17274,21074,2024-12-24,3063.73
17275,49549,2020-02-25,6967.88
17276,1490,2021-05-23,3549.63
17277,46871,2022-10-21,5816.69
17278,8082,2022-10-19,5704.38
17279,23626,2020-08-25,253.6
17280,47603,2025-01-17,6960.13
17281,10234,2023-05-18,5714.42
17282,11330,2020-03-02,8122.24
17283,46350,2024-11-01,9396.86
17284,40352,2020-04-17,4935.68
17285,37371,2020-06-18,7781.14
17286,5022,2020-06-23,4742.09
17287,24723,2023-02-15,2994.34
17288,16197,2023-10-14,9018.93
17289,688,2025-01-02,6205.04
17290,39008,2020-05-18,699.81
17291,45946,2021-12-07,9351.25
17292,12933,2024-04-13,4230.49
17293,15566,2022-02-10,6717.26
17294,38823,2021-04-23,9596.71
17295,45290,2024-08-01,5386.74
17296,17067,2024-04-14,6021.32
17297,21907,2021-08-13,1966.62
17298,41291,2021-08-13,7802.25
17299,9383,2021-11-28,5264.19
17300,3942,2021-11-02,4919.12
17301,21307,2021-10-30,1857.83
17302,29421,2020-04-22,4467.25
17303,15540,2025-01-08,9492.83
17304,38834,2024-02-08,3936.96
17305,49355,2020-03-25,2296.02
17306,37078,2020-08-17,6025.83
17307,17674,2021-07-04,5129.7
17308,8299,2025-04-14,4849.33
17309,29523,2022-05-13,1716.26
17310,39286,2023-03-24,9095.88
17311,9487,2020-10-06,6117.88
17312,40252,2025-01-02,6252.03
17313,39971,2022-04-12,1274.4
17314,9217,2022-03-10,4610.82
17315,23087,2021-07-18,5872.23
17316,10175,2023-02-26,9243.4
17317,13421,2020-04-18,5845.21
17318,17653,2021-11-26,9589.56
17319,1298,2022-07-18,6949.88
17320,7194,2024-10-11,1646.02
17321,33084,2024-08-19,743.81
17322,12946,2021-06-01,5528.8
17323,25129,2020-07-03,9448.88
17324,19154,2021-08-29,3259.19
17325,9259,2020-01-14,8853.44
17326,18386,2022-08-28,1546.11
17327,10976,2020-03-09,7437.42
17328,27942,2024-09-21,4219.78
17329,25850,2024-06-09,228.11
17330,40603,2024-05-05,2965.36
17331,5809,2021-06-08,4067.09
17332,23864,2024-11-24,4433.21
17333,13277,2020-11-27,1798.58
17334,6569,2024-06-28,6204.07
17335,47828,2021-10-05,8480.36
17336,11452,2022-11-27,6915.93
17337,36735,2024-03-13,8010.74
17338,20835,2024-07-25,3547.26
17339,599,2021-10-31,8457.81
17340,49464,2020-11-05,156.28
17341,44748,2022-12-24,8295.16
17342,27253,2024-09-20,373.31
17343,46819,2022-08-02,6496.3
17344,35390,2021-02-18,2140.11
17345,21092,2022-10-05,4986.04
17346,3958,2023-12-20,4101.86
17347,1180,2021-03-09,9581.14
17348,23589,2023-07-26,3298.99
17349,8980,2022-08-31,6678.87
17350,30134,2020-08-14,5219.08
17351,49506,2020-07-27,3851.15
17352,9578,2025-01-25,6545.83
17353,19888,2023-12-10,1483.85
17354,42434,2021-03-15,7354.0
17355,49936,2020-02-25,5905.32
17356,21877,2023-01-28,7726.13
17357,30574,2024-06-10,7567.94
17358,32280,2020-10-16,4814.32
17359,42905,2024-02-27,4240.67
17360,5239,2024-10-31,8572.36
17361,35273,2024-08-31,9130.1
17362,21951,2023-08-11,4252.35
17363,29864,2020-08-01,9300.52
17364,26375,2022-03-20,9221.1
17365,18128,2022-04-13,1383.52
17366,14310,2021-05-24,4696.0
17367,25533,2021-10-21,8073.54
17368,32316,2020-09-26,1582.56
17369,48989,2023-04-04,2480.03
17370,32107,2025-01-02,5577.49
17371,28211,2025-01-02,1306.91
17372,27176,2021-01-06,3431.91
17373,30579,2020-01-12,5195.67
17374,39759,2022-09-14,7935.47
17375,33035,2024-01-03,1661.16
17376,45385,2023-11-16,7243.75
17377,35856,2024-02-09,9483.77
17378,43289,2025-04-24,2149.49
17379,42400,2023-12-17,2348.89
17380,41965,2022-08-01,7866.47
17381,30410,2024-08-08,1431.1
17382,42890,2024-07-05,4755.54
17383,6622,2021-07-28,4193.16
17384,5561,2024-10-12,5161.76
17385,48425,2021-04-02,5238.44
17386,19426,2022-06-23,5621.84
17387,28737,2025-02-21,8198.52
17388,12448,2022-11-19,4339.61
17389,15485,2020-12-07,2234.17
17390,10315,2023-08-31,7879.27
17391,33321,2020-02-24,9794.95
17392,18937,2024-02-09,1345.7
17393,5459,2020-07-16,2678.54
17394,27506,2023-08-22,9776.03
17395,25735,2025-06-03,2293.09
17396,41909,2023-12-13,4281.23
17397,40413,2023-11-22,928.17
17398,44010,2020-07-15,3120.45
17399,23142,2023-08-18,2666.0
17400,2101,2022-09-04,9580.98
17401,45284,2024-04-19,1491.77
17402,6244,2020-07-17,3168.96
17403,45978,2023-01-26,888.76
17404,36189,2022-05-19,6752.62
17405,46115,2025-01-07,9864.16
17406,37123,2025-05-26,1616.51
17407,17774,2020-01-19,6309.13
17408,11745,2020-06-21,1617.84
17409,6464,2024-03-07,2342.22
17410,14214,2020-11-05,5467.63
17411,14466,2021-12-04,9502.2
17412,36813,2021-04-03,4803.7
17413,23489,2025-05-14,4560.07
17414,15323,2023-11-25,1456.0
17415,808,2022-02-17,5678.9
17416,25983,2024-07-20,4678.25
17417,8810,2024-07-02,3412.51
17418,17295,2022-05-09,7333.46
17419,3486,2024-07-24,3049.38
17420,29446,2022-06-24,9038.56
17421,15202,2022-03-02,8740.06
17422,49173,2024-11-21,4917.38
17423,46521,2022-04-03,9089.05
17424,5815,2023-11-03,9619.4
17425,41812,2020-10-08,460.27
17426,30051,2020-11-20,8539.16
17427,33471,2021-10-25,4084.68
17428,40841,2023-04-10,9952.48
17429,2356,2024-08-16,3494.85
17430,44837,2022-04-18,8348.55
17431,48326,2025-02-10,2281.23
17432,4853,2024-09-16,9309.02
17433,37385,2024-11-06,7452.41
17434,6779,2020-10-18,2909.93
17435,49040,2022-11-06,6904.35
17436,30054,2021-12-20,4410.42
17437,19568,2022-09-17,8608.43
17438,38868,2024-12-14,158.81
17439,39822,2021-08-30,5281.08
17440,28949,2020-11-17,6844.48
17441,39240,2024-07-06,4028.75
17442,22644,2023-03-07,4785.56
17443,23790,2021-05-10,2475.7
17444,12248,2022-08-14,4232.73
17445,18095,2022-03-17,9218.91
17446,13610,2023-11-22,3907.61
17447,25440,2025-03-22,9885.54
17448,20113,2023-04-13,4708.51
17449,23080,2021-10-11,6242.59
17450,33850,2022-04-02,145.89
17451,6532,2020-08-07,1951.22
17452,15914,2023-03-21,3621.53
17453,18263,2021-09-29,3347.06
17454,24889,2022-01-27,7220.91
17455,31268,2024-04-24,5530.82
17456,12541,2020-07-09,2245.73
17457,31796,2024-08-24,6095.65
17458,29590,2021-09-27,1398.1
17459,13764,2021-11-19,8687.49
17460,47626,2023-09-04,7521.84
17461,22680,2022-05-22,3525.04
17462,6051,2022-02-15,578.75
17463,42866,2021-11-17,7849.42
17464,36686,2022-01-02,2509.86
17465,20116,2020-06-21,2663.79
17466,28014,2020-08-20,4372.2
17467,32253,2022-07-20,6124.8
17468,49204,2024-07-30,440.35
17469,34551,2023-06-10,8274.29
17470,34062,2022-01-20,437.97
17471,935,2021-10-12,1831.42
17472,47689,2020-03-25,2345.28
17473,22778,2022-08-30,8509.15
17474,30370,2022-05-30,7484.39
17475,4692,2020-01-24,6144.87
17476,47939,2022-02-07,3625.91
17477,16883,2024-10-28,5573.57
17478,26736,2024-02-15,604.25
17479,25612,2020-11-12,8674.29
17480,47914,2022-05-02,6950.79
17481,49622,2023-06-16,6701.48
17482,44264,2022-08-22,9844.36
17483,28103,2022-02-27,5379.15
17484,1673,2020-09-16,823.35
17485,41854,2024-10-26,2358.09
17486,20019,2021-09-03,1689.76
17487,27798,2024-05-12,9418.11
17488,22665,2022-08-25,1363.27
17489,49616,2023-05-29,323.14
17490,24512,2020-09-01,3091.69
17491,13887,2021-01-25,1307.78
17492,40277,2021-01-19,6241.0
17493,33097,2021-03-28,2315.07
17494,46476,2023-01-05,8443.02
17495,20251,2024-01-11,1516.88
17496,9332,2021-05-22,1609.3
17497,1010,2023-05-26,6116.13
17498,24905,2023-05-12,910.93
17499,41435,2022-06-09,600.86
17500,8988,2021-10-09,1920.63
17501,40995,2024-07-10,5314.46
17502,166,2020-02-29,5523.02
17503,3680,2021-05-11,3908.79
17504,27305,2024-03-14,4724.01
17505,31416,2020-09-10,4603.33
17506,8579,2022-07-18,4629.66
17507,43441,2023-09-27,2735.99
17508,3038,2022-05-31,1778.01
17509,5089,2022-10-29,3975.78
17510,1699,2024-05-27,4688.32
17511,34832,2022-06-14,9538.75
17512,1192,2021-03-04,7509.68
17513,21317,2025-02-16,8628.21
17514,7176,2021-06-12,3923.97
17515,23990,2021-06-02,5768.87
17516,38561,2020-04-12,7449.05
17517,5555,2025-01-16,1916.46
17518,47838,2024-02-14,4646.48
17519,36226,2025-04-19,3548.16
17520,39444,2021-03-16,5523.16
17521,11316,2022-05-09,2992.08
17522,49033,2020-10-07,3611.22
17523,24897,2024-12-18,8339.42
17524,29250,2021-03-14,7797.15
17525,44020,2024-12-30,4130.47
17526,45331,2022-06-29,1069.31
17527,22416,2024-12-12,2928.68
17528,29125,2020-09-28,7346.12
17529,43000,2020-10-20,7580.94
17530,25876,2020-12-07,3313.25
17531,21355,2025-02-27,9403.05
17532,32052,2024-08-22,5067.24
17533,46714,2023-12-21,8795.7
17534,17499,2021-08-22,5345.05
17535,11171,2025-03-11,219.66
17536,34233,2023-08-22,1085.21
17537,37563,2024-02-03,1141.91
17538,36432,2023-04-23,7204.85
17539,40875,2022-11-27,8616.22
17540,3471,2020-01-23,5304.52
17541,49115,2021-08-23,8557.26
17542,36479,2022-09-12,3781.14
17543,47108,2022-11-25,1108.79
17544,44245,2021-03-09,2663.99
17545,1430,2021-09-01,1268.42
17546,14405,2022-06-27,8869.0
17547,21353,2025-03-03,2467.49
17548,21271,2024-06-28,7531.62
17549,33677,2023-10-21,806.22
17550,38460,2022-06-18,7772.98
17551,14619,2024-07-10,942.15
17552,631,2025-01-01,9482.07
17553,15666,2021-03-22,6442.19
17554,7160,2024-10-13,6795.78
17555,8143,2024-02-09,6841.64
17556,1292,2022-09-01,2819.78
17557,11402,2022-06-12,4485.27
17558,41009,2020-11-05,9062.83
17559,7910,2020-03-19,2148.29
17560,10091,2024-01-24,5323.81
17561,27683,2020-02-29,3297.0
17562,15270,2021-10-15,7659.48
17563,18614,2021-01-17,4616.72
17564,34936,2021-07-25,3493.21
17565,1812,2023-09-01,5970.57
17566,43276,2024-04-06,1149.77
17567,39683,2021-03-24,5643.58
17568,770,2024-05-19,7856.57
17569,34268,2025-05-04,9633.47
17570,278,2022-06-05,8467.42
17571,25379,2022-09-19,6201.71
17572,3309,2023-10-22,5452.22
17573,9460,2024-09-24,3353.91
17574,47625,2023-01-30,4831.25
17575,13566,2024-10-17,6223.01
17576,29457,2020-08-18,1385.04
17577,25230,2023-11-30,7260.93
17578,8436,2023-02-22,2525.59
17579,8123,2024-02-03,1241.96
17580,48744,2022-08-19,1070.06
17581,31418,2024-03-14,3264.73
17582,39972,2023-09-27,3271.87
17583,27809,2021-04-01,5766.05
17584,5066,2020-01-04,4634.55
17585,26176,2023-10-25,7524.42
17586,42125,2020-08-04,289.69
17587,15010,2023-05-15,1000.04
17588,32645,2021-04-16,2554.68
17589,44486,2024-06-27,485.63
17590,1953,2023-07-10,1723.05
17591,17541,2024-01-19,7300.49
17592,36824,2024-08-17,8003.16
17593,46703,2024-10-20,5966.49
17594,27336,2025-05-18,5752.4
17595,23826,2023-10-10,6306.07
17596,48729,2021-12-01,8032.06
17597,2066,2020-12-23,8443.86
17598,10212,2023-05-30,3456.29
17599,11162,2021-11-09,4222.34
17600,36692,2020-12-14,8106.2
17601,1384,2024-11-24,2185.76
17602,49021,2020-09-17,9432.75
17603,18260,2020-12-03,8398.58
17604,13165,2021-04-07,4464.64
17605,18180,2024-06-13,5185.8
17606,49174,2025-01-20,4430.83
17607,44927,2024-11-21,2367.56
17608,6361,2022-02-08,2475.79
17609,28114,2025-03-01,3097.37
17610,23022,2025-04-28,4141.86
17611,8393,2023-06-30,8948.37
17612,14316,2023-01-17,3649.72
17613,9481,2020-06-08,5668.65
17614,36539,2021-03-17,976.17
17615,11553,2023-07-25,3904.85
17616,2311,2021-11-22,4334.45
17617,45473,2023-05-10,5078.05
17618,25586,2021-03-20,4672.2
17619,44543,2024-02-16,6642.52
17620,14945,2020-07-22,8515.52
17621,42787,2021-06-16,6355.79
17622,43101,2024-09-21,3934.87
17623,21249,2022-11-04,7750.37
17624,21343,2021-06-06,6876.12
17625,47284,2024-04-30,6935.67
17626,39971,2022-12-30,7889.62
17627,44328,2024-02-04,1197.75
17628,47532,2021-01-17,3681.4
17629,36135,2023-12-08,1765.24
17630,41492,2023-11-22,7748.0
17631,1377,2023-06-27,5710.17
17632,37079,2022-11-29,9896.13
17633,16259,2020-08-25,6818.51
17634,33932,2021-01-09,856.57
17635,18056,2022-04-17,2952.24
17636,33216,2025-05-23,9261.62
17637,9071,2020-02-15,9815.44
17638,42618,2020-03-12,2311.75
17639,32794,2022-03-14,4990.99
17640,11991,2020-11-07,3763.12
17641,34342,2024-08-02,2175.67
17642,15648,2022-08-22,3744.43
17643,197,2021-08-11,4339.15
17644,4208,2023-07-22,6701.35
17645,18063,2024-08-12,5075.86
17646,10173,2020-01-12,8317.37
17647,5995,2020-10-14,9428.74
17648,10036,2024-03-01,3888.46
17649,21975,2021-07-03,5061.19
17650,46449,2021-03-20,7299.73
17651,29054,2024-04-22,8279.51
17652,31772,2020-07-27,2283.18
17653,3219,2021-05-24,6614.02
17654,30006,2022-04-27,8209.47
17655,12666,2024-03-27,7427.64
17656,7249,2020-12-22,7009.18
17657,43789,2022-12-05,9447.39
17658,2002,2025-02-14,7481.91
17659,49175,2024-05-23,4942.58
17660,8148,2025-06-14,8706.81
17661,18713,2024-05-25,4426.07
17662,22132,2024-11-19,7990.99
17663,16091,2020-08-06,6284.88
17664,33261,2023-07-29,6095.24
17665,20964,2020-03-17,7413.56
17666,4236,2023-06-04,7024.55
17667,26063,2022-12-05,5384.08
17668,11284,2022-07-01,8866.05
17669,38764,2021-01-16,7244.99
17670,23891,2025-04-10,5848.09
17671,38298,2024-01-20,7068.44
17672,42581,2021-09-09,3504.14
17673,1637,2025-06-16,9995.1
17674,17323,2020-03-04,4746.13
17675,29898,2024-07-12,4801.73
17676,9116,2025-03-15,3969.62
17677,44954,2020-05-04,3282.91
17678,16205,2023-12-20,9637.08
17679,20505,2022-06-05,9701.31
17680,22387,2022-01-31,9484.54
17681,34260,2024-02-18,3295.49
17682,21711,2022-12-12,6229.86
17683,9618,2020-05-21,1926.09
17684,1367,2020-02-06,7243.51
17685,23619,2021-06-08,2796.32
17686,36543,2021-08-06,6893.48
17687,13323,2024-02-21,7193.93
17688,8332,2022-03-30,9966.62
17689,32156,2025-06-16,7881.69
17690,42246,2024-08-23,5816.19
17691,8698,2020-12-22,4957.28
17692,838,2022-07-04,658.76
17693,4309,2022-04-15,9456.84
17694,22873,2023-11-09,1912.74
17695,559,2021-05-13,506.8
17696,9260,2020-07-29,3561.46
17697,32487,2021-04-16,2374.37
17698,38853,2020-07-07,4900.58
17699,15255,2020-06-30,9249.73
17700,24983,2023-06-23,9566.83
17701,3107,2022-05-28,2931.51
17702,46941,2023-09-16,9104.01
17703,46533,2023-05-22,9020.52
17704,30013,2021-05-18,4442.74
17705,4262,2023-04-03,5467.96
17706,3586,2024-09-26,585.99
17707,35263,2023-01-09,305.82
17708,9694,2020-08-27,1625.72
17709,12823,2024-03-14,5279.73
17710,8222,2023-08-12,4768.48
17711,33447,2022-10-14,225.06
17712,32346,2022-07-04,1202.59
17713,24800,2022-11-24,4252.02
17714,26730,2020-08-23,8088.73
17715,13852,2022-07-24,5457.1
17716,20541,2023-09-20,6909.56
17717,6320,2021-12-15,4604.48
17718,38495,2020-05-20,3856.5
17719,26063,2020-03-30,9096.61
17720,47712,2020-05-30,8309.66
17721,6285,2024-02-20,2073.69
17722,36950,2023-07-16,8162.1
17723,36328,2022-12-07,2593.63
17724,45691,2021-07-15,487.18
17725,3467,2021-04-08,7894.67
17726,28376,2023-02-06,1620.62
17727,17832,2020-03-18,2898.58
17728,7276,2021-07-17,7689.78
17729,12467,2020-12-19,4902.3
17730,34718,2025-03-22,6953.49
17731,47743,2022-01-13,390.53
17732,4510,2025-02-27,3423.62
17733,32974,2020-08-07,3613.98
17734,25526,2024-04-11,2522.4
17735,49927,2024-08-28,3815.14
17736,25667,2021-08-11,3712.32
17737,49631,2025-02-01,9446.53
17738,25661,2020-04-12,8506.27
17739,3961,2020-12-23,8230.5
17740,32358,2021-12-09,132.27
17741,17701,2022-04-06,3718.76
17742,15,2022-04-27,1645.05
17743,24626,2021-11-01,3131.64
17744,37989,2024-06-09,1769.9
17745,19882,2022-06-17,824.9
17746,47860,2022-04-16,5577.03
17747,49275,2023-05-03,7621.72
17748,21142,2023-09-20,4972.26
17749,1919,2024-10-27,2940.67
17750,25247,2023-07-18,1100.77
17751,10493,2024-08-17,8620.23
17752,13644,2021-08-11,6423.81
17753,16325,2022-10-18,1603.06
17754,29918,2022-09-20,3040.32
17755,2768,2023-03-15,7856.27
17756,14611,2020-01-10,7628.58
17757,27128,2024-08-22,6672.3
17758,33614,2021-03-27,1022.77
17759,45056,2024-07-21,6483.81
17760,16943,2024-01-13,6142.3
17761,10867,2021-10-31,6137.88
17762,10136,2021-03-11,8245.23
17763,47800,2022-10-18,1273.48
17764,14859,2023-05-31,360.36
17765,589,2023-08-29,2387.72
17766,34122,2021-11-16,1188.41
17767,21725,2020-01-03,7657.98
17768,32743,2022-04-10,875.82
17769,37211,2022-07-28,3697.04
17770,17974,2024-05-23,8994.8
17771,31425,2024-06-21,8984.5
17772,7826,2024-01-25,3646.25
17773,36484,2022-06-11,6088.7
17774,24784,2020-11-06,2049.32
17775,18770,2020-02-27,866.4
17776,47283,2020-03-02,7669.66
17777,33078,2022-09-23,171.94
17778,22937,2022-10-27,8305.54
17779,1662,2024-10-08,3433.85
17780,2186,2024-12-15,1409.74
17781,35207,2022-06-04,5106.23
17782,6526,2020-10-01,9728.84
17783,9973,2020-03-21,7383.59
17784,21185,2021-03-07,7624.95
17785,34657,2023-06-09,4129.5
17786,37857,2024-01-24,4555.37
17787,46591,2020-07-03,8451.82
17788,15635,2023-11-29,932.43
17789,15855,2024-06-30,642.7
17790,30765,2024-11-27,6924.11
17791,38761,2022-04-29,2798.59
17792,20942,2020-10-06,9993.17
17793,15398,2021-10-31,9944.18
17794,9863,2024-09-21,6463.23
17795,36782,2025-06-13,4682.46
17796,39659,2022-07-11,177.41
17797,19523,2025-05-25,6058.95
17798,27211,2023-07-30,985.48
17799,43272,2022-04-14,9050.1
17800,9818,2024-03-03,1235.11
17801,20070,2021-09-20,1083.11
17802,32259,2024-10-09,7228.64
17803,45661,2020-01-04,1613.71
17804,11276,2023-12-23,5902.24
17805,45650,2021-11-27,7976.99
17806,43001,2022-06-14,122.25
17807,2219,2023-11-09,1608.74
17808,7047,2020-08-12,1863.08
17809,15710,2020-02-13,5585.22
17810,19690,2021-09-12,8003.99
17811,31696,2025-02-24,8617.35
17812,38383,2022-05-20,721.77
17813,25133,2023-05-03,5133.89
17814,6681,2020-01-04,8709.5
17815,38916,2025-05-06,804.1
17816,19844,2021-03-09,356.74
17817,39142,2023-03-02,565.46
17818,13761,2025-03-31,9321.19
17819,25470,2022-01-02,4052.08
17820,36714,2025-01-17,696.43
17821,195,2021-06-06,9960.67
17822,4252,2023-02-28,9547.86
17823,20590,2024-12-14,4236.91
17824,3531,2023-08-02,1121.7
17825,1701,2021-04-09,7460.07
17826,30594,2024-09-05,693.68
17827,48457,2024-10-23,6314.52
17828,46077,2023-01-22,7640.14
17829,10301,2021-04-25,2203.77
17830,38609,2023-03-14,9439.89
17831,21117,2020-06-15,9958.29
17832,3891,2023-01-08,3652.11
17833,4693,2020-10-15,9640.36
17834,15057,2022-05-28,2393.5
17835,45044,2024-01-13,8040.32
17836,40401,2024-05-20,7434.47
17837,42027,2024-02-04,509.21
17838,17371,2024-07-26,2666.44
17839,8476,2024-08-26,3908.11
17840,3239,2023-07-06,244.83
17841,22209,2025-03-10,9480.82
17842,40336,2020-06-08,2204.88
17843,25155,2020-05-21,9259.58
17844,41796,2023-11-02,4455.1
17845,18980,2023-12-16,1361.26
17846,8575,2024-11-17,4339.54
17847,6942,2021-10-06,6169.67
17848,6493,2024-09-05,4799.04
17849,49599,2024-02-06,3246.78
17850,28335,2020-07-02,8163.11
17851,19979,2023-09-01,9563.74
17852,26131,2024-06-06,1043.08
17853,27838,2020-03-15,5538.58
17854,43080,2022-02-13,3251.51
17855,4395,2021-01-31,7493.1
17856,35915,2021-09-18,6384.69
17857,44925,2021-10-26,374.08
17858,17033,2022-10-06,6387.95
17859,39662,2023-02-09,7270.86
17860,45337,2020-05-19,7729.32
17861,13273,2021-06-26,8920.38
17862,45343,2022-01-01,9458.68
17863,25409,2023-07-18,2741.6
17864,15006,2023-01-25,6648.33
17865,41161,2021-06-06,5613.52
17866,34280,2021-09-06,8231.41
17867,27165,2021-02-19,477.13
17868,24671,2022-09-02,4155.99
17869,46354,2024-12-05,3491.77
17870,131,2022-12-11,6563.35
17871,11811,2020-06-17,4238.19
17872,29634,2024-08-02,3997.26
17873,31876,2021-08-17,3817.33
17874,46377,2025-06-20,8275.09
17875,48463,2023-07-15,4885.37
17876,8306,2025-06-06,4055.12
17877,47569,2025-02-22,8671.44
17878,48351,2024-05-27,117.89
17879,19230,2020-05-19,3255.69
17880,42206,2021-09-12,6771.03
17881,25867,2022-11-26,1134.88
17882,40481,2023-03-02,5837.32
17883,48422,2020-01-09,4547.03
17884,31982,2020-07-03,6723.78
17885,2296,2022-01-24,5354.76
17886,39523,2023-03-17,2027.88
17887,42561,2022-12-29,1414.06
17888,3268,2020-08-19,3134.0
17889,39482,2025-03-20,9432.19
17890,30896,2025-04-01,2179.62
17891,9402,2023-11-21,4666.31
17892,8678,2022-04-27,9506.06
17893,677,2021-04-12,2099.95
17894,12423,2024-07-26,2521.3
17895,41983,2021-09-21,4834.04
17896,25148,2024-09-02,1139.9
17897,7483,2020-12-02,893.2
17898,38282,2024-09-13,3094.84
17899,49953,2025-01-27,1515.2
17900,43699,2023-07-13,4323.83
17901,1870,2023-03-27,1173.5
17902,17316,2023-07-10,5915.51
17903,806,2021-11-27,4977.07
17904,10039,2020-05-18,5965.93
17905,15774,2020-07-18,9018.62
17906,14687,2020-11-02,3517.62
17907,44842,2024-05-18,2757.07
17908,43439,2022-01-10,5784.96
17909,36755,2020-01-31,2545.34
17910,23117,2024-07-05,758.59
17911,31699,2024-03-16,681.63
17912,1616,2023-01-17,755.78
17913,34201,2024-01-05,2450.59
17914,40317,2022-05-09,7324.98
17915,34266,2021-12-27,1624.24
17916,1917,2022-03-29,2651.91
17917,5897,2023-10-04,8612.05
17918,13784,2021-02-09,4424.94
17919,42607,2020-07-20,509.04
17920,26984,2021-07-11,2549.32
17921,26385,2023-11-25,3080.49
17922,30558,2020-09-25,1932.8
17923,44032,2020-12-01,9672.64
17924,40836,2022-06-09,4124.48
17925,28983,2021-01-05,4016.5
17926,28572,2021-08-10,9778.76
17927,44137,2020-08-27,5534.52
17928,35839,2021-09-16,916.91
17929,23305,2024-10-08,4490.61
17930,47780,2022-03-17,6578.02
17931,15550,2020-10-01,5745.13
17932,37116,2023-05-21,8467.23
17933,31958,2022-04-08,9632.08
17934,5593,2023-01-24,681.57
17935,45873,2025-04-08,2627.25
17936,12506,2024-05-11,9006.97
17937,47274,2022-12-06,8733.8
17938,5378,2022-04-26,259.51
17939,10911,2023-03-29,5818.64
17940,76,2024-03-16,3263.22
17941,20243,2024-10-08,5352.41
17942,48368,2020-02-04,2277.77
17943,41317,2021-12-24,7086.9
17944,10558,2021-11-01,3380.45
17945,9314,2022-07-04,6456.71
17946,49257,2025-01-12,845.6
17947,39108,2020-01-24,9632.62
17948,18151,2022-11-29,2608.21
17949,43722,2021-05-14,4136.03
17950,45660,2020-11-25,3871.17
17951,38789,2023-09-19,6000.06
17952,48476,2021-05-19,1150.32
17953,28665,2022-01-30,3404.58
17954,47151,2022-09-21,8818.95
17955,42507,2021-01-16,4037.85
17956,31906,2021-12-04,2452.29
17957,17871,2020-04-02,9040.54
17958,12851,2023-05-09,5882.17
17959,41477,2023-02-17,4221.82
17960,19413,2023-06-21,9387.19
17961,45855,2021-10-11,7012.26
17962,47528,2024-11-26,6728.77
17963,15445,2023-02-14,3343.03
17964,24872,2022-08-14,5641.4
17965,1989,2024-03-17,4748.97
17966,44430,2023-07-26,4051.59
17967,20962,2022-04-29,165.01
17968,46858,2024-09-24,3010.67
17969,4946,2022-08-11,9796.25
17970,31185,2021-01-29,7825.22
17971,23782,2020-12-22,6187.76
17972,30712,2025-03-31,4226.8
17973,24544,2022-07-20,861.45
17974,24721,2023-10-08,6133.59
17975,49016,2024-05-17,2796.42
17976,11990,2022-11-25,5803.9
17977,19417,2025-05-30,9475.19
17978,6067,2021-04-16,7881.27
17979,41406,2022-05-06,9609.52
17980,4510,2020-10-05,8393.44
17981,38690,2021-03-13,967.46
17982,40172,2024-05-17,1059.17
17983,48232,2024-10-15,6804.04
17984,46122,2020-02-02,6598.2
17985,1155,2021-11-17,3860.94
17986,37567,2024-04-03,630.8
17987,28582,2022-07-18,7166.32
17988,20237,2022-03-01,1138.79
17989,22920,2020-04-19,6390.55
17990,14397,2024-02-06,576.17
17991,19250,2024-06-09,1900.7
17992,5189,2024-01-14,5609.5
17993,24671,2020-01-04,6013.11
17994,21240,2023-01-25,6753.04
17995,49410,2021-04-03,1196.13
17996,15929,2023-01-12,4501.49
17997,23815,2024-11-12,1424.99
17998,43216,2023-02-25,9369.8
17999,39453,2020-04-05,8360.04
18000,4830,2021-11-23,5691.19
18001,25556,2023-02-09,4364.27
18002,45546,2025-04-18,3315.23
18003,23714,2024-02-05,7878.8
18004,2018,2024-07-14,5146.71
18005,16557,2023-07-20,220.11
18006,46692,2022-07-06,5746.39
18007,8775,2021-02-21,8584.66
18008,19130,2021-02-20,6104.78
18009,17742,2021-06-20,798.22
18010,39508,2024-03-29,5945.39
18011,7397,2023-02-07,7523.85
18012,29946,2020-11-01,7411.2
18013,23898,2022-11-19,5461.61
18014,4826,2024-02-02,7554.26
18015,12670,2022-11-11,1267.03
18016,35763,2020-12-04,2689.11
18017,39078,2024-06-25,2347.66
18018,13264,2024-11-30,3551.64
18019,45068,2020-03-12,6403.47
18020,49601,2025-01-10,5188.47
18021,188,2023-02-13,4723.65
18022,11540,2023-07-03,5681.87
18023,28914,2021-05-01,4068.09
18024,16351,2022-04-21,9651.31
18025,14866,2023-02-11,232.08
18026,4554,2021-06-23,3153.71
18027,3447,2024-09-13,9857.18
18028,28151,2023-04-24,9245.16
18029,19206,2022-05-02,8349.51
18030,22594,2025-01-30,1634.85
18031,42053,2022-02-01,8087.04
18032,44157,2022-07-21,1013.02
18033,11990,2023-04-20,872.38
18034,5498,2023-10-09,901.64
18035,11414,2022-06-25,5865.92
18036,4607,2023-03-13,6930.25
18037,36246,2024-02-19,2634.99
18038,7745,2020-07-24,6564.63
18039,15588,2020-09-08,4635.73
18040,8113,2021-03-24,9738.06
18041,15949,2022-05-12,3506.88
18042,42380,2020-06-20,6863.58
18043,29375,2021-11-13,1366.33
18044,4723,2020-08-28,681.57
18045,48636,2022-08-29,6296.74
18046,12528,2025-04-30,2610.28
18047,37310,2020-12-02,9157.63
18048,44939,2022-01-23,255.93
18049,34418,2020-03-20,9421.64
18050,19158,2022-02-07,302.61
18051,16708,2023-06-24,6511.07
18052,14345,2021-06-25,8455.98
18053,49608,2020-05-02,4356.54
18054,39689,2021-12-04,6634.93
18055,34130,2025-05-10,3007.82
18056,1814,2021-02-10,4700.87
18057,16997,2024-04-11,1813.65
18058,47222,2025-03-07,2366.46
18059,31173,2024-06-03,8953.48
18060,37456,2024-06-11,7131.42
18061,44165,2024-08-18,8436.46
18062,7653,2022-07-14,4135.37
18063,2540,2021-04-18,1363.34
18064,12803,2021-08-22,9135.85
18065,23066,2022-05-12,9661.95
18066,3336,2021-12-29,8534.57
18067,42453,2020-06-27,5674.05
18068,33844,2020-05-09,5060.91
18069,31698,2023-06-30,8959.1
18070,46789,2022-12-30,4176.71
18071,48518,2023-10-23,5911.21
18072,22398,2023-01-15,4200.67
18073,11419,2022-05-10,877.52
18074,43385,2024-04-19,8872.57
18075,40342,2024-06-17,7249.68
18076,2616,2021-02-16,4696.31
18077,31206,2022-07-15,1707.29
18078,6699,2025-03-20,1852.06
18079,46107,2023-12-20,6674.19
18080,38445,2021-12-06,9378.14
18081,42286,2022-08-04,4342.26
18082,49185,2020-11-30,4503.21
18083,21631,2024-03-31,6888.2
18084,15850,2020-01-08,8565.01
18085,42591,2025-01-26,8057.21
18086,2844,2024-06-15,7175.27
18087,35166,2024-04-24,2665.04
18088,7010,2020-07-27,1798.89
18089,2739,2020-07-03,171.15
18090,12992,2024-11-15,9698.65
18091,27044,2020-07-24,4392.21
18092,47366,2021-08-19,2069.16
18093,49645,2023-12-28,1312.01
18094,7296,2020-10-09,1580.36
18095,33038,2023-09-26,3417.93
18096,28873,2024-08-22,8600.35
18097,13903,2024-01-27,9705.93
18098,48358,2022-07-12,5121.03
18099,46228,2025-03-30,3252.78
18100,44668,2020-08-17,1837.07
18101,46737,2020-04-28,2945.45
18102,18574,2020-10-11,6228.44
18103,17128,2025-05-22,9458.04
18104,38560,2022-01-24,4962.08
18105,25949,2023-04-02,1484.19
18106,18664,2021-01-15,9467.22
18107,5703,2020-04-28,9632.33
18108,8505,2021-06-19,8962.1
18109,24777,2020-12-06,8605.68
18110,27916,2025-04-03,7796.51
18111,24579,2021-11-09,1348.95
18112,8096,2024-09-09,3339.46
18113,29025,2022-06-22,7566.1
18114,8329,2024-02-08,8675.98
18115,26673,2025-02-16,2351.76
18116,42156,2024-01-30,6246.82
18117,40529,2020-05-26,684.45
18118,25597,2024-08-28,8573.58
18119,34573,2021-03-03,3539.81
18120,43823,2023-07-29,2046.35
18121,15381,2024-05-24,8392.65
18122,16434,2024-11-08,1788.26
18123,30895,2024-09-08,4660.82
18124,47730,2020-10-08,1046.1
18125,13573,2020-04-01,4505.44
18126,29447,2023-06-13,9249.03
18127,41765,2025-05-05,6966.8
18128,13651,2021-02-21,9845.15
18129,41376,2023-04-11,4535.43
18130,40376,2020-10-19,8903.2
18131,13566,2024-06-12,9121.48
18132,44459,2021-12-26,995.45
18133,27203,2025-03-01,9792.42
18134,16227,2020-09-18,8932.79
18135,41755,2021-11-01,6301.36
18136,26598,2024-05-19,5410.63
18137,8755,2020-04-13,3913.27
18138,19120,2022-06-23,5904.08
18139,40776,2024-01-23,7392.54
18140,12531,2022-07-05,7114.93
18141,10421,2023-06-11,3073.07
18142,5843,2021-08-01,6749.95
18143,38238,2024-11-26,146.07
18144,11496,2022-07-26,1781.41
18145,4702,2023-04-12,1603.49
18146,7561,2023-03-02,7436.13
18147,19440,2020-02-06,8980.06
18148,11519,2025-02-11,954.79
18149,86,2022-11-18,9127.13
18150,8238,2023-01-20,3135.48
18151,2084,2021-07-14,6264.51
18152,40970,2021-10-26,1722.92
18153,44276,2020-05-17,4087.67
18154,16373,2023-01-26,4673.33
18155,19324,2024-03-30,3808.28
18156,9243,2022-07-14,8239.09
18157,46483,2020-07-23,5877.47
18158,11915,2024-10-30,5011.74
18159,24608,2020-07-05,7861.29
18160,11924,2020-08-28,7122.61
18161,20526,2024-05-09,1138.1
18162,572,2022-04-02,5226.66
18163,30159,2024-01-16,7999.1
18164,7236,2024-08-04,6416.26
18165,8209,2020-07-20,7157.05
18166,15937,2023-10-22,5776.07
18167,28857,2022-09-20,9287.62
18168,10834,2023-04-22,5193.25
18169,36817,2023-09-02,5681.02
18170,33847,2024-12-01,8804.07
18171,47593,2022-02-12,6186.08
18172,30724,2022-06-27,4432.11
18173,13331,2023-06-23,2610.36
18174,32899,2021-02-27,9658.41
18175,18930,2021-03-18,7733.09
18176,23107,2022-02-19,919.52
18177,7453,2025-01-11,1340.59
18178,39560,2023-06-17,2133.05
18179,37509,2022-05-14,2445.94
18180,11328,2020-08-16,6486.29
18181,14875,2020-05-07,5376.62
18182,30497,2024-08-13,2434.52
18183,7482,2020-05-28,1581.03
18184,42302,2023-09-13,6948.75
18185,45906,2024-12-30,620.44
18186,12760,2023-08-25,2270.51
18187,41754,2022-11-20,3027.69
18188,44767,2025-02-18,1894.76
18189,40206,2020-08-14,5783.45
18190,36313,2024-09-25,7199.5
18191,20000,2024-03-15,4132.97
18192,20475,2022-05-05,1749.56
18193,18919,2021-01-17,4073.84
18194,35625,2020-11-26,4712.27
18195,29692,2024-01-15,8809.56
18196,5881,2021-02-13,5362.65
18197,8846,2021-10-15,666.62
18198,38960,2024-03-13,9784.02
18199,46768,2022-10-02,1968.59
18200,28118,2020-08-21,5330.89
18201,5414,2023-09-25,3479.58
18202,28551,2020-04-09,7011.84
18203,7657,2023-03-22,1989.18
18204,48737,2023-10-14,5173.19
18205,12338,2020-11-25,5190.62
18206,33450,2021-04-27,6545.42
18207,1119,2023-04-30,5862.18
18208,12507,2022-12-28,1346.71
18209,35743,2025-02-02,6973.04
18210,21669,2023-02-10,4684.25
18211,32744,2023-11-28,1956.15
18212,34669,2021-01-16,4061.09
18213,33851,2024-10-16,3756.42
18214,25018,2020-02-12,4489.9
18215,12048,2021-01-23,8957.02
18216,42791,2023-10-04,8728.52
18217,20168,2024-11-06,338.12
18218,26459,2022-09-15,5179.35
18219,18185,2020-04-19,826.31
18220,48576,2022-07-16,459.88
18221,44124,2022-05-03,2191.2
18222,19734,2025-01-10,9659.36
18223,7990,2021-03-02,9315.7
18224,5014,2024-11-16,7161.29
18225,9201,2020-12-29,3155.74
18226,46018,2020-03-11,2192.78
18227,33871,2022-09-19,1796.45
18228,49586,2025-04-25,311.94
18229,25053,2021-07-06,4459.57
18230,48630,2025-01-23,6102.07
18231,43745,2023-04-25,5983.22
18232,28912,2021-06-23,7045.38
18233,15724,2023-05-21,5155.47
18234,20318,2024-05-09,5383.53
18235,32750,2022-03-29,9597.94
18236,24321,2024-04-20,5688.91
18237,29201,2025-06-10,8751.36
18238,11273,2023-12-21,1332.72
18239,16768,2024-12-02,8280.41
18240,17247,2024-10-12,6915.87
18241,46714,2023-08-23,157.26
18242,12141,2025-03-28,2183.98
18243,9538,2020-02-22,2231.34
18244,30710,2024-08-01,4033.39
18245,44581,2021-11-20,3977.0
18246,48949,2025-04-20,3557.56
18247,32425,2021-07-11,4402.02
18248,38268,2020-03-22,8287.8
18249,33758,2023-04-12,600.1
18250,39758,2025-02-11,8488.96
18251,30189,2020-02-10,9193.52
18252,14596,2020-11-02,1748.5
18253,23432,2022-02-17,3724.96
18254,30039,2022-10-19,6546.24
18255,4679,2025-01-16,9787.85
18256,44950,2022-11-16,8675.09
18257,40038,2021-07-14,7435.2
18258,11482,2023-07-19,9399.77
18259,22408,2023-08-22,9825.64
18260,36136,2022-06-29,8991.48
18261,41878,2024-01-01,1944.73
18262,44136,2020-09-26,7167.35
18263,13445,2024-01-26,4052.74
18264,7228,2024-03-13,8191.9
18265,45332,2021-12-22,649.71
18266,28795,2023-05-12,8307.49
18267,22436,2022-03-04,3015.1
18268,42332,2023-06-11,7729.91
18269,28285,2024-04-24,1765.29
18270,24230,2020-09-02,583.11
18271,27587,2024-04-02,6535.42
18272,47136,2022-07-10,4496.85
18273,12462,2021-05-16,8483.35
18274,48493,2023-02-07,9137.53
18275,34655,2022-07-02,4120.74
18276,9709,2022-02-07,6206.19
18277,7705,2020-01-16,2868.02
18278,16545,2023-10-12,2665.82
18279,11055,2020-05-28,8604.78
18280,8517,2022-08-25,1540.05
18281,49790,2021-05-14,4506.55
18282,24861,2025-06-08,4595.2
18283,28859,2021-09-22,5885.73
18284,2043,2024-10-12,6348.84
18285,31903,2022-09-15,4382.23
18286,46655,2021-04-22,4473.03
18287,23994,2025-04-06,6253.89
18288,49237,2023-07-11,7053.04
18289,17122,2023-06-29,7955.79
18290,45029,2024-06-22,6870.8
18291,4785,2024-04-02,174.6
18292,30142,2024-06-13,2388.76
18293,32708,2024-04-09,1436.35
18294,39151,2024-01-19,8135.69
18295,44079,2023-07-21,4861.47
18296,34256,2022-11-13,3895.16
18297,36205,2022-12-28,7524.48
18298,17088,2021-02-13,857.13
18299,20654,2025-02-08,7066.95
18300,7099,2020-01-11,5271.83
18301,31392,2020-09-16,4284.43
18302,33493,2022-10-30,6635.22
18303,32859,2024-06-24,308.17
18304,18154,2022-11-01,1116.28
18305,33445,2024-05-28,4038.76
18306,43188,2022-06-26,1021.57
18307,36973,2024-07-26,4879.9
18308,23074,2022-01-16,5992.34
18309,4797,2023-01-19,6481.13
18310,18759,2023-06-02,2443.66
18311,4781,2021-04-24,7665.71
18312,8873,2022-10-25,1002.33
18313,38836,2020-01-23,9294.43
18314,47682,2023-04-22,1449.72
18315,1292,2023-05-24,4398.43
18316,28943,2021-07-11,481.28
18317,9975,2023-02-27,4891.28
18318,27128,2023-11-06,9272.95
18319,20739,2020-12-15,2223.39
18320,39835,2021-08-08,9072.47
18321,8430,2020-01-01,5092.07
18322,49057,2024-08-03,1168.67
18323,49456,2022-08-13,7739.91
18324,16088,2022-03-14,4428.4
18325,30135,2022-12-21,4846.13
18326,34022,2024-05-17,6168.8
18327,16027,2020-11-18,8313.12
18328,9119,2021-09-11,4158.8
18329,1999,2022-01-17,7544.49
18330,9635,2020-01-16,1692.6
18331,20644,2021-04-06,574.89
18332,13208,2021-02-27,567.59
18333,48273,2024-11-16,515.15
18334,32557,2023-06-14,5309.36
18335,35170,2023-08-20,3963.23
18336,19134,2023-02-08,7879.89
18337,7297,2024-09-05,130.7
18338,39621,2021-05-31,6746.25
18339,861,2021-02-12,3804.07
18340,21318,2022-03-16,4759.83
18341,29618,2024-09-13,1436.26
18342,42239,2021-04-21,7683.38
18343,16865,2025-02-15,8712.25
18344,46701,2025-06-15,449.36
18345,14758,2024-06-05,3446.57
18346,34740,2024-01-23,4218.23
18347,25437,2021-03-04,8575.83
18348,5821,2020-04-22,7972.47
18349,15641,2020-06-15,5531.52
18350,42972,2024-08-18,1882.49
18351,2163,2024-11-24,5585.05
18352,49699,2024-05-07,4464.58
18353,11055,2025-01-19,9041.07
18354,26553,2020-04-05,2751.82
18355,23200,2020-10-02,7974.15
18356,35455,2021-05-02,5695.97
18357,8586,2025-01-20,429.53
18358,26414,2025-06-07,2576.68
18359,47714,2023-05-12,1393.06
18360,43617,2024-12-18,4736.75
18361,4634,2025-01-16,7943.78
18362,46256,2024-01-19,5910.37
18363,49328,2020-05-19,3334.67
18364,38925,2023-06-07,7295.22
18365,37534,2023-04-25,6238.96
18366,4320,2021-07-19,788.31
18367,36294,2024-05-07,1169.73
18368,33252,2020-03-28,1102.72
18369,6338,2025-01-03,3257.09
18370,28797,2021-09-06,5831.87
18371,29191,2024-02-21,9318.59
18372,8504,2023-10-03,6717.36
18373,5406,2020-05-19,7115.07
18374,32494,2022-05-12,1059.63
18375,39479,2023-06-07,1143.05
18376,21210,2022-09-24,1469.05
18377,5337,2020-12-13,5868.55
18378,13729,2022-08-26,7458.07
18379,25770,2021-08-20,7934.26
18380,33286,2023-07-10,2184.06
18381,41224,2020-11-19,7252.99
18382,37705,2021-10-30,3297.37
18383,28288,2025-04-02,5621.48
18384,29259,2023-11-05,5151.56
18385,41176,2022-10-09,822.88
18386,39238,2023-02-17,8425.24
18387,2600,2020-10-27,7371.8
18388,27320,2023-11-18,6801.25
18389,21072,2025-03-12,3466.88
18390,42769,2021-10-05,9919.36
18391,37208,2022-03-02,721.98
18392,46983,2023-01-13,3093.68
18393,22312,2024-06-05,1403.27
18394,33896,2023-12-04,2431.64
18395,10748,2022-08-09,4517.95
18396,18746,2022-04-19,6167.31
18397,26558,2022-11-12,1070.27
18398,16731,2024-11-09,5851.86
18399,23498,2020-09-21,7806.69
18400,39734,2022-11-14,9205.86
18401,14345,2020-08-15,2165.59
18402,6963,2020-10-14,8932.58
18403,25226,2021-10-08,8723.44
18404,27294,2023-10-08,2889.84
18405,8457,2021-11-29,6905.99
18406,11438,2025-06-01,6966.06
18407,49530,2021-04-23,9479.53
18408,39706,2025-01-27,2388.49
18409,3811,2021-02-04,1017.12
18410,44160,2023-04-01,5639.7
18411,34843,2025-02-20,2646.04
18412,44116,2020-11-09,2434.74
18413,42200,2021-06-24,9238.98
18414,26523,2024-01-10,7258.92
18415,48146,2022-04-03,6730.89
18416,18219,2023-10-28,9526.84
18417,11305,2021-09-18,783.51
18418,42956,2022-04-10,5912.59
18419,26642,2023-05-18,4925.9
18420,26813,2020-02-16,3091.27
18421,22728,2020-11-25,5907.69
18422,15716,2023-07-18,8022.71
18423,31206,2020-04-29,5657.67
18424,7221,2020-11-08,1821.69
18425,20560,2024-07-28,5680.79
18426,9485,2020-04-11,2044.91
18427,4890,2020-07-24,1596.06
18428,26224,2023-05-26,5513.29
18429,9818,2023-07-21,1150.14
18430,45303,2023-09-23,3824.18
18431,28501,2022-02-12,6533.96
18432,8381,2022-03-21,5873.17
18433,40436,2022-09-11,4889.29
18434,3506,2024-09-16,2505.63
18435,3221,2022-11-30,3073.94
18436,14600,2024-05-30,2276.9
18437,15302,2022-12-10,5301.39
18438,17088,2024-05-15,8888.46
18439,15794,2023-01-22,8444.15
18440,9602,2020-01-19,8018.58
18441,840,2025-03-27,2909.98
18442,43590,2024-04-05,4765.57
18443,18950,2021-08-14,3977.33
18444,534,2025-05-08,5315.65
18445,12761,2021-08-05,4505.81
18446,48814,2022-12-13,4622.94
18447,45663,2022-05-23,775.94
18448,31421,2025-02-17,2092.26
18449,14243,2022-09-24,3820.39
18450,42994,2024-04-10,2413.49
18451,1342,2021-11-11,8766.31
18452,34390,2021-01-30,9028.77
18453,27193,2022-10-25,6940.91
18454,20080,2020-01-26,9539.51
18455,23193,2025-04-08,1184.46
18456,3538,2023-04-04,3531.36
18457,22345,2023-01-10,9846.45
18458,23414,2023-07-09,6552.22
18459,33441,2023-07-04,9555.87
18460,16747,2021-08-09,2192.98
18461,3080,2023-02-23,4577.79
18462,34152,2024-06-03,2653.46
18463,31112,2020-12-11,9067.5
18464,35056,2023-12-17,6437.1
18465,45562,2022-12-08,6827.33
18466,629,2020-03-22,6080.63
18467,34418,2021-04-28,7949.49
18468,28699,2022-11-26,5143.24
18469,7478,2025-02-24,8690.72
18470,31619,2023-06-02,511.11
18471,32479,2023-07-04,8008.37
18472,24732,2024-10-20,274.99
18473,20693,2023-08-09,3367.06
18474,26804,2020-08-01,4579.65
18475,35613,2023-07-22,5578.83
18476,43101,2024-03-14,9046.64
18477,36029,2024-01-24,9008.12
18478,3316,2023-04-03,8231.01
18479,40777,2021-09-17,9838.41
18480,31549,2021-07-21,3052.34
18481,29334,2022-04-14,7417.28
18482,3784,2024-10-20,729.1
18483,44857,2022-03-13,3262.98
18484,24621,2022-08-26,3306.51
18485,16977,2020-03-24,2686.64
18486,23255,2023-07-29,9766.08
18487,1999,2020-06-22,9451.52
18488,25936,2024-08-25,3992.19
18489,35825,2021-04-24,3776.79
18490,10160,2024-04-06,4924.98
18491,21650,2023-03-11,4332.6
18492,44704,2023-12-07,3089.9
18493,13166,2023-04-24,2707.23
18494,41588,2020-06-07,9313.1
18495,28725,2024-12-13,2085.95
18496,49295,2024-08-13,4037.18
18497,26417,2021-07-24,6945.89
18498,44813,2021-02-23,9734.39
18499,28359,2021-08-23,7125.65
18500,39616,2024-01-29,5482.54
18501,13459,2022-04-06,4689.38
18502,47672,2022-04-27,6483.89
18503,36410,2023-02-27,6895.57
18504,34825,2024-06-13,9929.48
18505,45188,2023-11-02,3558.45
18506,23111,2020-09-24,2203.12
18507,42893,2022-01-21,4309.38
18508,19647,2022-02-16,2537.68
18509,15464,2022-01-02,556.81
18510,14583,2021-09-23,9676.24
18511,40767,2022-02-08,704.8
18512,44093,2021-06-11,4866.41
18513,20744,2024-08-26,4831.63
18514,16986,2025-03-12,1935.35
18515,22000,2024-07-16,5817.38
18516,47002,2021-11-19,8261.69
18517,1069,2025-01-01,8776.02
18518,22442,2020-08-01,3721.99
18519,4366,2022-06-20,2022.47
18520,18282,2024-02-15,5118.93
18521,9709,2024-03-11,1305.45
18522,30684,2024-06-28,8517.6
18523,45620,2023-01-29,4656.76
18524,18373,2021-08-29,8908.25
18525,21173,2023-02-02,472.96
18526,40909,2024-11-07,8474.54
18527,9346,2024-07-23,2670.14
18528,42544,2024-10-28,9559.45
18529,7089,2024-08-18,863.79
18530,47939,2020-05-14,8401.61
18531,34896,2022-02-27,5385.23
18532,10377,2022-08-15,2021.5
18533,47719,2021-09-11,4368.87
18534,2,2020-08-04,3104.84
18535,4171,2024-01-29,2458.94
18536,37848,2023-12-19,6253.94
18537,29611,2020-08-24,6786.5
18538,21725,2025-01-08,1154.0
18539,18190,2021-08-11,7280.16
18540,11248,2022-06-22,4881.78
18541,32680,2023-10-28,5347.88
18542,49079,2024-02-27,7462.82
18543,6396,2021-10-15,4374.95
18544,45883,2024-01-28,5976.14
18545,39382,2021-08-11,5179.08
18546,7471,2021-06-06,1275.53
18547,41890,2020-01-10,4334.27
18548,10623,2024-01-28,8377.78
18549,30884,2025-05-02,396.93
18550,35873,2023-08-27,432.65
18551,34151,2021-05-28,9299.18
18552,48319,2024-03-16,8219.54
18553,21227,2021-07-12,134.99
18554,36882,2023-01-19,9351.99
18555,44438,2024-06-06,3047.67
18556,32985,2020-09-30,4559.8
18557,17765,2023-08-07,2430.18
18558,14341,2023-11-01,1851.04
18559,1312,2024-10-02,1315.73
18560,26996,2022-12-21,6998.98
18561,42673,2021-06-20,239.15
18562,19364,2023-05-22,3950.05
18563,48713,2022-08-30,4599.27
18564,30990,2024-06-30,2999.9
18565,17952,2020-06-05,2577.7
18566,32393,2025-03-21,6183.97
18567,25559,2021-04-14,8299.95
18568,36461,2024-06-03,5105.7
18569,11056,2024-03-10,7146.63
18570,6964,2021-10-20,7338.5
18571,30829,2021-12-12,9082.74
18572,13269,2021-12-16,7362.36
18573,33900,2025-03-23,2782.04
18574,22048,2024-09-25,1979.36
18575,15212,2023-09-10,9090.21
18576,35978,2024-10-07,7689.49
18577,15965,2020-07-26,6290.89
18578,9698,2022-01-24,9487.42
18579,29689,2023-01-26,6763.74
18580,41686,2022-01-15,6389.19
18581,69,2022-10-30,8702.07
18582,35595,2024-10-01,7903.64
18583,33205,2024-07-01,3032.58
18584,19050,2024-12-21,5044.5
18585,49960,2023-02-12,6611.47
18586,30580,2024-04-11,2434.78
18587,18058,2021-03-20,6428.57
18588,16939,2024-03-25,7400.79
18589,28393,2022-07-20,2720.91
18590,46023,2024-04-23,2770.71
18591,8108,2023-11-15,9934.35
18592,14663,2022-02-21,3721.11
18593,17008,2023-10-25,381.95
18594,23993,2021-10-14,1783.21
18595,15731,2021-06-28,7564.47
18596,46512,2023-10-10,6770.41
18597,6991,2022-08-19,8364.76
18598,40510,2020-04-13,6616.52
18599,19822,2024-03-26,6116.04
18600,3517,2023-11-29,7189.18
18601,37677,2022-08-31,9021.03
18602,20157,2024-10-18,7236.54
18603,22746,2024-08-13,1161.24
18604,28034,2021-07-09,7977.96
18605,11466,2025-06-07,9832.14
18606,35678,2021-08-04,127.81
18607,10287,2022-07-20,4968.27
18608,11519,2021-01-12,459.66
18609,36675,2021-03-21,9556.01
18610,41245,2024-11-11,9589.14
18611,15551,2023-05-18,6336.77
18612,49774,2020-08-28,5113.13
18613,44804,2023-04-08,432.64
18614,33199,2023-10-12,9667.59
18615,23615,2022-08-22,9714.81
18616,32518,2023-12-30,7457.97
18617,3923,2022-06-15,386.29
18618,13842,2021-02-17,7981.24
18619,47476,2023-02-26,5663.31
18620,1382,2021-03-07,9718.59
18621,17956,2021-02-01,6852.67
18622,332,2022-01-01,9563.5
18623,36440,2022-07-15,1131.69
18624,23225,2021-12-02,7582.88
18625,21662,2020-03-27,8838.97
18626,30456,2023-06-11,6395.96
18627,23438,2022-07-15,5458.54
18628,13186,2021-01-11,7773.26
18629,15738,2021-10-08,8564.02
18630,30498,2023-11-28,6270.85
18631,14906,2020-03-24,7376.97
18632,1397,2023-12-09,4059.06
18633,40148,2022-02-15,3545.13
18634,40308,2020-09-23,2119.95
18635,33495,2022-10-26,6288.68
18636,6563,2023-12-21,8196.76
18637,9506,2022-12-18,6668.61
18638,35285,2024-07-03,3984.97
18639,17789,2020-01-18,9873.56
18640,36710,2022-06-13,161.11
18641,28142,2024-12-25,3167.91
18642,46399,2022-06-15,9685.01
18643,25343,2021-01-08,3915.28
18644,14526,2020-02-13,6239.49
18645,40047,2023-03-30,2472.9
18646,44820,2020-11-18,6931.1
18647,1204,2020-02-07,6522.4
18648,41556,2020-08-24,6209.57
18649,15319,2021-09-04,3822.72
18650,38996,2021-11-11,9567.68
18651,814,2023-07-19,6471.73
18652,12676,2023-08-10,1019.25
18653,31294,2020-03-03,7390.38
18654,43141,2023-06-04,3263.55
18655,23392,2020-12-11,3368.47
18656,45714,2022-01-09,2335.54
18657,40765,2025-02-19,6514.93
18658,9535,2022-09-05,9562.56
18659,7257,2023-07-12,8204.52
18660,6911,2021-02-14,9248.6
18661,30929,2021-02-18,9314.41
18662,35171,2023-03-12,115.3
18663,47594,2023-06-01,6280.83
18664,44283,2022-07-13,9307.87
18665,36373,2024-12-05,5558.96
18666,43671,2022-03-22,6833.84
18667,49477,2020-04-10,4423.66
18668,46753,2020-07-27,8533.34
18669,3041,2020-08-28,1716.9
18670,2287,2024-01-07,1011.98
18671,24891,2023-09-19,3789.04
18672,33407,2022-11-28,880.96
18673,38618,2021-11-21,1501.73
18674,33125,2024-04-24,1659.16
18675,7254,2022-01-27,149.01
18676,47819,2022-12-22,8159.59
18677,23601,2024-07-27,8935.67
18678,39386,2022-11-27,496.8
18679,297,2021-02-19,2407.02
18680,23089,2023-07-09,3476.77
18681,46151,2020-04-24,8002.56
18682,25040,2020-11-05,2409.28
18683,14932,2024-05-05,4052.43
18684,49133,2023-02-14,9740.2
18685,12462,2022-01-05,8294.72
18686,19890,2023-01-26,1086.67
18687,31484,2023-03-31,3263.45
18688,48043,2020-11-27,5811.87
18689,38555,2021-01-27,6860.57
18690,24790,2025-04-08,6481.97
18691,27327,2022-04-28,935.55
18692,24422,2023-05-28,9932.79
18693,26213,2021-01-04,1911.24
18694,2203,2021-07-26,1840.23
18695,16391,2023-05-22,2494.71
18696,48611,2022-06-20,4166.08
18697,19579,2021-11-20,3276.51
18698,31871,2022-11-21,5169.05
18699,14722,2021-02-06,9116.24
18700,14578,2023-10-27,500.74
18701,3748,2024-05-12,3930.61
18702,20282,2022-12-07,9859.79
18703,22481,2024-07-02,2554.85
18704,9991,2020-09-29,8203.28
18705,41794,2020-11-11,3980.69
18706,43983,2023-03-07,9111.5
18707,13166,2022-10-15,6405.86
18708,558,2021-12-19,8943.43
18709,28998,2022-12-09,6383.55
18710,18174,2023-10-14,8913.75
18711,14565,2024-04-22,9050.63
18712,44014,2021-09-15,3065.86
18713,29533,2022-09-07,8404.21
18714,27716,2024-08-30,8416.42
18715,43566,2024-07-24,7080.21
18716,45861,2022-01-03,2487.35
18717,15692,2023-09-20,1167.72
18718,16539,2020-12-12,6218.48
18719,38681,2022-11-20,6573.81
18720,12269,2022-02-22,9705.19
18721,47613,2022-11-17,4041.77
18722,7180,2021-03-04,7254.95
18723,188,2025-03-10,8803.65
18724,18449,2023-04-03,8008.32
18725,14284,2023-12-21,4102.36
18726,43648,2023-09-14,2470.7
18727,25951,2023-01-01,416.69
18728,46711,2022-08-29,7605.07
18729,31955,2022-07-12,3909.36
18730,7798,2022-04-18,5068.4
18731,44661,2020-11-11,9824.65
18732,31129,2022-04-11,147.34
18733,28559,2022-04-07,2827.58
18734,45961,2020-04-08,9812.89
18735,20621,2022-11-25,4930.82
18736,19247,2025-05-20,9382.83
18737,32172,2021-11-08,8528.88
18738,26346,2020-07-11,7145.36
18739,6275,2022-11-23,7166.1
18740,47482,2021-10-23,145.9
18741,35786,2020-04-03,3042.27
18742,24466,2022-10-13,4464.55
18743,23037,2021-11-21,5246.07
18744,45450,2024-10-01,4494.09
18745,18300,2025-01-10,4421.2
18746,17372,2020-11-22,8639.87
18747,44217,2022-02-08,9699.07
18748,43267,2025-05-31,8485.64
18749,15252,2024-06-17,6942.42
18750,48530,2021-01-30,7389.29
18751,39345,2025-03-06,7399.57
18752,24229,2022-05-19,8017.07
18753,28180,2024-12-23,653.56
18754,9546,2023-01-26,840.36
18755,10688,2022-07-22,1064.02
18756,41750,2025-02-09,9120.72
18757,35477,2024-03-08,6255.77
18758,29921,2023-11-28,4607.68
18759,12624,2021-04-22,7725.32
18760,41450,2025-05-16,2279.07
18761,45475,2023-08-04,8069.64
18762,29284,2024-10-19,3523.99
18763,32124,2023-03-20,6381.28
18764,29709,2024-04-25,9875.8
18765,36603,2023-01-16,811.6
18766,32776,2022-10-22,9579.16
18767,2931,2020-03-02,7701.17
18768,43167,2024-11-03,4509.76
18769,8965,2022-01-05,1115.05
18770,29356,2021-09-23,1205.81
18771,17203,2021-07-18,5866.08
18772,48484,2022-12-16,5301.95
18773,17391,2021-07-13,5400.41
18774,30873,2023-05-15,2851.66
18775,27149,2021-10-07,1008.54
18776,23459,2022-06-30,8014.45
18777,16928,2025-04-14,2295.48
18778,10184,2021-09-12,6489.35
18779,48262,2020-10-28,3711.91
18780,18481,2023-01-01,6376.89
18781,4092,2020-02-26,7717.18
18782,33547,2025-06-09,2020.4
18783,22087,2020-09-19,235.88
18784,24744,2025-01-17,2863.16
18785,48633,2023-12-30,9616.67
18786,12024,2022-11-19,1912.78
18787,1899,2024-05-09,4786.05
18788,18536,2020-05-29,3796.59
18789,49878,2024-11-30,3164.41
18790,44190,2022-10-25,7336.12
18791,26725,2025-04-25,7244.59
18792,14450,2020-11-19,7823.31
18793,46526,2021-05-23,3457.82
18794,8734,2020-12-25,3656.15
18795,39968,2023-03-01,5517.74
18796,1433,2021-11-13,137.53
18797,27237,2025-03-15,9542.9
18798,15213,2021-06-10,2421.04
18799,24151,2023-11-04,1806.42
18800,34316,2023-11-24,6410.04
18801,37129,2023-06-11,8496.23
18802,42365,2024-06-07,6455.29
18803,2981,2021-11-28,6329.13
18804,16657,2021-04-02,4935.04
18805,24483,2020-10-15,8917.81
18806,6643,2021-08-29,9675.46
18807,5103,2020-08-17,5993.12
18808,33137,2020-08-23,880.9
18809,41337,2020-09-12,1098.75
18810,33852,2025-06-07,4250.39
18811,49924,2020-10-07,4973.11
18812,2008,2023-08-09,6441.67
18813,36739,2022-11-07,9934.21
18814,38025,2023-07-28,7107.4
18815,39691,2021-01-10,8745.89
18816,8160,2021-02-02,9433.38
18817,29931,2022-08-21,2037.15
18818,9716,2021-06-30,3403.22
18819,17663,2022-04-15,6910.98
18820,42813,2025-05-15,6564.16
18821,39400,2023-02-22,4289.96
18822,25949,2020-09-12,8555.42
18823,17122,2025-02-18,9811.34
18824,25877,2022-11-01,4044.14
18825,20505,2021-08-28,3539.41
18826,10709,2025-03-11,2953.02
18827,22078,2023-03-19,5656.5
18828,28184,2021-02-23,6161.11
18829,36549,2021-02-21,1902.13
18830,18857,2021-04-19,2891.92
18831,7097,2025-04-28,1294.94
18832,29250,2021-02-26,9053.53
18833,14074,2025-06-18,6519.81
18834,13577,2024-05-13,5604.63
18835,7403,2022-08-29,9245.56
18836,6270,2024-10-14,9828.78
18837,23136,2021-03-09,346.09
18838,48954,2020-03-01,7922.79
18839,23367,2020-06-09,5434.4
18840,33318,2021-01-25,124.36
18841,3220,2023-03-16,4353.36
18842,34299,2022-09-10,7761.2
18843,45615,2022-10-01,7453.77
18844,2127,2024-08-10,9281.3
18845,6119,2020-05-12,6252.26
18846,21020,2023-05-30,2339.87
18847,4575,2021-09-18,7289.21
18848,12220,2024-12-03,9814.24
18849,10518,2023-11-28,8864.48
18850,22195,2024-09-06,120.97
18851,35608,2021-12-21,4374.0
18852,23778,2024-11-15,2159.52
18853,37961,2023-01-26,4985.51
18854,12349,2020-05-14,3978.81
18855,29186,2021-04-03,5664.89
18856,22967,2024-10-11,8276.65
18857,3076,2022-05-01,6463.09
18858,32243,2021-07-29,3643.29
18859,2792,2023-09-07,3447.04
18860,49210,2022-02-13,2178.81
18861,29311,2020-03-31,5203.26
18862,24333,2024-12-11,8128.45
18863,48864,2020-12-04,109.99
18864,6299,2022-11-23,7114.65
18865,13854,2025-01-31,5119.82
18866,6254,2025-05-01,8614.41
18867,41319,2024-09-25,5157.96
18868,22394,2020-09-23,8800.15
18869,764,2020-07-16,7419.41
18870,13630,2025-05-29,4907.07
18871,21697,2023-12-01,3054.92
18872,32267,2024-02-26,9746.67
18873,33297,2024-03-25,2169.58
18874,35215,2024-02-13,7807.76
18875,29339,2024-10-12,6873.77
18876,30837,2023-05-11,4164.76
18877,35045,2025-04-27,7211.77
18878,35740,2021-03-19,1383.66
18879,20771,2025-03-26,2486.41
18880,22987,2024-06-15,7219.85
18881,15521,2021-09-12,1366.38
18882,34871,2020-01-12,9070.56
18883,1744,2023-02-18,6015.94
18884,30539,2022-01-01,803.85
18885,30676,2025-03-25,7710.34
18886,24116,2021-05-31,4431.65
18887,29715,2022-02-25,3033.61
18888,6898,2020-11-23,5360.39
18889,22204,2020-08-23,7536.14
18890,7490,2021-07-02,9118.19
18891,33208,2020-01-28,3272.11
18892,4186,2020-10-26,6974.16
18893,49320,2023-04-09,3478.22
18894,23521,2020-07-15,232.43
18895,7031,2022-04-19,9631.08
18896,48512,2022-01-21,3050.74
18897,48651,2024-10-17,4698.24
18898,42548,2021-09-23,6526.37
18899,30860,2023-07-23,6829.7
18900,45788,2023-10-10,8244.19
18901,47806,2020-05-13,3880.86
18902,9512,2020-11-20,7105.04
18903,36146,2022-08-27,6190.85
18904,45120,2022-06-03,9853.85
18905,6803,2023-05-28,7422.37
18906,40722,2020-05-07,9452.97
18907,19867,2022-02-18,2906.56
18908,7777,2024-07-10,4614.92
18909,42077,2023-11-23,5339.95
18910,30189,2021-03-26,8497.17
18911,18220,2024-06-10,4304.54
18912,21566,2024-05-17,5615.2
18913,34226,2022-06-03,1458.77
18914,28251,2021-05-14,2005.42
18915,38709,2022-07-20,3969.08
18916,15933,2022-10-27,599.93
18917,16178,2023-07-04,855.99
18918,34870,2023-09-13,7072.02
18919,12586,2020-08-06,802.55
18920,46344,2022-08-02,118.46
18921,40686,2021-10-23,719.84
18922,48909,2023-08-24,6423.97
18923,35527,2025-03-01,5664.91
18924,24911,2021-07-08,8166.44
18925,16742,2020-10-21,2135.53
18926,6572,2021-12-15,5933.94
18927,39211,2020-06-19,8088.58
18928,12536,2024-01-01,7214.79
18929,36608,2024-08-11,3248.97
18930,44946,2023-02-14,6216.89
18931,44964,2022-11-04,7344.49
18932,23199,2025-02-26,8208.71
18933,33668,2024-08-28,9886.88
18934,16717,2023-11-03,4055.58
18935,49959,2020-10-05,399.99
18936,2142,2021-08-25,5282.19
18937,19,2020-07-29,3284.12
18938,23748,2022-01-18,3090.05
18939,18497,2023-09-21,6865.26
18940,35624,2023-05-12,529.79
18941,12640,2025-01-16,5461.13
18942,1228,2022-03-01,6384.86
18943,14412,2020-06-27,7289.87
18944,4820,2025-06-13,9629.58
18945,48501,2023-10-25,187.3
18946,28785,2023-06-25,5283.01
18947,45598,2022-12-05,8752.26
18948,18417,2024-11-19,2118.67
18949,19948,2022-01-19,9763.45
18950,39424,2020-09-02,1983.3
18951,32735,2020-04-03,6407.17
18952,26012,2022-04-08,839.45
18953,19692,2021-02-03,5239.66
18954,18097,2023-10-25,2579.96
18955,8797,2022-12-19,3180.22
18956,36009,2021-02-19,3763.63
18957,14934,2023-04-07,2411.07
18958,34925,2024-01-07,8682.45
18959,12593,2023-11-29,1606.12
18960,8349,2020-09-10,4358.03
18961,31701,2021-03-27,9814.8
18962,46367,2021-06-02,5919.66
18963,26907,2022-01-16,6349.77
18964,40227,2020-11-21,7319.05
18965,32698,2020-10-02,8685.01
18966,1736,2020-06-20,8221.0
18967,15269,2020-10-26,3704.59
18968,31430,2023-03-09,8391.4
18969,26934,2022-12-18,2127.15
18970,19869,2024-01-25,4106.21
18971,14266,2023-06-11,6713.87
18972,12121,2021-11-04,2521.72
18973,40919,2020-08-31,3611.54
18974,1115,2025-01-09,5172.79
18975,40554,2024-06-04,2488.54
18976,40540,2023-08-12,7631.23
18977,39458,2021-10-03,7311.83
18978,12858,2021-12-01,9228.79
18979,45767,2021-06-16,749.92
18980,11524,2021-10-13,9010.18
18981,22411,2021-05-24,256.77
18982,8370,2020-09-08,8257.34
18983,6677,2025-06-19,2643.23
18984,7740,2024-01-12,6561.97
18985,30101,2024-01-29,6725.63
18986,46763,2024-06-01,3921.2
18987,29873,2020-08-10,2147.45
18988,37247,2023-01-16,460.61
18989,49860,2023-03-09,5836.14
18990,39719,2020-11-03,7066.77
18991,27696,2024-10-18,3809.19
18992,45205,2022-10-14,1987.61
18993,23782,2024-10-29,1706.06
18994,18,2021-06-09,2729.21
18995,36458,2022-07-02,8019.29
18996,37920,2021-10-25,1597.88
18997,32890,2021-10-27,4401.63
18998,2487,2024-02-10,6551.92
18999,42379,2022-08-14,8488.38
19000,10855,2021-12-08,5168.71
19001,735,2024-05-18,6834.63
19002,29022,2020-06-16,5154.63
19003,26022,2021-10-30,7598.32
19004,6270,2020-05-25,7876.86
19005,44413,2021-12-08,7836.08
19006,40596,2023-08-31,7384.93
19007,46106,2021-09-26,8108.44
19008,26251,2023-01-25,8027.8
19009,6850,2021-03-15,8650.16
19010,7527,2022-09-24,4723.82
19011,23256,2023-10-20,8889.22
19012,39774,2021-07-31,839.34
19013,20517,2023-10-26,3637.03
19014,16822,2024-12-08,9246.4
19015,24049,2024-12-18,4203.08
19016,32943,2021-03-21,8652.9
19017,9699,2023-12-04,5582.05
19018,19759,2021-10-15,2651.26
19019,14839,2024-12-05,1067.09
19020,12442,2021-12-14,7000.96
19021,41380,2020-09-19,2316.38
19022,48405,2025-03-11,5810.21
19023,19434,2023-12-25,3988.5
19024,4026,2021-11-28,6734.23
19025,7233,2022-02-26,6256.68
19026,47035,2024-06-02,6118.39
19027,39242,2025-05-29,5205.66
19028,9817,2024-03-12,6920.5
19029,20566,2023-12-21,7167.83
19030,29801,2021-01-04,2185.41
19031,10657,2025-03-04,6000.97
19032,37068,2022-08-13,230.73
19033,31920,2020-06-28,5213.99
19034,49703,2020-04-24,7961.21
19035,12236,2024-10-17,698.08
19036,48779,2021-12-06,3295.19
19037,2096,2024-04-04,460.07
19038,29320,2025-04-16,5699.77
19039,1843,2022-03-03,9269.23
19040,6536,2023-02-18,3309.76
19041,13553,2022-11-25,3718.23
19042,38096,2022-10-23,2210.26
19043,8676,2022-12-06,7390.46
19044,2944,2020-05-19,5110.74
19045,45778,2021-11-30,2837.14
19046,10581,2020-08-12,522.61
19047,42052,2022-03-06,8541.37
19048,46151,2024-05-29,6946.62
19049,18402,2024-06-04,9771.05
19050,24173,2022-01-13,5659.94
19051,43877,2025-04-17,9593.75
19052,15134,2020-01-31,6994.58
19053,16986,2023-06-26,4362.24
19054,35915,2022-10-13,2415.29
19055,23358,2023-05-05,689.5
19056,33291,2023-02-08,150.96
19057,38985,2024-09-25,8326.49
19058,2266,2020-11-11,6270.5
19059,36982,2025-03-09,1948.96
19060,20736,2020-03-17,6889.72
19061,14408,2024-04-04,9179.35
19062,41173,2021-06-06,659.02
19063,36936,2022-08-31,8061.47
19064,2871,2023-10-17,8370.83
19065,34054,2021-10-05,6554.36
19066,42261,2021-11-22,9368.97
19067,31148,2021-07-12,9666.85
19068,25336,2021-09-25,7751.85
19069,46965,2022-08-20,1765.66
19070,2480,2021-10-12,921.22
19071,46167,2022-06-02,4289.66
19072,210,2021-07-15,4072.98
19073,41853,2023-05-25,1518.52
19074,20397,2021-02-10,496.08
19075,30339,2021-12-21,2561.16
19076,18363,2024-01-09,2958.42
19077,47354,2022-12-12,9242.21
19078,22284,2020-12-16,9801.81
19079,19540,2021-10-15,9853.93
19080,31283,2023-08-19,8140.52
19081,38803,2024-04-02,7735.32
19082,36857,2023-09-08,9388.1
19083,40204,2023-02-06,3469.12
19084,42076,2022-01-08,5429.2
19085,9913,2020-09-09,5916.5
19086,41381,2024-06-26,5792.18
19087,47866,2022-09-05,4375.41
19088,36944,2022-07-07,9758.22
19089,7487,2023-01-23,3262.82
19090,30581,2024-01-07,2292.62
19091,47748,2023-04-25,7408.51
19092,12726,2023-09-29,9191.04
19093,24431,2021-07-15,9685.41
19094,8426,2020-07-07,8055.61
19095,10246,2021-10-18,3893.52
19096,802,2020-05-03,8162.56
19097,45124,2024-05-08,7650.74
19098,46991,2025-02-25,4086.32
19099,33293,2024-12-05,1135.56
19100,23333,2020-06-08,8556.22
19101,10193,2024-01-25,3124.46
19102,24998,2023-07-25,1219.52
19103,43726,2020-10-22,9868.87
19104,8421,2023-09-19,9267.31
19105,27551,2023-10-12,7592.04
19106,8130,2023-06-25,768.24
19107,28014,2020-11-03,7257.17
19108,34259,2024-01-25,6640.88
19109,17107,2020-06-04,2539.72
19110,25404,2021-03-03,4641.9
19111,5013,2022-08-07,9648.59
19112,37036,2022-05-21,274.46
19113,6940,2022-01-06,4747.15
19114,38841,2023-08-20,5880.34
19115,7809,2020-01-22,8695.44
19116,9187,2022-05-21,7081.61
19117,7688,2020-08-16,1091.5
19118,1997,2024-08-25,3836.53
19119,25535,2022-03-23,1333.82
19120,32211,2020-10-10,9316.1
19121,27971,2020-03-07,6944.04
19122,47992,2024-06-09,2575.47
19123,20730,2021-05-08,1499.82
19124,18331,2024-04-22,1325.08
19125,35602,2021-11-23,5164.78
19126,9251,2024-06-26,2692.68
19127,4477,2024-06-10,9678.01
19128,40748,2020-01-06,3987.02
19129,36450,2024-08-04,9929.49
19130,32734,2021-07-01,8625.43
19131,46984,2024-01-31,9066.98
19132,8831,2023-08-23,3949.7
19133,2044,2022-05-04,1302.16
19134,23637,2020-03-17,8411.22
19135,40366,2021-07-09,149.9
19136,13011,2022-01-19,4538.1
19137,3627,2022-12-04,1552.51
19138,240,2023-10-26,9033.8
19139,46382,2021-04-01,8698.4
19140,38952,2024-07-05,1462.59
19141,31454,2022-07-25,5560.04
19142,2872,2024-12-02,2417.86
19143,34971,2023-02-07,5193.74
19144,33940,2020-12-13,9767.6
19145,718,2023-11-15,2381.17
19146,4921,2020-07-29,746.28
19147,24087,2020-12-16,2619.12
19148,4204,2023-06-04,9843.87
19149,7852,2020-12-14,908.62
19150,39,2022-12-06,472.41
19151,9770,2024-02-24,1599.28
19152,35550,2021-02-20,8083.85
19153,48,2025-03-13,4766.63
19154,22360,2021-06-17,3450.33
19155,19934,2021-08-01,6610.02
19156,22051,2022-01-22,1054.23
19157,19237,2024-10-06,6995.96
19158,19441,2022-10-17,3108.78
19159,17168,2023-02-01,8581.74
19160,43952,2024-03-28,7269.92
19161,8082,2021-05-02,8788.4
19162,49038,2021-05-02,1929.18
19163,46816,2023-08-28,1568.85
19164,44159,2020-03-17,7142.81
19165,41770,2022-11-01,9218.97
19166,21506,2020-01-05,8068.21
19167,39989,2021-12-17,9411.66
19168,25660,2021-03-14,210.04
19169,48675,2021-09-30,1868.91
19170,17344,2025-02-10,6223.26
19171,32417,2021-05-13,4285.46
19172,15657,2022-04-21,7676.58
19173,42687,2023-06-30,767.13
19174,7001,2024-03-30,6344.61
19175,11012,2024-05-20,9300.57
19176,28272,2020-10-20,2373.71
19177,33412,2024-10-09,6841.1
19178,20063,2020-08-12,3503.71
19179,16113,2020-04-07,3773.68
19180,32207,2022-12-14,5198.28
19181,49412,2024-10-18,3102.65
19182,17540,2025-05-28,9669.73
19183,32500,2023-08-19,532.04
19184,2103,2024-10-19,7360.78
19185,11973,2022-01-21,904.04
19186,25683,2024-06-27,8553.74
19187,45566,2020-09-26,4821.36
19188,44902,2021-05-04,2313.91
19189,3360,2024-08-05,4960.15
19190,17788,2023-04-01,9558.65
19191,3386,2022-09-24,1719.48
19192,16841,2023-03-28,6090.72
19193,48034,2021-02-21,4796.83
19194,9407,2024-10-02,7006.8
19195,43225,2023-07-10,1816.6
19196,245,2025-01-03,5996.6
19197,21258,2021-01-17,8523.75
19198,44064,2025-04-04,352.83
19199,4357,2020-08-02,8045.57
19200,37021,2021-06-09,4798.59
19201,27783,2022-03-03,1997.87
19202,30607,2020-04-26,6121.77
19203,38154,2022-10-13,3070.49
19204,24971,2023-11-16,9853.19
19205,37176,2021-02-27,2781.25
19206,14376,2022-02-12,7174.26
19207,44218,2022-04-26,5068.73
19208,22775,2022-10-07,4009.1
19209,23509,2021-06-15,5305.04
19210,33372,2020-03-21,3121.9
19211,33501,2021-08-30,4670.3
19212,38605,2023-04-25,3813.68
19213,39538,2020-05-13,6506.69
19214,15954,2023-04-05,7248.87
19215,38299,2022-09-14,7709.15
19216,45055,2024-07-31,7882.96
19217,5507,2023-03-06,3600.32
19218,26134,2022-01-10,6192.32
19219,27857,2023-03-31,5112.28
19220,17853,2024-10-06,6436.74
19221,15120,2025-01-20,3604.27
19222,34684,2025-02-09,1994.42
19223,3397,2021-08-09,7287.07
19224,8832,2022-05-11,3844.02
19225,41233,2020-08-02,7345.04
19226,44733,2024-09-20,7103.57
19227,6475,2020-11-10,9933.32
19228,27052,2021-12-19,3719.62
19229,47404,2025-03-16,6860.13
19230,6884,2020-04-26,6962.66
19231,49961,2024-12-07,9392.08
19232,39406,2024-03-28,5038.64
19233,28906,2020-11-13,6681.8
19234,19304,2022-05-31,7571.85
19235,25783,2020-03-11,9895.48
19236,47875,2021-08-29,4645.38
19237,12379,2023-06-18,2640.22
19238,1133,2023-10-18,6094.25
19239,33273,2022-11-11,4397.04
19240,31757,2020-02-07,1071.32
19241,30157,2021-10-15,4518.06
19242,41139,2024-12-02,6975.21
19243,22710,2020-08-25,4645.01
19244,25384,2024-04-15,5757.66
19245,49361,2025-03-31,7126.03
19246,15337,2022-12-10,5127.33
19247,16266,2023-11-11,1057.29
19248,49196,2025-04-20,6952.31
19249,48600,2022-11-09,2022.4
19250,13917,2023-03-04,7187.71
19251,10376,2023-11-25,3137.26
19252,12174,2025-01-23,5415.31
19253,5661,2024-11-12,737.34
19254,44935,2024-02-06,2930.27
19255,7897,2024-03-01,9254.29
19256,35358,2023-02-14,5298.2
19257,7416,2021-10-28,9086.5
19258,20700,2024-03-28,9404.23
19259,35786,2024-02-20,2842.23
19260,41967,2021-05-31,9068.61
19261,10799,2020-03-05,6609.53
19262,18296,2021-10-18,5486.89
19263,5566,2020-06-13,4111.9
19264,38032,2025-04-19,2597.2
19265,4125,2024-08-08,4052.13
19266,25338,2020-12-13,6571.98
19267,20601,2023-07-06,3693.01
19268,8207,2025-04-21,3589.33
19269,10460,2022-07-25,5487.48
19270,12595,2022-10-19,548.24
19271,21304,2020-09-01,6157.4
19272,20952,2021-10-01,2996.03
19273,34474,2020-08-09,4971.41
19274,24468,2024-10-25,8309.28
19275,35503,2021-08-12,7944.46
19276,44864,2022-11-06,2987.83
19277,44661,2024-06-06,597.99
19278,10589,2025-01-26,3846.14
19279,4098,2024-09-06,1261.28
19280,47982,2023-09-13,4378.35
19281,33824,2021-08-02,8296.5
19282,37743,2022-07-08,3306.43
19283,34102,2025-02-27,8144.48
19284,24362,2021-03-06,9693.24
19285,38558,2025-01-21,6811.97
19286,36105,2021-05-19,8512.99
19287,10515,2021-01-17,8442.93
19288,646,2025-02-09,296.39
19289,16328,2024-03-15,6655.65
19290,26978,2020-11-27,7731.98
19291,12730,2024-08-04,4497.5
19292,2817,2022-04-18,8473.93
19293,19853,2021-08-01,6674.36
19294,41571,2023-06-01,6879.95
19295,17565,2023-03-08,4137.79
19296,4290,2022-02-08,8849.46
19297,40443,2023-07-20,3851.33
19298,48415,2021-11-12,1551.51
19299,20905,2022-04-05,3210.89
19300,18215,2020-05-04,4073.4
19301,9017,2023-07-26,7550.22
19302,45693,2020-02-02,961.66
19303,44700,2023-05-22,6618.61
19304,18975,2020-10-27,5170.78
19305,8205,2020-03-18,3232.7
19306,22599,2020-10-31,4009.89
19307,35891,2023-02-03,7013.17
19308,4673,2021-06-15,6052.84
19309,37421,2020-04-20,806.69
19310,49777,2020-06-29,1082.88
19311,34796,2021-10-18,7060.44
19312,37429,2020-12-30,8809.51
19313,4537,2024-07-29,1693.88
19314,9498,2024-12-03,5993.0
19315,48750,2022-01-22,2139.73
19316,144,2020-06-13,9846.46
19317,11020,2021-04-28,6319.24
19318,20214,2020-10-31,8185.49
19319,33040,2021-03-27,2968.48
19320,46518,2022-11-19,3449.91
19321,38235,2025-01-17,1542.66
19322,3124,2022-04-01,6827.74
19323,7897,2024-05-06,9816.98
19324,2643,2020-03-25,4955.55
19325,38343,2022-05-24,1054.74
19326,17914,2023-04-08,231.36
19327,2636,2024-08-17,7113.76
19328,43374,2024-11-29,1874.15
19329,13426,2020-12-16,9349.7
19330,31290,2021-06-11,7367.78
19331,16039,2024-10-06,1950.89
19332,49605,2020-03-11,9033.77
19333,39681,2022-08-28,2291.84
19334,18928,2023-06-20,9558.14
19335,15706,2023-02-14,2943.36
19336,4696,2024-06-21,1339.34
19337,20669,2024-04-26,5753.57
19338,44592,2025-06-17,5993.95
19339,5694,2021-09-25,6320.99
19340,32465,2024-10-25,2787.3
19341,28548,2022-08-09,3775.88
19342,34000,2023-02-06,9917.08
19343,4580,2024-03-03,4053.7
19344,27717,2023-08-05,1109.68
19345,7237,2020-01-29,4319.77
19346,48180,2023-02-11,1986.5
19347,43566,2022-05-12,1571.4
19348,30865,2020-12-12,3886.41
19349,6741,2022-05-20,3504.23
19350,46110,2025-01-27,1255.63
19351,5809,2024-11-01,267.12
19352,36275,2023-05-02,6366.97
19353,18234,2022-10-18,2471.37
19354,12650,2024-03-23,8579.74
19355,34538,2024-04-27,3162.72
19356,23207,2023-02-10,5495.85
19357,22246,2021-03-06,2291.61
19358,37831,2022-02-18,1929.83
19359,35933,2020-12-05,9453.35
19360,35594,2020-02-09,6808.04
19361,49389,2022-10-25,9501.26
19362,7817,2021-03-15,2080.81
19363,23238,2024-02-20,7513.11
19364,38676,2023-08-29,2313.06
19365,5696,2022-08-30,7516.84
19366,32597,2024-07-03,8322.84
19367,44679,2020-12-31,2213.68
19368,44646,2023-07-04,3730.99
19369,3136,2021-11-03,6094.36
19370,39216,2020-07-06,9114.38
19371,43234,2023-01-01,370.8
19372,16576,2023-06-08,5626.09
19373,32067,2025-03-11,1458.76
19374,1297,2020-02-03,4303.14
19375,6850,2022-12-31,5386.89
19376,5994,2024-12-29,7914.82
19377,27774,2024-02-16,9981.33
19378,18636,2024-05-10,5643.13
19379,40845,2024-05-30,4363.93
19380,12006,2023-10-11,5125.53
19381,30180,2024-06-06,6057.46
19382,43852,2023-06-08,933.77
19383,35930,2024-08-11,811.93
19384,44591,2021-04-25,3504.45
19385,49779,2021-05-05,686.47
19386,2088,2024-09-27,5003.08
19387,41120,2023-11-12,2653.4
19388,25700,2022-01-17,620.51
19389,46588,2020-06-25,606.94
19390,27949,2022-10-31,4156.23
19391,15206,2021-09-26,3378.01
19392,25844,2020-08-05,8163.01
19393,24912,2023-03-02,1393.93
19394,7674,2024-05-14,371.03
19395,47247,2023-03-27,696.75
19396,32075,2021-07-31,3387.56
19397,500,2024-02-04,6103.32
19398,31826,2025-03-11,5051.61
19399,10977,2020-05-23,5742.99
19400,34615,2020-07-28,6305.7
19401,48265,2023-09-17,3163.75
19402,13353,2020-03-30,9097.78
19403,20239,2022-11-01,188.36
19404,9124,2022-11-15,1873.89
19405,35393,2020-11-19,6496.37
19406,47004,2023-06-28,9732.51
19407,40513,2020-08-29,1607.84
19408,48566,2021-06-22,7100.71
19409,42107,2021-07-18,2536.03
19410,19334,2022-05-04,2088.23
19411,44415,2023-01-13,3118.16
19412,27979,2023-04-14,1780.52
19413,4955,2020-10-19,5291.36
19414,6218,2022-12-04,9482.37
19415,46236,2021-12-15,9235.92
19416,44560,2021-10-04,5394.27
19417,33818,2021-01-24,7424.61
19418,17074,2024-01-25,2060.43
19419,3126,2023-11-14,5607.36
19420,44892,2024-05-31,7785.3
19421,28301,2020-06-05,3292.77
19422,23745,2020-06-09,2170.88
19423,44751,2024-04-01,2978.07
19424,24223,2022-10-14,2837.08
19425,24844,2025-05-30,2782.58
19426,1093,2022-02-17,737.52
19427,32752,2024-07-16,5037.72
19428,10272,2025-01-31,1685.14
19429,8325,2024-12-30,8999.33
19430,14503,2020-08-10,8032.02
19431,8208,2022-06-30,9113.25
19432,29946,2024-11-06,8738.95
19433,30159,2025-05-14,3631.22
19434,10854,2020-05-03,7754.47
19435,47741,2022-03-15,5033.5
19436,37074,2023-03-19,2630.58
19437,26833,2023-12-24,3675.97
19438,12814,2021-06-30,5761.06
19439,20336,2025-04-10,8469.95
19440,37450,2022-03-28,220.6
19441,16857,2022-06-03,4465.48
19442,6316,2024-03-30,155.85
19443,17225,2023-11-12,2946.12
19444,23824,2025-02-22,4158.77
19445,33918,2023-07-16,4711.25
19446,46960,2024-04-13,7430.87
19447,39448,2023-08-22,7348.82
19448,26901,2020-01-16,3188.82
19449,20155,2021-05-27,3731.36
19450,12793,2022-11-23,2667.22
19451,49015,2020-12-19,3975.41
19452,16866,2024-01-27,3458.11
19453,45991,2022-09-18,6680.81
19454,32628,2023-02-01,1388.82
19455,16199,2023-08-05,384.68
19456,3235,2020-05-22,295.27
19457,3002,2022-09-03,9655.89
19458,10506,2021-11-28,2537.53
19459,32422,2020-12-02,7348.5
19460,22304,2024-12-31,7223.96
19461,35134,2021-11-23,8378.53
19462,3170,2022-10-12,3941.37
19463,15100,2025-05-02,6515.68
19464,4696,2021-01-10,3692.2
19465,13432,2023-05-12,2421.31
19466,10100,2020-02-27,9864.78
19467,12850,2021-08-11,9041.56
19468,21545,2024-08-11,4696.03
19469,29743,2022-11-28,6118.37
19470,20462,2024-03-16,9697.48
19471,43497,2021-07-14,3492.34
19472,7938,2023-09-18,8422.38
19473,6826,2025-01-08,4023.34
19474,13828,2022-05-30,8742.29
19475,44545,2020-12-09,4918.14
19476,267,2023-01-16,5373.62
19477,43019,2020-11-28,7586.84
19478,14189,2023-10-11,8825.29
19479,30734,2022-06-19,2725.02
19480,30299,2022-08-08,7546.1
19481,29153,2022-04-25,9495.15
19482,4828,2024-01-27,322.87
19483,8535,2024-05-24,1652.27
19484,2809,2023-11-10,3609.52
19485,14139,2020-12-30,7885.01
19486,3730,2023-06-24,5893.49
19487,17387,2021-05-12,9228.05
19488,280,2022-04-15,4683.09
19489,46107,2022-12-22,5054.21
19490,28963,2024-06-03,5646.27
19491,5109,2022-05-17,9079.13
19492,2070,2022-10-15,688.59
19493,35339,2023-06-17,5157.33
19494,5756,2024-06-08,3826.55
19495,25212,2023-01-09,3131.33
19496,29545,2022-12-26,7190.68
19497,7354,2021-08-22,3445.25
19498,23013,2022-08-23,342.99
19499,49762,2023-09-24,2218.43
19500,10316,2023-01-26,2986.8
19501,2242,2024-03-10,1894.67
19502,5487,2024-02-26,7660.2
19503,48449,2024-11-29,6097.1
19504,15506,2021-11-09,6941.18
19505,12091,2021-04-15,5460.52
19506,10996,2020-09-23,6855.38
19507,28394,2024-10-25,7181.1
19508,39277,2023-10-22,7619.77
19509,13011,2023-08-02,7799.09
19510,44328,2022-03-28,2818.86
19511,24426,2024-02-16,2486.12
19512,11497,2021-08-01,7255.6
19513,28311,2024-09-07,9829.37
19514,33421,2024-06-27,7275.32
19515,30977,2025-01-05,5109.46
19516,22860,2024-10-29,3121.38
19517,22666,2023-07-19,1408.14
19518,26011,2023-03-29,5863.36
19519,23955,2022-05-17,920.87
19520,22376,2021-12-02,9274.48
19521,17632,2020-08-17,736.02
19522,31766,2021-12-26,1429.98
19523,36619,2024-06-25,7616.66
19524,48715,2021-05-12,8897.18
19525,15962,2022-08-29,1903.77
19526,45328,2024-04-24,618.52
19527,19101,2020-07-24,1441.19
19528,15518,2020-07-17,7170.36
19529,32139,2020-11-17,8906.19
19530,33593,2020-12-25,7190.32
19531,39942,2023-11-19,3724.41
19532,28237,2021-05-11,6083.64
19533,49243,2021-04-02,5141.19
19534,11755,2024-02-19,5255.6
19535,6435,2022-06-20,8274.03
19536,7808,2023-03-06,9559.92
19537,31861,2025-04-22,8884.7
19538,29921,2020-06-01,7609.34
19539,33083,2024-07-26,4632.54
19540,14720,2024-03-20,2456.91
19541,5806,2020-11-05,3824.13
19542,19319,2024-01-14,8657.1
19543,27286,2021-03-27,176.08
19544,6332,2020-09-24,3280.46
19545,18922,2023-05-26,4938.05
19546,34178,2022-06-20,496.91
19547,13618,2022-01-26,1135.49
19548,2800,2020-07-20,7108.96
19549,22228,2025-02-25,9439.91
19550,48824,2020-12-25,6777.75
19551,10200,2024-06-10,2432.88
19552,5027,2023-02-10,3047.65
19553,5114,2023-08-10,6106.99
19554,33624,2025-05-03,9859.69
19555,24602,2023-04-03,6566.28
19556,46953,2021-05-22,924.17
19557,39549,2024-11-04,1810.18
19558,7410,2023-03-22,7159.21
19559,44374,2021-03-03,7456.72
19560,34587,2022-12-19,863.59
19561,8467,2022-06-28,5826.02
19562,3621,2020-03-07,8221.81
19563,9128,2021-09-19,1991.62
19564,15167,2021-08-02,7084.2
19565,31527,2021-11-06,4177.71
19566,12023,2020-10-07,6593.6
19567,35968,2022-10-28,5642.6
19568,41868,2023-07-28,9384.31
19569,27564,2023-12-14,1659.14
19570,45488,2024-04-14,2201.67
19571,44767,2024-07-08,1856.02
19572,10063,2020-11-30,7036.24
19573,35279,2020-07-06,1927.32
19574,1824,2022-03-23,4210.78
19575,21746,2024-10-30,8869.73
19576,30622,2021-07-12,2853.06
19577,2921,2024-09-09,1581.73
19578,46714,2024-01-16,5378.97
19579,25233,2022-04-29,6588.99
19580,10744,2020-02-11,5012.57
19581,38380,2020-06-26,5510.04
19582,27216,2024-12-03,2008.86
19583,28471,2020-01-04,3018.03
19584,12399,2020-11-05,6625.71
19585,43771,2024-06-28,8085.53
19586,35693,2024-09-04,3671.58
19587,7564,2022-03-09,7122.82
19588,3635,2023-01-08,2056.38
19589,8240,2020-03-01,3044.05
19590,27345,2023-04-11,164.51
19591,17898,2021-01-12,2279.15
19592,5225,2023-11-11,7641.99
19593,16454,2022-07-31,940.17
19594,11895,2023-12-27,871.86
19595,6505,2021-05-29,6429.5
19596,37722,2020-01-03,5052.91
19597,35630,2021-04-21,7768.17
19598,22079,2023-01-11,3970.67
19599,37864,2024-11-30,5664.53
19600,31803,2020-02-28,9413.87
19601,4911,2022-11-24,8708.53
19602,31504,2020-11-04,6055.3
19603,37934,2023-11-24,4847.16
19604,20560,2023-10-31,580.89
19605,35239,2023-04-17,5321.88
19606,20957,2020-06-02,4740.01
19607,1586,2021-11-08,9307.81
19608,23857,2021-01-03,4109.73
19609,1434,2022-12-27,6254.37
19610,18398,2023-10-24,9155.35
19611,42401,2023-12-12,2026.45
19612,8555,2020-08-30,3820.06
19613,1300,2020-10-03,3709.9
19614,40311,2021-11-11,2907.06
19615,29256,2024-01-06,8638.74
19616,19922,2020-03-29,6840.65
19617,44013,2023-07-06,9753.76
19618,41641,2020-08-24,8207.44
19619,5502,2020-11-07,8841.33
19620,2315,2020-07-08,505.25
19621,9783,2023-11-26,276.81
19622,11494,2021-12-29,6650.11
19623,9195,2023-06-01,6150.7
19624,45615,2024-06-07,344.51
19625,23423,2020-01-15,801.83
19626,36942,2023-05-02,4821.26
19627,27496,2022-02-04,8019.74
19628,49970,2024-11-15,7254.08
19629,18293,2022-11-19,5292.38
19630,361,2021-04-04,4524.53
19631,46871,2023-04-05,7877.5
19632,24637,2022-04-11,3187.97
19633,17679,2023-06-12,7347.69
19634,32981,2023-06-23,9168.0
19635,9381,2024-09-16,2030.67
19636,41191,2020-11-14,4182.73
19637,39739,2020-01-07,4132.14
19638,25244,2020-03-26,4401.57
19639,26988,2023-09-13,706.85
19640,46982,2020-08-02,7205.91
19641,43023,2024-04-07,6290.49
19642,19574,2022-04-23,8678.97
19643,4184,2020-09-18,717.58
19644,49903,2021-11-28,5350.79
19645,15474,2024-03-29,2080.04
19646,35043,2023-07-31,6822.45
19647,11919,2020-09-17,7856.68
19648,16805,2025-06-10,4830.09
19649,12290,2020-02-25,2121.88
19650,34152,2021-09-24,6144.84
19651,12101,2021-05-24,1490.41
19652,5591,2024-08-15,3805.5
19653,22217,2023-12-05,6194.05
19654,36423,2021-03-19,9442.3
19655,29252,2023-03-01,6674.17
19656,32915,2021-06-24,6378.55
19657,15135,2024-11-03,7272.85
19658,12046,2021-09-14,1781.07
19659,15389,2024-07-07,7381.66
19660,48741,2020-09-19,2504.31
19661,43846,2023-12-10,7455.38
19662,45802,2022-07-04,8935.79
19663,32188,2023-09-05,5191.32
19664,32092,2023-10-23,202.27
19665,36653,2021-07-08,6037.48
19666,1354,2020-12-21,3512.34
19667,21558,2025-05-03,5549.17
19668,3885,2022-04-07,4237.49
19669,8963,2021-04-21,6650.27
19670,34892,2021-10-29,3224.37
19671,10532,2020-02-09,3831.82
19672,48585,2023-09-08,475.84
19673,36230,2022-09-13,1503.26
19674,29644,2022-09-07,3878.77
19675,18158,2022-03-15,122.39
19676,43637,2020-12-20,235.61
19677,28713,2020-11-10,6348.94
19678,46920,2024-12-16,4521.38
19679,16297,2021-03-22,109.61
19680,20926,2021-12-13,2603.34
19681,30827,2020-06-11,6384.07
19682,49545,2020-11-09,2069.65
19683,48232,2025-03-27,7879.31
19684,26250,2023-03-07,2870.62
19685,16425,2023-06-18,9424.48
19686,40629,2024-05-13,5246.08
19687,34826,2022-06-03,1839.41
19688,16945,2021-10-22,1230.68
19689,13386,2023-08-15,1530.92
19690,10288,2023-06-10,7060.94
19691,42135,2025-01-08,1647.48
19692,40329,2020-08-03,9397.97
19693,12738,2023-10-14,3206.5
19694,19070,2020-05-08,734.92
19695,6372,2023-04-12,1699.07
19696,2315,2023-02-24,3464.77
19697,36099,2025-03-13,1315.65
19698,3836,2022-07-15,8489.47
19699,35261,2021-07-28,9582.0
19700,13457,2023-12-24,7597.98
19701,46963,2024-08-13,6196.82
19702,2633,2024-12-14,8010.41
19703,38942,2024-01-09,1628.64
19704,34384,2020-10-09,3834.78
19705,33800,2022-12-03,2207.93
19706,17577,2020-06-22,4692.5
19707,29594,2021-07-26,1839.04
19708,47109,2023-03-09,8181.15
19709,18584,2023-06-04,8026.29
19710,49533,2023-10-16,3744.2
19711,7588,2023-07-19,7258.37
19712,11225,2023-11-29,4311.09
19713,7057,2021-09-03,2920.02
19714,20224,2023-02-14,2827.63
19715,1351,2020-07-10,4953.64
19716,26030,2020-05-02,221.33
19717,4687,2020-09-25,7136.81
19718,47686,2021-03-09,3955.73
19719,15648,2020-05-07,1482.88
19720,19516,2024-03-23,6384.45
19721,33920,2024-01-03,7564.2
19722,25983,2020-07-02,1261.63
19723,1194,2020-05-15,1121.51
19724,16936,2024-01-27,3943.65
19725,9243,2023-05-23,6526.54
19726,32360,2021-11-15,5850.44
19727,43013,2020-12-19,9752.34
19728,39357,2023-03-21,4443.47
19729,15999,2022-06-04,3557.67
19730,29629,2020-01-21,7621.32
19731,19764,2024-03-12,9568.14
19732,21888,2021-10-14,8936.07
19733,33021,2023-08-22,4178.71
19734,37852,2021-03-10,6352.27
19735,39559,2022-10-24,1515.16
19736,48038,2024-10-22,7172.34
19737,24755,2025-04-01,3569.36
19738,30079,2025-06-02,2303.05
19739,41217,2024-09-27,1439.63
19740,13778,2024-08-11,2654.03
19741,13045,2022-07-18,5153.84
19742,10929,2023-01-01,8965.55
19743,42440,2022-07-09,2683.2
19744,6676,2020-04-14,655.14
19745,31075,2023-09-26,7821.36
19746,42128,2020-05-11,7830.57
19747,44577,2020-11-15,763.68
19748,16360,2022-04-27,1909.15
19749,24153,2020-01-25,1684.23
19750,13795,2023-12-18,4668.86
19751,6928,2021-06-02,2568.91
19752,40848,2025-04-01,7499.76
19753,6832,2021-11-15,6215.17
19754,44633,2024-03-20,6810.73
19755,3040,2025-01-05,3843.38
19756,3383,2020-10-03,5040.34
19757,25324,2021-11-04,6821.54
19758,40604,2021-03-07,5321.15
19759,10953,2022-07-06,847.28
19760,35479,2020-03-31,3686.68
19761,18877,2024-11-22,9714.71
19762,32864,2020-03-01,5063.72
19763,37208,2024-10-03,4163.98
19764,29387,2020-11-30,8904.98
19765,244,2021-09-22,6670.93
19766,28285,2022-06-17,4321.69
19767,8730,2021-09-14,5988.67
19768,28043,2023-05-13,3434.0
19769,4372,2024-02-06,8053.77
19770,1836,2020-02-25,7195.61
19771,3858,2023-05-01,2252.16
19772,40036,2022-05-28,3145.0
19773,13828,2021-08-07,127.82
19774,11989,2021-11-09,7931.04
19775,29786,2022-11-15,993.57
19776,26254,2023-07-21,5765.4
19777,5978,2023-09-13,8478.97
19778,39309,2020-01-15,9664.58
19779,33370,2025-01-11,3258.61
19780,22569,2020-10-04,1917.89
19781,39887,2022-07-22,9872.63
19782,31323,2022-03-24,1943.98
19783,6794,2024-03-19,1587.97
19784,42034,2020-01-21,9255.71
19785,18020,2022-09-02,9367.92
19786,6112,2020-02-15,4844.03
19787,24459,2020-03-29,6438.96
19788,3943,2024-12-19,4236.7
19789,36833,2021-05-22,9279.29
19790,9699,2020-09-29,8369.6
19791,5591,2023-01-24,5189.08
19792,12611,2022-01-21,4516.78
19793,42772,2022-12-25,6901.14
19794,193,2022-06-15,6679.66
19795,33276,2022-01-20,905.34
19796,33930,2025-06-15,2861.48
19797,44483,2024-02-25,4441.75
19798,40247,2020-08-05,5652.04
19799,4000,2023-12-27,1995.68
19800,39199,2023-08-07,3267.25
19801,19925,2022-12-19,5092.31
19802,1659,2023-07-09,9018.74
19803,2136,2022-06-04,3942.15
19804,37300,2021-02-28,3016.03
19805,28810,2023-05-09,8543.73
19806,38662,2021-08-18,2393.82
19807,16001,2022-08-02,6082.39
19808,36602,2021-06-21,4195.24
19809,31599,2020-08-20,9078.92
19810,47022,2020-06-10,6898.53
19811,13676,2022-01-20,8887.41
19812,44905,2024-05-28,6637.75
19813,11166,2020-08-09,5664.23
19814,45173,2023-07-07,4226.44
19815,9039,2020-12-24,6162.34
19816,13774,2020-08-13,7892.15
19817,41919,2020-09-21,4369.72
19818,35672,2020-03-09,6421.31
19819,5183,2020-01-09,4489.95
19820,9290,2020-10-07,1052.79
19821,5594,2024-04-24,5659.78
19822,40833,2023-05-03,743.55
19823,31102,2022-03-03,6011.73
19824,9245,2020-11-02,8408.7
19825,2754,2025-03-27,1640.97
19826,34498,2020-05-25,6002.95
19827,46722,2024-02-26,683.19
19828,37686,2021-03-18,2784.49
19829,3929,2025-06-17,1345.97
19830,1298,2025-02-21,346.04
19831,9965,2023-04-25,8470.09
19832,45342,2024-08-24,4158.46
19833,34056,2020-11-04,1598.37
19834,48810,2021-04-26,6388.98
19835,44701,2025-01-12,9023.02
19836,23603,2023-12-02,5065.28
19837,31864,2024-05-15,8310.19
19838,39781,2020-08-29,8442.33
19839,43658,2024-11-10,7528.52
19840,13968,2024-05-11,2822.86
19841,24114,2024-09-25,4731.11
19842,44778,2023-09-18,1539.63
19843,29238,2023-11-28,9211.07
19844,30508,2021-08-05,6617.97
19845,40252,2025-06-15,155.7
19846,20805,2021-01-05,8018.14
19847,223,2021-11-04,244.08
19848,38494,2020-02-23,6161.65
19849,49991,2021-07-30,4456.11
19850,21268,2023-06-22,2163.8
19851,32807,2020-07-18,7566.91
19852,33539,2021-03-10,9986.32
19853,11167,2023-10-28,7060.66
19854,3335,2025-01-06,8095.29
19855,35201,2023-11-09,9136.82
19856,48824,2021-10-26,4469.5
19857,38299,2024-11-11,6420.03
19858,12870,2023-05-29,5365.33
19859,21972,2021-07-17,3231.49
19860,33979,2025-02-15,736.6
19861,6402,2023-06-25,8591.64
19862,33532,2022-12-30,1111.26
19863,49071,2021-04-27,5669.7
19864,352,2021-10-17,411.87
19865,30203,2024-12-17,5403.43
19866,8468,2022-06-16,662.66
19867,36324,2024-10-19,7107.97
19868,8475,2020-11-20,5973.82
19869,43795,2020-01-05,7212.15
19870,9911,2024-05-27,5703.82
19871,33087,2024-02-27,7478.98
19872,24107,2022-08-06,3728.21
19873,29140,2022-10-15,3343.18
19874,4471,2023-06-17,4991.59
19875,44948,2022-07-02,5095.71
19876,44748,2024-12-15,3456.48
19877,27838,2023-04-29,5006.51
19878,29770,2022-10-26,2199.62
19879,34495,2023-09-04,6548.96
19880,37014,2025-04-30,9720.43
19881,46886,2024-02-29,6087.28
19882,35932,2022-08-07,4801.39
19883,6796,2023-12-09,9058.88
19884,6759,2025-06-06,6622.16
19885,4810,2025-04-24,3041.79
19886,33008,2022-11-03,6243.66
19887,16995,2023-05-16,7483.02
19888,12524,2020-01-02,7732.83
19889,31976,2021-02-05,178.3
19890,16613,2021-06-13,7674.91
19891,5009,2022-11-24,8012.45
19892,39643,2022-08-31,1832.92
19893,48184,2022-01-31,8524.8
19894,25885,2020-03-22,7150.83
19895,27866,2022-04-30,6234.05
19896,1353,2022-03-03,7715.15
19897,19635,2024-02-15,2605.33
19898,33690,2023-11-15,1627.14
19899,29921,2022-06-17,783.95
19900,736,2024-02-18,4381.7
19901,19787,2021-07-22,5112.9
19902,47291,2024-01-23,1125.47
19903,22280,2025-01-19,4048.92
19904,44825,2024-03-31,2684.0
19905,38612,2023-11-28,8858.26
19906,10389,2020-05-12,5768.18
19907,3364,2023-09-02,1829.19
19908,28381,2025-05-04,4903.07
19909,1178,2022-03-02,509.6
19910,26404,2023-06-12,4545.22
19911,3046,2020-05-07,9024.93
19912,41436,2022-12-22,5244.33
19913,28329,2024-09-04,2239.82
19914,33099,2021-03-03,9178.53
19915,49501,2020-12-09,9410.55
19916,22444,2023-02-22,2824.82
19917,468,2023-01-08,1819.95
19918,47881,2024-07-04,996.57
19919,18136,2023-04-05,7740.2
19920,17071,2022-03-06,7178.14
19921,48241,2023-11-04,7698.05
19922,4265,2021-09-26,1704.02
19923,26298,2024-12-01,9743.93
19924,8130,2021-12-17,1998.29
19925,32081,2022-11-04,475.43
19926,26354,2023-02-02,3993.08
19927,3258,2024-05-03,5590.21
19928,6875,2024-11-30,4219.86
19929,5442,2024-03-29,4904.73
19930,8446,2020-08-06,5654.74
19931,29518,2023-11-18,2187.92
19932,27,2021-08-21,8440.35
19933,31026,2022-06-11,2736.82
19934,35387,2020-12-22,9982.03
19935,10596,2022-01-01,9751.85
19936,33755,2020-10-26,3186.36
19937,17998,2025-02-11,5340.95
19938,9371,2020-06-12,9281.48
19939,35515,2022-06-14,5613.35
19940,8888,2024-01-06,7847.22
19941,15354,2021-11-02,4716.58
19942,16251,2023-10-20,4757.16
19943,12616,2022-12-24,3776.98
19944,6613,2024-09-23,4904.87
19945,13986,2024-03-19,664.78
19946,18140,2024-07-19,9685.68
19947,29400,2022-02-07,8511.8
19948,41617,2023-02-21,8515.64
19949,1273,2023-05-18,6821.11
19950,43380,2020-03-17,2010.45
19951,47430,2021-12-29,2216.5
19952,4006,2024-04-05,970.09
19953,17409,2022-04-26,7837.33
19954,47782,2021-11-11,8977.78
19955,18970,2020-10-23,6199.43
19956,7365,2022-10-30,8513.7
19957,42692,2020-04-26,9068.0
19958,47385,2024-02-15,1552.74
19959,22381,2025-04-07,3924.38
19960,25204,2020-07-15,1473.58
19961,43505,2024-09-03,4025.85
19962,30778,2020-07-05,4744.7
19963,30742,2021-11-08,7129.47
19964,30128,2023-06-07,6731.99
19965,269,2020-10-06,9890.29
19966,19041,2024-08-14,2338.53
19967,23826,2023-06-09,1633.15
19968,22427,2024-12-15,7304.18
19969,28472,2022-05-01,7058.78
19970,6712,2023-02-13,1438.49
19971,28209,2023-12-21,8195.83
19972,43418,2024-05-29,3495.67
19973,43124,2025-03-29,4764.19
19974,42754,2021-08-21,6899.73
19975,48458,2024-06-02,6112.62
19976,24508,2021-08-19,6708.38
19977,22612,2023-01-28,1235.34
19978,18726,2021-09-30,2951.75
19979,15491,2025-04-16,8141.59
19980,40924,2024-04-16,9308.28
19981,2431,2022-02-16,4194.16
19982,30236,2022-04-06,9625.9
19983,30043,2022-03-24,9321.55
19984,20640,2021-09-04,8524.2
19985,39142,2025-03-29,7529.58
19986,7372,2024-12-28,5354.72
19987,31252,2023-12-27,2206.34
19988,27014,2023-01-12,2617.51
19989,18179,2020-10-21,1695.79
19990,44035,2021-05-09,8498.83
19991,45089,2023-04-17,163.23
19992,832,2024-08-06,2741.94
19993,31422,2020-10-21,6093.24
19994,16666,2023-09-01,9860.19
19995,39717,2025-04-08,3049.87
19996,20042,2022-04-28,2184.66
19997,38867,2024-10-29,846.45
19998,20933,2021-12-04,2912.22
19999,7448,2024-09-07,8285.31
20000,25827,2024-04-10,1397.35
20001,23132,2020-02-20,1569.77
20002,43358,2020-11-19,1513.5
20003,41491,2024-06-25,1251.89
20004,26310,2021-09-13,4584.71
20005,42296,2023-03-23,8292.9
20006,32877,2024-04-04,4649.88
20007,24551,2020-07-23,5485.52
20008,33491,2022-10-02,5761.28
20009,49651,2020-03-11,3915.26
20010,43065,2020-05-31,3457.42
20011,25695,2024-05-21,6364.29
20012,12922,2020-07-13,3567.02
20013,42476,2022-03-28,1258.23
20014,14590,2022-06-04,8640.93
20015,26769,2021-05-16,5906.99
20016,49010,2020-01-16,8303.12
20017,32416,2020-08-10,4824.71
20018,39051,2021-11-03,6470.35
20019,10618,2020-07-24,9202.91
20020,49421,2021-05-19,7513.27
20021,8529,2021-11-20,3572.77
20022,44785,2021-01-06,3350.93
20023,14802,2024-06-12,2797.14
20024,38044,2023-10-30,4811.72
20025,15280,2023-02-12,9209.02
20026,11703,2022-10-14,275.01
20027,39952,2021-01-20,7630.45
20028,38692,2021-07-24,3589.14
20029,3825,2020-10-23,8120.1
20030,33960,2022-08-30,4395.21
20031,39828,2023-04-29,7248.55
20032,45287,2023-09-03,8394.9
20033,14939,2020-03-24,4756.12
20034,13544,2020-05-09,7348.91
20035,49505,2024-12-03,777.02
20036,2562,2021-09-29,3049.33
20037,49357,2021-01-08,3291.42
20038,36098,2020-07-23,4808.22
20039,2432,2021-10-09,6503.86
20040,18757,2023-07-06,4754.36
20041,2118,2022-06-28,8447.29
20042,562,2020-12-08,2656.08
20043,34656,2023-09-13,1435.18
20044,4272,2022-11-22,3771.26
20045,6655,2020-09-04,2500.49
20046,15512,2024-08-17,5975.46
20047,33161,2024-12-07,5745.92
20048,33013,2025-03-03,7394.57
20049,27770,2023-07-14,7881.9
20050,44200,2022-09-24,1504.91
20051,21416,2025-03-13,3510.49
20052,8322,2024-12-14,879.07
20053,23113,2021-08-26,6829.26
20054,12166,2024-02-21,8034.05
20055,26259,2022-05-07,9618.67
20056,40825,2023-10-05,9574.39
20057,30581,2023-10-20,6354.92
20058,12792,2023-01-02,7419.39
20059,21229,2024-09-01,2166.17
20060,18237,2023-07-06,5871.52
20061,10782,2022-03-10,3375.23
20062,7143,2024-04-20,1179.47
20063,29813,2022-06-24,4956.46
20064,23742,2023-05-21,4268.71
20065,40589,2025-03-21,784.96
20066,21378,2024-05-09,9548.51
20067,6147,2021-05-12,9568.74
20068,17286,2024-01-18,5631.68
20069,40860,2024-07-10,9449.42
20070,1357,2020-01-25,2656.22
20071,34132,2024-01-09,7935.97
20072,25471,2023-12-12,9496.68
20073,29500,2023-03-22,4013.38
20074,28221,2024-01-20,3094.67
20075,7433,2024-03-23,6976.29
20076,18358,2020-02-22,4790.32
20077,25695,2021-04-27,3847.51
20078,42703,2020-08-23,7800.17
20079,4337,2024-02-08,2468.79
20080,27039,2024-03-25,6912.93
20081,26845,2024-06-01,3937.34
20082,45771,2020-12-14,2687.04
20083,15037,2023-02-26,9317.28
20084,13352,2024-09-17,2554.25
20085,31875,2025-04-22,3929.66
20086,15026,2024-01-25,6248.81
20087,23681,2022-10-10,704.78
20088,9736,2022-02-26,1111.23
20089,16190,2021-04-30,6326.51
20090,26816,2025-01-13,5952.8
20091,16809,2024-02-16,6066.39
20092,43464,2020-08-20,5972.53
20093,11051,2020-03-12,8363.02
20094,19681,2022-02-04,3370.96
20095,11994,2022-04-05,1838.35
20096,9730,2023-08-10,8984.52
20097,11580,2020-06-18,5638.82
20098,17585,2023-06-29,7910.78
20099,40029,2023-09-29,2000.3
20100,31326,2020-01-07,4690.62
20101,8626,2025-06-11,1270.49
20102,35564,2024-10-07,1079.29
20103,34734,2025-06-15,4596.63
20104,38402,2022-11-09,5991.33
20105,48252,2025-05-25,9282.83
20106,33437,2024-04-10,583.41
20107,26490,2023-01-17,3789.15
20108,7069,2021-05-14,7422.45
20109,4467,2020-12-05,3109.34
20110,42079,2022-12-15,7553.98
20111,4961,2024-09-29,9509.24
20112,45178,2024-11-25,5926.52
20113,44076,2021-03-30,2581.59
20114,35076,2023-06-05,5991.85
20115,27431,2022-12-21,3102.79
20116,31537,2023-06-18,1776.89
20117,39173,2023-11-08,7947.15
20118,28610,2024-01-09,6662.77
20119,37421,2022-03-14,8515.11
20120,15420,2024-12-16,8733.1
20121,10034,2021-05-08,3630.82
20122,45604,2023-11-26,1214.0
20123,34630,2021-03-31,4767.76
20124,5130,2024-04-11,3609.86
20125,33572,2022-06-19,6369.66
20126,20583,2023-10-06,8445.48
20127,39756,2023-12-24,6154.16
20128,29807,2020-10-23,206.68
20129,23313,2020-03-25,6073.91
20130,33269,2024-05-06,1378.11
20131,33997,2023-11-11,3235.18
20132,49249,2023-08-30,2478.9
20133,45878,2023-10-01,5078.09
20134,22925,2021-05-25,7893.91
20135,16256,2022-02-01,477.8
20136,8112,2021-04-22,671.54
20137,3885,2021-12-27,9595.05
20138,48777,2025-04-28,4450.68
20139,20023,2022-10-06,7428.18
20140,18928,2024-09-27,8772.31
20141,40468,2023-02-17,3879.22
20142,25964,2021-02-28,5526.9
20143,28584,2020-07-21,8669.17
20144,43265,2022-08-15,6035.28
20145,28877,2022-03-19,1965.14
20146,10739,2020-08-17,6028.41
20147,8384,2023-08-05,9665.73
20148,42787,2022-01-09,9864.56
20149,13436,2020-02-07,9094.64
20150,15486,2023-03-15,7247.15
20151,47297,2021-03-13,8831.45
20152,13560,2022-12-08,4161.31
20153,14133,2023-09-02,3483.23
20154,49377,2021-06-11,9950.1
20155,7357,2020-08-01,8833.33
20156,33541,2021-08-19,1234.4
20157,9438,2024-11-12,8120.0
20158,35781,2022-03-22,220.07
20159,34393,2024-04-15,4321.92
20160,8124,2023-01-23,933.95
20161,48218,2021-10-28,3747.05
20162,36243,2024-03-03,8120.82
20163,4153,2021-11-11,1585.6
20164,33288,2024-07-07,3582.15
20165,873,2022-09-23,2627.86
20166,14731,2024-11-29,1387.24
20167,958,2024-06-18,9694.75
20168,45214,2024-08-24,4398.28
20169,28165,2024-02-06,315.89
20170,19416,2021-12-28,6807.62
20171,41197,2020-05-17,5296.3
20172,20813,2022-12-16,8216.12
20173,40760,2022-07-13,3700.21
20174,15396,2020-06-14,9113.33
20175,37489,2020-07-23,376.05
20176,19611,2024-06-24,5290.31
20177,34336,2022-09-25,4938.83
20178,910,2025-03-21,216.85
20179,18345,2022-02-12,726.96
20180,22646,2020-05-21,2949.13
20181,27915,2022-01-03,5790.13
20182,17770,2022-01-12,2144.66
20183,14821,2024-11-11,1921.32
20184,17200,2025-04-07,1444.74
20185,46477,2025-05-18,9286.35
20186,3785,2025-01-04,5690.63
20187,14747,2024-10-03,2538.36
20188,16706,2020-02-23,9715.03
20189,37167,2020-06-02,4142.79
20190,24027,2020-08-13,1210.41
20191,33612,2020-10-11,5159.36
20192,18956,2020-03-02,4406.74
20193,6595,2023-11-16,6214.25
20194,47642,2021-11-09,7021.05
20195,8603,2023-11-26,3525.38
20196,44531,2024-10-02,1794.73
20197,30829,2022-02-28,4194.26
20198,40099,2021-10-19,5098.44
20199,29823,2021-11-07,4716.54
20200,39670,2023-10-22,435.11
20201,9016,2023-03-30,7963.14
20202,35269,2022-08-01,3497.35
20203,14507,2024-11-07,2999.94
20204,15569,2020-02-17,2212.89
20205,10579,2021-01-20,5870.49
20206,36923,2020-09-05,5931.91
20207,6103,2020-01-26,4365.61
20208,45563,2023-03-14,6759.42
20209,19724,2023-07-07,477.98
20210,27104,2020-01-09,8044.41
20211,8861,2021-05-14,2636.5
20212,11781,2023-07-13,4739.67
20213,31665,2020-08-28,7475.79
20214,6592,2023-09-10,1823.72
20215,19315,2025-05-11,9037.59
20216,38443,2025-01-14,1443.79
20217,26178,2024-04-24,8146.6
20218,41173,2020-06-25,4047.07
20219,19727,2024-02-02,1725.09
20220,39570,2024-02-21,8708.41
20221,34991,2021-06-14,7350.14
20222,38402,2022-11-26,2373.22
20223,29477,2020-08-12,6685.71
20224,6633,2022-03-27,1643.88
20225,35370,2023-06-19,9757.66
20226,44339,2021-01-24,5530.76
20227,19923,2023-09-05,1588.94
20228,38604,2022-07-07,754.57
20229,46622,2025-06-20,6329.69
20230,36266,2021-06-26,6481.89
20231,39488,2024-05-07,9791.37
20232,40327,2020-02-02,5017.61
20233,23881,2021-06-12,3457.65
20234,30776,2021-07-30,7130.07
20235,16651,2022-02-05,8042.77
20236,19849,2025-06-18,6896.06
20237,39681,2021-08-01,7458.85
20238,3884,2020-06-21,6953.86
20239,46627,2020-08-15,1820.41
20240,11860,2020-03-28,8125.03
20241,25779,2020-08-20,6294.05
20242,3848,2022-01-21,3976.09
20243,1607,2024-10-07,6664.71
20244,23077,2020-02-06,8482.74
20245,6245,2023-10-03,8636.27
20246,28116,2020-10-09,3404.72
20247,6789,2020-05-27,1268.89
20248,23756,2024-01-26,2310.33
20249,46357,2022-07-26,6108.55
20250,41428,2022-07-09,5213.52
20251,39489,2023-02-05,4993.33
20252,17043,2022-12-29,3102.99
20253,14082,2024-09-10,849.2
20254,47018,2023-02-07,3079.76
20255,49689,2024-01-25,6949.8
20256,2428,2020-06-15,6257.69
20257,38891,2021-01-11,2838.59
20258,41810,2023-10-17,7742.01
20259,26750,2022-11-19,9594.13
20260,30367,2021-07-12,2600.33
20261,4925,2021-11-17,7888.08
20262,18476,2022-12-09,7885.73
20263,10901,2020-10-10,5390.93
20264,42343,2024-12-27,199.27
20265,28871,2020-07-19,3013.19
20266,34445,2023-06-29,487.25
20267,4404,2022-03-26,4145.58
20268,40732,2021-12-06,5733.17
20269,23909,2025-05-26,4433.16
20270,11353,2025-01-25,6970.31
20271,48302,2020-02-16,2427.67
20272,28336,2020-06-21,872.58
20273,23917,2023-02-26,1772.44
20274,29146,2020-07-12,2746.6
20275,4456,2024-02-28,2508.58
20276,37879,2021-09-22,5182.79
20277,35894,2024-02-08,8991.21
20278,37531,2023-10-11,3629.75
20279,18767,2021-06-18,935.36
20280,29571,2022-07-04,8217.76
20281,14941,2021-02-20,260.04
20282,39007,2025-02-28,5203.74
20283,49467,2023-06-07,8109.63
20284,8680,2021-08-23,5707.77
20285,46455,2020-02-17,9308.61
20286,13330,2021-02-03,396.84
20287,39741,2024-06-25,9423.86
20288,16359,2021-05-09,7522.16
20289,27261,2021-02-26,3342.8
20290,31673,2020-05-14,6313.85
20291,20268,2020-11-13,5663.63
20292,41647,2021-11-14,9113.63
20293,18376,2022-05-14,4186.79
20294,35696,2024-10-27,1084.87
20295,17829,2023-09-22,780.07
20296,45093,2022-08-02,4195.21
20297,10157,2020-04-13,9858.3
20298,30440,2024-03-19,6227.05
20299,3020,2022-02-19,7443.9
20300,23924,2023-07-29,9628.77
20301,20349,2023-11-21,6664.95
20302,40859,2025-03-02,6059.32
20303,48431,2023-12-21,1965.58
20304,32303,2025-04-15,2966.71
20305,41984,2025-03-26,8811.28
20306,1951,2025-06-20,5126.68
20307,22733,2023-01-13,8650.07
20308,47286,2023-08-05,256.49
20309,1733,2022-09-27,5109.45
20310,33399,2020-11-18,3221.34
20311,43289,2022-02-13,2876.84
20312,35852,2021-12-19,8623.71
20313,6129,2024-03-22,8398.32
20314,11529,2025-01-08,8970.55
20315,14973,2024-09-07,4351.95
20316,39205,2021-12-30,9619.67
20317,6281,2021-10-27,3274.37
20318,45253,2020-03-16,9892.69
20319,26295,2024-01-06,7595.68
20320,22318,2021-09-19,6578.01
20321,8105,2021-11-26,8921.42
20322,21599,2024-08-30,6352.93
20323,3308,2023-10-20,4257.48
20324,20487,2020-03-06,3677.14
20325,6533,2023-02-01,1492.64
20326,42932,2024-08-05,4858.73
20327,23677,2020-02-13,7916.41
20328,31953,2024-10-24,1463.25
20329,45733,2025-06-01,9281.33
20330,14140,2022-05-18,2281.11
20331,9179,2023-12-12,9610.66
20332,49665,2023-03-09,4621.75
20333,9722,2023-03-03,1472.27
20334,48769,2024-07-16,1209.93
20335,49870,2024-02-20,6655.82
20336,31221,2020-08-11,8127.43
20337,22972,2021-09-03,667.56
20338,29148,2024-07-31,9165.45
20339,11049,2020-03-20,481.26
20340,19905,2022-06-11,5495.64
20341,9197,2023-12-03,5204.58
20342,41,2024-02-10,8074.65
20343,3930,2024-04-24,5860.83
20344,22436,2022-01-02,3435.39
20345,3176,2025-05-21,5845.16
20346,47469,2023-09-28,9517.22
20347,38129,2022-09-25,1314.91
20348,36100,2024-01-03,6601.48
20349,45314,2022-04-07,1764.53
20350,48378,2020-04-17,2125.1
20351,41950,2022-06-21,9727.75
20352,38703,2020-04-22,8277.14
20353,29588,2023-04-13,9120.04
20354,20510,2025-03-30,1604.24
20355,25682,2024-03-29,4189.91
20356,39198,2025-03-07,7693.15
20357,49507,2020-05-09,6517.5
20358,48385,2024-09-22,1595.26
20359,42298,2022-03-15,4447.58
20360,1859,2022-04-16,2502.76
20361,11259,2020-04-11,3446.72
20362,45997,2023-06-15,9138.85
20363,31976,2020-10-04,2537.79
20364,14641,2022-04-17,3822.43
20365,49405,2022-03-23,5223.57
20366,22079,2024-12-03,802.8
20367,29488,2022-09-22,8898.69
20368,11827,2024-12-01,4696.41
20369,7358,2024-08-16,3666.11
20370,27376,2024-06-15,4827.39
20371,24271,2024-05-01,6781.6
20372,13181,2025-02-21,6151.91
20373,24016,2024-05-20,5815.75
20374,45723,2022-09-26,3120.4
20375,12768,2023-06-19,4404.58
20376,21260,2024-08-11,7003.07
20377,26066,2023-11-01,8749.33
20378,45906,2020-09-09,1453.03
20379,21052,2025-01-31,8410.26
20380,47680,2024-11-28,7987.87
20381,8964,2023-07-21,7450.23
20382,23469,2023-06-08,4691.05
20383,2602,2024-10-20,5680.55
20384,31664,2024-09-23,4835.14
20385,19476,2022-03-24,5161.01
20386,9328,2021-12-09,6203.99
20387,49876,2022-02-15,4981.05
20388,27232,2021-10-15,5605.7
20389,44564,2024-05-22,6652.59
20390,1040,2021-12-05,2789.76
20391,27705,2023-08-12,7180.25
20392,3347,2021-10-23,9705.81
20393,23263,2020-01-15,2041.06
20394,11277,2022-07-09,9193.08
20395,7927,2025-01-29,4296.27
20396,36372,2020-06-27,9165.95
20397,18795,2024-08-22,4251.61
20398,19788,2023-05-31,7171.53
20399,19889,2023-12-20,5621.68
20400,1263,2023-05-23,7523.34
20401,10787,2021-10-18,7044.41
20402,7562,2021-01-16,9594.47
20403,20812,2021-11-04,2961.55
20404,37878,2022-08-22,9307.15
20405,46360,2020-02-16,2598.0
20406,41976,2021-11-12,7885.45
20407,4933,2023-10-05,4947.98
20408,1462,2024-05-04,813.78
20409,19770,2021-05-18,442.12
20410,2146,2020-04-18,5251.78
20411,22332,2023-04-19,443.84
20412,30731,2022-09-16,9469.22
20413,46665,2020-01-14,1734.32
20414,6358,2021-08-01,4902.08
20415,43439,2020-08-17,3836.74
20416,27612,2021-06-15,5292.98
20417,49597,2024-01-08,2163.66
20418,34512,2020-05-30,8676.8
20419,30282,2021-06-18,226.64
20420,32802,2025-04-24,5758.29
20421,16446,2022-07-28,3538.29
20422,25679,2023-11-13,2220.71
20423,27602,2024-05-06,2214.85
20424,21677,2023-05-09,1917.08
20425,23135,2025-05-12,6066.21
20426,3589,2024-04-06,8925.48
20427,47411,2020-07-29,4037.84
20428,353,2021-08-03,1731.75
20429,17466,2024-09-27,620.69
20430,18013,2024-08-11,8207.38
20431,4099,2021-04-10,2300.91
20432,15383,2021-10-06,7378.45
20433,46346,2024-01-08,5343.47
20434,9007,2020-08-18,6404.23
20435,20345,2024-03-09,5802.35
20436,44080,2021-08-11,9524.2
20437,49405,2020-09-10,1114.55
20438,36388,2021-12-30,6616.91
20439,13400,2023-05-16,1237.64
20440,37174,2024-07-17,2022.14
20441,532,2021-06-06,6773.12
20442,9859,2020-03-07,6227.29
20443,49349,2025-02-02,4910.63
20444,21891,2022-05-30,7755.88
20445,9128,2025-04-12,6954.04
20446,19707,2023-10-05,680.93
20447,28476,2020-02-20,6579.06
20448,10182,2020-11-11,3932.89
20449,8655,2022-03-23,4765.18
20450,25979,2024-01-07,5281.79
20451,34502,2024-05-12,3418.39
20452,42544,2020-03-16,4535.58
20453,9429,2021-11-24,5655.23
20454,49965,2024-11-25,684.53
20455,12325,2020-02-18,5773.3
20456,8598,2025-04-16,3545.82
20457,35892,2020-05-28,5768.26
20458,46850,2022-01-16,4507.72
20459,25614,2023-06-11,1913.65
20460,25106,2024-12-17,1180.33
20461,23666,2022-07-11,8760.39
20462,42162,2025-02-03,4013.4
20463,45839,2020-03-21,6199.34
20464,39717,2020-11-06,942.96
20465,45442,2024-06-08,4169.95
20466,41079,2024-01-12,7103.79
20467,18283,2022-11-05,9693.25
20468,44884,2023-11-30,5596.19
20469,21834,2023-09-28,1836.61
20470,10272,2020-05-27,225.39
20471,4844,2021-01-18,3606.31
20472,47857,2023-12-27,4120.24
20473,46393,2023-09-13,5033.34
20474,27397,2025-01-11,139.45
20475,37717,2022-03-27,7263.74
20476,16018,2023-10-16,6586.44
20477,45872,2021-09-05,277.51
20478,12584,2024-03-04,3402.65
20479,25440,2020-08-09,3743.65
20480,20452,2024-05-20,2911.02
20481,36740,2021-07-27,3031.3
20482,35453,2021-01-10,4391.9
20483,39850,2020-04-30,7051.53
20484,46038,2024-09-22,6790.25
20485,34578,2020-06-08,4162.28
20486,30107,2024-01-30,6248.55
20487,28800,2020-09-25,791.45
20488,23503,2020-06-18,7717.35
20489,21949,2022-10-19,4470.97
20490,32829,2022-09-10,987.68
20491,15242,2022-02-16,3799.5
20492,36176,2020-06-23,7112.86
20493,31360,2023-05-05,1320.45
20494,4896,2020-08-06,8166.12
20495,33432,2024-01-07,7111.3
20496,22843,2024-01-08,923.02
20497,16352,2021-07-23,9788.15
20498,46965,2022-01-25,9441.09
20499,9820,2020-09-06,1408.16
20500,19137,2024-04-09,2108.6
20501,30613,2024-05-25,3538.73
20502,19068,2021-01-14,9898.01
20503,39028,2022-04-09,7083.58
20504,18387,2024-05-15,9153.78
20505,30378,2024-09-04,2831.57
20506,1525,2022-11-16,8713.09
20507,16232,2025-01-17,1193.54
20508,18841,2023-04-25,9955.3
20509,25141,2022-09-07,1155.87
20510,9609,2025-01-08,4419.12
20511,41204,2021-06-23,8216.55
20512,36636,2024-12-17,8525.24
20513,20389,2020-06-10,8644.32
20514,29757,2023-01-13,2938.38
20515,48187,2020-02-16,6638.8
20516,11177,2022-03-05,2181.17
20517,26105,2024-12-11,4992.48
20518,370,2021-05-31,8495.29
20519,25752,2023-09-05,4159.29
20520,11841,2020-09-29,1188.37
20521,43124,2025-04-11,335.75
20522,23128,2020-02-26,9008.91
20523,44554,2020-11-08,1321.09
20524,21984,2021-07-13,8772.84
20525,13148,2022-01-20,1028.95
20526,14898,2020-12-09,2492.16
20527,46689,2022-06-14,7310.4
20528,31484,2021-02-05,1829.78
20529,43583,2024-03-01,8846.02
20530,16358,2020-10-24,2327.22
20531,20673,2022-08-22,3744.38
20532,49507,2025-01-19,8682.99
20533,8250,2024-08-06,3495.1
20534,31213,2023-01-13,5927.69
20535,7672,2024-10-05,3306.97
20536,36142,2022-07-01,4838.7
20537,28792,2022-07-28,4757.66
20538,21969,2023-08-05,4809.16
20539,18640,2022-06-25,3732.28
20540,41787,2020-06-16,7252.98
20541,7661,2020-06-13,3495.16
20542,8964,2021-05-02,1449.39
20543,46703,2024-05-29,6013.73
20544,5756,2021-06-23,2853.11
20545,33449,2023-02-04,483.78
20546,15473,2024-08-20,547.24
20547,33340,2021-03-05,4931.03
20548,1342,2022-04-25,9685.31
20549,28171,2024-07-08,870.6
20550,18964,2022-07-27,3380.07
20551,31962,2025-02-19,488.73
20552,33119,2022-01-05,6350.32
20553,49031,2023-01-19,5826.79
20554,46912,2023-06-30,2905.64
20555,32442,2022-05-15,7622.34
20556,2692,2022-02-14,388.4
20557,39155,2021-07-08,1344.47
20558,13454,2022-03-11,675.65
20559,19705,2022-09-23,3446.95
20560,11094,2024-05-09,5102.17
20561,24215,2022-04-05,2968.59
20562,5924,2024-04-05,3216.87
20563,25589,2021-03-06,5780.9
20564,14930,2020-11-02,2486.52
20565,23615,2021-02-16,2846.65
20566,45839,2020-01-16,9024.28
20567,42911,2023-09-09,7302.04
20568,34522,2022-09-30,5097.92
20569,14596,2023-09-30,7068.5
20570,17580,2024-05-23,4469.51
20571,33394,2020-05-26,9131.33
20572,41043,2024-06-30,1847.18
20573,16538,2021-11-09,1792.51
20574,41394,2025-02-04,688.43
20575,20897,2021-06-25,1882.1
20576,24452,2022-11-17,2282.53
20577,11961,2025-06-05,8620.04
20578,7407,2022-02-19,5134.2
20579,5950,2024-11-09,2137.97
20580,47206,2020-03-07,8531.66
20581,47071,2024-05-18,852.86
20582,4258,2021-07-23,2911.81
20583,32546,2022-09-21,9391.65
20584,8834,2021-05-23,9687.53
20585,37163,2022-04-15,3766.58
20586,18760,2024-12-06,8066.84
20587,42417,2023-12-29,1643.37
20588,8725,2023-09-11,8921.88
20589,31268,2024-11-27,7945.62
20590,7035,2020-01-01,6619.31
20591,24321,2025-04-10,8393.43
20592,14762,2024-06-03,5668.65
20593,46439,2023-05-24,3390.63
20594,31888,2025-04-03,6683.13
20595,20017,2021-05-30,6674.53
20596,48646,2023-07-19,5840.42
20597,26748,2024-09-30,7893.94
20598,8929,2021-01-04,628.86
20599,15117,2024-04-09,6426.63
20600,22701,2025-04-18,5810.31
20601,45795,2021-01-27,2283.7
20602,20124,2024-12-07,963.44
20603,17826,2020-07-17,4752.06
20604,18592,2022-12-12,2614.97
20605,41831,2021-07-04,7747.75
20606,89,2021-10-04,4954.91
20607,21172,2021-12-11,9620.46
20608,44362,2024-03-18,9561.96
20609,43458,2022-06-26,8825.13
20610,10372,2021-05-29,6334.55
20611,48665,2023-09-12,6026.13
20612,9808,2022-11-12,2257.44
20613,10024,2022-07-22,7202.38
20614,108,2024-01-26,9152.39
20615,42680,2023-05-23,3203.71
20616,20119,2025-03-28,8449.81
20617,26196,2022-12-01,4161.82
20618,5507,2020-05-12,9553.67
20619,3456,2022-11-30,4045.31
20620,1006,2023-10-24,7746.35
20621,46974,2023-12-31,8115.95
20622,16691,2021-07-27,7141.62
20623,12569,2024-02-09,3886.5
20624,29481,2023-09-24,1644.9
20625,14853,2021-01-16,1090.57
20626,15552,2021-02-11,1027.22
20627,32558,2021-06-23,7718.16
20628,25495,2020-12-02,3873.44
20629,28838,2020-01-09,3865.12
20630,2949,2024-01-08,2097.34
20631,35458,2021-03-12,2223.97
20632,49799,2021-10-18,3870.73
20633,1484,2022-12-24,2199.37
20634,35250,2025-03-10,6377.86
20635,956,2022-10-07,8527.73
20636,49133,2025-04-12,6816.97
20637,33473,2024-11-02,3035.74
20638,14689,2024-01-17,3289.67
20639,14398,2020-09-27,6198.97
20640,44277,2021-09-14,6219.78
20641,31719,2020-09-18,7535.53
20642,25084,2021-01-07,9367.77
20643,34869,2021-05-09,2334.49
20644,22025,2022-07-02,2972.63
20645,13953,2023-10-29,7232.45
20646,20879,2024-02-18,1293.76
20647,14169,2022-01-28,2491.61
20648,45860,2021-09-17,2381.37
20649,28023,2020-04-23,2206.34
20650,38450,2023-05-30,7076.66
20651,48543,2021-12-23,2011.42
20652,31219,2021-07-23,8613.48
20653,18908,2020-12-13,5662.47
20654,12386,2020-01-23,5235.45
20655,34407,2021-04-16,3943.26
20656,20326,2020-01-27,2427.2
20657,24592,2024-03-09,1687.34
20658,24297,2025-02-11,2047.0
20659,42727,2021-08-09,9371.24
20660,22938,2025-04-01,6245.25
20661,32002,2022-11-04,4906.23
20662,26563,2021-02-17,353.46
20663,1235,2021-01-24,9463.91
20664,32952,2022-03-03,7523.59
20665,47299,2020-01-31,1937.34
20666,49192,2022-02-17,4173.66
20667,6597,2025-02-02,6348.17
20668,42299,2022-09-01,1838.15
20669,35808,2022-05-29,4923.54
20670,9908,2022-03-02,7136.99
20671,8012,2024-12-10,1574.95
20672,24289,2022-11-13,2572.42
20673,35079,2025-02-21,4976.03
20674,26747,2022-12-28,7003.1
20675,35034,2021-09-14,5659.58
20676,5466,2024-08-16,2199.05
20677,48226,2020-04-03,8252.64
20678,37793,2022-10-16,5256.84
20679,44499,2025-01-07,1204.65
20680,45969,2024-06-25,2342.23
20681,16363,2024-07-05,9684.73
20682,26630,2024-05-02,6988.57
20683,26342,2020-09-06,3392.33
20684,48631,2025-01-16,2509.4
20685,11345,2024-01-14,4701.28
20686,39828,2024-07-09,1690.17
20687,33130,2023-11-26,2404.2
20688,40362,2023-01-14,6993.76
20689,43711,2024-03-02,8553.4
20690,40703,2020-01-28,714.5
20691,28713,2022-11-19,5968.56
20692,5850,2022-10-22,5984.73
20693,38236,2021-04-01,3888.6
20694,38765,2024-01-12,7867.51
20695,6344,2022-03-14,5046.76
20696,16363,2024-03-08,1517.02
20697,13447,2022-02-27,6326.02
20698,47303,2020-03-02,6043.69
20699,24733,2022-08-07,9931.42
20700,38211,2020-01-28,2271.69
20701,48434,2022-09-22,6103.17
20702,45100,2020-10-14,5765.07
20703,30413,2023-04-24,3305.09
20704,12063,2021-08-04,7667.09
20705,10499,2023-02-22,3783.14
20706,12903,2023-03-20,6630.94
20707,41954,2025-02-04,4013.81
20708,15718,2025-03-30,7954.31
20709,27341,2021-03-23,9979.08
20710,15179,2021-04-14,6913.43
20711,15205,2024-08-21,7841.16
20712,9479,2022-11-08,668.17
20713,20459,2024-10-01,8934.1
20714,4123,2020-01-08,8346.89
20715,9223,2024-01-31,1472.32
20716,46344,2020-09-11,6208.78
20717,23082,2020-11-15,8657.42
20718,13533,2024-10-17,6331.53
20719,20309,2020-07-23,8835.09
20720,21658,2024-07-19,7132.95
20721,31293,2025-03-30,4454.04
20722,24852,2021-07-06,9578.44
20723,8413,2025-03-23,9233.69
20724,30287,2023-04-17,756.09
20725,7255,2024-03-22,1689.47
20726,40527,2021-05-23,5834.28
20727,24627,2020-06-28,6225.32
20728,24450,2020-03-12,9004.74
20729,45296,2021-12-31,1634.36
20730,11636,2022-01-16,3845.94
20731,17755,2023-07-06,9779.21
20732,20369,2020-05-24,8615.22
20733,22723,2024-12-01,9094.77
20734,12232,2025-06-02,412.86
20735,49067,2024-02-27,2278.58
20736,41061,2023-01-01,4685.64
20737,40241,2023-10-26,8749.92
20738,11268,2022-12-29,4518.43
20739,4808,2023-03-05,1690.59
20740,40176,2025-05-17,6170.94
20741,4489,2022-07-10,8946.87
20742,1105,2023-04-14,773.13
20743,32330,2020-03-24,5006.75
20744,5816,2020-10-08,9803.45
20745,13037,2020-02-27,850.45
20746,9942,2021-01-08,4087.07
20747,28383,2022-08-20,2264.93
20748,15212,2021-03-17,1258.51
20749,14013,2022-03-03,7264.3
20750,32969,2024-12-11,730.51
20751,25279,2024-12-07,9152.42
20752,17267,2021-08-30,9509.4
20753,47326,2022-01-05,5851.46
20754,38929,2020-01-06,6238.36
20755,44743,2024-03-17,9092.24
20756,37102,2024-04-07,5762.84
20757,42229,2021-08-27,2161.56
20758,10690,2021-06-02,3650.67
20759,9520,2021-03-21,4942.37
20760,16093,2020-01-30,7093.54
20761,13425,2021-08-14,4708.75
20762,7622,2024-03-16,9481.01
20763,35233,2023-05-13,6009.77
20764,38694,2025-05-09,5461.02
20765,28929,2023-07-04,7779.08
20766,14775,2021-02-09,2138.27
20767,25738,2025-03-07,5127.73
20768,21876,2024-05-16,269.1
20769,32567,2024-06-03,4471.55
20770,9823,2020-08-30,1614.67
20771,40984,2021-07-09,8007.98
20772,32200,2020-01-09,3837.94
20773,31516,2024-06-12,4733.54
20774,92,2024-04-22,417.0
20775,25072,2020-01-22,431.69
20776,2611,2021-11-11,2691.87
20777,36499,2020-09-14,7027.74
20778,14429,2020-05-08,7574.26
20779,20913,2022-10-30,9933.89
20780,311,2024-06-22,7854.52
20781,34862,2024-06-11,6494.47
20782,7311,2020-06-26,7040.48
20783,30152,2025-04-27,4067.28
20784,4068,2022-01-17,9652.41
20785,18656,2023-12-25,6211.23
20786,6311,2021-11-16,287.47
20787,21479,2024-10-03,3546.96
20788,26942,2023-01-30,1496.4
20789,9413,2022-07-04,2432.87
20790,10058,2021-09-19,5702.23
20791,47775,2021-12-16,4453.34
20792,29605,2020-07-06,4564.01
20793,25239,2024-04-07,4368.41
20794,14048,2022-03-01,2077.51
20795,22232,2024-05-27,1155.68
20796,26500,2022-04-09,4394.45
20797,46069,2023-03-01,2764.41
20798,27947,2024-10-22,3155.22
20799,29707,2023-03-24,1149.25
20800,26010,2020-11-08,7791.95
20801,5622,2023-09-09,712.18
20802,12839,2020-11-17,7053.58
20803,10296,2024-03-13,6357.69
20804,11109,2024-09-30,549.33
20805,15716,2023-08-29,8306.06
20806,4208,2020-02-12,5789.75
20807,44396,2025-05-21,7223.54
20808,39410,2023-12-20,5902.61
20809,9524,2022-01-07,2507.32
20810,48460,2021-06-07,3107.44
20811,47876,2020-03-31,9973.28
20812,37645,2021-03-13,8090.36
20813,24635,2023-01-14,8399.3
20814,39235,2024-01-26,2663.86
20815,38325,2022-05-24,7842.63
20816,18937,2024-05-28,3496.99
20817,20935,2020-10-17,3360.91
20818,49530,2023-12-18,3207.08
20819,37421,2022-08-06,1178.52
20820,6447,2025-02-18,1128.74
20821,25806,2020-10-14,6959.89
20822,5984,2020-07-30,5115.14
20823,14960,2023-11-13,8125.72
20824,33521,2024-08-19,7864.64
20825,34202,2020-08-06,3496.9
20826,23455,2020-12-11,1423.08
20827,29552,2022-10-31,2854.68
20828,3196,2022-11-18,5507.87
20829,7839,2024-07-17,8029.04
20830,46544,2021-09-11,4514.55
20831,1537,2021-10-21,5979.94
20832,7342,2020-02-12,5579.82
20833,16162,2021-08-04,2229.81
20834,21722,2020-05-15,4447.27
20835,39606,2023-04-11,6670.4
20836,34491,2021-01-01,595.65
20837,8798,2025-01-31,6050.11
20838,23603,2023-04-28,9004.05
20839,37208,2021-11-25,9150.67
20840,28354,2024-06-14,8525.13
20841,23517,2023-12-16,2276.18
20842,659,2022-05-10,8603.54
20843,10918,2020-07-12,1201.18
20844,42421,2024-03-30,3295.34
20845,14712,2022-03-11,4030.97
20846,6706,2022-02-17,2139.71
20847,42318,2025-05-13,8751.37
20848,860,2025-02-22,7388.26
20849,37764,2020-06-17,7171.13
20850,30575,2024-06-02,9281.38
20851,42841,2022-06-19,7634.6
20852,28149,2024-01-20,4335.34
20853,22263,2022-06-18,1416.83
20854,26871,2023-05-27,8298.91
20855,3014,2024-11-04,7164.56
20856,732,2022-08-21,6095.43
20857,41353,2021-02-24,7476.76
20858,33460,2023-02-12,7574.48
20859,23455,2021-05-15,7452.56
20860,2902,2022-11-02,4595.4
20861,5188,2020-05-28,5390.91
20862,41572,2020-09-23,8051.82
20863,46070,2024-01-23,9297.13
20864,39739,2020-01-14,5206.78
20865,1443,2023-06-27,6961.05
20866,32013,2021-02-23,5121.79
20867,45647,2023-11-21,4227.33
20868,44129,2024-09-18,7829.6
20869,15324,2021-08-03,1562.66
20870,2914,2023-07-24,4502.21
20871,45222,2025-06-15,5925.85
20872,28609,2023-10-08,7108.28
20873,34358,2023-02-05,8854.58
20874,24735,2020-07-10,1697.23
20875,1073,2022-08-08,4201.89
20876,37088,2023-01-09,2349.83
20877,32669,2022-05-08,5527.97
20878,5168,2024-01-12,2124.64
20879,105,2021-03-10,2474.01
20880,33730,2020-07-15,1301.58
20881,281,2020-11-27,5693.38
20882,19941,2020-01-25,8029.72
20883,14106,2022-03-03,1340.36
20884,34208,2020-05-19,7955.89
20885,174,2022-10-31,9655.26
20886,45809,2021-08-28,4830.99
20887,28933,2023-08-20,5395.35
20888,8360,2023-09-22,7644.58
20889,3217,2022-09-16,7536.81
20890,565,2023-11-11,1170.0
20891,12509,2022-04-22,8300.32
20892,35436,2023-04-15,1182.27
20893,13085,2025-05-06,5706.44
20894,20044,2024-05-01,5076.55
20895,42091,2022-04-20,8290.7
20896,12843,2021-10-19,1442.9
20897,36575,2024-03-16,6484.31
20898,47247,2021-08-04,8959.63
20899,5722,2023-06-03,5567.92
20900,16291,2024-07-26,8672.95
20901,8097,2021-05-29,8846.06
20902,45284,2021-08-24,2603.3
20903,8158,2022-05-18,8811.0
20904,31379,2024-11-02,6854.89
20905,9312,2024-01-17,8619.16
20906,49650,2024-12-07,2717.23
20907,1025,2025-02-09,3848.42
20908,2227,2025-03-13,6067.8
20909,18593,2023-08-12,7563.94
20910,30234,2020-04-11,9828.16
20911,49462,2022-12-23,777.04
20912,26669,2024-06-03,5462.86
20913,1691,2021-12-24,5525.6
20914,23347,2020-03-24,9068.76
20915,24788,2021-04-18,2435.63
20916,34650,2020-11-09,1676.87
20917,48031,2020-08-14,4876.11
20918,35845,2024-11-02,7287.89
20919,9739,2020-09-12,9722.22
20920,8392,2020-08-24,5760.82
20921,38522,2021-05-04,7282.47
20922,3260,2021-10-26,2856.1
20923,37166,2023-08-02,6796.63
20924,37004,2024-08-30,2501.83
20925,29419,2021-06-20,5006.21
20926,372,2020-01-10,560.99
20927,48392,2020-12-30,3302.76
20928,21930,2023-08-29,7839.66
20929,25589,2021-11-05,771.54
20930,2150,2020-10-09,3253.38
20931,32449,2020-09-08,1789.92
20932,42377,2022-08-21,6311.95
20933,34436,2024-05-16,7463.37
20934,15713,2021-12-20,1188.17
20935,48439,2021-02-16,5277.53
20936,45930,2020-12-20,6846.47
20937,46580,2020-05-28,9899.93
20938,40149,2020-06-17,2256.72
20939,47943,2021-02-18,828.1
20940,9271,2020-05-26,2653.13
20941,17721,2024-02-24,5651.27
20942,2471,2020-10-20,6368.22
20943,37532,2022-07-16,3848.81
20944,12954,2022-10-24,4395.83
20945,41465,2020-03-18,5524.33
20946,26213,2021-07-30,1639.68
20947,29026,2020-04-13,9622.62
20948,27721,2021-08-17,6764.56
20949,48966,2022-12-07,5260.08
20950,38934,2021-02-19,7347.12
20951,40137,2022-06-11,1080.22
20952,37037,2020-09-20,7887.58
20953,31375,2021-10-06,2008.08
20954,34144,2021-12-12,892.85
20955,38383,2020-06-25,8858.09
20956,9187,2024-09-29,7055.13
20957,16772,2021-09-02,479.37
20958,28706,2020-11-04,9322.55
20959,41264,2022-06-13,9980.5
20960,24659,2020-04-25,6223.46
20961,38448,2021-07-25,1549.65
20962,24396,2021-03-20,5210.07
20963,48424,2021-03-21,6806.43
20964,40635,2024-01-22,1932.39
20965,41444,2023-11-21,3934.53
20966,16304,2025-02-23,1178.12
20967,3369,2025-01-16,5848.73
20968,42390,2021-02-16,3500.36
20969,49519,2024-03-06,3591.75
20970,43328,2024-04-04,4653.27
20971,18481,2023-08-07,2604.05
20972,39542,2023-01-18,6206.74
20973,38583,2021-01-05,6749.26
20974,22108,2024-06-07,2585.66
20975,11908,2023-06-08,7728.09
20976,36488,2023-10-18,630.56
20977,16863,2024-04-25,6948.72
20978,40831,2022-01-20,4403.85
20979,40764,2023-04-10,6255.37
20980,34691,2020-10-26,4040.21
20981,43751,2023-03-03,3839.85
20982,34695,2024-09-22,1522.89
20983,23375,2021-10-18,7156.92
20984,41172,2025-03-26,3071.09
20985,21393,2024-07-07,4360.23
20986,36362,2021-08-25,7606.17
20987,26704,2023-08-13,2376.67
20988,24688,2024-02-23,4562.54
20989,20250,2024-01-30,3260.02
20990,16662,2022-09-28,7181.11
20991,6543,2024-10-25,9629.41
20992,10752,2021-05-05,9510.46
20993,34362,2020-05-30,5020.75
20994,6476,2020-02-07,1773.14
20995,24743,2020-06-17,9664.47
20996,4995,2022-11-20,8922.4
20997,31164,2021-02-03,1669.14
20998,7861,2024-07-16,2806.01
20999,42392,2022-06-17,1198.79
21000,42423,2023-01-08,9564.69
21001,25090,2022-06-01,800.79
21002,44740,2021-10-17,4003.2
21003,41367,2024-05-22,8395.92
21004,15742,2020-03-09,5476.47
21005,44091,2023-04-20,5212.46
21006,25559,2023-05-28,3893.3
21007,41672,2022-05-04,187.82
21008,48554,2022-03-20,1577.96
21009,13932,2020-07-10,5816.35
21010,5260,2020-05-05,8042.2
21011,45257,2024-04-03,6505.62
21012,44619,2021-08-23,7623.03
21013,10477,2021-08-17,2143.4
21014,27103,2023-09-03,5667.88
21015,1537,2020-09-15,3771.89
21016,1891,2024-12-04,3409.93
21017,31480,2021-12-30,4303.66
21018,47915,2023-12-09,8726.45
21019,33726,2024-12-15,8861.98
21020,12807,2024-07-12,7904.77
21021,2460,2021-12-21,3821.24
21022,17136,2020-11-16,341.59
21023,5894,2022-03-31,3734.22
21024,44888,2024-12-09,8273.1
21025,39850,2024-05-13,1070.97
21026,36390,2023-04-23,6718.37
21027,12990,2025-05-16,8602.98
21028,39756,2020-01-12,4732.15
21029,44803,2024-10-25,518.55
21030,7324,2020-03-28,5080.41
21031,32780,2020-04-07,6956.34
21032,4268,2021-02-11,6599.04
21033,36367,2025-05-15,5168.06
21034,19830,2023-11-17,6068.15
21035,37175,2024-09-07,2839.92
21036,33887,2020-03-08,2202.15
21037,47349,2025-05-21,8875.92
21038,2005,2024-08-15,2956.52
21039,28592,2025-03-06,6955.0
21040,49216,2024-08-14,1920.29
21041,31447,2022-03-01,4357.51
21042,38435,2023-10-14,1503.35
21043,6610,2023-09-03,3016.24
21044,29463,2023-01-07,1875.35
21045,42297,2020-12-10,9562.26
21046,11846,2021-12-01,256.8
21047,39896,2020-04-29,3541.94
21048,18802,2022-05-24,6331.17
21049,31807,2020-09-22,8795.32
21050,49232,2022-10-30,9965.19
21051,20445,2021-08-04,6126.57
21052,48628,2020-08-31,9189.23
21053,11946,2023-09-10,9490.27
21054,1692,2023-09-01,5415.87
21055,16272,2025-02-27,1247.02
21056,7619,2024-01-31,5068.18
21057,22122,2025-01-30,4891.59
21058,37848,2024-02-02,5525.58
21059,2322,2025-01-22,3590.47
21060,23953,2024-07-04,6719.05
21061,36170,2023-05-23,4701.71
21062,29925,2021-04-18,5754.93
21063,8857,2021-06-09,3087.41
21064,47460,2022-03-14,4458.68
21065,34287,2023-07-02,7162.32
21066,2226,2020-11-13,1162.53
21067,48147,2023-07-03,8031.43
21068,18378,2022-04-23,4288.88
21069,37929,2024-03-30,9753.86
21070,16645,2022-03-27,5359.36
21071,17670,2025-02-14,662.42
21072,33155,2025-04-18,5160.54
21073,24877,2025-06-14,5338.73
21074,1254,2023-04-10,6697.11
21075,38589,2022-04-25,1729.98
21076,31083,2024-07-23,4819.14
21077,19178,2021-01-09,3932.06
21078,22704,2024-01-23,9183.37
21079,41368,2021-07-28,3031.05
21080,44398,2020-10-06,280.11
21081,27184,2022-02-06,5023.13
21082,410,2024-03-17,9631.66
21083,41137,2021-08-16,6460.11
21084,48602,2022-06-18,6048.06
21085,1752,2021-08-26,8339.75
21086,23272,2021-12-29,1635.98
21087,37764,2023-10-16,3601.88
21088,48738,2021-02-27,2162.45
21089,39724,2021-06-02,3903.93
21090,3869,2024-02-25,656.45
21091,282,2021-05-18,4163.04
21092,44499,2024-01-23,1564.46
21093,41429,2024-05-15,6245.31
21094,34003,2021-03-03,4855.32
21095,13310,2024-03-06,6708.88
21096,4392,2020-04-18,4471.73
21097,39526,2024-01-30,6299.62
21098,29715,2024-01-15,1088.06
21099,35538,2020-05-09,1733.24
21100,29326,2021-04-16,9676.8
21101,32035,2020-02-14,8417.89
21102,19282,2023-11-19,5633.67
21103,3932,2024-02-04,9987.17
21104,29843,2023-06-28,455.69
21105,5209,2025-05-12,9780.69
21106,41200,2020-07-19,693.09
21107,42865,2023-02-20,6460.21
21108,45955,2024-03-22,5876.13
21109,32178,2020-01-29,8765.84
21110,42733,2024-02-15,5881.23
21111,43660,2022-04-11,2286.02
21112,9312,2024-08-14,2231.97
21113,35827,2020-11-18,7365.42
21114,24758,2020-09-13,8359.15
21115,6882,2021-08-31,4912.36
21116,12481,2021-01-06,8083.73
21117,19594,2023-12-24,1648.27
21118,24347,2024-10-27,5365.82
21119,16877,2023-08-15,4831.41
21120,11108,2022-06-24,8310.0
21121,11509,2021-08-13,9199.12
21122,35681,2021-08-09,1221.6
21123,16196,2021-05-24,5868.33
21124,48533,2022-09-26,4218.69
21125,31090,2025-04-03,4821.73
21126,6801,2022-07-17,8358.09
21127,39028,2021-03-20,6741.58
21128,42286,2020-02-07,5129.49
21129,48034,2024-08-10,5661.39
21130,17230,2020-12-17,8559.26
21131,44554,2021-03-31,8387.35
21132,121,2022-01-24,3488.08
21133,12224,2025-01-18,1221.85
21134,37822,2024-05-09,1650.9
21135,20391,2022-11-06,3292.17
21136,41691,2022-07-30,9657.69
21137,34622,2021-09-03,9328.27
21138,22040,2021-01-20,9022.56
21139,4917,2021-05-10,5680.75
21140,49892,2021-05-14,5029.22
21141,22341,2021-09-01,2563.83
21142,39241,2023-03-08,6817.56
21143,26574,2021-08-12,8820.11
21144,48558,2024-01-29,8422.94
21145,44633,2024-12-06,7630.22
21146,40802,2020-10-05,2515.79
21147,29959,2020-12-09,5801.91
21148,24415,2022-12-03,2326.77
21149,24948,2024-10-04,8057.89
21150,8736,2023-06-24,9230.5
21151,45781,2025-03-11,9384.64
21152,497,2021-03-15,9208.69
21153,48187,2022-07-12,2920.76
21154,39247,2022-03-05,2177.08
21155,10270,2023-04-14,916.26
21156,13858,2025-06-14,7517.32
21157,18748,2025-03-24,9624.66
21158,8652,2022-11-26,1277.4
21159,6878,2022-10-19,4828.75
21160,1432,2021-07-29,2803.04
21161,23735,2020-10-29,7321.62
21162,6391,2021-05-09,8658.62
21163,15389,2022-10-20,3573.02
21164,42294,2022-03-27,6873.62
21165,24057,2022-10-18,4044.38
21166,40313,2025-01-31,9491.56
21167,37142,2021-07-10,121.29
21168,23828,2020-02-27,7707.14
21169,34085,2022-05-24,527.47
21170,23680,2022-12-24,7276.72
21171,28393,2023-11-06,9504.61
21172,37171,2022-09-27,8863.33
21173,13385,2020-11-19,1276.44
21174,8565,2020-08-27,819.43
21175,25302,2021-09-15,9198.77
21176,33202,2023-07-06,2817.42
21177,42704,2024-06-13,1842.49
21178,38722,2023-06-19,2409.59
21179,16124,2023-09-12,5404.65
21180,17778,2025-02-20,773.18
21181,23389,2020-09-22,361.4
21182,20475,2020-09-22,5905.17
21183,47627,2022-03-17,4422.28
21184,19126,2024-05-19,9002.03
21185,47799,2023-10-24,5630.04
21186,47165,2020-11-09,5857.94
21187,39395,2023-06-21,9197.83
21188,22139,2023-08-09,1038.34
21189,49174,2025-04-03,4637.62
21190,33283,2020-11-26,4084.77
21191,10991,2024-12-30,7832.9
21192,11262,2025-03-29,4258.18
21193,11073,2022-06-24,4889.94
21194,31478,2023-01-06,4767.13
21195,30394,2020-10-20,7937.15
21196,4779,2021-05-22,6759.09
21197,47962,2023-09-02,4325.35
21198,994,2021-03-25,808.3
21199,31293,2023-01-31,8357.83
21200,14327,2021-08-08,9930.13
21201,9565,2022-09-18,7461.89
21202,1589,2020-01-29,4384.44
21203,21017,2024-09-09,3996.38
21204,14642,2023-09-06,6017.16
21205,47090,2023-10-19,2215.69
21206,20783,2023-06-26,1650.47
21207,16058,2020-09-10,1214.19
21208,17764,2022-02-10,9692.98
21209,21058,2020-04-06,6633.42
21210,48847,2022-01-19,5599.47
21211,38157,2024-08-14,8838.74
21212,18950,2021-11-11,3356.1
21213,42069,2022-11-11,5147.5
21214,11818,2021-06-05,1493.54
21215,2211,2021-07-09,6102.35
21216,21741,2021-11-30,8993.52
21217,42066,2023-03-23,7493.73
21218,29446,2023-11-22,5772.77
21219,12878,2023-03-09,5253.0
21220,148,2020-01-20,6057.89
21221,31695,2024-02-14,6324.22
21222,36277,2020-10-17,6164.26
21223,20077,2023-10-20,4722.5
21224,5680,2020-08-01,6296.0
21225,35995,2021-07-28,5256.78
21226,38872,2024-02-18,4280.17
21227,48716,2021-10-18,5266.57
21228,43137,2023-12-06,8220.92
21229,1294,2023-05-23,9082.96
21230,8182,2025-02-14,6422.32
21231,49568,2021-08-21,8631.22
21232,6979,2022-07-21,144.03
21233,3082,2020-08-29,9412.19
21234,23962,2021-04-28,179.63
21235,23775,2023-07-26,9356.71
21236,35658,2022-01-04,1878.78
21237,9793,2020-05-22,1022.87
21238,12466,2025-04-16,8865.08
21239,25777,2025-04-17,264.56
21240,6688,2022-09-08,8289.73
21241,3098,2022-06-23,2105.58
21242,3269,2020-05-15,4053.89
21243,4838,2021-04-06,182.12
21244,29761,2020-04-26,9718.12
21245,11742,2024-05-25,4483.62
21246,39308,2025-02-01,4392.21
21247,7832,2023-10-11,329.62
21248,22711,2022-11-12,1941.85
21249,15961,2023-01-09,2031.94
21250,8140,2022-03-19,208.42
21251,43035,2022-10-11,1786.3
21252,25851,2023-01-17,9403.89
21253,508,2022-05-04,5869.27
21254,17087,2024-01-22,275.1
21255,6272,2024-12-28,2230.72
21256,44448,2022-06-03,4199.7
21257,25404,2024-09-24,1798.76
21258,6563,2024-04-11,1655.8
21259,13968,2024-10-19,9590.39
21260,36260,2025-01-29,9926.83
21261,824,2022-10-15,6272.17
21262,42654,2021-08-07,8680.61
21263,29925,2024-02-10,4409.0
21264,39456,2020-11-18,159.19
21265,35919,2025-03-13,5876.58
21266,29461,2024-02-11,1744.15
21267,3128,2024-09-12,5805.36
21268,26536,2024-03-25,8929.76
21269,2909,2022-12-10,7523.4
21270,13366,2024-08-22,2659.08
21271,7641,2023-05-01,8114.03
21272,46612,2021-07-11,7142.56
21273,37087,2021-12-12,9358.68
21274,9345,2020-04-12,6248.69
21275,22858,2024-07-31,9810.13
21276,46738,2025-02-22,5324.71
21277,39793,2023-06-13,5298.87
21278,5860,2020-12-04,287.76
21279,16187,2023-04-28,9371.34
21280,22518,2023-02-14,4366.44
21281,6272,2020-03-11,8696.12
21282,32544,2022-08-26,3919.15
21283,30718,2022-04-01,9280.88
21284,38910,2022-09-18,9497.33
21285,12758,2024-10-12,307.47
21286,31302,2025-05-12,7119.59
21287,43169,2024-12-25,417.78
21288,26049,2023-07-19,1074.25
21289,45571,2023-06-08,500.55
21290,11653,2025-05-17,400.16
21291,882,2024-01-14,4172.65
21292,35340,2024-09-28,4576.7
21293,44321,2024-01-17,4741.98
21294,44521,2024-12-13,1641.66
21295,17435,2024-10-10,2752.22
21296,369,2024-04-26,7560.09
21297,34685,2023-01-24,3563.78
21298,29709,2024-03-06,2679.29
21299,14459,2024-11-17,3446.99
21300,13003,2020-10-22,8958.56
21301,21156,2023-07-17,8922.06
21302,44393,2021-11-02,4434.57
21303,21690,2023-12-21,8596.54
21304,10560,2022-09-24,3733.81
21305,43642,2024-01-24,873.9
21306,36531,2022-07-31,4590.36
21307,38188,2024-08-13,9059.98
21308,14866,2020-02-29,777.78
21309,11282,2020-01-12,2558.18
21310,30172,2021-08-20,597.61
21311,34495,2022-09-16,7621.79
21312,30763,2024-07-10,8130.58
21313,36090,2022-12-17,8940.94
21314,23536,2022-02-28,900.9
21315,21707,2024-09-23,6561.01
21316,36805,2020-11-25,5317.85
21317,23305,2023-11-20,2660.71
21318,3991,2020-12-21,6814.52
21319,22283,2021-04-20,269.25
21320,24765,2025-02-21,1344.66
21321,17231,2022-03-02,9138.04
21322,29145,2024-01-19,6422.97
21323,33041,2021-06-15,1169.62
21324,17333,2024-07-24,6603.87
21325,37978,2024-09-30,2640.6
21326,33038,2021-06-18,3436.08
21327,31271,2021-03-18,1181.39
21328,48368,2023-10-10,7299.2
21329,21695,2024-04-17,2963.15
21330,9499,2021-01-05,1638.08
21331,27299,2020-02-15,9777.46
21332,9051,2022-11-24,1774.02
21333,18165,2020-01-22,6279.2
21334,14800,2022-11-23,1380.15
21335,43836,2022-11-25,9574.55
21336,37662,2020-04-10,4634.99
21337,35930,2021-04-30,6099.15
21338,37223,2023-03-23,648.96
21339,49532,2022-11-30,9460.82
21340,15028,2024-03-25,6667.31
21341,21096,2020-12-22,1499.15
21342,16954,2024-07-07,5310.78
21343,28481,2021-01-25,8356.19
21344,21708,2020-02-11,7514.9
21345,41086,2023-03-08,9172.26
21346,32209,2024-01-28,9491.99
21347,16729,2020-03-12,421.99
21348,29341,2024-05-25,6427.89
21349,36794,2023-02-07,661.98
21350,41727,2024-06-30,153.78
21351,11690,2022-02-03,903.75
21352,26835,2020-03-12,9914.21
21353,35817,2024-10-26,112.93
21354,35082,2021-10-07,6630.93
21355,32011,2020-02-15,6170.0
21356,13258,2023-11-13,7915.48
21357,29884,2024-06-03,6745.99
21358,30,2025-05-18,9410.1
21359,19761,2020-04-21,8558.04
21360,29639,2023-07-17,2884.87
21361,36293,2020-02-03,8780.97
21362,29460,2022-08-09,2864.44
21363,10208,2024-05-12,6625.86
21364,19131,2025-01-15,2529.34
21365,1932,2020-08-04,9388.94
21366,32389,2025-02-20,7083.5
21367,28833,2024-09-26,4848.12
21368,11914,2021-09-08,8046.74
21369,9639,2025-04-02,368.69
21370,22875,2024-01-29,6394.88
21371,12108,2024-01-03,409.27
21372,24130,2021-02-07,2357.35
21373,17596,2020-09-25,3193.78
21374,11205,2020-05-05,7531.11
21375,20005,2020-08-21,9193.25
21376,42495,2024-06-08,3750.99
21377,3278,2022-05-10,6218.46
21378,44403,2024-03-02,7796.06
21379,35290,2020-07-19,8473.87
21380,1906,2021-09-07,9631.1
21381,40328,2025-02-20,7845.52
21382,44511,2020-08-10,421.77
21383,12345,2022-12-04,1109.58
21384,9283,2024-08-21,8354.94
21385,8220,2024-01-17,2868.88
21386,39566,2024-08-31,916.68
21387,16011,2021-07-11,9580.77
21388,6045,2020-09-14,3862.69
21389,6376,2021-09-27,3726.37
21390,24502,2022-06-21,1242.23
21391,14284,2023-03-09,8272.66
21392,31881,2020-11-15,4572.06
21393,5498,2020-02-12,3094.72
21394,20132,2022-12-10,8290.81
21395,23943,2022-04-30,8552.75
21396,7953,2023-10-22,7167.77
21397,24368,2024-12-16,4309.47
21398,8883,2023-11-21,3065.24
21399,13911,2022-07-31,5197.49
21400,43463,2022-09-07,5625.15
21401,43353,2020-08-16,5711.81
21402,37454,2023-12-04,7499.39
21403,15930,2023-06-02,692.65
21404,10955,2025-01-23,6520.02
21405,22987,2022-10-04,8700.03
21406,27527,2021-02-09,1400.41
21407,17771,2023-08-31,5582.89
21408,31294,2023-05-11,6912.68
21409,42947,2022-06-29,9612.31
21410,26767,2021-11-15,1052.85
21411,39491,2023-08-19,7296.49
21412,34430,2024-06-05,5870.68
21413,4917,2022-11-20,3480.8
21414,7313,2022-05-28,601.94
21415,39281,2020-12-19,3360.41
21416,26553,2023-12-07,8279.83
21417,15788,2022-11-30,6383.77
21418,7111,2020-07-27,2359.62
21419,27339,2020-09-30,9930.43
21420,45309,2020-04-05,7485.45
21421,46016,2020-01-10,1969.82
21422,27796,2022-02-15,7833.56
21423,38015,2025-05-25,8328.96
21424,21377,2023-10-27,8719.38
21425,24928,2021-10-28,7422.11
21426,16358,2024-12-22,895.55
21427,6265,2023-06-26,8155.64
21428,374,2024-06-08,9284.14
21429,39253,2022-11-18,5046.8
21430,6175,2022-11-09,7634.78
21431,7721,2020-11-24,5092.22
21432,49356,2021-03-27,6443.19
21433,38260,2023-03-12,6505.12
21434,45468,2020-06-28,4582.34
21435,39473,2020-08-02,3611.52
21436,2650,2024-06-29,4415.3
21437,29495,2020-12-27,5852.6
21438,25480,2020-12-01,5318.59
21439,25632,2020-05-08,6454.78
21440,8538,2023-11-27,557.93
21441,46277,2021-02-13,4654.2
21442,41707,2023-08-31,798.21
21443,15949,2024-03-19,7577.16
21444,3859,2025-01-27,2751.57
21445,39686,2020-08-07,3523.65
21446,2170,2022-09-26,6576.44
21447,26236,2024-09-16,3531.54
21448,29047,2021-05-11,7324.2
21449,7725,2022-06-12,8632.49
21450,36880,2020-07-06,6404.94
21451,2208,2023-08-07,1647.31
21452,13597,2021-11-05,4550.68
21453,32747,2023-10-19,7352.54
21454,21585,2021-02-27,2796.83
21455,47984,2025-04-24,9490.58
21456,35197,2021-09-04,9440.0
21457,14149,2023-03-24,3450.29
21458,28000,2023-04-13,6178.11
21459,48413,2022-05-21,3944.26
21460,4957,2022-02-19,7287.72
21461,11754,2020-11-05,7951.08
21462,34227,2020-09-18,1749.56
21463,26180,2025-05-04,5253.33
21464,17452,2021-08-21,3526.81
21465,19963,2023-03-30,9260.02
21466,49814,2024-07-30,2049.15
21467,49227,2025-02-03,9470.28
21468,15368,2024-03-07,4250.78
21469,25582,2022-07-28,8747.85
21470,27261,2020-07-04,4696.61
21471,11715,2021-05-07,6176.96
21472,35611,2022-11-27,9882.18
21473,49799,2022-01-21,7343.24
21474,23387,2022-03-22,2028.6
21475,20975,2022-10-10,2706.6
21476,38347,2022-04-15,4684.58
21477,26809,2024-04-16,5901.58
21478,41689,2025-04-06,704.68
21479,3379,2022-01-07,530.99
21480,30672,2024-06-29,4628.38
21481,39189,2022-12-18,5283.01
21482,19546,2022-06-26,889.78
21483,14329,2021-09-03,4807.15
21484,11483,2022-05-28,7827.45
21485,4787,2023-04-12,5536.08
21486,3701,2025-05-05,4829.76
21487,20241,2025-05-04,807.44
21488,22431,2021-10-14,9807.42
21489,15831,2023-08-21,5457.85
21490,34690,2020-12-12,4549.44
21491,4058,2022-01-28,830.13
21492,48538,2022-12-28,7392.74
21493,32362,2021-05-04,2828.72
21494,2332,2024-02-22,894.55
21495,38790,2021-07-29,7228.5
21496,45040,2023-03-23,4859.05
21497,38547,2021-07-14,657.72
21498,23573,2024-10-12,8512.03
21499,30996,2021-05-16,4529.13
21500,37343,2025-04-26,1525.0
21501,24923,2020-08-23,3452.72
21502,43983,2023-05-28,384.56
21503,47999,2020-07-12,9802.65
21504,16249,2020-09-15,7522.95
21505,29215,2021-05-09,583.72
21506,31753,2022-08-30,2479.0
21507,46929,2021-04-28,4815.93
21508,979,2023-03-18,7198.42
21509,16928,2021-03-05,6386.91
21510,8394,2023-10-20,4468.13
21511,16296,2023-04-05,5512.37
21512,11973,2022-04-25,526.82
21513,6861,2021-07-03,9989.55
21514,36725,2020-01-28,8683.72
21515,29211,2021-03-28,3295.61
21516,20225,2022-03-23,1166.73
21517,14088,2024-06-25,6322.47
21518,38282,2020-03-02,9173.02
21519,15324,2021-05-23,6879.56
21520,37746,2022-02-23,774.24
21521,31742,2020-06-16,3856.35
21522,3778,2020-08-18,7213.68
21523,22774,2021-09-13,2496.62
21524,23856,2022-11-24,6464.38
21525,34932,2021-12-22,5884.24
21526,1141,2021-11-27,1053.23
21527,41809,2020-07-31,7399.19
21528,38320,2020-10-07,4431.23
21529,22653,2021-05-25,1692.09
21530,40993,2024-02-11,9276.42
21531,20953,2020-09-27,7479.51
21532,1989,2025-03-17,7263.17
21533,39516,2024-11-19,4524.96
21534,25339,2021-10-20,6473.91
21535,17843,2020-06-27,6443.12
21536,39762,2023-03-10,1455.8
21537,24599,2023-01-24,8810.71
21538,29667,2020-12-16,8191.33
21539,17490,2024-10-07,1459.73
21540,27179,2022-11-14,3295.95
21541,7275,2022-02-06,783.42
21542,35914,2021-12-23,3517.16
21543,38794,2020-05-30,7325.51
21544,5476,2021-12-23,135.47
21545,18633,2023-01-09,5117.15
21546,9578,2022-04-06,8685.61
21547,19927,2024-02-24,3181.45
21548,21392,2022-06-30,7269.31
21549,9235,2025-03-02,641.08
21550,41804,2024-02-11,5616.22
21551,27269,2020-11-02,8781.45
21552,29367,2021-01-07,4137.97
21553,30270,2021-09-12,6265.88
21554,31365,2023-03-07,6378.0
21555,28793,2021-03-31,7346.08
21556,17543,2021-03-14,2361.31
21557,47359,2021-01-12,7504.33
21558,30060,2022-10-05,2451.95
21559,1358,2022-08-15,6019.33
21560,6689,2025-01-10,1685.03
21561,45062,2025-06-08,7388.96
21562,19590,2020-10-07,2944.76
21563,6366,2023-04-24,6548.74
21564,11532,2021-08-25,1646.08
21565,13170,2020-03-04,2387.91
21566,26595,2021-11-14,8190.57
21567,43723,2024-08-14,1021.19
21568,31354,2022-01-23,1066.68
21569,3204,2022-03-29,7762.48
21570,38861,2023-09-04,1320.97
21571,36609,2021-10-25,8960.5
21572,26676,2022-03-26,1478.7
21573,21759,2024-04-04,6847.09
21574,25318,2021-06-27,6025.18
21575,44341,2024-08-24,7306.22
21576,18781,2022-12-11,6981.08
21577,27241,2020-09-11,3719.43
21578,3231,2020-02-07,9466.82
21579,27817,2024-12-10,5132.66
21580,13959,2023-03-21,9721.58
21581,1597,2021-04-27,3872.11
21582,3343,2022-06-03,5319.69
21583,37482,2022-09-05,5882.72
21584,10044,2020-07-18,5676.19
21585,16783,2020-09-20,6651.0
21586,2389,2023-03-03,2934.68
21587,22104,2022-01-15,742.94
21588,4103,2022-08-28,2064.61
21589,37433,2025-03-19,5646.26
21590,49879,2020-06-19,8591.05
21591,537,2021-05-13,4802.91
21592,5576,2025-01-20,3279.38
21593,4579,2021-04-05,7339.34
21594,9302,2021-02-14,4013.2
21595,47607,2024-12-20,8237.76
21596,25378,2025-02-26,217.49
21597,22428,2021-08-01,1249.22
21598,26369,2022-10-26,1115.68
21599,39675,2024-05-20,446.12
21600,25964,2022-09-19,1763.94
21601,37925,2023-03-13,9871.64
21602,41246,2021-03-16,4867.0
21603,16891,2020-03-02,4280.53
21604,17010,2024-11-03,9110.95
21605,8089,2021-12-25,7969.88
21606,19187,2024-01-12,2794.64
21607,1212,2023-03-15,8063.61
21608,6044,2020-09-07,918.43
21609,536,2023-02-10,7186.66
21610,23801,2021-08-14,282.43
21611,24803,2023-12-16,2180.86
21612,42696,2021-10-19,8885.79
21613,41618,2022-02-20,3797.21
21614,26388,2021-05-11,4751.84
21615,18756,2021-10-27,6504.25
21616,30728,2024-05-24,6969.54
21617,23386,2022-02-17,1540.94
21618,41016,2022-10-22,9284.36
21619,22077,2020-10-07,5725.46
21620,43559,2024-11-20,6028.02
21621,41234,2021-03-26,6443.52
21622,1121,2023-06-27,8544.67
21623,39570,2024-01-08,2182.29
21624,5218,2024-08-30,9122.66
21625,23295,2025-05-03,7829.56
21626,46291,2022-10-29,2316.19
21627,34346,2021-02-17,8008.05
21628,10517,2021-05-04,5092.88
21629,39879,2023-11-29,5798.14
21630,13756,2022-05-03,9926.08
21631,22158,2023-08-17,230.08
21632,43908,2020-05-19,9368.4
21633,29099,2021-07-07,7282.34
21634,3202,2020-05-03,3550.05
21635,20776,2021-11-23,7319.62
21636,29234,2024-08-20,2106.22
21637,31199,2023-08-18,5182.95
21638,14911,2021-08-04,8178.2
21639,8302,2020-12-12,2173.41
21640,30016,2022-01-07,5649.65
21641,40114,2025-06-21,519.95
21642,7562,2022-12-19,8383.47
21643,27892,2024-07-14,3568.53
21644,27221,2021-07-20,3343.84
21645,26738,2023-08-26,2636.57
21646,42647,2022-07-14,7218.66
21647,49701,2025-02-13,1824.87
21648,9800,2020-09-11,435.77
21649,10378,2022-12-18,2856.08
21650,32153,2021-07-01,6662.22
21651,36129,2020-02-27,597.27
21652,43537,2022-04-04,4328.94
21653,41843,2020-04-16,8086.31
21654,20760,2021-08-27,4326.02
21655,28849,2023-11-15,5569.18
21656,25322,2022-09-01,4331.96
21657,14578,2025-01-17,1822.36
21658,6686,2023-08-23,9710.53
21659,34369,2024-06-16,1984.38
21660,10321,2021-06-09,6241.07
21661,4109,2021-12-14,2799.18
21662,46777,2023-12-02,8250.45
21663,444,2022-07-22,7960.13
21664,24714,2023-07-05,4613.67
21665,21697,2024-09-30,1976.5
21666,15700,2023-02-17,575.7
21667,35207,2021-01-07,4819.43
21668,20412,2020-10-17,1724.78
21669,45013,2022-01-01,9497.31
21670,15898,2024-08-30,1452.85
21671,31981,2024-09-09,2432.93
21672,46709,2020-06-02,7706.17
21673,47414,2020-12-17,4368.28
21674,13869,2023-03-12,3642.71
21675,16872,2020-12-28,3690.93
21676,33136,2021-12-27,5342.38
21677,11962,2023-03-07,5397.54
21678,1193,2022-09-11,3307.6
21679,20653,2024-11-15,6971.94
21680,34011,2024-03-11,2937.31
21681,1615,2023-07-30,2473.97
21682,5332,2020-08-28,8685.89
21683,33006,2021-02-13,1207.12
21684,19345,2020-05-25,9701.28
21685,28362,2024-01-12,5701.33
21686,39544,2022-08-19,9282.69
21687,6155,2022-03-10,9822.36
21688,27025,2024-10-30,4222.96
21689,47307,2023-10-06,2012.37
21690,37380,2021-09-09,9375.91
21691,9049,2025-06-18,8513.07
21692,3812,2024-05-31,1889.43
21693,39343,2022-01-21,1600.31
21694,49887,2021-07-24,9906.76
21695,15918,2023-09-04,5824.43
21696,23071,2022-05-10,4592.84
21697,26953,2020-07-05,6280.97
21698,14896,2021-01-21,8366.3
21699,43969,2022-02-03,243.43
21700,18180,2025-02-02,1099.03
21701,27923,2025-04-19,6865.28
21702,1961,2023-09-04,6822.56
21703,33430,2022-02-16,9854.77
21704,12659,2022-11-03,365.86
21705,16840,2024-11-15,883.28
21706,25,2020-06-27,4854.39
21707,1018,2024-06-24,6616.78
21708,42372,2023-01-11,2658.85
21709,11245,2025-05-16,2636.6
21710,8501,2020-04-22,485.27
21711,43187,2023-01-22,558.63
21712,18638,2023-06-08,988.75
21713,32773,2024-01-15,784.75
21714,41275,2024-02-27,8813.93
21715,32605,2022-04-09,4131.33
21716,33685,2023-10-31,7609.76
21717,19279,2020-04-09,1359.96
21718,18071,2024-11-10,209.19
21719,47235,2020-11-13,9982.67
21720,29921,2021-11-02,7990.83
21721,35122,2021-08-25,8342.64
21722,24886,2022-03-01,6061.56
21723,44944,2024-01-30,2054.03
21724,6953,2024-04-18,334.89
21725,4618,2021-12-15,7493.05
21726,35958,2022-07-03,8130.99
21727,30365,2023-07-26,4862.47
21728,46523,2024-02-26,6257.32
21729,40529,2022-03-22,9787.55
21730,13486,2023-12-29,3440.96
21731,42380,2023-02-03,8514.77
21732,8422,2021-11-10,8741.89
21733,6301,2023-04-22,925.33
21734,33102,2021-05-11,4803.99
21735,15080,2022-06-05,5837.33
21736,24232,2023-05-08,1531.97
21737,7121,2023-11-17,4171.32
21738,8491,2023-10-31,4584.71
21739,28263,2020-01-14,2849.64
21740,32087,2024-11-09,993.11
21741,48780,2024-11-10,3550.43
21742,23248,2022-04-05,6152.99
21743,18445,2022-01-27,3777.56
21744,12989,2020-03-03,2427.38
21745,49535,2023-06-09,2064.0
21746,28847,2024-12-30,4132.82
21747,10643,2024-01-12,9684.17
21748,29315,2021-11-02,6343.47
21749,23403,2024-07-29,1145.22
21750,14792,2024-04-07,1466.41
21751,12968,2021-02-19,5994.51
21752,41228,2025-01-03,2556.96
21753,49827,2021-01-14,8344.39
21754,12628,2020-08-22,786.83
21755,20444,2024-10-28,2438.92
21756,32560,2025-03-16,6384.05
21757,38805,2021-06-17,6600.79
21758,46963,2022-05-18,7163.88
21759,43572,2025-04-30,8681.61
21760,26759,2020-07-31,9692.55
21761,26081,2022-08-14,2088.87
21762,39725,2024-09-11,2663.84
21763,28462,2023-03-26,4004.33
21764,35617,2024-08-03,3890.0
21765,16164,2021-01-07,3598.97
21766,1041,2020-08-16,715.69
21767,45684,2021-02-24,8641.34
21768,44949,2021-11-12,6668.04
21769,15409,2021-03-04,7894.39
21770,9277,2020-05-05,9997.61
21771,11578,2020-02-11,4945.52
21772,19440,2023-02-01,1417.52
21773,11852,2025-05-07,8347.13
21774,19134,2023-03-31,7451.5
21775,30192,2021-01-08,7705.04
21776,1030,2023-06-20,1694.33
21777,44237,2020-03-14,7570.9
21778,7513,2025-06-21,5966.07
21779,37296,2021-10-28,600.89
21780,39256,2020-03-20,2992.16
21781,45835,2020-12-27,2280.99
21782,34209,2024-09-01,2982.25
21783,12821,2022-03-04,2077.91
21784,43008,2020-11-03,4038.78
21785,41447,2024-08-17,2248.4
21786,43185,2025-05-24,4021.43
21787,1772,2024-09-27,264.22
21788,39796,2023-09-02,7385.74
21789,6612,2021-02-21,3535.83
21790,11785,2020-04-14,2946.62
21791,26463,2021-04-03,8603.18
21792,41948,2020-01-03,7512.03
21793,21622,2021-05-01,8644.67
21794,5926,2021-10-26,8741.69
21795,3461,2024-08-15,7323.65
21796,24165,2025-03-08,669.89
21797,32681,2021-12-05,1046.86
21798,28874,2020-09-12,825.96
21799,37728,2021-04-04,2554.61
21800,27583,2022-06-08,8652.11
21801,4277,2020-08-20,479.05
21802,10276,2023-08-09,660.13
21803,41492,2023-11-02,1264.34
21804,44851,2023-07-16,5825.67
21805,21734,2024-06-05,3259.61
21806,1235,2021-10-16,9414.05
21807,45526,2024-02-27,1439.65
21808,10000,2020-05-13,8065.35
21809,25035,2023-08-11,6484.07
21810,10399,2021-10-14,6566.33
21811,39264,2024-05-30,3582.59
21812,22185,2022-06-08,144.81
21813,874,2023-01-02,3728.54
21814,35887,2023-02-20,6053.65
21815,17944,2020-06-02,7399.77
21816,41070,2021-02-14,5574.91
21817,19408,2024-04-06,9812.65
21818,32349,2021-08-31,5906.86
21819,4583,2024-06-30,922.32
21820,28889,2020-03-20,8564.51
21821,47208,2024-09-24,6562.67
21822,22233,2022-10-06,5219.23
21823,5677,2021-07-08,7813.29
21824,32513,2020-08-20,6933.85
21825,21787,2020-08-25,9493.4
21826,30230,2024-09-02,4695.42
21827,7196,2020-03-05,7136.26
21828,15102,2022-02-17,4645.45
21829,5040,2021-09-29,2852.72
21830,3587,2024-11-03,3262.97
21831,30118,2022-05-03,5960.99
21832,2860,2023-01-21,1886.63
21833,23033,2022-11-23,5103.37
21834,34046,2024-05-21,6964.64
21835,21381,2020-08-10,5410.83
21836,11504,2022-01-30,5668.97
21837,44167,2025-06-19,2203.97
21838,42462,2022-04-05,6610.78
21839,19929,2022-02-17,6014.45
21840,41386,2021-07-15,5381.06
21841,43362,2021-09-13,6991.28
21842,12655,2022-05-18,7039.77
21843,40505,2020-07-18,6950.96
21844,18517,2024-12-06,1491.84
21845,31901,2025-03-08,5931.02
21846,29009,2024-01-26,7017.92
21847,46271,2024-03-23,6122.81
21848,37796,2024-01-11,2009.78
21849,39848,2022-10-10,336.04
21850,48627,2024-08-20,6124.14
21851,2069,2023-04-02,2282.57
21852,32354,2020-01-30,8293.41
21853,20149,2025-05-29,9360.33
21854,45712,2023-01-23,8401.4
21855,45548,2020-12-26,1787.96
21856,33929,2025-06-11,8202.8
21857,29932,2021-02-06,1867.31
21858,16407,2024-05-03,3051.79
21859,44070,2023-06-03,8299.44
21860,3234,2021-08-11,1538.08
21861,20702,2020-04-22,1959.53
21862,40346,2020-09-06,8466.44
21863,26644,2025-06-04,9872.88
21864,7726,2024-01-08,6394.98
21865,7270,2025-04-28,6211.8
21866,14135,2021-04-06,5451.68
21867,7049,2025-04-14,2521.18
21868,40423,2021-06-25,474.15
21869,38195,2020-03-11,4558.01
21870,35897,2023-06-27,8484.85
21871,10157,2023-05-02,8896.76
21872,2726,2023-08-07,5105.31
21873,5260,2022-07-27,9402.76
21874,32218,2025-06-09,5682.1
21875,43125,2024-02-13,7618.72
21876,21642,2021-03-10,4474.94
21877,49104,2024-04-30,913.16
21878,20801,2020-07-08,8394.07
21879,18700,2024-11-22,9436.86
21880,8628,2024-01-09,7263.08
21881,6910,2022-11-21,4148.9
21882,1075,2021-02-04,8617.46
21883,17366,2024-03-02,6346.93
21884,10560,2025-05-24,127.54
21885,5725,2021-10-29,9359.48
21886,28179,2021-08-19,4683.05
21887,30421,2022-02-06,1826.11
21888,17746,2022-03-29,1911.79
21889,17129,2022-11-08,3478.03
21890,38936,2023-10-08,520.67
21891,3354,2023-04-23,3124.54
21892,46116,2021-05-26,1002.42
21893,37739,2022-04-22,2099.18
21894,45880,2023-06-02,278.65
21895,37584,2022-09-09,6841.98
21896,31546,2021-10-08,5798.35
21897,11764,2021-01-26,1012.46
21898,31264,2024-08-20,7776.36
21899,22786,2023-07-10,6911.71
21900,45001,2024-11-09,1628.55
21901,30034,2021-07-23,509.97
21902,15857,2024-11-10,1436.9
21903,42414,2021-08-20,1257.35
21904,10835,2022-11-16,6142.43
21905,15226,2021-07-05,607.21
21906,26423,2023-06-11,3178.41
21907,42726,2020-12-21,3654.25
21908,4364,2020-04-18,948.44
21909,37581,2023-12-14,3498.4
21910,49599,2020-01-19,5705.63
21911,24816,2020-05-04,3289.67
21912,16501,2023-01-19,9313.74
21913,28234,2024-01-03,2930.87
21914,15766,2024-05-24,6544.51
21915,35082,2020-12-01,5433.2
21916,23971,2021-06-19,3814.18
21917,2029,2022-02-04,9691.95
21918,21136,2023-03-21,8603.28
21919,15140,2020-06-06,2086.61
21920,34808,2024-08-29,9727.41
21921,3645,2021-11-15,288.98
21922,33355,2021-09-02,207.2
21923,39953,2024-11-15,1044.74
21924,38924,2023-06-19,3621.03
21925,31235,2023-04-15,3713.05
21926,2633,2023-04-01,652.56
21927,40595,2020-05-27,7456.05
21928,37247,2023-08-08,3276.6
21929,31346,2025-06-17,9485.25
21930,28756,2021-01-04,9982.54
21931,40523,2024-08-09,6932.9
21932,984,2021-11-10,1241.32
21933,16897,2020-04-18,5220.07
21934,9781,2020-12-10,7869.02
21935,44541,2023-10-25,9190.61
21936,4587,2020-01-22,4323.74
21937,45322,2023-05-01,102.27
21938,40395,2022-10-13,4127.68
21939,3080,2024-11-25,5769.31
21940,2193,2022-01-08,1198.98
21941,18118,2020-05-30,6496.42
21942,22267,2024-08-14,5670.83
21943,40071,2023-08-11,4830.16
21944,45693,2020-03-27,5469.27
21945,17829,2022-11-27,395.32
21946,15936,2021-09-30,7553.55
21947,35591,2023-04-13,7017.8
21948,14736,2021-01-25,2087.78
21949,16345,2023-01-31,858.8
21950,34148,2023-12-22,3987.16
21951,34531,2021-12-13,7599.08
21952,24826,2020-08-08,4013.97
21953,15524,2023-04-07,7254.03
21954,41845,2021-09-10,7786.64
21955,20297,2023-12-20,554.51
21956,38155,2021-08-08,4014.34
21957,20864,2024-01-26,9884.15
21958,15745,2024-05-02,360.33
21959,49689,2021-01-12,8959.96
21960,1640,2024-05-26,1257.4
21961,10810,2022-10-01,6144.13
21962,18456,2024-02-21,9502.53
21963,36424,2021-02-09,6197.91
21964,44404,2023-04-29,1982.33
21965,31687,2024-01-04,2153.85
21966,19583,2022-04-29,398.55
21967,5294,2020-07-02,3622.41
21968,13375,2023-12-12,5889.2
21969,29848,2024-04-07,8122.16
21970,14164,2022-11-17,5868.92
21971,16031,2020-06-17,9129.42
21972,49626,2022-10-30,6945.06
21973,38395,2025-01-17,5573.9
21974,4006,2020-04-16,2139.84
21975,7919,2020-11-07,7872.71
21976,23278,2025-04-26,3099.34
21977,38699,2020-05-17,3276.72
21978,31752,2022-01-24,1149.62
21979,4320,2024-01-12,603.68
21980,22728,2024-03-07,4607.21
21981,49285,2022-11-18,1314.92
21982,35664,2023-12-24,3452.08
21983,14875,2022-11-30,8394.16
21984,45438,2021-12-09,3361.81
21985,31935,2025-01-09,6243.23
21986,49383,2022-11-18,8524.41
21987,17089,2021-09-19,1576.69
21988,14911,2020-02-19,9471.02
21989,25477,2021-05-11,5646.04
21990,42307,2022-11-09,7382.87
21991,12340,2021-12-03,8595.97
21992,43345,2020-01-08,7812.58
21993,41953,2024-10-18,2487.49
21994,29267,2021-12-05,2585.69
21995,26500,2023-01-28,1866.33
21996,12621,2023-08-16,2032.78
21997,42419,2022-02-22,8065.04
21998,31415,2022-12-28,5647.87
21999,12762,2021-03-09,1373.92
22000,15145,2020-04-24,3159.2
22001,48799,2023-11-05,865.58
22002,9723,2021-10-14,8294.97
22003,19235,2021-12-05,6192.28
22004,45776,2025-02-06,1727.79
22005,33593,2021-01-19,8388.13
22006,13720,2021-06-15,8980.09
22007,1845,2024-06-26,7084.2
22008,2846,2022-06-01,5026.47
22009,37243,2021-10-26,7746.36
22010,764,2020-10-11,3894.53
22011,14326,2024-09-26,4528.26
22012,6349,2021-05-15,4352.02
22013,4454,2020-09-09,9752.97
22014,18681,2020-09-30,3370.55
22015,37769,2023-10-28,5015.69
22016,1173,2021-04-10,8873.82
22017,12958,2025-02-22,946.01
22018,23141,2024-01-04,2967.87
22019,2991,2025-05-26,7535.64
22020,6655,2021-08-04,7409.94
22021,12575,2023-01-20,5613.66
22022,24350,2021-07-27,6976.88
22023,8926,2024-05-06,2907.69
22024,44009,2021-08-12,6516.42
22025,30863,2020-06-02,570.13
22026,45642,2024-09-30,9857.42
22027,22363,2024-11-20,6438.89
22028,38659,2020-09-23,1875.53
22029,36451,2021-06-16,7241.2
22030,39476,2020-07-15,6429.19
22031,9596,2020-06-07,9646.35
22032,7378,2024-04-29,2960.49
22033,8024,2023-02-06,657.88
22034,29453,2023-04-30,1914.7
22035,31788,2024-12-23,4245.8
22036,41425,2024-10-26,2451.46
22037,25338,2024-08-24,7458.41
22038,30225,2021-07-15,570.5
22039,23860,2024-06-23,1373.39
22040,34481,2023-06-15,3155.49
22041,6995,2021-01-17,5646.64
22042,18503,2024-09-28,2989.04
22043,17698,2021-02-13,5660.86
22044,28893,2022-12-07,3183.64
22045,42654,2023-12-30,7623.99
22046,35434,2025-04-02,7441.6
22047,26111,2022-09-21,7922.55
22048,541,2020-12-05,9571.04
22049,47590,2023-01-06,8275.8
22050,19632,2023-03-02,8306.6
22051,33160,2021-01-30,3872.48
22052,47684,2021-06-08,3180.44
22053,30004,2023-06-17,2295.92
22054,27211,2020-12-12,4492.31
22055,33106,2021-04-19,3825.54
22056,30293,2024-03-31,2291.05
22057,45040,2023-12-29,117.78
22058,10301,2025-05-27,4610.53
22059,27048,2022-04-15,9807.69
22060,7776,2021-01-31,7326.63
22061,41233,2022-07-02,9401.96
22062,14562,2022-01-18,5053.15
22063,40273,2024-05-30,9867.51
22064,19983,2024-08-09,2071.85
22065,6868,2024-06-04,5571.33
22066,25959,2023-08-14,2678.63
22067,7051,2020-07-17,2364.24
22068,25939,2022-07-05,9362.88
22069,4960,2020-08-25,5809.59
22070,32728,2020-06-29,926.92
22071,2886,2022-10-21,3738.61
22072,45394,2024-08-04,8396.66
22073,36329,2024-07-24,1027.76
22074,39289,2023-10-07,316.74
22075,22192,2024-03-24,8472.89
22076,11895,2023-07-14,6846.61
22077,39066,2023-12-01,794.19
22078,29704,2024-08-20,1918.91
22079,37146,2022-07-31,801.97
22080,9614,2023-02-16,787.73
22081,11510,2020-09-17,9010.88
22082,10153,2024-04-14,7560.85
22083,3206,2022-01-24,5178.18
22084,13968,2021-12-30,3257.97
22085,46114,2020-11-19,6152.47
22086,40232,2021-08-25,2927.15
22087,47579,2022-07-13,1507.78
22088,17548,2020-06-21,4919.02
22089,14721,2020-12-23,8468.24
22090,34808,2022-01-27,6879.28
22091,29981,2024-07-28,7870.2
22092,40018,2021-10-17,1870.19
22093,48561,2022-04-19,9619.5
22094,18168,2021-08-23,846.62
22095,48528,2022-09-10,5152.9
22096,9571,2021-11-11,3784.14
22097,21129,2024-02-21,5963.35
22098,41915,2025-06-03,9413.81
22099,26988,2024-09-10,1194.79
22100,22507,2022-12-14,1407.56
22101,22362,2023-04-30,3414.84
22102,23121,2021-11-21,6448.25
22103,4952,2021-06-16,1548.8
22104,29258,2023-02-04,1392.36
22105,7648,2021-03-17,7937.79
22106,13827,2020-03-20,7968.83
22107,22419,2022-01-14,6837.35
22108,38169,2022-07-31,4164.0
22109,3797,2024-08-01,5779.54
22110,10946,2022-08-14,6188.7
22111,40343,2021-12-12,6823.12
22112,43900,2021-09-02,2412.93
22113,45498,2022-05-27,5204.67
22114,27361,2024-07-27,9982.29
22115,12082,2023-06-06,1841.7
22116,16776,2023-05-11,867.39
22117,42872,2024-08-18,784.86
22118,14771,2024-09-01,6703.7
22119,15608,2023-12-30,8165.47
22120,46378,2024-12-07,2449.43
22121,7134,2021-12-10,438.83
22122,1855,2025-05-13,7175.4
22123,39017,2023-12-08,7498.77
22124,28731,2021-11-26,2710.1
22125,24786,2020-07-24,248.3
22126,30815,2025-02-11,8015.32
22127,41562,2024-06-22,3674.01
22128,38232,2021-05-23,5245.55
22129,43059,2022-06-20,9009.79
22130,19333,2022-02-06,2135.62
22131,37365,2022-12-08,1389.85
22132,39476,2020-06-09,5862.07
22133,42689,2023-03-08,6694.09
22134,19596,2023-09-06,3995.83
22135,37783,2025-04-30,415.71
22136,48248,2022-07-14,983.42
22137,16692,2021-05-19,2748.99
22138,2924,2021-11-16,2281.24
22139,34239,2023-07-29,3217.89
22140,76,2021-10-29,5433.32
22141,17027,2020-12-26,653.01
22142,10392,2021-11-02,2341.84
22143,7007,2023-05-10,8020.71
22144,10154,2022-11-01,1766.91
22145,47509,2020-09-01,3062.66
22146,9941,2020-09-08,4624.8
22147,3413,2021-01-09,1706.78
22148,32921,2021-04-28,7612.32
22149,26124,2022-09-29,377.46
22150,24274,2023-01-14,4342.06
22151,35914,2024-08-06,5512.88
22152,41670,2024-11-25,1330.77
22153,14109,2021-08-05,6908.47
22154,17565,2021-11-22,1063.11
22155,49326,2020-04-09,5606.43
22156,28910,2022-06-16,8980.73
22157,7689,2024-10-02,1733.57
22158,23072,2023-06-13,5752.53
22159,35312,2022-05-11,8261.2
22160,3213,2023-03-25,2231.17
22161,32949,2020-07-08,286.76
22162,23371,2024-08-19,311.75
22163,30818,2022-02-05,2525.4
22164,10550,2023-05-19,7188.85
22165,18812,2021-05-16,3457.85
22166,22516,2021-01-12,4845.56
22167,38260,2022-09-14,672.09
22168,36253,2025-03-11,8826.67
22169,39603,2022-04-03,4158.4
22170,39372,2021-06-20,7902.01
22171,41823,2022-05-10,263.61
22172,13225,2021-04-15,7027.89
22173,25046,2022-10-13,5064.05
22174,13018,2021-12-14,2674.29
22175,7147,2022-11-30,7186.61
22176,1827,2024-07-26,4955.45
22177,39281,2025-06-04,6052.35
22178,28465,2022-01-28,7376.27
22179,20607,2022-10-19,985.49
22180,48786,2021-09-20,6925.23
22181,27438,2021-04-25,4331.05
22182,5232,2020-08-27,9311.0
22183,6415,2024-01-09,8797.81
22184,44346,2023-02-16,7551.04
22185,49815,2024-07-17,7357.93
22186,5527,2020-12-26,8859.77
22187,36762,2024-07-26,7978.41
22188,1261,2020-03-08,9628.0
22189,20642,2021-02-24,8646.14
22190,41769,2020-05-05,3361.89
22191,15673,2023-09-09,7009.33
22192,25881,2021-12-29,8672.54
22193,24545,2022-11-21,8120.64
22194,15068,2022-02-20,6264.45
22195,21645,2021-04-19,5085.87
22196,1078,2020-12-11,925.81
22197,9755,2023-04-29,3272.49
22198,45576,2023-02-21,6091.46
22199,8676,2021-03-31,5821.99
22200,15862,2020-10-12,7520.91
22201,16555,2020-07-23,8773.44
22202,29382,2021-04-24,5661.97
22203,13389,2020-09-01,6463.31
22204,47956,2021-11-13,4315.86
22205,31927,2020-06-29,680.8
22206,48832,2025-01-18,3337.9
22207,14341,2023-08-01,5441.21
22208,27195,2024-02-03,4980.52
22209,38125,2023-03-25,5675.64
22210,34459,2021-01-14,6291.53
22211,32753,2024-06-01,783.45
22212,19475,2023-05-10,222.06
22213,36929,2025-06-13,2356.5
22214,30532,2022-10-07,5427.15
22215,15682,2023-04-15,3468.1
22216,35052,2021-05-18,5857.96
22217,33434,2020-09-10,6416.34
22218,49441,2024-07-16,1830.33
22219,16806,2023-01-18,5912.13
22220,29063,2021-02-23,9959.08
22221,27357,2024-11-14,9628.2
22222,45812,2021-09-30,3597.19
22223,33797,2020-10-09,2115.93
22224,38025,2021-03-16,9071.57
22225,3469,2024-08-18,7542.26
22226,13360,2020-04-19,2443.97
22227,12846,2023-12-08,3382.2
22228,5184,2021-05-17,4366.18
22229,18973,2025-01-09,3968.97
22230,32274,2021-03-02,6187.52
22231,13982,2021-07-20,7262.87
22232,32458,2022-10-15,9005.77
22233,44051,2023-01-16,1844.6
22234,15536,2025-06-07,3719.96
22235,1801,2020-04-14,7522.79
22236,11777,2022-07-11,6991.62
22237,47849,2024-07-22,8995.64
22238,32986,2021-06-05,7122.4
22239,26151,2022-06-12,1242.02
22240,1757,2024-04-27,7226.18
22241,38455,2020-03-09,394.93
22242,44523,2021-01-27,5662.14
22243,44487,2025-02-01,6731.42
22244,46912,2023-08-01,8269.16
22245,26907,2021-05-28,6046.08
22246,42690,2020-12-03,6387.98
22247,9335,2022-06-10,1605.77
22248,47353,2022-11-03,717.6
22249,62,2021-07-27,1109.07
22250,9213,2022-12-14,2376.11
22251,26000,2021-06-24,4525.05
22252,41512,2020-09-17,3989.26
22253,23770,2023-10-31,3084.51
22254,35776,2022-01-19,8894.1
22255,8759,2020-07-15,971.0
22256,37711,2025-06-08,1527.13
22257,1008,2021-07-04,4406.43
22258,7257,2023-03-20,1382.94
22259,46596,2022-01-04,1640.19
22260,10714,2020-09-08,9674.15
22261,23805,2021-05-12,4992.93
22262,21887,2024-12-12,1139.46
22263,1637,2023-11-30,614.57
22264,33130,2024-10-20,7376.26
22265,35588,2022-07-13,3907.4
22266,48513,2022-08-22,2916.58
22267,29633,2022-01-25,6909.67
22268,40323,2023-03-09,7017.11
22269,36080,2020-01-13,3668.52
22270,18233,2021-09-25,9511.88
22271,14543,2023-02-23,4059.22
22272,47863,2022-06-22,3858.18
22273,42133,2024-07-03,7800.25
22274,19000,2020-05-31,8177.49
22275,8884,2020-08-07,2943.61
22276,34686,2025-01-02,6921.87
22277,1928,2020-12-12,6428.53
22278,46361,2021-11-06,433.27
22279,12448,2021-08-07,2034.59
22280,10104,2022-11-04,1095.46
22281,19526,2023-08-31,8864.23
22282,1832,2024-11-08,9561.5
22283,23793,2024-12-01,8267.33
22284,39837,2024-02-08,3179.89
22285,19141,2021-06-10,8615.31
22286,20643,2023-01-28,675.9
22287,19539,2021-02-05,6884.25
22288,22119,2024-10-15,1328.61
22289,19617,2021-10-06,224.43
22290,22371,2025-02-20,1836.74
22291,38762,2024-08-07,9637.78
22292,11878,2025-04-25,7566.75
22293,20720,2020-03-25,5228.71
22294,9928,2024-07-03,9375.85
22295,29158,2020-08-02,4219.93
22296,671,2023-04-30,498.8
22297,3275,2024-08-18,5986.5
22298,10052,2023-05-28,8300.78
22299,47528,2024-06-04,2931.86
22300,13306,2020-12-04,3241.33
22301,17605,2020-01-13,6748.4
22302,42026,2021-05-07,8064.47
22303,6358,2021-07-10,4397.26
22304,8445,2022-03-12,980.64
22305,20116,2024-11-09,7491.22
22306,36843,2024-09-13,4322.61
22307,38780,2024-04-17,9110.64
22308,1228,2023-02-08,2606.18
22309,17077,2022-06-30,4686.52
22310,17196,2022-12-02,7110.45
22311,49041,2024-01-08,2527.29
22312,18420,2020-04-03,2345.95
22313,45851,2022-06-17,7313.38
22314,49303,2020-12-12,1881.38
22315,2294,2023-08-31,1279.62
22316,42042,2020-05-07,2663.61
22317,10949,2023-11-28,8221.25
22318,41467,2020-04-27,8651.89
22319,30961,2020-09-11,1133.44
22320,20152,2024-08-22,1185.85
22321,42076,2021-02-08,8387.79
22322,7781,2020-02-15,9464.69
22323,34733,2021-05-15,4854.01
22324,38813,2020-09-11,8505.85
22325,29064,2025-06-11,8904.57
22326,24731,2021-05-11,3671.33
22327,11334,2025-03-26,5095.59
22328,12167,2020-05-01,5754.32
22329,28954,2022-06-16,7770.95
22330,38314,2021-04-14,4646.32
22331,16414,2021-12-11,5123.16
22332,17105,2023-10-17,837.57
22333,47366,2023-05-10,636.3
22334,47187,2022-08-05,7422.74
22335,32211,2022-10-21,4874.37
22336,43958,2021-08-14,987.36
22337,36572,2021-09-08,2484.52
22338,30499,2024-08-18,6805.62
22339,22563,2025-03-18,5097.21
22340,18437,2021-12-01,7963.73
22341,27494,2023-09-25,3995.06
22342,17655,2023-12-04,1239.34
22343,17501,2022-10-18,2748.96
22344,34583,2023-01-07,1188.56
22345,22509,2023-02-24,4856.7
22346,20795,2020-04-03,4794.43
22347,19646,2024-12-08,832.73
22348,40805,2020-05-06,1995.82
22349,21024,2023-02-27,9701.7
22350,39681,2021-12-14,9836.57
22351,48354,2023-01-19,3492.14
22352,21740,2023-10-31,1532.11
22353,12146,2020-01-21,1965.01
22354,36261,2022-12-14,906.17
22355,31891,2022-06-30,946.38
22356,22640,2022-11-26,2010.57
22357,30711,2025-05-18,4757.38
22358,5228,2023-01-14,7157.4
22359,11795,2023-08-11,1664.55
22360,20915,2021-11-11,4227.73
22361,24020,2020-10-04,946.77
22362,29045,2021-07-14,6254.16
22363,26895,2021-10-18,4364.03
22364,18281,2021-02-13,8013.83
22365,18621,2023-01-29,8829.6
22366,22069,2022-03-16,2509.32
22367,31432,2023-12-16,4069.14
22368,48640,2025-01-06,5023.54
22369,15475,2021-09-28,9963.36
22370,19923,2023-02-03,9165.49
22371,11612,2022-01-22,9702.04
22372,1100,2025-02-01,4694.17
22373,19012,2024-07-09,9995.81
22374,29730,2024-05-27,419.31
22375,48566,2023-09-06,9680.92
22376,25307,2022-08-09,2004.69
22377,27075,2023-11-27,9790.14
22378,32097,2020-01-14,4603.13
22379,6284,2021-05-02,5836.74
22380,4563,2020-04-23,9083.25
22381,47738,2024-11-22,9844.46
22382,17617,2023-06-07,1799.07
22383,45880,2022-12-25,6129.07
22384,49234,2024-01-18,6959.34
22385,14655,2024-08-28,7110.89
22386,29061,2021-07-08,2181.47
22387,32409,2023-06-24,793.18
22388,10611,2022-06-07,3824.78
22389,16243,2022-02-04,8135.2
22390,9288,2023-05-28,9709.31
22391,20944,2021-01-28,4501.77
22392,44128,2023-09-30,9150.72
22393,5381,2021-09-28,7250.86
22394,32612,2024-04-06,1268.14
22395,41787,2020-03-15,3519.83
22396,18201,2024-05-18,7469.44
22397,12624,2020-04-13,4527.6
22398,46936,2021-05-20,6594.62
22399,34830,2024-04-29,7620.2
22400,49869,2021-04-30,9811.82
22401,30167,2024-10-03,9190.03
22402,564,2020-09-30,3508.02
22403,35097,2021-05-25,8047.16
22404,15579,2022-10-03,3787.74
22405,28728,2022-12-28,6498.12
22406,25810,2020-01-11,710.02
22407,2758,2023-12-05,7862.33
22408,14726,2025-03-23,9912.68
22409,15127,2022-03-05,5435.39
22410,22073,2021-03-19,9332.17
22411,7349,2021-02-23,8739.96
22412,48059,2025-05-30,214.18
22413,10358,2022-02-19,986.97
22414,18769,2024-07-04,4419.62
22415,41184,2023-12-06,2718.63
22416,31543,2023-09-07,4083.46
22417,27109,2024-03-22,5154.98
22418,13588,2020-04-05,4827.99
22419,12547,2025-06-12,1707.03
22420,8001,2023-11-27,1569.33
22421,293,2021-06-10,4194.67
22422,29859,2020-12-08,6940.04
22423,45560,2024-06-11,5953.67
22424,13948,2023-08-18,951.57
22425,1535,2023-02-09,2899.31
22426,34160,2020-11-03,4205.11
22427,17405,2021-06-19,3390.85
22428,31491,2020-02-23,4525.19
22429,620,2021-11-23,4445.22
22430,42257,2024-05-10,8345.96
22431,12479,2020-10-04,8359.71
22432,21482,2023-06-11,9405.6
22433,27746,2024-11-18,5284.18
22434,19042,2020-07-16,2836.58
22435,42641,2023-12-25,6950.7
22436,12824,2020-09-16,7665.31
22437,5378,2020-06-10,3553.27
22438,40568,2020-06-27,8262.94
22439,15118,2020-08-18,6971.38
22440,17167,2024-12-23,9705.45
22441,47653,2022-09-29,3518.48
22442,24890,2023-11-30,9233.08
22443,22958,2022-01-20,3541.56
22444,34485,2024-09-13,8678.28
22445,45650,2025-04-19,3345.89
22446,8446,2024-06-19,9094.89
22447,35640,2021-07-22,267.28
22448,15085,2021-03-28,4110.46
22449,29197,2020-02-28,596.36
22450,34467,2023-08-13,4133.94
22451,24740,2023-03-30,4274.67
22452,8165,2021-11-15,9087.54
22453,36170,2022-05-16,8017.79
22454,6649,2020-03-09,2738.8
22455,41309,2023-12-01,8369.12
22456,17314,2023-04-12,1896.63
22457,34997,2020-12-22,6955.62
22458,23067,2025-04-02,2846.08
22459,5577,2023-08-04,9672.45
22460,30665,2024-05-06,9343.2
22461,23626,2023-05-14,3087.81
22462,9871,2022-06-03,391.04
22463,14601,2022-11-22,6508.4
22464,37406,2021-03-28,1710.82
22465,49943,2022-08-10,1263.67
22466,26014,2023-04-01,9081.27
22467,44352,2024-11-04,5680.65
22468,24976,2025-05-27,9346.55
22469,2468,2020-08-20,2719.07
22470,12334,2020-04-20,3388.19
22471,21861,2021-04-30,9374.18
22472,17488,2025-01-23,4511.02
22473,4864,2021-12-26,2416.04
22474,860,2020-03-10,4210.23
22475,6548,2021-05-17,3575.16
22476,17870,2021-09-21,7898.27
22477,5229,2022-09-26,4169.46
22478,31965,2023-01-26,862.47
22479,45294,2022-12-15,6095.35
22480,41427,2024-11-30,8898.24
22481,36049,2020-11-17,9137.16
22482,23489,2025-04-12,4874.04
22483,12957,2023-10-05,229.82
22484,26750,2025-04-01,6046.1
22485,47742,2021-10-20,4731.04
22486,38493,2024-05-17,9421.12
22487,34899,2024-09-19,8870.68
22488,6858,2023-12-29,9006.98
22489,42276,2023-09-14,7849.29
22490,45943,2023-03-02,2572.88
22491,45238,2021-02-03,5806.65
22492,29841,2024-02-06,8476.52
22493,33952,2025-04-10,7885.45
22494,48016,2024-03-17,8255.52
22495,38195,2022-04-25,4828.0
22496,38260,2023-03-28,2730.94
22497,22971,2020-12-07,724.4
22498,33535,2021-02-20,2857.09
22499,26606,2024-04-24,293.25
22500,23319,2022-10-05,3332.2
22501,22160,2023-02-24,9529.8
22502,10784,2021-11-29,2749.1
22503,20034,2024-10-24,9310.2
22504,7016,2025-02-17,9730.69
22505,36678,2021-01-24,1118.16
22506,23242,2021-03-05,8136.01
22507,37858,2022-03-18,9493.35
22508,24254,2022-02-05,2181.85
22509,22942,2023-04-09,3912.04
22510,33188,2022-05-27,8396.0
22511,16646,2022-08-27,1492.31
22512,48941,2024-02-29,5644.26
22513,15365,2021-06-07,2489.98
22514,14648,2023-10-01,7674.29
22515,29212,2022-02-10,6225.48
22516,903,2023-02-12,6214.96
22517,45806,2022-04-06,9170.55
22518,7227,2020-02-18,6756.94
22519,915,2024-12-01,1558.66
22520,15166,2021-01-15,1822.17
22521,50,2022-05-11,2818.74
22522,7922,2021-02-11,475.63
22523,34778,2025-03-16,3713.83
22524,49077,2025-03-09,3890.75
22525,632,2025-05-08,7123.76
22526,31590,2020-05-12,3349.09
22527,17958,2024-12-01,8579.66
22528,40679,2023-05-08,3903.56
22529,40337,2023-06-23,9993.84
22530,41683,2021-04-27,4803.25
22531,48411,2024-05-09,8885.32
22532,35079,2020-07-11,2286.51
22533,31014,2021-12-06,134.57
22534,8401,2021-06-02,5179.68
22535,31389,2020-01-15,5197.61
22536,22835,2021-08-12,9554.37
22537,45420,2025-06-19,2033.37
22538,7660,2022-07-28,2051.77
22539,26577,2020-06-05,4252.55
22540,14735,2024-07-07,5224.49
22541,6753,2024-03-17,6453.88
22542,49057,2021-11-28,3018.24
22543,37216,2023-09-12,2722.89
22544,18524,2024-12-06,8420.83
22545,24447,2022-09-06,5002.06
22546,13460,2024-02-05,9322.23
22547,11293,2020-11-06,6865.77
22548,5136,2024-06-13,718.23
22549,40798,2023-12-20,1161.72
22550,32145,2024-01-17,8708.77
22551,18361,2021-03-27,2185.44
22552,45262,2025-06-14,1763.02
22553,18253,2024-03-28,8887.63
22554,34834,2020-06-13,9549.31
22555,40775,2023-03-05,6558.15
22556,41137,2020-09-08,1105.61
22557,20107,2021-07-05,318.62
22558,25017,2025-02-27,6028.4
22559,23249,2024-06-14,683.61
22560,35347,2020-05-16,5527.7
22561,21574,2022-08-31,4078.1
22562,43636,2021-09-28,423.34
22563,23506,2024-01-07,9544.85
22564,41482,2024-10-04,188.49
22565,17665,2020-08-04,3606.28
22566,38145,2023-01-15,8075.8
22567,23087,2022-06-24,9747.36
22568,47099,2025-06-13,547.13
22569,29337,2022-04-24,9512.7
22570,40154,2022-07-06,3431.01
22571,43623,2022-01-14,1668.89
22572,5002,2022-09-26,8254.01
22573,44196,2021-05-11,6461.8
22574,6536,2021-11-26,1082.62
22575,9185,2023-04-12,6221.59
22576,25534,2023-11-26,8184.33
22577,9117,2021-08-07,5534.91
22578,24629,2025-02-20,3492.13
22579,35810,2020-04-26,2216.77
22580,24027,2024-07-12,7530.07
22581,6131,2023-08-31,4051.85
22582,45060,2020-11-12,8336.15
22583,34353,2021-05-09,7665.43
22584,19653,2021-05-10,7548.86
22585,25258,2023-12-30,7960.01
22586,8822,2020-09-21,5600.66
22587,3147,2023-06-11,7818.05
22588,18241,2025-01-28,8800.02
22589,20685,2022-08-17,3079.54
22590,2594,2020-01-14,2592.7
22591,21857,2020-11-27,4641.84
22592,11189,2020-08-19,5572.66
22593,25932,2023-07-20,378.58
22594,48366,2024-04-01,1899.61
22595,33544,2023-08-23,320.12
22596,30085,2021-03-15,5660.88
22597,42879,2022-07-08,7734.06
22598,21120,2020-08-29,8282.08
22599,33503,2025-02-11,5628.61
22600,2115,2021-09-16,507.36
22601,33942,2020-02-05,5948.17
22602,29830,2023-09-03,4053.68
22603,45912,2022-11-07,8503.37
22604,46491,2024-03-04,4124.94
22605,9429,2024-10-23,7210.25
22606,42533,2025-03-30,2027.94
22607,42485,2021-07-20,9241.2
22608,27257,2023-10-17,3023.18
22609,42367,2021-01-13,157.42
22610,26813,2021-09-27,907.53
22611,17626,2023-12-20,2370.7
22612,20225,2024-02-17,1738.3
22613,10451,2022-04-12,1985.52
22614,12631,2024-12-10,5834.49
22615,35304,2020-09-22,4786.27
22616,9186,2022-06-10,7149.39
22617,26947,2024-12-01,7924.3
22618,37358,2022-07-06,5215.19
22619,42471,2024-11-03,5969.56
22620,34727,2020-12-14,7779.63
22621,25552,2025-03-19,989.94
22622,18435,2023-06-20,4396.36
22623,35354,2024-02-12,5331.31
22624,7621,2024-03-10,6019.08
22625,15287,2023-10-06,5470.68
22626,32771,2020-06-13,3572.76
22627,2844,2020-06-09,2946.28
22628,1268,2023-05-30,4463.71
22629,2475,2023-01-31,759.22
22630,22021,2024-06-20,4764.54
22631,12118,2020-01-10,9660.56
22632,10861,2024-01-11,633.57
22633,43265,2020-07-04,1614.14
22634,26688,2021-12-03,6340.46
22635,17115,2023-04-01,7103.13
22636,29993,2025-03-29,4805.19
22637,35582,2024-05-03,9176.51
22638,37961,2024-03-08,4868.92
22639,17348,2020-06-04,1182.62
22640,40665,2022-12-14,4841.96
22641,11386,2021-05-04,5195.73
22642,3387,2020-05-16,4344.67
22643,6880,2022-09-27,9154.33
22644,2498,2022-08-28,4844.38
22645,13040,2021-11-15,6955.16
22646,29477,2021-02-14,5135.58
22647,2804,2022-07-16,7292.56
22648,11826,2023-12-19,1178.27
22649,1218,2020-05-01,9454.62
22650,526,2024-08-11,6156.36
22651,7567,2023-09-17,3146.75
22652,33049,2022-10-27,2409.79
22653,21962,2022-02-28,7403.43
22654,19804,2024-06-19,2746.38
22655,36592,2022-08-07,4543.86
22656,34490,2021-08-01,6205.4
22657,39290,2020-03-16,8591.78
22658,18168,2023-04-24,8309.59
22659,30136,2021-04-05,6704.23
22660,25077,2023-09-27,2723.36
22661,13198,2022-08-17,1703.02
22662,16468,2020-06-18,5499.86
22663,11533,2020-08-17,8827.03
22664,48659,2023-08-25,4142.42
22665,8226,2022-11-17,7396.29
22666,44901,2021-07-23,8337.17
22667,42158,2022-02-11,2699.12
22668,3800,2021-08-28,9647.01
22669,19829,2023-04-21,2624.72
22670,39735,2021-04-24,5934.83
22671,43514,2022-04-07,6713.22
22672,47289,2020-02-14,5574.76
22673,20440,2022-09-06,6253.4
22674,45256,2025-03-27,2190.51
22675,48737,2022-07-04,1528.9
22676,5253,2025-03-11,252.83
22677,3033,2021-05-20,6127.08
22678,37931,2021-10-10,9247.22
22679,4200,2023-07-10,6838.34
22680,13329,2020-05-14,6545.06
22681,15449,2024-10-19,5372.49
22682,32234,2020-12-18,6219.61
22683,25413,2022-12-09,7259.43
22684,9770,2024-10-24,1596.67
22685,23439,2024-07-01,7330.56
22686,22465,2024-03-29,1636.86
22687,39615,2022-01-20,3014.3
22688,19512,2020-12-20,3459.27
22689,27307,2023-05-30,2927.6
22690,28242,2020-10-17,5293.46
22691,42950,2020-07-09,5595.93
22692,5314,2021-06-14,8213.78
22693,40401,2025-02-07,5813.91
22694,34678,2020-11-10,9964.89
22695,8261,2025-02-16,6978.76
22696,40772,2023-09-05,7322.94
22697,10537,2021-12-05,9978.32
22698,19643,2021-05-26,2418.15
22699,26674,2020-01-17,6502.3
22700,49575,2020-08-01,8890.87
22701,7326,2023-07-15,9682.62
22702,1150,2023-08-27,4520.41
22703,28378,2022-07-02,4365.76
22704,24889,2025-06-08,1037.91
22705,39812,2021-02-11,9052.07
22706,12550,2020-08-18,9373.94
22707,17005,2023-03-01,8856.69
22708,45997,2020-03-27,2331.16
22709,16978,2021-05-23,3086.89
22710,27473,2024-03-19,9489.31
22711,14817,2022-02-27,6180.72
22712,33380,2020-01-27,6360.26
22713,30315,2024-03-26,4228.35
22714,13145,2023-04-28,6190.59
22715,14669,2023-09-05,1689.18
22716,10160,2021-08-22,9498.7
22717,42387,2021-10-28,9460.79
22718,26655,2020-05-02,8585.48
22719,40655,2021-03-23,2634.31
22720,27580,2024-04-20,8772.49
22721,7724,2021-08-25,7031.14
22722,10647,2024-11-17,2537.57
22723,13800,2024-02-08,8369.78
22724,47131,2020-03-02,1000.37
22725,49654,2021-03-06,7199.24
22726,12929,2020-08-13,9974.45
22727,42134,2025-04-03,4368.03
22728,18312,2023-09-07,6254.15
22729,42309,2020-10-23,2242.93
22730,47384,2020-08-05,4718.48
22731,20092,2023-12-23,1171.54
22732,3361,2020-03-19,6984.26
22733,47876,2022-02-03,7750.35
22734,45632,2021-06-19,5924.68
22735,7887,2021-02-06,7436.86
22736,19260,2024-09-30,6929.28
22737,45961,2025-02-15,9237.09
22738,1578,2024-02-28,4837.67
22739,44853,2022-12-27,5430.43
22740,37066,2024-02-16,3784.36
22741,39484,2020-10-22,3593.1
22742,36202,2020-04-03,8195.68
22743,32654,2020-07-10,9295.81
22744,32051,2021-11-22,3166.6
22745,31731,2024-09-02,4251.65
22746,35193,2020-12-26,3587.93
22747,32667,2023-04-28,8561.04
22748,16918,2024-01-02,9483.26
22749,13786,2025-06-20,9029.74
22750,7616,2021-03-01,230.91
22751,3455,2021-03-18,1810.1
22752,21528,2022-12-07,8962.14
22753,11806,2020-10-28,5299.76
22754,11345,2024-05-07,3837.08
22755,30615,2020-04-29,4128.56
22756,36641,2023-09-05,8258.67
22757,34274,2022-02-26,8141.04
22758,10483,2024-07-19,8298.81
22759,15003,2021-02-16,8493.72
22760,9534,2023-02-20,787.56
22761,1759,2020-02-23,7588.44
22762,34713,2025-05-26,6147.8
22763,21954,2023-05-26,2611.93
22764,17940,2020-12-04,5966.23
22765,48939,2020-05-15,6870.2
22766,1603,2021-04-30,5754.09
22767,18938,2020-01-20,3590.56
22768,47336,2024-03-13,2520.66
22769,8768,2024-01-12,954.44
22770,870,2025-06-22,663.21
22771,34094,2023-08-30,3589.13
22772,22972,2022-12-24,2441.68
22773,42170,2023-12-13,4997.48
22774,4248,2024-07-29,5680.09
22775,6051,2021-10-09,3858.33
22776,19991,2025-06-08,3863.55
22777,27144,2021-06-23,7509.14
22778,5334,2021-08-29,158.67
22779,20112,2022-07-28,9978.33
22780,24518,2020-01-16,4465.29
22781,5607,2021-04-03,5913.68
22782,10173,2020-11-15,2512.8
22783,15348,2022-08-31,2176.1
22784,20223,2021-02-24,6760.7
22785,9535,2023-02-21,9729.81
22786,42650,2021-06-28,9092.95
22787,25481,2021-06-03,9325.0
22788,44435,2022-01-14,5130.4
22789,10055,2024-12-30,3653.52
22790,37488,2021-10-14,7682.43
22791,12057,2022-02-22,5467.74
22792,16920,2025-01-01,8149.85
22793,15399,2021-11-24,7019.71
22794,33455,2020-12-24,3701.13
22795,20157,2024-10-14,776.85
22796,39525,2025-02-15,3018.62
22797,8930,2021-07-04,8323.47
22798,35682,2023-02-16,4667.97
22799,17172,2021-03-12,8232.54
22800,17157,2024-04-18,7007.93
22801,24812,2022-02-24,3158.42
22802,47524,2024-04-25,4467.69
22803,7547,2024-02-21,6602.08
22804,16062,2020-04-16,8783.72
22805,33458,2024-10-29,490.44
22806,7956,2022-11-25,9921.84
22807,47755,2021-05-17,4134.17
22808,21973,2023-07-08,1386.97
22809,5268,2022-11-17,3379.36
22810,25350,2022-08-02,7977.95
22811,30381,2020-07-15,5785.41
22812,47386,2020-11-19,1197.3
22813,24727,2023-02-28,3943.99
22814,29593,2025-05-06,649.08
22815,28676,2021-07-22,760.39
22816,26042,2023-04-18,2286.27
22817,43784,2020-11-18,3577.21
22818,36788,2021-03-31,6962.77
22819,4212,2021-06-18,268.92
22820,5987,2024-05-24,3221.19
22821,35356,2020-10-09,3639.35
22822,27636,2020-12-07,3165.08
22823,47778,2021-02-21,1508.72
22824,43195,2022-01-30,8622.45
22825,40414,2020-07-11,3279.86
22826,36241,2022-10-08,8460.26
22827,21884,2020-10-18,1980.79
22828,20513,2022-05-08,7254.91
22829,46904,2021-06-04,2085.45
22830,23357,2020-12-29,3488.57
22831,5085,2024-11-13,6806.65
22832,10097,2021-06-20,5525.22
22833,2061,2020-03-18,2740.6
22834,7464,2023-11-26,8824.73
22835,19710,2022-10-05,4777.66
22836,37223,2022-10-11,7905.54
22837,33591,2021-04-10,8635.06
22838,18446,2020-08-28,4554.45
22839,27912,2020-10-09,3397.35
22840,24736,2024-03-24,5579.21
22841,17291,2021-12-16,916.27
22842,19171,2024-09-15,6869.51
22843,32069,2023-02-12,7567.88
22844,46770,2020-02-16,1151.02
22845,31789,2022-04-29,3033.0
22846,14789,2021-11-19,7693.67
22847,31554,2024-08-04,3232.88
22848,27290,2020-03-14,6180.0
22849,39710,2024-06-07,6050.83
22850,4429,2022-02-28,2667.23
22851,31612,2021-11-29,7680.78
22852,1574,2023-03-31,4990.86
22853,11249,2025-01-13,1289.64
22854,10344,2020-12-23,1107.27
22855,45211,2024-01-16,9181.86
22856,36019,2020-01-30,3883.16
22857,29071,2022-10-21,5584.48
22858,34110,2021-06-21,6444.55
22859,21089,2020-07-17,7268.01
22860,2078,2020-09-19,4191.07
22861,46240,2020-12-30,4932.44
22862,4530,2020-01-05,7333.6
22863,17415,2021-08-18,6613.82
22864,18215,2025-03-20,6214.41
22865,5565,2021-03-23,3940.26
22866,49936,2025-02-26,9660.52
22867,25291,2020-01-23,1926.88
22868,5029,2024-07-29,1254.49
22869,23861,2023-12-25,2930.54
22870,8782,2023-05-16,2590.83
22871,19095,2020-06-17,9612.43
22872,21882,2022-08-01,182.87
22873,8379,2022-04-17,8812.92
22874,40287,2021-04-03,4123.05
22875,9244,2023-09-18,5717.81
22876,49642,2023-05-02,6966.11
22877,43973,2025-05-22,544.87
22878,9560,2023-11-10,5223.32
22879,4787,2023-09-04,492.2
22880,18130,2025-04-16,1073.17
22881,27844,2021-12-23,6311.19
22882,28887,2025-05-06,2821.27
22883,7881,2024-10-30,1507.87
22884,6259,2021-01-09,590.31
22885,4899,2023-07-28,8060.42
22886,25739,2022-05-29,6368.69
22887,46609,2022-09-24,417.93
22888,37943,2023-06-15,6373.05
22889,25170,2021-09-07,1121.19
22890,35354,2025-02-16,3341.75
22891,49711,2021-05-23,6633.18
22892,25086,2024-04-13,2919.07
22893,19953,2021-07-02,7606.92
22894,3610,2025-02-09,5234.23
22895,313,2020-08-24,2567.86
22896,40145,2021-11-11,5609.66
22897,11486,2021-01-01,438.01
22898,20047,2022-01-18,4445.46
22899,47607,2020-12-08,3322.59
22900,32751,2021-08-21,4243.45
22901,44826,2021-06-30,6151.78
22902,7209,2022-10-23,4295.51
22903,46748,2023-04-13,5588.64
22904,22517,2020-07-08,1203.08
22905,30099,2022-02-24,3167.45
22906,34560,2020-11-08,4284.39
22907,28706,2022-08-05,631.4
22908,13158,2021-08-07,9489.89
22909,27049,2024-05-02,9069.09
22910,24408,2020-01-20,3399.19
22911,36818,2022-09-10,6310.5
22912,46847,2020-07-27,4788.9
22913,17994,2020-04-18,5669.96
22914,37380,2022-06-26,1304.21
22915,37823,2021-02-20,5471.73
22916,13333,2020-05-06,2611.01
22917,13120,2025-06-12,6149.23
22918,30874,2024-06-17,7698.74
22919,15206,2020-03-10,9029.83
22920,43252,2022-08-01,432.58
22921,46149,2023-07-26,5284.42
22922,6095,2020-02-15,4140.59
22923,29592,2024-07-28,2325.82
22924,9738,2022-11-15,2713.46
22925,15825,2023-05-03,8252.1
22926,8224,2022-04-04,7401.54
22927,2633,2022-03-03,9041.88
22928,6377,2020-07-13,7870.5
22929,37263,2021-12-19,662.71
22930,40114,2020-05-03,1204.73
22931,23043,2024-08-29,6824.18
22932,32872,2021-08-02,6620.18
22933,6179,2021-11-08,8933.49
22934,33395,2025-05-18,5315.76
22935,39222,2020-04-27,5801.81
22936,31437,2020-11-15,5272.1
22937,48240,2024-10-14,6825.41
22938,43719,2025-01-19,4012.45
22939,48229,2022-01-03,6175.15
22940,26010,2023-05-07,4958.74
22941,29267,2023-11-21,9464.79
22942,7522,2023-04-16,4251.38
22943,38691,2022-12-02,1367.1
22944,12956,2020-05-14,8242.54
22945,16125,2024-02-03,5090.7
22946,40674,2024-09-03,1690.42
22947,3697,2024-01-11,9284.39
22948,16763,2022-10-27,1307.95
22949,19600,2021-06-05,776.64
22950,28592,2023-01-06,2748.66
22951,20723,2021-12-09,6583.35
22952,43488,2023-04-28,1208.14
22953,3921,2022-07-03,9678.95
22954,44376,2024-10-30,5397.13
22955,49221,2020-02-02,5779.75
22956,17100,2020-11-13,9508.76
22957,35734,2023-02-14,4730.24
22958,13324,2023-01-06,6991.39
22959,46173,2024-01-14,456.96
22960,3642,2025-04-10,465.23
22961,23335,2024-04-14,7455.71
22962,21254,2020-05-03,9380.75
22963,27656,2022-05-08,7260.17
22964,38455,2021-07-01,1629.83
22965,25950,2022-05-19,8292.44
22966,6205,2021-01-08,5958.87
22967,19710,2021-12-15,747.46
22968,2387,2021-09-10,3926.39
22969,7006,2021-09-03,7767.19
22970,22489,2020-05-23,2142.81
22971,35120,2021-08-15,8250.18
22972,48450,2020-01-19,5788.15
22973,42862,2020-06-11,4561.44
22974,35435,2023-08-10,123.17
22975,40088,2023-04-24,2669.77
22976,38264,2023-04-22,8206.44
22977,6428,2020-03-03,1157.65
22978,11298,2020-06-24,5138.24
22979,15673,2024-11-07,407.16
22980,11843,2020-11-17,2669.21
22981,49434,2022-10-10,1735.26
22982,43711,2025-03-09,4227.57
22983,41622,2020-07-09,5995.26
22984,8672,2025-02-25,4444.0
22985,6763,2021-11-29,8226.06
22986,39844,2022-12-10,1781.63
22987,41509,2025-06-07,6232.35
22988,8835,2022-04-13,8604.33
22989,30554,2023-02-14,6044.05
22990,16330,2025-03-19,4553.36
22991,23616,2020-11-03,7393.15
22992,49516,2020-11-30,1011.58
22993,40154,2021-01-08,9658.3
22994,3688,2020-11-16,3450.51
22995,15303,2022-08-23,2084.58
22996,37946,2021-10-31,9594.51
22997,16214,2021-03-03,150.4
22998,13876,2020-04-29,7898.81
22999,13579,2024-05-18,4251.57
23000,31621,2022-09-13,8127.79
23001,25926,2023-01-09,8605.27
23002,30279,2020-10-22,3218.64
23003,47726,2021-08-22,8904.06
23004,42130,2021-07-24,9900.48
23005,47055,2022-08-03,9494.87
23006,39280,2023-02-12,5331.4
23007,591,2023-09-27,2081.19
23008,46902,2024-12-11,8095.3
23009,30089,2020-09-04,9421.89
23010,23532,2023-10-20,9619.34
23011,44476,2023-07-24,8735.81
23012,25260,2020-03-31,2226.36
23013,49283,2024-12-12,6491.61
23014,43781,2023-06-26,9233.97
23015,10902,2020-02-16,4923.46
23016,23350,2023-05-14,8183.4
23017,34741,2020-11-19,1135.29
23018,16318,2022-06-02,7740.25
23019,39346,2025-02-22,741.44
23020,34923,2021-08-11,5562.73
23021,18458,2023-07-08,4340.11
23022,4009,2023-02-01,1915.65
23023,2687,2022-07-17,4426.86
23024,24200,2024-07-15,7225.37
23025,23576,2022-05-26,7638.66
23026,15336,2021-04-29,9225.59
23027,8461,2020-07-18,7004.42
23028,2379,2022-04-03,9963.63
23029,45165,2023-08-11,2933.65
23030,37611,2023-09-24,1630.99
23031,5262,2020-09-22,1063.95
23032,19502,2024-02-22,5887.44
23033,38639,2023-04-05,3529.14
23034,30861,2024-03-12,2112.43
23035,5272,2021-04-11,2207.89
23036,27024,2023-03-28,3534.83
23037,21021,2022-01-27,6893.23
23038,2067,2023-01-06,6054.57
23039,28604,2024-02-05,7946.6
23040,3551,2024-03-23,3248.48
23041,8413,2022-06-18,7170.85
23042,47392,2022-01-20,8712.2
23043,24145,2020-05-12,8399.99
23044,33351,2025-05-09,6624.36
23045,24294,2022-05-25,8509.86
23046,20805,2020-09-18,973.96
23047,46040,2022-04-07,4824.08
23048,43960,2024-10-23,2878.73
23049,23163,2024-02-20,4942.22
23050,29168,2022-05-19,1353.52
23051,31182,2020-04-10,1195.3
23052,18811,2024-06-28,1190.11
23053,8381,2022-08-08,1008.55
23054,12737,2021-09-25,4927.12
23055,17026,2024-01-30,1282.65
23056,31069,2024-02-22,8409.04
23057,4794,2021-03-02,2939.64
23058,37705,2021-12-22,9584.65
23059,4124,2020-09-11,5715.53
23060,6817,2024-12-17,6370.05
23061,3668,2023-10-12,6264.2
23062,35615,2023-04-26,3399.78
23063,11312,2023-08-15,8709.56
23064,19839,2021-03-13,9926.47
23065,1019,2021-04-09,1700.4
23066,25133,2024-08-21,4971.84
23067,43315,2021-12-25,5082.8
23068,41775,2024-03-06,7845.81
23069,25123,2024-05-29,4361.41
23070,42895,2022-08-14,6805.58
23071,45007,2021-08-14,3650.76
23072,3493,2020-03-13,713.45
23073,42040,2020-04-24,4651.17
23074,1595,2024-12-19,7571.48
23075,1945,2023-01-31,6509.86
23076,8880,2024-04-07,5310.13
23077,10326,2022-03-30,9143.74
23078,29332,2020-09-15,4869.81
23079,2959,2021-11-19,3688.64
23080,41534,2024-05-24,4022.64
23081,46094,2020-05-27,7264.9
23082,37993,2023-05-15,3356.68
23083,14514,2024-07-03,6438.03
23084,10449,2020-01-30,3919.3
23085,29765,2021-02-19,5799.77
23086,911,2024-11-18,2373.71
23087,11327,2021-08-04,2067.82
23088,5291,2021-02-18,5449.89
23089,31102,2022-06-30,2754.78
23090,47933,2022-11-18,1071.42
23091,17718,2020-10-04,2714.21
23092,16059,2024-08-30,4011.1
23093,38905,2022-07-12,3256.11
23094,40660,2024-01-26,6118.82
23095,25600,2023-01-13,3639.79
23096,45685,2022-06-22,1997.47
23097,45289,2020-03-05,9111.84
23098,32931,2020-06-06,5826.02
23099,47608,2025-05-31,2360.07
23100,26475,2023-07-05,3382.19
23101,35451,2024-04-08,5740.57
23102,21566,2023-12-27,1377.87
23103,36607,2024-01-16,3903.71
23104,25744,2022-02-18,1944.79
23105,20880,2020-09-17,3708.82
23106,30560,2024-10-27,4413.73
23107,12832,2021-06-09,5544.11
23108,8550,2020-07-22,324.75
23109,45543,2024-11-25,6959.93
23110,45303,2024-12-23,9127.3
23111,10278,2021-07-31,3089.9
23112,17063,2023-04-15,1127.93
23113,16830,2021-07-10,9030.22
23114,15807,2024-04-22,4323.68
23115,34409,2024-01-14,6910.13
23116,6160,2020-11-09,6176.91
23117,24630,2023-10-11,8566.37
23118,24318,2022-04-19,4925.48
23119,21229,2022-12-25,7050.45
23120,36751,2021-09-08,564.36
23121,40978,2021-09-09,197.93
23122,17156,2025-01-19,7800.81
23123,23077,2024-08-19,7719.37
23124,42280,2025-02-23,1610.63
23125,40004,2020-08-28,6211.29
23126,23953,2021-05-21,3411.89
23127,15313,2020-01-04,2043.31
23128,47992,2021-03-14,9387.95
23129,6832,2024-07-31,9346.27
23130,49171,2021-01-11,6784.0
23131,45654,2022-12-03,9944.99
23132,42919,2024-10-10,1851.68
23133,27371,2022-08-18,8299.13
23134,11713,2022-06-17,5654.32
23135,16693,2020-03-02,1897.63
23136,10386,2020-12-15,6282.95
23137,19239,2020-01-05,9921.72
23138,40028,2020-02-13,2300.24
23139,5581,2021-01-29,4733.21
23140,19875,2024-03-04,1073.0
23141,37193,2023-01-01,2706.38
23142,34129,2020-06-23,3031.91
23143,33551,2020-01-14,5777.67
23144,14921,2022-11-08,760.61
23145,7015,2024-03-28,8853.03
23146,12051,2025-04-03,9603.74
23147,33752,2024-04-05,6834.05
23148,44117,2022-08-16,6733.88
23149,15039,2025-01-04,3072.14
23150,45394,2023-06-12,8939.61
23151,25370,2021-07-31,8222.8
23152,9974,2022-03-08,1271.33
23153,772,2023-03-20,7193.65
23154,48578,2020-07-10,1344.03
23155,7313,2024-08-17,2442.98
23156,47092,2024-07-22,8225.63
23157,15489,2020-11-22,4816.12
23158,41549,2022-08-19,4588.85
23159,17098,2024-08-13,2613.6
23160,42065,2021-08-29,6216.44
23161,27255,2021-01-05,1499.08
23162,46293,2021-10-30,7991.56
23163,35947,2022-06-28,5379.96
23164,40031,2025-01-25,8465.63
23165,35939,2022-07-27,4994.53
23166,37770,2020-01-05,3004.14
23167,27313,2021-04-03,218.56
23168,49200,2025-03-16,4175.44
23169,47280,2021-05-03,9467.5
23170,8591,2022-11-22,8378.93
23171,26669,2023-01-21,9984.6
23172,22842,2022-04-17,1650.59
23173,37030,2022-10-20,6412.83
23174,19971,2022-10-27,1423.18
23175,46810,2023-12-23,9060.6
23176,21496,2024-12-06,3544.48
23177,4977,2023-06-26,8946.5
23178,38360,2023-01-01,2110.66
23179,37563,2021-10-18,1676.87
23180,27233,2024-10-29,1871.26
23181,26815,2023-03-03,7819.99
23182,27396,2020-02-24,8648.3
23183,33005,2021-01-19,499.58
23184,36541,2020-09-23,1570.85
23185,44886,2023-10-18,132.46
23186,49969,2023-11-25,699.44
23187,8724,2025-01-22,989.57
23188,20309,2020-09-08,3017.47
23189,41645,2024-08-29,2208.27
23190,35473,2020-07-19,6654.55
23191,25154,2024-08-06,9975.49
23192,46306,2021-07-18,6642.93
23193,36758,2020-03-31,105.93
23194,2482,2024-02-21,1386.24
23195,27078,2022-02-11,1183.43
23196,32537,2020-12-23,4234.16
23197,3199,2020-09-20,2853.53
23198,45698,2024-01-20,9644.31
23199,6135,2025-05-31,1777.72
23200,37291,2022-06-27,6691.05
23201,21905,2022-10-23,1716.05
23202,6565,2022-11-16,5469.65
23203,29108,2020-02-19,346.52
23204,3663,2025-03-07,578.62
23205,2330,2020-11-05,413.57
23206,29081,2022-06-11,1646.98
23207,41280,2021-07-21,140.38
23208,23967,2020-05-27,4974.09
23209,19358,2023-01-25,3939.73
23210,10609,2025-04-16,717.83
23211,7590,2021-09-19,873.81
23212,3708,2024-07-15,7768.4
23213,11861,2024-05-04,343.34
23214,32668,2020-04-15,9208.42
23215,23924,2022-05-05,3771.25
23216,31717,2023-09-25,1522.21
23217,42136,2020-10-09,8622.75
23218,20381,2020-01-18,3609.0
23219,8152,2023-12-06,5753.57
23220,46097,2023-10-08,4984.94
23221,5733,2021-03-17,6019.55
23222,9286,2024-07-20,1869.43
23223,7018,2020-02-01,4021.55
23224,12133,2024-03-22,3024.24
23225,33183,2023-11-23,7787.47
23226,14393,2025-02-12,7852.1
23227,21934,2023-12-13,9942.94
23228,11394,2020-06-28,9983.93
23229,41577,2022-01-24,1058.1
23230,10834,2022-11-29,4695.01
23231,12338,2023-05-31,7507.56
23232,8124,2025-03-21,6742.95
23233,49622,2024-05-04,4903.4
23234,33577,2022-05-12,1083.89
23235,44890,2023-01-18,4740.77
23236,36338,2023-06-15,9567.49
23237,206,2020-07-16,4436.82
23238,6234,2023-06-20,381.65
23239,26483,2023-12-05,4070.96
23240,170,2022-07-16,4732.1
23241,1424,2022-02-18,7417.62
23242,29862,2023-04-26,2357.44
23243,47758,2021-09-14,5858.49
23244,49572,2024-12-26,1817.16
23245,33165,2025-04-27,6198.45
23246,11451,2024-06-11,5267.5
23247,23816,2024-10-15,8608.71
23248,13399,2023-07-07,4676.43
23249,35125,2022-09-05,2926.72
23250,29387,2021-05-31,5357.13
23251,47237,2021-01-22,5638.81
23252,14071,2021-04-21,1013.08
23253,16115,2020-05-16,5745.65
23254,8472,2024-07-12,6972.75
23255,37065,2021-07-16,8856.91
23256,4587,2021-04-30,2214.4
23257,1995,2022-07-24,4617.31
23258,37162,2020-02-22,678.07
23259,8640,2024-06-21,1724.84
23260,27739,2023-05-08,9259.75
23261,48777,2022-08-28,9390.49
23262,8013,2024-11-08,509.1
23263,6205,2022-05-13,5389.97
23264,41811,2021-02-19,1461.53
23265,49224,2021-11-19,7075.02
23266,15159,2024-12-01,6270.82
23267,33220,2024-04-16,5213.96
23268,16236,2020-05-12,5245.21
23269,3865,2021-04-24,6198.13
23270,24775,2025-01-30,4459.4
23271,23352,2024-09-29,7345.92
23272,6120,2020-06-01,7151.07
23273,25751,2025-04-30,3444.45
23274,19496,2020-12-31,7231.44
23275,12659,2020-03-18,3494.88
23276,10233,2021-09-15,5922.91
23277,12765,2020-03-13,2194.19
23278,4154,2024-04-12,3225.61
23279,35364,2021-05-12,2262.21
23280,31997,2021-08-22,9891.04
23281,8906,2021-12-03,6154.62
23282,47520,2025-06-15,6776.75
23283,10479,2020-02-05,6412.58
23284,22912,2023-06-08,382.78
23285,31912,2022-05-18,7213.13
23286,42416,2022-01-22,7811.93
23287,8088,2021-05-04,3471.79
23288,18133,2025-01-21,5906.94
23289,18733,2022-07-18,373.18
23290,3949,2021-08-01,2202.53
23291,14939,2024-04-05,2002.36
23292,40463,2023-08-11,2636.84
23293,33350,2022-07-21,3881.06
23294,14041,2022-12-01,2261.96
23295,43650,2024-08-26,2363.7
23296,30714,2022-04-13,9567.07
23297,18786,2021-06-12,2606.24
23298,33409,2024-03-02,5711.94
23299,12921,2021-07-19,6457.96
23300,39094,2020-04-14,3172.77
23301,15485,2022-07-13,777.54
23302,16494,2020-06-01,4788.9
23303,3458,2023-11-29,9892.38
23304,28394,2020-01-19,2926.25
23305,39076,2021-02-16,144.11
23306,44996,2025-04-06,7988.15
23307,42524,2025-02-10,2589.04
23308,40151,2020-02-24,8520.73
23309,10343,2024-11-06,2629.26
23310,29076,2023-04-17,8727.97
23311,44197,2025-02-24,9147.85
23312,42555,2022-03-17,5849.39
23313,39980,2024-08-21,8355.38
23314,38028,2023-05-08,8682.9
23315,48160,2020-06-11,3560.4
23316,13094,2020-11-20,6619.05
23317,45599,2020-05-03,6085.6
23318,13981,2022-10-18,4342.25
23319,46818,2024-03-11,7592.09
23320,32563,2022-10-19,4769.23
23321,2461,2022-03-05,2745.69
23322,46683,2021-02-13,2845.72
23323,41791,2021-10-28,105.85
23324,18167,2023-06-30,846.15
23325,8162,2022-02-19,1498.1
23326,23377,2025-03-26,7117.14
23327,8724,2020-10-05,1257.68
23328,26271,2024-05-19,2275.28
23329,13343,2021-09-17,4810.53
23330,48103,2023-05-28,3418.1
23331,45447,2023-06-23,7839.38
23332,18656,2021-08-13,1104.46
23333,17911,2025-02-11,9819.28
23334,48908,2022-09-26,8268.7
23335,41943,2022-12-28,5028.09
23336,48061,2024-11-01,1356.02
23337,36395,2025-02-24,1054.08
23338,10749,2021-05-09,1672.98
23339,43057,2024-09-30,1880.88
23340,21867,2022-01-08,7567.67
23341,49960,2022-05-30,9727.19
23342,710,2024-08-12,7581.74
23343,10144,2024-11-15,7705.51
23344,44735,2022-08-26,9473.68
23345,32486,2021-01-14,1070.3
23346,35855,2020-01-01,1083.1
23347,41306,2023-03-12,8969.58
23348,21972,2022-08-06,5558.43
23349,27404,2023-01-22,2556.31
23350,12009,2020-03-07,2080.65
23351,6637,2021-03-29,6109.05
23352,49007,2022-09-17,6403.93
23353,47343,2022-10-25,7610.98
23354,33694,2021-12-08,6496.93
23355,19293,2021-11-26,7235.88
23356,31646,2023-07-28,7169.03
23357,34238,2023-09-16,610.56
23358,47638,2020-03-02,7142.54
23359,45803,2022-07-27,1678.92
23360,25577,2020-05-21,5057.29
23361,20753,2024-06-12,2595.86
23362,6039,2021-01-03,6837.8
23363,1049,2023-11-01,3084.51
23364,37621,2023-12-30,9133.24
23365,27462,2024-04-11,574.04
23366,31990,2022-01-02,4775.25
23367,45605,2022-12-11,4332.08
23368,43482,2022-02-06,1993.83
23369,36309,2023-06-10,792.53
23370,7958,2020-01-01,2334.42
23371,5841,2025-01-11,1383.34
23372,46539,2023-11-13,1941.71
23373,18948,2022-04-09,8602.48
23374,34874,2022-04-03,7273.39
23375,2220,2020-07-10,1503.54
23376,30993,2024-12-17,9024.27
23377,21941,2021-09-07,8883.74
23378,11539,2020-04-10,2593.54
23379,21334,2023-06-03,574.12
23380,5689,2021-01-14,6964.95
23381,36175,2022-04-13,5869.09
23382,26924,2024-03-07,3813.73
23383,47251,2021-03-04,575.65
23384,39833,2021-01-05,1387.12
23385,31741,2022-08-13,6051.57
23386,21562,2020-01-18,6747.98
23387,9484,2024-03-30,2143.55
23388,16416,2021-11-16,4531.36
23389,2479,2024-03-13,8760.9
23390,1962,2020-02-02,2479.0
23391,47068,2020-08-31,8766.93
23392,38489,2023-07-14,2956.33
23393,22579,2022-08-04,8597.49
23394,21289,2022-01-02,5821.53
23395,44006,2021-06-24,7560.27
23396,44494,2021-06-03,3470.55
23397,4991,2025-06-07,1476.89
23398,45859,2024-04-14,1572.39
23399,6741,2025-03-13,1729.84
23400,30149,2025-01-18,2092.27
23401,35880,2021-08-08,8837.65
23402,30262,2022-02-12,4946.16
23403,3026,2025-01-10,2285.22
23404,38053,2021-07-28,6313.52
23405,29612,2023-02-26,926.65
23406,48925,2021-06-04,1920.3
23407,22866,2022-03-28,5581.42
23408,10101,2024-09-11,4897.65
23409,10764,2020-11-06,2302.5
23410,17813,2024-02-23,566.46
23411,25630,2023-11-01,6058.54
23412,20777,2022-02-22,8866.99
23413,39759,2020-01-03,7711.22
23414,40675,2025-05-15,2092.85
23415,1948,2024-03-17,7004.74
23416,16990,2021-03-19,2391.54
23417,6576,2021-03-31,7670.42
23418,42297,2021-08-28,7579.92
23419,35705,2024-11-19,2288.03
23420,35547,2021-10-19,295.69
23421,22032,2022-04-08,5276.15
23422,12172,2022-12-18,6348.13
23423,12780,2024-03-18,2808.06
23424,39844,2021-06-01,4240.01
23425,34703,2022-10-01,4642.6
23426,19091,2021-09-18,7310.61
23427,730,2024-07-03,2029.04
23428,10187,2022-10-10,1013.25
23429,41950,2022-02-19,2771.6
23430,13212,2021-06-10,5028.99
23431,49615,2021-08-20,1474.77
23432,14192,2020-03-23,2364.75
23433,49163,2020-08-29,5007.72
23434,6571,2022-07-28,7242.47
23435,39765,2025-04-11,364.93
23436,39808,2020-07-24,5750.79
23437,26925,2021-08-21,3901.14
23438,4135,2022-11-14,5666.51
23439,15327,2020-06-09,6441.09
23440,8783,2020-07-11,466.18
23441,21465,2025-01-30,5430.22
23442,3224,2025-04-20,9457.5
23443,46075,2023-02-14,4284.11
23444,33709,2024-01-29,9136.09
23445,19748,2021-07-17,9717.42
23446,29548,2021-04-17,6233.18
23447,23044,2024-03-30,5220.26
23448,21185,2024-05-05,7752.27
23449,49766,2020-05-06,7913.79
23450,21387,2023-09-03,6273.71
23451,45653,2022-05-08,104.08
23452,38553,2024-05-14,6562.84
23453,44794,2022-08-09,8822.28
23454,14898,2022-03-08,772.43
23455,36722,2023-05-09,3058.32
23456,2612,2023-01-17,8584.02
23457,30982,2021-06-29,6289.2
23458,48430,2021-09-07,1230.17
23459,24278,2022-03-18,6007.29
23460,34575,2023-10-22,6218.99
23461,1654,2024-03-26,1184.97
23462,34237,2023-05-15,1801.62
23463,49441,2024-03-02,5875.09
23464,1405,2023-08-01,4188.17
23465,37151,2022-01-03,2387.02
23466,48099,2021-06-06,6308.27
23467,2594,2021-01-19,1191.23
23468,45088,2024-01-28,1220.64
23469,11845,2022-08-28,202.84
23470,36802,2021-02-16,6574.84
23471,23931,2020-07-09,9319.52
23472,30092,2024-10-05,303.72
23473,48999,2022-01-03,4077.55
23474,31726,2021-07-24,1835.71
23475,42900,2024-02-24,6497.72
23476,25870,2021-08-25,4529.6
23477,29515,2023-08-08,5938.82
23478,38367,2021-10-16,8418.01
23479,38113,2021-12-13,5732.19
23480,13914,2021-08-29,5405.19
23481,36279,2024-10-18,1521.6
23482,33827,2020-02-29,4675.25
23483,10267,2023-07-18,6314.39
23484,21125,2022-11-23,7094.01
23485,11339,2021-12-02,911.4
23486,17331,2020-01-16,6880.53
23487,8935,2022-07-07,2038.55
23488,31324,2023-08-05,6644.43
23489,48528,2023-02-23,2868.52
23490,34164,2024-06-16,5949.26
23491,42328,2022-10-20,1637.18
23492,35012,2021-04-24,9606.31
23493,43218,2020-02-01,7037.1
23494,34423,2021-02-03,2620.64
23495,12201,2023-01-07,8333.02
23496,35344,2024-10-14,9574.06
23497,35445,2021-06-23,5475.33
23498,13610,2023-03-11,3554.61
23499,18836,2022-06-08,1971.77
23500,28862,2022-02-27,6216.35
23501,21876,2023-05-24,2570.56
23502,49259,2021-01-11,8879.46
23503,45724,2024-06-22,2796.58
23504,6588,2022-09-24,1150.86
23505,17705,2022-04-18,9889.25
23506,1409,2023-03-28,3942.01
23507,31248,2020-01-22,6595.37
23508,21814,2020-01-25,2729.95
23509,40928,2024-04-30,2576.07
23510,15389,2022-12-01,4360.4
23511,23240,2025-04-07,8492.56
23512,1218,2021-06-28,5679.15
23513,38638,2021-05-21,5292.51
23514,6808,2024-06-23,3915.3
23515,24639,2020-12-11,2549.14
23516,28472,2025-05-27,7635.14
23517,27118,2025-05-02,254.45
23518,35086,2022-03-25,9382.41
23519,36789,2021-08-04,7721.73
23520,48766,2021-04-11,3263.68
23521,42156,2021-05-12,8393.52
23522,18091,2023-08-28,3464.39
23523,17537,2020-06-01,3245.42
23524,21366,2023-08-30,3144.01
23525,8832,2020-07-20,4075.32
23526,39563,2025-03-06,8285.45
23527,10388,2021-07-13,2671.68
23528,41721,2025-01-16,6229.47
23529,23631,2020-04-16,1735.55
23530,34012,2023-05-10,9891.46
23531,47509,2021-04-08,2305.57
23532,23369,2022-06-29,8341.26
23533,18836,2021-01-03,2424.91
23534,44650,2020-08-13,4528.9
23535,8127,2022-07-30,2674.49
23536,9807,2020-04-13,7412.57
23537,47852,2025-01-19,6663.12
23538,7274,2024-01-01,1264.41
23539,9313,2022-09-01,8036.42
23540,39390,2024-05-19,8998.91
23541,20304,2021-05-18,753.94
23542,45929,2021-03-21,1067.53
23543,2609,2024-01-17,692.7
23544,17830,2022-03-30,2670.95
23545,3800,2022-10-15,9385.57
23546,44633,2020-05-26,1976.37
23547,15771,2022-07-27,9618.39
23548,9541,2021-06-01,3096.27
23549,44978,2023-10-26,7769.77
23550,26069,2021-03-27,5967.12
23551,11691,2024-07-31,2297.66
23552,23907,2021-09-23,8640.59
23553,28998,2020-06-19,536.52
23554,18441,2021-07-20,207.73
23555,19437,2021-01-15,4407.53
23556,29787,2021-09-22,4252.27
23557,18718,2023-06-23,6619.69
23558,13455,2022-01-13,410.45
23559,43424,2024-07-30,6855.87
23560,29396,2022-04-12,5496.24
23561,48060,2021-11-21,3339.13
23562,9143,2024-01-10,4814.93
23563,18210,2024-09-15,753.74
23564,45040,2021-12-21,4499.43
23565,46141,2020-08-20,5511.83
23566,35156,2022-09-14,6473.34
23567,6963,2021-01-17,186.67
23568,49338,2022-05-30,7695.97
23569,15452,2023-03-09,3076.93
23570,34023,2021-07-11,3649.88
23571,36377,2020-12-26,7519.45
23572,38027,2022-05-20,9835.16
23573,882,2024-12-12,5491.05
23574,49928,2023-01-06,1152.52
23575,24347,2024-01-17,6364.65
23576,44908,2021-07-12,9999.18
23577,29334,2021-03-19,127.28
23578,24929,2021-07-22,609.44
23579,10279,2020-03-03,4498.01
23580,33865,2023-08-02,237.66
23581,7030,2024-11-07,3357.37
23582,4118,2021-04-18,2216.44
23583,49865,2020-03-24,6020.61
23584,40991,2020-01-05,2254.61
23585,19746,2024-08-05,3047.69
23586,19268,2025-03-28,9378.02
23587,11707,2024-12-27,6550.49
23588,17845,2025-04-21,7800.94
23589,30057,2021-08-11,5401.97
23590,10211,2021-03-02,1173.34
23591,10966,2020-01-11,4488.99
23592,4150,2022-06-12,2196.64
23593,3654,2024-11-26,2705.52
23594,16481,2020-02-20,8432.0
23595,9077,2023-11-20,8954.13
23596,41490,2021-05-17,2315.79
23597,36488,2021-01-07,4487.88
23598,44679,2021-03-15,9694.04
23599,16263,2022-09-05,6160.21
23600,6462,2023-11-27,8098.01
23601,13682,2025-04-04,5445.81
23602,39987,2024-08-04,4928.0
23603,49119,2023-09-22,7276.8
23604,6431,2021-07-31,3259.76
23605,37514,2024-06-26,6462.19
23606,36436,2024-03-08,5232.36
23607,28915,2021-02-25,7293.35
23608,38179,2022-09-07,1459.85
23609,33181,2022-07-04,6782.55
23610,10462,2020-06-28,6421.23
23611,26465,2023-12-01,9043.74
23612,9064,2020-04-03,3820.24
23613,30449,2021-07-30,8553.48
23614,23522,2020-01-06,446.38
23615,43793,2023-05-15,2894.6
23616,17890,2022-07-01,1027.03
23617,96,2023-12-14,2578.02
23618,16609,2023-05-26,3441.49
23619,42533,2021-05-16,6231.28
23620,11610,2022-04-09,734.53
23621,13279,2021-11-29,2177.43
23622,23836,2021-03-25,7290.19
23623,48382,2022-10-04,6906.74
23624,34470,2023-04-19,5812.54
23625,20204,2024-02-25,7074.94
23626,8330,2024-12-07,7243.43
23627,11118,2021-09-10,2168.52
23628,15076,2021-09-15,5362.04
23629,4691,2020-05-17,7196.78
23630,21020,2020-01-04,6720.9
23631,20165,2022-07-03,4744.28
23632,31832,2024-10-19,4349.18
23633,32117,2025-01-19,2617.68
23634,19066,2025-05-12,3918.98
23635,30087,2021-04-10,6653.72
23636,45396,2020-12-29,4028.98
23637,9730,2021-08-20,5771.51
23638,16107,2021-07-27,9448.71
23639,11530,2023-12-20,566.46
23640,22610,2022-11-18,7571.31
23641,41826,2023-05-15,7305.75
23642,21194,2022-07-28,5095.58
23643,35174,2024-03-15,1548.99
23644,43808,2024-12-29,3631.07
23645,32949,2021-03-01,3166.74
23646,38403,2023-11-19,7152.07
23647,29687,2022-04-06,5077.61
23648,14896,2024-10-13,3576.84
23649,25736,2024-02-07,6454.03
23650,5385,2023-06-23,2646.26
23651,203,2023-10-26,6449.28
23652,21986,2020-05-22,9755.72
23653,42840,2024-11-19,2143.58
23654,43141,2021-10-04,1064.84
23655,1121,2025-06-22,9294.73
23656,49146,2022-11-17,3653.73
23657,3959,2023-02-13,6694.04
23658,32862,2023-12-31,3548.35
23659,25616,2022-01-21,8309.68
23660,49626,2021-11-12,4948.26
23661,21964,2020-01-15,3194.96
23662,211,2020-02-09,8196.9
23663,41059,2024-02-06,2665.67
23664,28692,2020-02-03,7288.26
23665,24597,2021-07-01,3343.65
23666,40117,2020-10-09,4527.59
23667,39606,2021-02-01,6300.08
23668,49713,2020-08-29,6575.1
23669,40336,2020-05-10,4728.57
23670,36112,2020-05-10,1529.0
23671,13335,2024-06-10,7553.78
23672,108,2024-09-28,8862.96
23673,21316,2022-04-13,9174.82
23674,5797,2020-07-06,1075.84
23675,18456,2021-02-25,7212.43
23676,32573,2021-04-28,2163.62
23677,19208,2023-02-22,1113.92
23678,42603,2024-07-23,804.09
23679,30237,2020-04-24,143.03
23680,2163,2021-04-07,9229.41
23681,22922,2025-01-31,6089.68
23682,33720,2020-04-09,6072.84
23683,46962,2024-02-08,8132.58
23684,2668,2021-12-18,8631.25
23685,42569,2024-12-08,145.17
23686,28310,2022-11-19,7570.96
23687,29450,2022-06-22,3950.77
23688,19028,2021-08-30,3345.88
23689,30100,2022-02-04,7471.53
23690,48947,2024-12-16,4358.75
23691,13915,2022-05-23,9863.27
23692,46069,2020-08-30,8444.82
23693,19558,2020-03-19,1997.66
23694,28938,2020-07-09,5182.19
23695,32040,2022-04-25,7071.81
23696,4342,2024-08-16,3396.3
23697,811,2025-04-28,1761.58
23698,1011,2022-04-04,4460.98
23699,29848,2024-10-12,1326.07
23700,13686,2022-04-07,2432.99
23701,40282,2024-04-04,7229.96
23702,12959,2024-03-06,4112.46
23703,15855,2020-04-24,4444.77
23704,8190,2023-07-29,6327.61
23705,18235,2022-10-13,3874.83
23706,1142,2021-04-24,4511.55
23707,41667,2024-12-19,7563.71
23708,4031,2022-08-17,5287.81
23709,7542,2024-03-29,8375.68
23710,47233,2020-03-26,6633.84
23711,31947,2022-01-03,4685.57
23712,36845,2024-06-15,9121.75
23713,28485,2022-06-12,4223.08
23714,20679,2024-03-11,9567.34
23715,17151,2021-07-03,8852.86
23716,1101,2025-01-05,3179.73
23717,42431,2023-04-23,322.71
23718,3498,2024-04-14,2899.78
23719,9887,2024-11-13,4669.3
23720,14093,2022-06-17,8987.4
23721,17857,2022-01-29,2088.99
23722,23665,2023-06-04,9568.97
23723,13863,2025-06-10,9811.86
23724,26465,2024-05-09,4806.3
23725,30719,2022-09-25,1548.4
23726,37162,2023-10-09,7610.09
23727,12668,2023-02-06,3551.19
23728,32935,2021-12-15,3366.83
23729,10602,2020-11-28,1091.52
23730,19910,2021-07-31,9764.47
23731,22121,2021-11-06,8950.76
23732,2807,2025-05-26,3023.46
23733,4553,2024-08-20,734.14
23734,17243,2021-04-08,4907.14
23735,41885,2021-03-13,1833.94
23736,26265,2025-05-05,4978.19
23737,41675,2024-10-08,7777.75
23738,35593,2023-09-28,3800.47
23739,16035,2025-05-20,5814.55
23740,29467,2025-03-05,5536.86
23741,45997,2023-10-20,4078.01
23742,19693,2023-09-22,9683.49
23743,22515,2024-10-11,3477.39
23744,9643,2024-08-22,435.43
23745,24637,2020-01-16,8475.79
23746,38597,2025-01-30,9315.65
23747,35728,2020-05-21,4907.24
23748,4188,2020-03-06,911.67
23749,25474,2021-12-10,979.3
23750,45290,2022-09-12,5724.26
23751,33738,2025-05-28,1276.35
23752,2579,2021-07-09,2041.83
23753,37882,2021-10-09,7832.1
23754,49940,2023-01-16,2296.51
23755,9212,2020-07-04,3917.86
23756,30652,2020-02-08,3784.53
23757,1654,2023-08-22,4457.58
23758,32112,2021-03-02,4260.63
23759,1261,2024-04-15,5267.04
23760,3363,2020-03-04,5354.35
23761,5481,2023-01-13,2320.31
23762,31882,2024-08-10,1580.52
23763,27248,2023-07-05,1940.41
23764,26866,2020-10-25,2122.7
23765,20772,2024-11-26,8227.88
23766,32632,2024-04-24,9308.4
23767,25336,2020-02-27,7415.75
23768,35894,2022-05-01,511.67
23769,6672,2023-02-10,6034.26
23770,36914,2020-03-26,7829.41
23771,11039,2020-09-25,5263.07
23772,22717,2021-05-26,892.06
23773,48042,2020-05-02,5169.08
23774,11777,2024-01-31,6409.83
23775,42967,2023-02-05,5738.76
23776,19633,2024-11-17,7244.13
23777,14555,2023-05-31,2745.25
23778,27283,2022-07-07,7005.84
23779,23248,2023-12-04,3397.04
23780,38144,2022-01-16,7158.78
23781,11065,2023-06-22,4935.45
23782,14984,2020-08-09,7850.77
23783,2238,2021-09-27,5074.77
23784,5968,2024-11-07,2948.01
23785,34252,2020-11-24,9898.9
23786,21513,2023-12-17,2497.03
23787,39792,2021-11-12,4085.96
23788,13992,2020-09-01,7774.47
23789,30181,2021-06-27,5226.58
23790,13501,2025-05-17,6862.5
23791,39959,2025-01-05,4930.88
23792,297,2020-03-16,6144.03
23793,47432,2023-11-04,5171.25
23794,16023,2021-12-16,9917.73
23795,21460,2020-03-31,2154.15
23796,1776,2020-10-28,8926.27
23797,16395,2021-06-21,4698.74
23798,19598,2020-04-16,349.29
23799,10759,2024-12-10,9781.97
23800,5243,2023-05-14,8707.84
23801,37308,2021-01-29,828.41
23802,28184,2021-09-01,3896.8
23803,31463,2024-09-13,8648.72
23804,9092,2022-10-28,5115.76
23805,21743,2021-11-09,9246.81
23806,22683,2020-01-15,6002.52
23807,11198,2024-11-30,8116.03
23808,41991,2020-07-11,4556.64
23809,12726,2021-11-05,1017.92
23810,40408,2021-05-15,2347.27
23811,26057,2020-01-06,1442.61
23812,7617,2020-04-24,8038.28
23813,42722,2022-12-25,9244.49
23814,6760,2024-11-09,2383.41
23815,29535,2022-09-05,3284.83
23816,8807,2020-04-04,7423.36
23817,14167,2023-04-19,4390.71
23818,23491,2021-12-23,8121.14
23819,45716,2025-04-26,3252.67
23820,25786,2025-06-15,5322.9
23821,4784,2020-01-19,8356.5
23822,20378,2021-06-08,3564.21
23823,10144,2022-08-15,6448.15
23824,41256,2020-05-03,6497.62
23825,39429,2020-09-20,3584.1
23826,522,2021-01-11,7461.52
23827,48612,2025-01-27,5332.59
23828,36384,2023-01-20,5980.97
23829,14269,2023-10-02,3966.48
23830,1621,2021-07-21,990.59
23831,28586,2020-04-26,7013.66
23832,22386,2023-08-10,3495.96
23833,505,2020-12-27,6123.88
23834,40218,2022-04-20,9087.86
23835,8087,2024-12-11,8366.21
23836,19849,2024-05-16,6329.64
23837,48581,2023-04-27,2351.83
23838,6199,2023-08-18,5211.68
23839,37512,2023-12-12,3811.06
23840,23532,2024-04-09,5951.46
23841,23608,2024-03-16,7340.21
23842,25527,2021-04-03,7289.99
23843,9966,2023-07-18,663.92
23844,26443,2021-04-18,3790.52
23845,8248,2024-05-01,3961.49
23846,12452,2020-06-14,1953.93
23847,24466,2023-03-30,4918.02
23848,20255,2022-03-27,2862.96
23849,2537,2022-05-16,3539.19
23850,43016,2022-10-02,5768.67
23851,23140,2021-02-14,8489.72
23852,24563,2023-12-30,4340.44
23853,32915,2022-04-23,5447.11
23854,30102,2021-12-24,7972.78
23855,43147,2023-07-15,4354.24
23856,4291,2021-01-12,3923.2
23857,16842,2022-01-31,6692.66
23858,29101,2021-03-20,2781.7
23859,8387,2023-12-15,382.0
23860,30331,2020-01-06,1430.67
23861,41255,2022-09-06,2827.38
23862,32505,2023-05-23,8112.2
23863,28069,2021-04-07,2184.09
23864,34866,2021-01-17,6244.66
23865,7438,2023-10-03,3162.34
23866,45876,2022-03-12,682.4
23867,47482,2023-11-16,8338.21
23868,5724,2022-09-06,9341.73
23869,32286,2021-06-01,1746.05
23870,49310,2020-07-06,5146.57
23871,28793,2020-06-02,2949.85
23872,23195,2023-04-15,5543.84
23873,35394,2024-12-14,7054.16
23874,32869,2020-05-06,9847.04
23875,13645,2023-03-11,3548.77
23876,9511,2022-07-04,2619.09
23877,21930,2023-12-20,6716.33
23878,15444,2022-01-18,8445.91
23879,23359,2021-01-03,376.2
23880,33639,2022-08-18,529.09
23881,22583,2024-06-10,5854.6
23882,10386,2025-01-27,1391.41
23883,34466,2024-05-12,6328.39
23884,49849,2022-01-13,5702.84
23885,18800,2025-04-19,8033.99
23886,5293,2025-05-18,7992.69
23887,1617,2021-02-26,8341.22
23888,7063,2022-07-03,9349.14
23889,19487,2022-06-22,5943.44
23890,25993,2020-09-09,1533.38
23891,27427,2021-10-25,9154.7
23892,38297,2022-06-03,9965.74
23893,47783,2024-11-06,480.8
23894,14238,2020-09-04,6059.84
23895,20741,2020-01-16,3804.66
23896,17052,2023-11-21,3107.13
23897,40565,2023-02-11,7715.81
23898,7687,2022-10-13,3083.7
23899,5994,2021-02-17,1581.79
23900,29942,2023-03-10,2502.06
23901,25464,2024-10-14,5419.99
23902,21930,2020-12-04,2616.4
23903,45866,2020-06-03,3560.06
23904,35641,2021-02-25,5790.74
23905,20198,2021-05-06,6951.56
23906,27072,2020-02-07,793.4
23907,36476,2023-04-17,4173.65
23908,41177,2023-03-20,7173.27
23909,37394,2021-10-17,3345.77
23910,34933,2022-12-05,7598.75
23911,10479,2024-10-17,3490.28
23912,44634,2021-05-25,7617.02
23913,19373,2022-07-28,9562.36
23914,46356,2020-04-23,5091.09
23915,40768,2021-12-20,4879.28
23916,47902,2023-12-27,4896.24
23917,13052,2023-11-24,9528.4
23918,27242,2023-07-14,1676.82
23919,47479,2021-02-13,7428.93
23920,49442,2025-06-22,6928.37
23921,32931,2020-08-20,6361.17
23922,21374,2020-01-15,7420.15
23923,30917,2023-04-24,3261.17
23924,32569,2020-12-03,9287.44
23925,47631,2022-05-21,9087.3
23926,7631,2022-11-07,2381.75
23927,1564,2024-11-20,5192.16
23928,32780,2022-01-08,3204.49
23929,37059,2023-05-05,7928.67
23930,1290,2022-04-13,9012.9
23931,1799,2023-08-02,5396.07
23932,22187,2020-06-07,3274.23
23933,47441,2024-08-15,6489.72
23934,45871,2023-10-18,1510.08
23935,49905,2022-05-12,5137.6
23936,21998,2024-01-30,7610.52
23937,3317,2020-07-28,2701.57
23938,44060,2022-08-17,3980.18
23939,31506,2021-05-10,6577.89
23940,2413,2022-07-17,9600.72
23941,37811,2022-10-01,885.87
23942,27685,2020-05-10,1640.38
23943,37836,2021-06-13,1366.72
23944,30088,2023-10-11,2284.12
23945,20222,2021-03-11,700.04
23946,41832,2022-05-07,3685.21
23947,23145,2022-05-09,2878.13
23948,3068,2023-08-04,2061.41
23949,23795,2024-05-03,2648.49
23950,14291,2020-06-13,6470.8
23951,25542,2020-03-11,6920.67
23952,2012,2023-07-31,9291.95
23953,47148,2022-11-21,2181.93
23954,11442,2020-06-17,1099.95
23955,29843,2021-02-23,680.25
23956,25137,2020-03-26,4981.65
23957,42051,2025-04-12,6494.57
23958,3486,2024-12-13,2472.63
23959,24485,2022-10-30,6690.63
23960,12123,2022-05-08,1955.16
23961,1478,2021-06-12,2302.03
23962,43629,2020-12-17,6675.83
23963,8401,2024-05-10,9549.03
23964,3887,2022-09-30,9041.08
23965,25566,2022-01-15,367.52
23966,44239,2020-05-18,9815.64
23967,7251,2020-10-27,3708.33
23968,45342,2022-05-06,5587.27
23969,47976,2020-05-06,3518.73
23970,7625,2021-06-12,8261.62
23971,1659,2020-07-10,6756.62
23972,29090,2021-04-19,8784.26
23973,9454,2024-07-15,2200.04
23974,24922,2024-05-09,6440.13
23975,4462,2020-07-25,5363.31
23976,20837,2023-07-08,5929.51
23977,12349,2020-04-16,3717.49
23978,27008,2024-07-13,163.73
23979,23715,2023-09-18,7076.16
23980,37442,2024-11-21,7172.01
23981,14349,2025-02-04,8713.49
23982,10812,2020-02-11,9628.96
23983,19563,2021-12-24,2071.11
23984,1289,2025-02-01,774.31
23985,14229,2020-12-13,7870.57
23986,47017,2020-05-10,8799.1
23987,11372,2023-01-25,1794.65
23988,13121,2022-04-13,1179.63
23989,35505,2021-05-19,8503.06
23990,27461,2022-08-13,9779.71
23991,49420,2023-08-01,4137.5
23992,39147,2024-01-25,9058.81
23993,13205,2022-06-21,7736.76
23994,38717,2024-07-01,2966.05
23995,6359,2021-10-05,1654.14
23996,20936,2023-04-16,2030.44
23997,19034,2022-02-27,5308.54
23998,17103,2023-05-25,4033.7
23999,17573,2021-01-27,9590.17
24000,5161,2024-09-19,4211.81
24001,5333,2022-08-29,1061.81
24002,5581,2020-01-12,1282.92
24003,19591,2020-11-07,9066.89
24004,22561,2021-05-31,5228.93
24005,49667,2025-06-05,9459.87
24006,15911,2024-02-09,9507.18
24007,11616,2024-12-23,9631.54
24008,35561,2024-06-26,9222.91
24009,21493,2020-06-25,8890.0
24010,8872,2023-07-23,6245.98
24011,4596,2021-10-01,9521.9
24012,26098,2020-10-11,7975.65
24013,5399,2023-06-24,6844.33
24014,36290,2023-05-19,8952.67
24015,44768,2020-10-18,8105.55
24016,8494,2023-01-25,3875.25
24017,17685,2021-10-09,2870.44
24018,1475,2023-03-27,1592.55
24019,45850,2023-04-27,9511.21
24020,42649,2023-06-29,949.07
24021,11478,2022-05-15,7727.46
24022,21105,2020-12-16,3924.87
24023,42352,2022-10-14,4716.88
24024,20436,2021-01-19,1299.48
24025,10933,2025-05-08,1274.45
24026,23581,2024-01-30,3577.25
24027,33125,2022-10-11,7160.06
24028,31123,2024-09-05,2753.58
24029,13928,2022-02-24,6993.25
24030,21599,2020-11-06,9966.57
24031,40078,2023-02-07,4304.15
24032,39915,2021-08-15,9361.61
24033,45181,2020-04-15,886.24
24034,49039,2021-06-26,3203.22
24035,42047,2020-03-04,6030.06
24036,30068,2023-07-23,2226.4
24037,30924,2023-10-31,3794.94
24038,26944,2020-10-11,4568.4
24039,6283,2020-08-18,6774.11
24040,42159,2025-05-16,2257.42
24041,16137,2020-07-01,3592.08
24042,1516,2024-05-27,9551.08
24043,31329,2022-07-14,2735.29
24044,21686,2021-06-28,7379.32
24045,35446,2021-10-19,8722.68
24046,49051,2022-08-02,6745.98
24047,19170,2020-06-29,7907.01
24048,16881,2025-01-16,9842.0
24049,23681,2020-09-22,3385.28
24050,22026,2025-01-30,2655.84
24051,1677,2024-04-12,4558.36
24052,17053,2023-10-08,6419.36
24053,34415,2021-05-01,1160.95
24054,21765,2022-06-09,618.86
24055,28619,2022-07-02,1462.3
24056,48181,2025-03-13,1752.82
24057,3163,2024-02-25,488.83
24058,38567,2024-05-15,5963.64
24059,4532,2022-06-23,5845.83
24060,2779,2023-05-28,4845.66
24061,14059,2024-09-19,1394.02
24062,45671,2024-06-10,9471.19
24063,11822,2021-10-27,7083.77
24064,25689,2022-10-05,1104.15
24065,22823,2020-02-12,5808.33
24066,19498,2021-06-28,493.76
24067,29360,2022-02-26,4105.2
24068,10823,2022-11-05,8100.91
24069,31193,2025-02-17,5359.8
24070,49227,2021-11-02,1050.57
24071,32537,2024-07-11,8482.47
24072,13267,2021-06-06,837.52
24073,49540,2022-10-02,4923.06
24074,34274,2023-02-05,5186.92
24075,45596,2021-09-07,7758.99
24076,976,2020-11-13,9857.92
24077,12290,2024-07-04,4049.0
24078,19994,2024-03-15,6443.85
24079,17224,2024-08-16,5251.03
24080,42155,2023-02-16,889.17
24081,15834,2020-01-01,7993.06
24082,22037,2022-01-11,5275.06
24083,43826,2022-02-18,6105.72
24084,47889,2020-11-08,3451.07
24085,22814,2023-01-01,9156.61
24086,6899,2025-01-15,6905.62
24087,29483,2020-11-23,3634.25
24088,4221,2024-03-10,5018.36
24089,31035,2021-08-29,3125.93
24090,32315,2023-05-20,6424.55
24091,20524,2020-05-26,8107.03
24092,11807,2024-06-19,3494.35
24093,42732,2020-04-28,8203.0
24094,10405,2025-04-08,9276.27
24095,28006,2020-10-13,4010.78
24096,36655,2020-01-22,2387.77
24097,43771,2022-09-06,9440.25
24098,15872,2020-04-30,642.07
24099,29383,2023-01-04,4885.06
24100,11483,2023-01-11,7814.54
24101,33434,2020-12-22,554.58
24102,6328,2021-07-31,6440.07
24103,42367,2023-07-07,8406.44
24104,49555,2021-10-31,3050.62
24105,37305,2020-05-30,3172.21
24106,12865,2022-08-11,434.78
24107,31099,2022-02-27,5555.03
24108,39586,2025-05-27,708.28
24109,48800,2022-08-12,121.99
24110,46550,2025-02-03,1356.44
24111,14387,2021-06-02,4403.15
24112,45332,2024-05-30,7492.47
24113,44986,2020-04-14,6783.66
24114,9052,2020-07-21,3192.27
24115,3629,2024-04-30,3277.76
24116,43123,2023-05-14,6610.28
24117,49288,2022-08-16,7102.64
24118,32111,2025-01-04,7256.51
24119,47125,2020-07-13,1668.19
24120,45586,2020-11-18,744.47
24121,49514,2024-06-23,5095.25
24122,3343,2024-11-16,4046.93
24123,2954,2024-06-26,9299.86
24124,24795,2020-08-03,157.01
24125,26943,2024-08-31,8108.54
24126,22994,2020-02-01,9919.62
24127,28793,2022-01-03,8518.76
24128,16446,2021-11-06,8166.29
24129,2022,2022-06-17,322.49
24130,1006,2024-01-17,8667.53
24131,36276,2025-03-02,5883.02
24132,13187,2022-12-29,6574.47
24133,40065,2021-11-26,4029.77
24134,29942,2021-09-10,9445.62
24135,26634,2021-08-02,5278.43
24136,49969,2022-12-27,6214.65
24137,577,2023-03-10,2168.26
24138,11248,2022-08-02,5625.65
24139,39671,2022-02-01,2284.4
24140,15777,2023-06-12,1234.06
24141,24925,2022-08-20,5198.92
24142,27043,2023-10-10,8476.46
24143,25779,2021-05-06,8786.31
24144,20534,2022-03-25,9376.09
24145,16703,2024-06-03,9369.11
24146,29742,2022-11-13,9689.74
24147,4526,2022-11-29,7245.21
24148,27001,2024-08-14,1204.14
24149,40114,2023-08-29,6216.67
24150,43527,2020-12-31,6128.16
24151,40532,2024-08-14,1161.36
24152,39403,2023-06-07,7057.99
24153,18134,2022-04-16,4198.68
24154,29930,2023-09-04,795.21
24155,2060,2021-05-14,9357.06
24156,14886,2023-03-16,1998.75
24157,43871,2025-01-27,1327.15
24158,16365,2021-03-30,2106.85
24159,24213,2023-08-02,7666.4
24160,28055,2021-08-23,7734.95
24161,31199,2025-06-07,948.89
24162,11180,2025-04-05,5176.49
24163,20140,2023-05-08,6932.26
24164,21470,2025-02-02,6861.31
24165,22742,2020-09-04,6742.28
24166,10989,2021-05-09,4300.62
24167,25621,2023-06-01,4150.49
24168,21353,2023-06-15,9201.95
24169,32604,2022-09-24,9537.52
24170,49895,2022-06-20,1846.06
24171,445,2021-09-11,9955.46
24172,4816,2024-09-23,1462.08
24173,35027,2024-11-11,7885.41
24174,31384,2024-02-20,1132.39
24175,8299,2021-08-31,6277.96
24176,25247,2024-10-30,5585.45
24177,6661,2024-12-06,9987.16
24178,3537,2022-01-27,5230.34
24179,19137,2024-08-14,6373.72
24180,9893,2023-06-05,7232.79
24181,31008,2024-07-24,7282.75
24182,16066,2021-07-12,6413.27
24183,28450,2024-10-30,7867.86
24184,21533,2024-02-07,7348.49
24185,19574,2024-06-11,3745.11
24186,4229,2024-10-09,1300.52
24187,32926,2025-01-12,9040.7
24188,11437,2023-10-07,196.7
24189,24210,2022-08-09,2116.43
24190,26958,2022-12-12,5545.23
24191,40357,2021-12-20,7897.48
24192,5380,2021-04-01,2214.62
24193,49110,2025-02-14,6384.57
24194,19313,2020-11-01,3842.37
24195,13870,2024-12-12,134.03
24196,28540,2023-07-07,7179.83
24197,48003,2024-02-29,6287.39
24198,14133,2022-06-25,649.52
24199,40600,2022-11-13,8708.34
24200,39778,2020-08-26,1785.55
24201,16520,2023-03-28,8062.92
24202,20696,2025-01-15,4082.5
24203,6608,2023-09-29,2259.89
24204,38534,2023-10-31,5895.87
24205,31968,2023-01-16,4566.03
24206,30439,2023-06-28,9014.52
24207,42838,2025-03-24,6477.63
24208,7663,2023-01-16,8221.22
24209,48841,2023-10-11,516.91
24210,33810,2020-06-08,4806.06
24211,5324,2023-01-07,3321.8
24212,43355,2024-02-02,1682.09
24213,28780,2020-11-10,9744.87
24214,27047,2024-02-14,6929.99
24215,34671,2022-01-12,3159.89
24216,1537,2021-06-07,4369.57
24217,43023,2022-02-23,5209.01
24218,48782,2024-11-03,250.61
24219,20045,2021-09-09,7765.56
24220,28783,2022-06-16,8094.0
24221,8309,2023-12-17,7289.29
24222,44914,2022-10-10,3832.46
24223,19524,2022-03-28,1085.43
24224,22312,2021-03-29,149.25
24225,40851,2022-03-29,4420.31
24226,9707,2025-05-04,9501.91
24227,31336,2022-01-22,4712.86
24228,12415,2020-06-01,8992.18
24229,48714,2020-09-03,5990.37
24230,42109,2020-11-08,6252.04
24231,28930,2022-07-12,8037.9
24232,43359,2025-01-10,2952.78
24233,17196,2020-10-08,5343.7
24234,11513,2020-07-14,1001.01
24235,5638,2020-01-29,9555.28
24236,11307,2020-03-19,9945.44
24237,36605,2020-07-01,5745.94
24238,34195,2022-01-07,9224.33
24239,47250,2025-03-31,8369.75
24240,40222,2023-10-08,5304.26
24241,32967,2024-06-03,6242.7
24242,32145,2024-04-24,7318.13
24243,28277,2025-03-09,3381.96
24244,2229,2021-05-31,3165.25
24245,8132,2022-04-05,8304.32
24246,20611,2024-03-03,1968.33
24247,17151,2022-05-15,2439.84
24248,17817,2025-06-03,5963.82
24249,32932,2022-07-06,4034.08
24250,43342,2020-02-06,1398.5
24251,29847,2020-03-14,9840.59
24252,35577,2023-02-18,4785.35
24253,42674,2024-04-15,9989.47
24254,18546,2024-11-20,4568.46
24255,3676,2022-11-03,7873.04
24256,25548,2020-10-16,7068.53
24257,1992,2021-07-18,3329.36
24258,42654,2023-09-24,924.59
24259,33596,2024-06-24,1601.92
24260,39273,2021-06-16,478.8
24261,26813,2022-03-15,6605.48
24262,49382,2023-12-02,749.01
24263,47854,2024-06-19,3031.23
24264,17158,2025-01-29,1234.6
24265,41477,2025-02-28,5877.09
24266,16131,2023-06-06,7045.17
24267,20554,2025-03-08,4510.72
24268,35870,2022-02-23,9583.35
24269,43344,2022-03-24,2763.06
24270,19723,2020-08-15,9922.36
24271,39555,2020-06-07,5892.64
24272,12303,2022-12-09,8618.06
24273,9782,2023-04-16,1287.88
24274,20097,2020-10-25,9838.28
24275,9229,2021-06-12,7575.0
24276,42296,2025-02-12,5986.87
24277,28583,2024-09-29,148.15
24278,36710,2022-01-03,141.72
24279,11331,2024-08-09,1772.14
24280,20382,2022-08-03,4131.34
24281,38508,2020-07-08,3029.46
24282,6569,2025-04-30,8512.43
24283,44122,2024-04-24,7539.02
24284,45451,2020-02-06,8930.12
24285,34380,2024-06-18,3802.0
24286,8144,2021-10-17,7888.83
24287,23158,2020-03-17,8443.05
24288,38486,2021-04-07,9971.2
24289,45846,2024-04-10,7792.04
24290,29350,2024-01-06,8600.67
24291,37388,2021-04-21,3108.38
24292,2866,2024-09-24,6731.23
24293,42257,2025-05-06,6649.79
24294,38120,2024-12-30,5875.77
24295,18080,2020-11-11,9637.64
24296,38821,2020-05-03,4231.92
24297,25283,2023-12-29,8692.79
24298,18201,2022-05-15,653.99
24299,7251,2020-11-15,4155.27
24300,16229,2021-04-26,822.08
24301,32370,2025-04-24,5981.5
24302,27750,2023-11-05,5964.46
24303,14441,2021-10-08,3532.45
24304,43825,2024-09-24,9070.51
24305,42027,2022-04-12,1708.5
24306,44271,2020-07-10,4696.28
24307,47379,2023-03-15,5941.59
24308,47952,2021-04-24,2062.68
24309,12385,2024-02-11,8211.18
24310,3381,2021-12-01,4610.38
24311,41189,2020-05-07,5279.27
24312,10772,2024-11-23,4123.74
24313,27456,2023-05-18,6099.85
24314,8624,2022-11-05,8158.5
24315,17320,2022-04-12,3418.68
24316,2046,2021-03-20,3113.24
24317,18200,2023-09-16,9127.76
24318,33606,2022-06-12,9992.75
24319,33676,2020-07-10,2355.33
24320,37504,2020-10-12,2248.79
24321,5892,2022-01-14,1565.16
24322,8816,2024-07-19,2998.33
24323,28621,2021-08-26,5014.03
24324,13295,2025-02-24,147.97
24325,46485,2021-10-11,2485.78
24326,26309,2021-08-09,8599.53
24327,17805,2024-07-12,1326.16
24328,8556,2025-03-15,8395.83
24329,23645,2024-02-24,5643.88
24330,32407,2020-03-10,2725.92
24331,29002,2022-03-07,4614.8
24332,38356,2020-01-22,1791.69
24333,33113,2021-02-01,6000.66
24334,17060,2022-06-20,909.11
24335,40458,2020-10-26,6149.25
24336,6706,2020-03-03,4802.86
24337,11029,2021-11-20,111.19
24338,36950,2022-10-14,9297.38
24339,30209,2023-10-30,393.33
24340,30773,2024-07-18,8533.17
24341,40341,2025-01-26,2625.02
24342,21617,2022-11-09,9822.49
24343,17824,2022-08-28,9997.19
24344,24590,2021-03-25,2409.93
24345,28455,2024-07-01,2596.02
24346,44670,2020-12-10,8495.78
24347,17706,2024-08-05,1491.97
24348,43801,2021-02-25,133.44
24349,23965,2024-07-26,6336.04
24350,37629,2020-09-27,2791.97
24351,5408,2022-10-31,3751.19
24352,11,2021-05-09,4530.33
24353,20636,2021-03-10,2731.84
24354,1792,2020-02-02,1275.14
24355,41699,2021-09-04,7107.29
24356,20532,2023-11-05,4980.05
24357,24233,2023-04-02,7710.06
24358,21683,2025-05-14,9077.35
24359,42631,2023-10-13,2339.15
24360,15265,2021-05-17,8959.55
24361,9179,2020-11-26,9570.14
24362,38969,2024-08-25,3046.77
24363,23510,2022-04-04,8557.75
24364,24587,2020-11-15,2799.71
24365,48966,2020-07-19,8386.89
24366,17884,2021-08-09,9081.18
24367,13673,2024-02-21,9681.77
24368,21201,2022-07-17,5778.8
24369,19251,2022-01-18,5515.69
24370,45794,2022-11-22,1103.78
24371,14853,2021-08-25,5440.62
24372,21298,2022-07-02,8408.34
24373,41216,2023-11-19,190.48
24374,3244,2023-09-03,9096.43
24375,16248,2025-01-12,5804.29
24376,8719,2023-01-22,6459.9
24377,24066,2020-11-12,7326.01
24378,20150,2020-12-01,9291.71
24379,45438,2021-03-15,6974.05
24380,14377,2022-11-13,4455.12
24381,28975,2024-09-24,8601.53
24382,341,2025-02-09,9513.57
24383,26365,2023-07-09,6249.96
24384,27101,2020-03-16,7673.64
24385,40570,2020-10-08,5569.12
24386,39779,2025-02-17,1199.42
24387,11174,2022-08-18,6148.06
24388,42522,2023-06-22,5740.84
24389,28180,2023-04-20,5053.1
24390,2880,2021-12-02,5688.02
24391,49707,2023-09-25,3456.94
24392,35496,2023-07-15,8034.3
24393,47634,2024-08-14,2506.81
24394,9110,2021-04-24,4377.38
24395,24781,2024-03-11,7163.97
24396,528,2022-03-17,5666.7
24397,23001,2022-04-21,1391.99
24398,20227,2021-10-23,5004.77
24399,31847,2025-05-21,7494.45
24400,6241,2020-09-08,796.8
24401,34728,2022-01-14,8531.46
24402,7684,2023-05-14,5161.1
24403,32427,2024-03-19,5329.92
24404,614,2022-11-18,5683.68
24405,30706,2020-05-13,2511.3
24406,43828,2020-02-16,3869.57
24407,49400,2024-05-09,6722.04
24408,10036,2022-01-15,4010.43
24409,23157,2021-09-06,9384.93
24410,44354,2024-01-02,9072.8
24411,7614,2022-10-10,1842.38
24412,36435,2020-09-02,2065.82
24413,48191,2025-05-22,4169.11
24414,33984,2021-02-12,5873.2
24415,47826,2021-11-15,8835.86
24416,46716,2023-03-05,1343.35
24417,27576,2021-05-19,7974.19
24418,21515,2024-12-07,1302.22
24419,44939,2023-11-09,5598.04
24420,4513,2024-01-17,5837.58
24421,17400,2020-12-23,9643.72
24422,21889,2021-10-29,7543.18
24423,33,2024-10-25,7261.21
24424,20557,2021-01-27,347.71
24425,11931,2020-04-07,7586.64
24426,21953,2022-12-08,6813.31
24427,17258,2025-06-08,6823.9
24428,2269,2024-08-12,601.53
24429,38061,2025-05-12,3979.9
24430,38998,2025-04-26,1236.99
24431,16231,2020-03-01,9129.04
24432,14932,2023-06-20,3731.94
24433,49452,2023-10-27,8774.6
24434,5928,2022-04-14,3245.62
24435,43565,2021-03-02,6744.53
24436,22146,2020-06-21,193.61
24437,39953,2023-09-21,7006.54
24438,24575,2024-04-25,7003.07
24439,43512,2021-08-28,1464.56
24440,25456,2020-05-26,4529.79
24441,13993,2020-10-26,6863.83
24442,22960,2022-11-15,5355.27
24443,8973,2024-08-06,9261.3
24444,25762,2022-07-06,2187.48
24445,4919,2024-07-27,9654.26
24446,47020,2021-07-02,4980.51
24447,10956,2022-08-22,9997.56
24448,25446,2020-07-24,4320.84
24449,13069,2023-03-21,8700.26
24450,14708,2021-04-06,8377.83
24451,41817,2024-01-20,5435.22
24452,20392,2020-06-16,7650.53
24453,5564,2021-01-10,7453.71
24454,10735,2023-05-11,1413.9
24455,14373,2022-06-24,7371.0
24456,10773,2021-11-01,7296.07
24457,48629,2023-04-17,4361.11
24458,38733,2024-01-01,1621.81
24459,25177,2020-08-04,4567.04
24460,25808,2022-03-31,7494.38
24461,33901,2024-08-10,8808.28
24462,19194,2025-03-31,3752.64
24463,3772,2023-03-28,3447.16
24464,49838,2021-05-19,2048.24
24465,18646,2021-10-17,3731.05
24466,17068,2023-10-12,2465.32
24467,37516,2020-03-10,3433.81
24468,27371,2020-10-25,5451.4
24469,21824,2020-05-02,5722.29
24470,10714,2023-07-14,7441.4
24471,24220,2025-05-21,9831.86
24472,49079,2024-07-12,986.61
24473,31831,2023-12-18,2432.43
24474,6759,2025-04-22,4157.65
24475,15966,2024-05-19,9679.36
24476,21348,2023-04-24,2884.59
24477,4006,2020-06-03,8784.58
24478,12686,2020-06-17,4119.18
24479,9978,2022-06-28,9591.12
24480,39583,2024-11-19,459.26
24481,36940,2020-12-05,2495.39
24482,32623,2023-12-13,486.14
24483,42443,2025-03-07,7541.57
24484,4484,2020-08-10,6554.19
24485,24427,2021-05-28,2397.23
24486,8537,2024-01-29,645.39
24487,5484,2021-12-25,7943.14
24488,5396,2023-01-17,7623.47
24489,31768,2022-11-02,9201.58
24490,11090,2022-11-25,1755.17
24491,40230,2024-06-04,5782.41
24492,6473,2020-08-25,9190.07
24493,39921,2021-12-16,2134.92
24494,45381,2023-12-20,6112.59
24495,47536,2020-08-01,6110.33
24496,19501,2025-04-27,513.87
24497,44365,2020-01-15,7844.29
24498,15765,2020-05-14,7916.13
24499,24393,2024-07-24,1997.76
24500,1730,2021-10-21,520.97
24501,36277,2025-03-31,7228.26
24502,34672,2021-03-02,1434.65
24503,36289,2024-04-10,6925.61
24504,26072,2024-04-29,1587.95
24505,19490,2021-06-23,8617.27
24506,5258,2022-06-03,6153.68
24507,41837,2022-05-16,5810.04
24508,16769,2020-02-14,5389.82
24509,30883,2024-09-19,508.35
24510,14697,2025-01-05,8403.97
24511,7671,2021-06-04,4586.42
24512,5687,2022-12-30,3763.61
24513,47642,2020-10-22,6346.98
24514,46660,2025-04-17,5047.64
24515,13957,2022-02-16,2946.6
24516,27223,2022-09-21,1566.75
24517,28130,2023-06-30,1103.28
24518,41039,2022-03-26,2441.38
24519,787,2025-04-18,8714.09
24520,3371,2021-11-15,1187.3
24521,3623,2023-05-04,8170.76
24522,49383,2024-11-10,8695.19
24523,37275,2023-04-24,8268.16
24524,20886,2021-05-12,8649.48
24525,21297,2020-05-26,2228.74
24526,38202,2023-02-17,9954.7
24527,7786,2020-06-24,5473.93
24528,5903,2021-05-20,8125.23
24529,40224,2022-11-17,4903.77
24530,19807,2023-12-22,1990.21
24531,30196,2020-01-22,8477.09
24532,16440,2023-01-14,4957.31
24533,11367,2021-04-26,9725.52
24534,22481,2023-04-06,8132.07
24535,37940,2025-06-17,7529.94
24536,13301,2020-10-26,7219.46
24537,19405,2024-06-25,6130.56
24538,35536,2021-05-10,8982.7
24539,41244,2020-01-31,6248.63
24540,13282,2023-01-19,9960.23
24541,29792,2023-07-08,5271.84
24542,22264,2021-05-04,909.44
24543,1432,2022-10-20,7598.56
24544,46757,2023-12-07,535.46
24545,10942,2020-07-15,3918.63
24546,3756,2020-05-06,4549.4
24547,41266,2025-02-16,8890.23
24548,39893,2020-04-02,5654.8
24549,641,2021-12-06,9446.72
24550,28109,2023-07-17,2477.48
24551,38636,2021-03-18,2877.5
24552,49295,2024-05-07,3715.32
24553,37066,2024-08-19,7325.42
24554,21997,2022-08-25,6833.7
24555,41706,2022-06-18,2137.51
24556,32101,2020-08-16,4096.81
24557,33321,2023-12-10,3582.79
24558,22335,2020-10-31,7616.73
24559,33710,2023-04-04,3743.19
24560,277,2020-04-02,7583.43
24561,32705,2024-03-15,5528.68
24562,14555,2024-08-19,9431.6
24563,24947,2022-06-10,9778.9
24564,10292,2023-11-09,6332.29
24565,48327,2022-06-17,9204.55
24566,20946,2022-03-20,7244.39
24567,13092,2023-02-06,6811.11
24568,46581,2021-04-11,4708.46
24569,25187,2020-07-24,5646.35
24570,32836,2022-07-16,3955.33
24571,19705,2020-10-05,1832.2
24572,1794,2020-06-02,9254.77
24573,16722,2023-09-23,2197.56
24574,26050,2024-01-26,5465.06
24575,39737,2025-02-23,7397.27
24576,21319,2020-08-15,8252.96
24577,33534,2022-09-29,3620.5
24578,32095,2021-11-08,6613.03
24579,8809,2022-02-28,4487.41
24580,23778,2021-12-22,8235.16
24581,10503,2024-12-08,6605.88
24582,18558,2021-07-28,562.75
24583,43101,2021-09-15,6138.66
24584,11385,2023-09-25,7053.97
24585,43912,2022-06-30,9095.42
24586,28163,2024-03-01,601.72
24587,2720,2023-04-24,6010.6
24588,18131,2025-03-16,5057.22
24589,39236,2020-04-22,6447.0
24590,14098,2025-04-18,7676.55
24591,33973,2021-08-08,1430.02
24592,16972,2024-02-19,5464.95
24593,33675,2024-07-26,5254.02
24594,44704,2021-05-05,5199.65
24595,20998,2023-02-14,4192.11
24596,18086,2020-04-08,8510.71
24597,49946,2022-04-28,726.76
24598,44022,2022-03-29,3909.88
24599,12874,2020-10-23,5958.38
24600,13526,2025-04-01,9098.28
24601,25826,2022-09-16,6338.35
24602,42099,2022-06-18,1398.33
24603,12544,2022-07-31,6841.61
24604,9814,2020-05-29,3461.26
24605,12694,2022-11-20,5911.84
24606,19974,2023-03-26,5753.66
24607,6623,2021-02-28,1806.42
24608,48420,2024-09-20,8206.82
24609,15999,2022-08-06,5446.72
24610,35595,2024-03-31,3925.29
24611,26962,2020-02-24,2138.26
24612,22392,2022-09-11,9168.76
24613,41219,2020-05-24,2496.31
24614,21233,2022-11-07,9355.41
24615,36467,2025-05-10,5460.13
24616,15140,2024-05-14,5077.95
24617,9937,2023-08-01,4770.61
24618,13918,2022-01-14,8828.42
24619,4638,2023-05-27,8158.43
24620,31294,2024-06-18,6794.99
24621,27379,2023-05-23,5285.86
24622,29803,2021-09-09,6601.87
24623,26162,2020-12-10,2507.63
24624,8415,2023-06-28,5018.83
24625,5240,2024-07-12,1493.55
24626,13168,2021-02-09,1370.11
24627,7168,2021-07-19,7115.75
24628,40817,2022-08-30,9435.31
24629,45328,2020-12-02,8044.99
24630,36262,2022-12-04,9395.76
24631,36243,2024-06-26,2296.52
24632,12126,2025-05-25,2690.51
24633,4596,2025-03-30,4296.44
24634,39503,2024-01-05,3893.35
24635,4056,2023-02-28,3051.07
24636,29929,2023-02-26,2994.63
24637,3669,2020-07-01,9139.3
24638,40572,2020-08-21,1890.91
24639,45483,2022-05-28,8756.49
24640,36426,2023-08-17,5148.33
24641,16362,2020-11-08,9276.41
24642,16883,2024-12-13,276.77
24643,47321,2020-10-11,2297.66
24644,44321,2021-06-13,5039.12
24645,41650,2023-06-11,1500.63
24646,3349,2024-07-09,2228.79
24647,39322,2023-11-17,4794.84
24648,43601,2021-08-24,7700.67
24649,44179,2024-06-11,7874.39
24650,38595,2020-04-06,6194.2
24651,16962,2023-01-04,9099.24
24652,32681,2024-11-05,6331.15
24653,49216,2021-09-10,335.82
24654,8557,2021-10-16,5227.99
24655,6561,2023-10-27,9679.14
24656,12906,2021-04-06,6595.73
24657,30197,2020-01-09,6915.29
24658,48793,2023-03-28,1229.86
24659,7555,2024-06-21,3660.97
24660,24426,2023-11-10,8479.1
24661,13107,2022-08-07,1192.21
24662,26631,2024-05-02,8408.44
24663,36465,2020-04-11,5774.03
24664,1213,2020-04-18,3999.24
24665,45849,2021-09-05,9309.0
24666,30551,2021-01-12,391.49
24667,6398,2021-10-02,9275.1
24668,40690,2021-09-24,8796.29
24669,38399,2024-05-17,9869.79
24670,19171,2024-11-22,4225.61
24671,35609,2022-10-01,4660.82
24672,30143,2020-02-03,7082.54
24673,28900,2021-12-05,1191.47
24674,22432,2024-10-26,2511.42
24675,31285,2024-12-07,4475.8
24676,25881,2021-01-02,7205.3
24677,23560,2024-03-24,5014.93
24678,24773,2020-09-19,2372.72
24679,20459,2024-04-30,2988.55
24680,16258,2022-07-21,7521.73
24681,31891,2024-07-15,8078.47
24682,38851,2023-10-26,4418.05
24683,46796,2020-12-09,2013.97
24684,42471,2021-11-19,5791.38
24685,7904,2022-02-14,4061.12
24686,40134,2022-04-08,6425.47
24687,37640,2020-06-12,8266.35
24688,3259,2025-04-05,5327.65
24689,8325,2021-01-09,9028.59
24690,37709,2024-03-03,3750.23
24691,14495,2020-02-14,4859.91
24692,23949,2021-09-19,5749.58
24693,3190,2023-11-14,7217.28
24694,29057,2023-06-19,5334.51
24695,36398,2022-07-21,8129.96
24696,19588,2022-08-10,6996.52
24697,45430,2021-04-04,3565.36
24698,47508,2020-01-19,6435.25
24699,9248,2023-08-24,3235.36
24700,10337,2024-10-22,7194.09
24701,28544,2024-10-12,6569.23
24702,22094,2022-03-09,1855.51
24703,33651,2020-02-16,7035.3
24704,10627,2025-05-12,1393.92
24705,37684,2023-06-30,1010.23
24706,12043,2024-10-22,6463.74
24707,27401,2022-03-29,3400.73
24708,2233,2022-04-02,1691.28
24709,35774,2022-07-05,9875.51
24710,17592,2021-04-27,8712.3
24711,34686,2025-05-06,1851.06
24712,30771,2020-10-03,9441.72
24713,2780,2023-11-01,6099.82
24714,10242,2021-06-05,5246.96
24715,13389,2023-03-01,3632.69
24716,3043,2022-03-26,3281.68
24717,3551,2023-08-29,1119.67
24718,47979,2023-03-09,1896.08
24719,4495,2021-09-26,2764.04
24720,44869,2023-03-07,7388.72
24721,1063,2021-08-01,9603.65
24722,37410,2020-05-15,4708.75
24723,8934,2020-11-20,3773.39
24724,14402,2024-11-16,8605.1
24725,17837,2024-06-23,6839.42
24726,17761,2023-06-17,2523.51
24727,16767,2023-03-19,5427.9
24728,29723,2020-02-04,8846.4
24729,67,2024-07-25,6633.87
24730,20288,2022-06-30,3792.01
24731,12788,2025-05-10,4339.41
24732,42882,2024-12-18,8996.16
24733,21235,2021-07-27,7109.79
24734,1436,2020-05-03,5149.47
24735,34422,2024-05-04,6813.53
24736,14302,2024-03-11,6885.68
24737,39593,2021-11-30,5716.62
24738,21874,2024-04-11,6312.78
24739,9825,2021-11-22,3595.4
24740,26382,2020-02-09,3561.68
24741,8253,2021-03-31,3457.66
24742,12238,2024-01-18,482.93
24743,38962,2020-12-27,8298.92
24744,3597,2023-06-03,1659.05
24745,5316,2024-04-14,1032.52
24746,42259,2020-11-03,4286.37
24747,18648,2023-05-25,4845.53
24748,21796,2020-10-20,2705.42
24749,27974,2024-03-30,9569.86
24750,44873,2021-05-08,1749.6
24751,10765,2025-05-01,5780.14
24752,23064,2022-04-06,6145.54
24753,49326,2020-10-22,6589.06
24754,11122,2020-03-13,7959.35
24755,10846,2020-05-12,8663.94
24756,608,2021-04-29,2987.57
24757,14304,2021-05-03,9861.66
24758,8162,2020-08-01,4197.85
24759,28707,2021-02-26,7863.11
24760,23442,2020-12-25,505.24
24761,24271,2021-01-14,7479.36
24762,19224,2020-11-07,8321.5
24763,7046,2020-11-30,1172.6
24764,44196,2021-01-15,3130.05
24765,17802,2022-11-24,4532.66
24766,12692,2024-03-04,7663.01
24767,35877,2022-09-13,5343.51
24768,48239,2022-11-06,6350.9
24769,41448,2020-05-26,3750.04
24770,30945,2020-09-30,8711.19
24771,32524,2022-04-21,3727.9
24772,48993,2021-01-20,4795.62
24773,20809,2020-03-06,4476.85
24774,32865,2024-09-08,7877.45
24775,15808,2021-05-09,8228.07
24776,29854,2020-08-06,9067.92
24777,37905,2020-03-20,2376.0
24778,5667,2020-10-14,9119.17
24779,8616,2021-02-25,2968.93
24780,14739,2021-05-14,8792.53
24781,18236,2020-10-08,8585.54
24782,41391,2023-01-24,4602.05
24783,1918,2025-03-04,8004.47
24784,45954,2023-06-16,7458.52
24785,35526,2022-12-12,545.4
24786,27562,2023-12-28,359.41
24787,19949,2024-10-01,969.91
24788,25417,2021-04-28,9487.81
24789,21019,2022-10-16,7157.58
24790,15630,2022-01-03,4203.11
24791,18019,2022-06-13,2286.11
24792,126,2022-12-28,9483.2
24793,32468,2024-08-22,2518.75
24794,22650,2020-03-12,5482.89
24795,352,2021-10-23,2507.42
24796,41328,2025-03-19,7295.02
24797,48203,2022-05-19,1807.77
24798,450,2021-07-12,5994.82
24799,7173,2020-09-13,6531.32
24800,3069,2024-05-29,9643.18
24801,13470,2023-08-10,6068.81
24802,49388,2024-09-14,4901.95
24803,40425,2021-10-07,3988.13
24804,6864,2021-08-18,1147.58
24805,24345,2023-07-03,7247.55
24806,20842,2025-04-23,2547.12
24807,33561,2025-01-27,3194.87
24808,2379,2023-07-21,217.34
24809,43329,2022-04-29,6624.25
24810,5857,2022-12-30,7612.73
24811,37121,2025-05-05,1034.14
24812,13487,2023-05-26,1456.61
24813,35145,2020-01-24,8247.34
24814,38171,2021-05-10,7373.8
24815,10534,2022-06-04,1325.29
24816,27027,2024-09-13,4284.95
24817,37585,2023-06-24,3186.39
24818,48780,2022-08-04,1722.4
24819,33346,2021-01-30,4439.77
24820,5320,2022-05-07,8534.41
24821,44065,2025-02-28,8181.08
24822,42492,2021-04-10,5902.52
24823,35539,2025-02-02,5640.81
24824,22946,2024-04-18,6580.99
24825,21278,2020-08-02,9755.67
24826,13588,2024-10-22,8250.71
24827,35922,2025-06-03,2211.61
24828,38520,2022-04-10,4721.53
24829,37639,2025-02-07,7490.16
24830,43785,2022-03-17,8496.67
24831,18477,2022-08-29,936.96
24832,8818,2025-01-02,6969.33
24833,44545,2021-01-30,1613.48
24834,42980,2020-09-28,1149.19
24835,46829,2025-04-22,8450.91
24836,18254,2022-04-23,7887.49
24837,32072,2024-07-22,7491.25
24838,14133,2024-09-24,339.56
24839,14373,2020-01-19,2642.91
24840,44052,2025-01-17,4367.99
24841,44383,2024-07-19,8812.45
24842,34759,2025-05-17,5279.37
24843,20666,2023-06-06,5036.52
24844,35448,2023-02-22,145.69
24845,13353,2020-08-20,8314.58
24846,15270,2025-01-09,5892.46
24847,8492,2025-04-05,3776.45
24848,16619,2020-07-23,1689.07
24849,8079,2020-09-16,4251.35
24850,45937,2023-11-27,2463.34
24851,31615,2021-05-02,4556.92
24852,15779,2023-04-11,3134.33
24853,10267,2023-03-30,535.33
24854,46101,2023-07-20,9925.19
24855,39208,2024-09-16,4533.49
24856,33526,2025-04-20,8154.18
24857,11820,2020-09-16,1249.64
24858,27482,2022-02-14,6126.69
24859,36012,2023-05-30,5296.81
24860,38753,2023-02-13,9540.71
24861,49532,2023-04-03,8055.72
24862,31665,2024-07-05,4191.45
24863,24261,2025-03-02,7963.6
24864,45788,2023-11-10,4139.53
24865,27797,2023-09-30,7632.1
24866,47624,2025-04-29,2985.5
24867,3906,2020-10-23,3792.15
24868,9079,2021-01-31,6096.07
24869,48293,2024-10-12,5454.73
24870,11150,2020-05-31,4015.24
24871,43426,2024-10-02,9382.54
24872,18805,2020-04-08,5090.01
24873,7276,2021-03-21,7240.38
24874,1017,2021-08-30,4227.88
24875,1340,2022-12-24,7260.48
24876,10725,2023-12-09,7944.56
24877,42645,2020-05-25,5516.26
24878,8411,2024-03-13,423.71
24879,9714,2025-04-18,5091.58
24880,26898,2022-11-13,8999.03
24881,31088,2021-07-30,930.22
24882,829,2021-10-16,5883.66
24883,45253,2023-05-23,438.64
24884,30370,2023-10-25,4923.67
24885,8018,2022-03-29,6949.8
24886,47030,2021-06-15,3867.07
24887,3578,2020-12-15,1228.01
24888,19043,2024-03-14,9479.29
24889,49821,2022-12-11,9337.6
24890,24412,2020-07-23,7972.74
24891,4806,2022-06-19,2156.03
24892,12378,2022-02-03,7751.49
24893,13010,2025-01-19,3415.63
24894,12190,2025-05-10,6129.84
24895,25535,2020-04-30,4527.92
24896,29792,2020-03-02,2579.12
24897,35826,2022-10-31,6565.31
24898,26330,2021-07-07,7218.78
24899,46806,2023-06-26,5330.4
24900,39202,2021-10-07,1704.12
24901,1143,2020-08-17,4995.87
24902,44663,2020-03-29,7713.16
24903,41009,2024-03-06,8480.38
24904,47628,2020-06-21,366.82
24905,6294,2021-03-16,1947.42
24906,44501,2021-11-09,9307.69
24907,312,2023-10-15,7838.88
24908,12953,2024-06-29,7213.21
24909,11714,2020-12-28,1465.66
24910,8187,2022-09-15,143.17
24911,26241,2024-04-21,5929.01
24912,20682,2021-07-05,8673.8
24913,40310,2025-01-23,805.4
24914,46754,2023-06-02,786.85
24915,11653,2021-01-25,9985.68
24916,8977,2021-04-10,2440.19
24917,45697,2020-12-29,6686.3
24918,462,2023-04-06,5622.41
24919,17414,2021-02-22,4203.82
24920,39755,2024-10-03,8048.96
24921,38951,2024-10-16,2454.84
24922,31675,2023-10-29,2870.61
24923,17044,2021-06-09,2737.23
24924,39764,2021-12-23,5516.9
24925,20181,2020-08-09,6594.91
24926,32704,2020-05-16,1017.27
24927,7798,2020-03-09,1552.18
24928,37929,2022-03-17,1270.36
24929,44151,2024-04-29,6548.71
24930,1626,2023-04-27,6291.7
24931,12611,2022-12-09,8318.42
24932,15142,2024-07-02,2936.45
24933,19689,2024-10-25,7352.69
24934,3110,2025-03-09,2923.2
24935,38172,2021-11-10,7541.59
24936,39690,2020-06-04,6119.01
24937,27800,2025-01-01,4198.12
24938,30526,2021-05-11,6387.33
24939,46696,2022-02-16,8468.65
24940,22196,2022-04-08,2297.05
24941,10608,2020-07-14,6188.52
24942,7239,2021-11-07,9933.97
24943,215,2022-02-01,7994.36
24944,42847,2021-04-20,3063.46
24945,39164,2020-08-16,7867.05
24946,38639,2022-10-06,4999.18
24947,8102,2023-12-02,7830.06
24948,40850,2022-07-18,1067.56
24949,26568,2021-05-05,8567.76
24950,20835,2020-08-06,9944.87
24951,6128,2021-05-27,4473.56
24952,49841,2020-01-21,5173.99
24953,7185,2022-08-24,1952.2
24954,27596,2021-11-14,6867.27
24955,17783,2023-12-18,867.61
24956,15591,2020-04-17,5709.61
24957,26198,2023-09-20,4242.66
24958,34678,2025-02-12,2079.73
24959,18229,2023-10-05,8267.19
24960,18428,2020-11-03,7536.05
24961,14214,2020-09-13,3067.03
24962,36546,2021-03-12,3924.05
24963,4741,2021-08-01,2600.62
24964,4994,2021-02-20,2177.02
24965,21182,2020-01-11,2291.66
24966,12387,2023-09-28,1424.64
24967,41861,2023-12-19,3455.56
24968,47519,2023-09-30,6968.07
24969,11345,2025-02-02,2704.76
24970,1727,2023-06-09,7058.84
24971,2011,2023-08-21,7676.82
24972,15091,2020-07-06,3448.18
24973,19786,2024-02-12,671.09
24974,46412,2021-03-05,7206.31
24975,31862,2024-01-31,1474.95
24976,30226,2020-01-16,2812.15
24977,22733,2021-12-24,5956.74
24978,35257,2024-12-30,9203.33
24979,10952,2024-04-08,7576.39
24980,38755,2025-04-01,2765.32
24981,10615,2022-10-28,8146.52
24982,32062,2021-09-22,4157.0
24983,37631,2021-05-09,1527.15
24984,39300,2023-09-09,3163.28
24985,33726,2022-07-14,8235.91
24986,41877,2020-11-04,3772.34
24987,31548,2024-02-27,3861.53
24988,36716,2024-05-07,9766.48
24989,47183,2024-01-12,5210.96
24990,8674,2024-08-17,5018.36
24991,39574,2021-04-23,7326.02
24992,47297,2024-12-09,9620.8
24993,49414,2020-08-01,9894.17
24994,39507,2020-05-14,7824.37
24995,36736,2022-09-02,8727.72
24996,11726,2021-02-14,9082.41
24997,15913,2023-12-14,7475.44
24998,11424,2021-08-01,5687.94
24999,35267,2022-05-25,2575.92
25000,5683,2023-08-28,7314.42
